solid SMAC Docking Platform.stl
  facet normal -1 0 0
    outer loop
      vertex 18.1449 15.8337 0.830595
      vertex 18.1449 15.8337 2.29686
      vertex 18.1449 16.9043 2.29686
    endloop
  endfacet
  facet normal -1 0 0
    outer loop
      vertex 18.1449 16.9043 2.29686
      vertex 18.1449 16.9043 0.830595
      vertex 18.1449 15.8337 0.830595
    endloop
  endfacet
  facet normal 0 1 0
    outer loop
      vertex 20.3198 16.9043 0.830595
      vertex 18.1449 16.9043 0.830595
      vertex 18.3745 16.9043 1.07734
    endloop
  endfacet
  facet normal 0 1 0
    outer loop
      vertex 18.3745 16.9043 1.07734
      vertex 20.5314 16.9043 1.07734
      vertex 20.5314 16.9043 1.01277
    endloop
  endfacet
  facet normal 0 1 0
    outer loop
      vertex 20.3198 16.9043 1.01277
      vertex 20.3198 16.9043 0.830595
      vertex 18.3745 16.9043 1.07734
    endloop
  endfacet
  facet normal 0 1 0
    outer loop
      vertex 18.3745 16.9043 1.07734
      vertex 20.5314 16.9043 1.01277
      vertex 20.3198 16.9043 1.01277
    endloop
  endfacet
  facet normal 0 0 -1
    outer loop
      vertex 20.3198 15.8337 0.830595
      vertex 18.1449 15.8337 0.830595
      vertex 18.1449 16.9043 0.830595
    endloop
  endfacet
  facet normal 0 0 -1
    outer loop
      vertex 18.1449 16.9043 0.830595
      vertex 20.3198 16.9043 0.830595
      vertex 20.3198 15.8337 0.830595
    endloop
  endfacet
  facet normal -1 0 0
    outer loop
      vertex 18.1449 12.9901 0.830595
      vertex 18.1449 12.9901 2.29686
      vertex 18.1449 14.0608 2.29686
    endloop
  endfacet
  facet normal -1 0 0
    outer loop
      vertex 18.1449 14.0608 2.29686
      vertex 18.1449 14.0608 0.830595
      vertex 18.1449 12.9901 0.830595
    endloop
  endfacet
  facet normal 0 1 0
    outer loop
      vertex 18.1449 14.0608 0.830595
      vertex 18.1449 14.0608 2.29686
      vertex 18.3745 14.0608 2.04522
    endloop
  endfacet
  facet normal 0 1 0
    outer loop
      vertex 18.3745 14.0608 1.07734
      vertex 20.5314 14.0608 1.07734
      vertex 20.5314 14.0608 1.01277
    endloop
  endfacet
  facet normal 0 1 0
    outer loop
      vertex 18.1449 14.0608 0.830595
      vertex 18.3745 14.0608 2.04522
      vertex 18.3745 14.0608 1.07734
    endloop
  endfacet
  facet normal 0 1 0
    outer loop
      vertex 20.3198 14.0608 1.01277
      vertex 20.3198 14.0608 0.830595
      vertex 18.1449 14.0608 0.830595
    endloop
  endfacet
  facet normal 0 1 0
    outer loop
      vertex 18.3745 14.0608 1.07734
      vertex 20.5314 14.0608 1.01277
      vertex 20.3198 14.0608 1.01277
    endloop
  endfacet
  facet normal 0 1 0
    outer loop
      vertex 18.1449 14.0608 0.830595
      vertex 18.3745 14.0608 1.07734
      vertex 20.3198 14.0608 1.01277
    endloop
  endfacet
  facet normal 0 0 -1
    outer loop
      vertex 18.1449 14.0608 0.830595
      vertex 20.3198 14.0608 0.830595
      vertex 20.3198 12.9901 0.830595
    endloop
  endfacet
  facet normal 0 0 -1
    outer loop
      vertex 20.3198 12.9901 0.830595
      vertex 18.1449 12.9901 0.830595
      vertex 18.1449 14.0608 0.830595
    endloop
  endfacet
  facet normal 0 0 -1
    outer loop
      vertex 18.3745 17.557 1.07734
      vertex 20.5314 17.557 1.07734
      vertex 20.5314 16.9043 1.07734
    endloop
  endfacet
  facet normal 0 0 -1
    outer loop
      vertex 20.5314 16.9043 1.07734
      vertex 18.3745 16.9043 1.07734
      vertex 18.3745 17.557 1.07734
    endloop
  endfacet
  facet normal 0 -1 0
    outer loop
      vertex 16.3462 18.8622 2.04522
      vertex 16.3462 18.8622 1.07734
      vertex 17.4467 18.8622 1.07734
    endloop
  endfacet
  facet normal 0 -1 0
    outer loop
      vertex 17.4467 18.8622 1.07734
      vertex 17.4467 18.8622 2.04522
      vertex 16.3462 18.8622 2.04522
    endloop
  endfacet
  facet normal -1 0 0
    outer loop
      vertex 17.4467 17.8738 1.07734
      vertex 17.4467 17.8738 2.04522
      vertex 17.4467 18.8622 2.04522
    endloop
  endfacet
  facet normal -1 0 0
    outer loop
      vertex 17.4467 18.8622 2.04522
      vertex 17.4467 18.8622 1.07734
      vertex 17.4467 17.8738 1.07734
    endloop
  endfacet
  facet normal 0 0 -1
    outer loop
      vertex 15.7844 22.3602 1.07734
      vertex 15.611 23.4399 1.07734
      vertex 17.6066 23.4399 1.07734
    endloop
  endfacet
  facet normal 0 0 -1
    outer loop
      vertex 17.6066 23.4399 1.07734
      vertex 17.5582 22.0541 1.07734
      vertex 17.2795 22.0541 1.07734
    endloop
  endfacet
  facet normal 0 0 -1
    outer loop
      vertex 16.5151 22.3602 1.07734
      vertex 15.7844 22.3602 1.07734
      vertex 17.6066 23.4399 1.07734
    endloop
  endfacet
  facet normal 0 0 -1
    outer loop
      vertex 17.6066 23.4399 1.07734
      vertex 17.2795 22.0541 1.07734
      vertex 16.5151 22.3602 1.07734
    endloop
  endfacet
  facet normal 0 0 -1
    outer loop
      vertex 17.6066 23.4399 1.07734
      vertex 19.3588 23.4399 1.07734
      vertex 19.012 22.0541 1.07734
    endloop
  endfacet
  facet normal 0 0 -1
    outer loop
      vertex 19.012 22.0541 1.07734
      vertex 17.5582 22.0541 1.07734
      vertex 17.6066 23.4399 1.07734
    endloop
  endfacet
  facet normal 0 0 1
    outer loop
      vertex 15.0119 23.4399 2.04522
      vertex 14.4129 23.4399 2.04522
      vertex 14.4129 22.3605 2.04522
    endloop
  endfacet
  facet normal 0 0 1
    outer loop
      vertex 14.4129 22.3605 2.04522
      vertex 15.0061 22.3605 2.04522
      vertex 15.0119 23.4399 2.04522
    endloop
  endfacet
  facet normal 0 0 -1
    outer loop
      vertex 18.5937 25.0665 1.07734
      vertex 18.5945 31.5855 1.07734
      vertex 19.5067 31.5855 1.07734
    endloop
  endfacet
  facet normal 0 0 -1
    outer loop
      vertex 19.5061 31.0836 1.07734
      vertex 20.0577 30.5991 1.07734
      vertex 20.0555 26.2268 1.07734
    endloop
  endfacet
  facet normal 0 0 -1
    outer loop
      vertex 18.5937 25.0665 1.07734
      vertex 19.5067 31.5855 1.07734
      vertex 19.5061 31.0836 1.07734
    endloop
  endfacet
  facet normal 0 0 -1
    outer loop
      vertex 20.0555 26.2268 1.07734
      vertex 19.6378 24.5553 1.07734
      vertex 18.5937 25.0665 1.07734
    endloop
  endfacet
  facet normal 0 0 -1
    outer loop
      vertex 19.5061 31.0836 1.07734
      vertex 20.0555 26.2268 1.07734
      vertex 18.5937 25.0665 1.07734
    endloop
  endfacet
  facet normal 0 0 -1
    outer loop
      vertex 16.7402 31.5855 1.07734
      vertex 18.5945 31.5855 1.07734
      vertex 18.5937 25.0665 1.07734
    endloop
  endfacet
  facet normal 0 0 -1
    outer loop
      vertex 18.5937 25.0665 1.07734
      vertex 16.7372 26.7784 1.07734
      vertex 16.7402 31.5855 1.07734
    endloop
  endfacet
  facet normal -1 0.000630875 0
    outer loop
      vertex 16.7402 31.5855 2.04522
      vertex 16.7402 31.5855 1.07734
      vertex 16.7372 26.7784 1.07734
    endloop
  endfacet
  facet normal -1 0.000630875 0
    outer loop
      vertex 16.7372 26.7784 1.07734
      vertex 16.7372 26.7784 2.04522
      vertex 16.7402 31.5855 2.04522
    endloop
  endfacet
  facet normal 0 0 -1
    outer loop
      vertex 18.5937 25.0665 1.07734
      vertex 19.6378 24.5553 1.07734
      vertex 19.3588 23.4399 1.07734
    endloop
  endfacet
  facet normal 0 0 -1
    outer loop
      vertex 19.3588 23.4399 1.07734
      vertex 17.6066 23.4399 1.07734
      vertex 18.5937 25.0665 1.07734
    endloop
  endfacet
  facet normal 0 0 -1
    outer loop
      vertex 16.7372 26.7784 1.07734
      vertex 18.5937 25.0665 1.07734
      vertex 17.6066 23.4399 1.07734
    endloop
  endfacet
  facet normal 0 0 -1
    outer loop
      vertex 17.6066 23.4399 1.07734
      vertex 15.611 23.4399 1.07734
      vertex 16.7372 26.7784 1.07734
    endloop
  endfacet
  facet normal -0.947535 0.319651 0
    outer loop
      vertex 16.7372 26.7784 2.04522
      vertex 16.7372 26.7784 1.07734
      vertex 15.611 23.4399 1.07734
    endloop
  endfacet
  facet normal -0.947535 0.319651 0
    outer loop
      vertex 15.611 23.4399 1.07734
      vertex 15.611 23.4399 2.04522
      vertex 16.7372 26.7784 2.04522
    endloop
  endfacet
  facet normal 0 0 1
    outer loop
      vertex 17.5246 25.0665 2.04522
      vertex 16.7372 26.7784 2.04522
      vertex 15.611 23.4399 2.04522
    endloop
  endfacet
  facet normal 0 0 1
    outer loop
      vertex 15.611 23.4399 2.04522
      vertex 17.6066 23.4399 2.04522
      vertex 17.5246 25.0665 2.04522
    endloop
  endfacet
  facet normal 0 1 0
    outer loop
      vertex 15.0119 23.4399 1.07734
      vertex 14.4129 23.4399 1.07734
      vertex 14.4129 23.4399 2.04522
    endloop
  endfacet
  facet normal 0 1 0
    outer loop
      vertex 14.4129 23.4399 2.04522
      vertex 15.0119 23.4399 2.04522
      vertex 15.0119 23.4399 1.07734
    endloop
  endfacet
  facet normal 0 0 1
    outer loop
      vertex 17.5254 31.5855 2.04522
      vertex 16.7402 31.5855 2.04522
      vertex 16.7372 26.7784 2.04522
    endloop
  endfacet
  facet normal 0 0 1
    outer loop
      vertex 16.7372 26.7784 2.04522
      vertex 17.5246 25.0665 2.04522
      vertex 17.5254 31.5855 2.04522
    endloop
  endfacet
  facet normal 0 0 1
    outer loop
      vertex 17.5582 22.0544 2.04522
      vertex 17.6066 23.4399 2.04522
      vertex 15.611 23.4399 2.04522
    endloop
  endfacet
  facet normal 0 0 1
    outer loop
      vertex 15.611 23.4399 2.04522
      vertex 15.7843 22.3605 2.04522
      vertex 16.5155 22.3605 2.04522
    endloop
  endfacet
  facet normal 0 0 1
    outer loop
      vertex 16.5155 22.3605 2.04522
      vertex 17.2802 22.0544 2.04522
      vertex 17.5582 22.0544 2.04522
    endloop
  endfacet
  facet normal 0 0 1
    outer loop
      vertex 15.611 23.4399 2.04522
      vertex 16.5155 22.3605 2.04522
      vertex 17.5582 22.0544 2.04522
    endloop
  endfacet
  facet normal 0 0 -1
    outer loop
      vertex 15.0119 23.4399 1.07734
      vertex 15.611 23.4399 1.07734
      vertex 15.7844 22.3602 1.07734
    endloop
  endfacet
  facet normal 0 0 -1
    outer loop
      vertex 15.7844 22.3602 1.07734
      vertex 15.0061 22.3602 1.07734
      vertex 15.0119 23.4399 1.07734
    endloop
  endfacet
  facet normal -0.188304 -0.982111 0
    outer loop
      vertex 14.9887 19.1224 2.04522
      vertex 14.9887 19.1224 1.07734
      vertex 16.3462 18.8622 1.07734
    endloop
  endfacet
  facet normal -0.188304 -0.982111 0
    outer loop
      vertex 16.3462 18.8622 1.07734
      vertex 16.3462 18.8622 2.04522
      vertex 14.9887 19.1224 2.04522
    endloop
  endfacet
  facet normal -0.309627 -0.950858 -1.18872e-05
    outer loop
      vertex 17.5246 25.0665 2.04522
      vertex 19.6022 24.3899 2.04522
      vertex 19.6008 24.3904 3.07791
    endloop
  endfacet
  facet normal -0.309632 -0.950856 0
    outer loop
      vertex 19.6008 24.3904 3.07791
      vertex 17.5246 25.0665 3.07791
      vertex 17.5246 25.0665 2.04522
    endloop
  endfacet
  facet normal -1 0.000124054 0
    outer loop
      vertex 17.5254 31.5855 2.04522
      vertex 17.5246 25.0665 2.04522
      vertex 17.5246 25.0665 3.07791
    endloop
  endfacet
  facet normal -1 0.000124054 0
    outer loop
      vertex 17.5246 25.0665 3.07791
      vertex 17.5254 31.5855 3.07791
      vertex 17.5254 31.5855 2.04522
    endloop
  endfacet
  facet normal 0 -1 0
    outer loop
      vertex 18.0849 17.8738 1.07734
      vertex 18.0849 17.8738 2.04522
      vertex 17.4467 17.8738 2.04522
    endloop
  endfacet
  facet normal 0 -1 0
    outer loop
      vertex 17.4467 17.8738 2.04522
      vertex 17.4467 17.8738 1.07734
      vertex 18.0849 17.8738 1.07734
    endloop
  endfacet
  facet normal 0 0 -1
    outer loop
      vertex 17.4467 17.8738 1.07734
      vertex 17.4467 18.8622 1.07734
      vertex 20.1449 18.8622 1.07734
    endloop
  endfacet
  facet normal 0 0 -1
    outer loop
      vertex 20.1449 18.8238 1.07734
      vertex 20.5314 18.2156 1.07734
      vertex 20.5314 18.0099 1.07734
    endloop
  endfacet
  facet normal 0 0 -1
    outer loop
      vertex 17.4467 17.8738 1.07734
      vertex 20.1449 18.8622 1.07734
      vertex 20.1449 18.8238 1.07734
    endloop
  endfacet
  facet normal 0 0 -1
    outer loop
      vertex 20.1449 18.8238 1.07734
      vertex 20.5314 18.0099 1.07734
      vertex 17.4467 17.8738 1.07734
    endloop
  endfacet
  facet normal -0.738036 -0.674761 0
    outer loop
      vertex 18.3745 17.557 1.07734
      vertex 18.3745 17.557 2.04522
      vertex 18.0849 17.8738 2.04522
    endloop
  endfacet
  facet normal -0.738036 -0.674761 0
    outer loop
      vertex 18.0849 17.8738 2.04522
      vertex 18.0849 17.8738 1.07734
      vertex 18.3745 17.557 1.07734
    endloop
  endfacet
  facet normal -1 0 0
    outer loop
      vertex 18.3745 11.5063 1.07734
      vertex 18.3745 11.5063 2.04522
      vertex 18.3745 12.9901 2.04522
    endloop
  endfacet
  facet normal -1 0 0
    outer loop
      vertex 18.3745 12.9901 2.04522
      vertex 18.3745 12.9901 1.07734
      vertex 18.3745 11.5063 1.07734
    endloop
  endfacet
  facet normal 0 0 -1
    outer loop
      vertex 18.0849 17.8738 1.07734
      vertex 20.5314 17.8738 1.07734
      vertex 20.5314 17.557 1.07734
    endloop
  endfacet
  facet normal 0 0 -1
    outer loop
      vertex 20.5314 17.557 1.07734
      vertex 18.3745 17.557 1.07734
      vertex 18.0849 17.8738 1.07734
    endloop
  endfacet
  facet normal 0 -1 0
    outer loop
      vertex 14.4129 19.1224 2.04522
      vertex 14.4129 19.1224 1.07734
      vertex 14.9887 19.1224 1.07734
    endloop
  endfacet
  facet normal 0 -1 0
    outer loop
      vertex 14.9887 19.1224 1.07734
      vertex 14.9887 19.1224 2.04522
      vertex 14.4129 19.1224 2.04522
    endloop
  endfacet
  facet normal 0 0 -1
    outer loop
      vertex 14.4129 23.4399 1.07734
      vertex 15.0119 23.4399 1.07734
      vertex 15.0061 22.3602 1.07734
    endloop
  endfacet
  facet normal 0 0 -1
    outer loop
      vertex 15.0061 22.3602 1.07734
      vertex 14.4129 22.3602 1.07734
      vertex 14.4129 23.4399 1.07734
    endloop
  endfacet
  facet normal 0 1 0
    outer loop
      vertex 15.611 23.4399 1.07734
      vertex 15.0119 23.4399 1.07734
      vertex 15.0119 23.4399 2.04522
    endloop
  endfacet
  facet normal 0 1 0
    outer loop
      vertex 15.0119 23.4399 2.04522
      vertex 15.611 23.4399 2.04522
      vertex 15.611 23.4399 1.07734
    endloop
  endfacet
  facet normal 0 0 1
    outer loop
      vertex 15.611 23.4399 2.04522
      vertex 15.0119 23.4399 2.04522
      vertex 15.0061 22.3605 2.04522
    endloop
  endfacet
  facet normal 0 0 1
    outer loop
      vertex 15.0061 22.3605 2.04522
      vertex 15.7843 22.3605 2.04522
      vertex 15.611 23.4399 2.04522
    endloop
  endfacet
  facet normal -1 0 0
    outer loop
      vertex 18.3745 14.0608 1.07734
      vertex 18.3745 14.0608 2.04522
      vertex 18.3745 15.8337 2.04522
    endloop
  endfacet
  facet normal -1 0 0
    outer loop
      vertex 18.3745 15.8337 2.04522
      vertex 18.3745 15.8337 1.07734
      vertex 18.3745 14.0608 1.07734
    endloop
  endfacet
  facet normal -1 0 0
    outer loop
      vertex 18.3745 16.9043 1.07734
      vertex 18.3745 16.9043 2.04522
      vertex 18.3745 17.557 2.04522
    endloop
  endfacet
  facet normal -1 0 0
    outer loop
      vertex 18.3745 17.557 2.04522
      vertex 18.3745 17.557 1.07734
      vertex 18.3745 16.9043 1.07734
    endloop
  endfacet
  facet normal 0 0 -1
    outer loop
      vertex 18.3745 15.8337 1.07734
      vertex 20.5314 15.8337 1.07734
      vertex 20.5314 14.0608 1.07734
    endloop
  endfacet
  facet normal 0 0 -1
    outer loop
      vertex 20.5314 14.0608 1.07734
      vertex 18.3745 14.0608 1.07734
      vertex 18.3745 15.8337 1.07734
    endloop
  endfacet
  facet normal 0 0 -1
    outer loop
      vertex 18.3745 11.5063 1.07734
      vertex 18.3745 12.9901 1.07734
      vertex 20.5314 12.9901 1.07734
    endloop
  endfacet
  facet normal 0 0 -1
    outer loop
      vertex 20.5314 12.9901 1.07734
      vertex 20.5314 12.5203 1.07734
      vertex 19.5118 11.5102 1.07734
    endloop
  endfacet
  facet normal 0 0 -1
    outer loop
      vertex 19.5118 11.5102 1.07734
      vertex 19.5118 11.5063 1.07734
      vertex 18.3745 11.5063 1.07734
    endloop
  endfacet
  facet normal 0 0 -1
    outer loop
      vertex 20.5314 12.9901 1.07734
      vertex 19.5118 11.5102 1.07734
      vertex 18.3745 11.5063 1.07734
    endloop
  endfacet
  facet normal 0 -1 0
    outer loop
      vertex 18.1449 12.9901 2.29686
      vertex 18.1449 12.9901 0.830595
      vertex 18.3745 12.9901 1.07734
    endloop
  endfacet
  facet normal 0 -1 0
    outer loop
      vertex 18.3745 12.9901 2.04522
      vertex 20.5314 12.9901 2.04522
      vertex 20.5314 12.9901 2.29686
    endloop
  endfacet
  facet normal 0 -1 0
    outer loop
      vertex 18.1449 12.9901 2.29686
      vertex 18.3745 12.9901 1.07734
      vertex 18.3745 12.9901 2.04522
    endloop
  endfacet
  facet normal 0 -1 0
    outer loop
      vertex 18.3745 12.9901 2.04522
      vertex 20.5314 12.9901 2.29686
      vertex 18.1449 12.9901 2.29686
    endloop
  endfacet
  facet normal 0 1 0
    outer loop
      vertex 18.3745 16.9043 2.04522
      vertex 18.3745 16.9043 1.07734
      vertex 18.1449 16.9043 0.830595
    endloop
  endfacet
  facet normal 0 1 0
    outer loop
      vertex 18.1449 16.9043 2.29686
      vertex 20.5314 16.9043 2.29686
      vertex 20.5314 16.9043 2.04522
    endloop
  endfacet
  facet normal 0 1 0
    outer loop
      vertex 18.3745 16.9043 2.04522
      vertex 18.1449 16.9043 0.830595
      vertex 18.1449 16.9043 2.29686
    endloop
  endfacet
  facet normal 0 1 0
    outer loop
      vertex 18.1449 16.9043 2.29686
      vertex 20.5314 16.9043 2.04522
      vertex 18.3745 16.9043 2.04522
    endloop
  endfacet
  facet normal -0.000413171 1 0
    outer loop
      vertex 23.3791 11.0798 1.71001
      vertex 23.3791 11.0798 2.90986
      vertex 23.5753 11.0799 2.67093
    endloop
  endfacet
  facet normal -0.000413171 1 0
    outer loop
      vertex 23.5753 11.0799 2.67093
      vertex 23.5753 11.0799 1.71067
      vertex 23.3791 11.0798 1.71001
    endloop
  endfacet
  facet normal 1 0.000450194 0
    outer loop
      vertex 23.5753 11.0799 1.71067
      vertex 23.5753 11.0799 2.67093
      vertex 23.5754 10.7198 2.67093
    endloop
  endfacet
  facet normal 1 0.000450194 0
    outer loop
      vertex 23.5754 10.7198 2.67093
      vertex 23.5754 10.7198 1.71067
      vertex 23.5753 11.0799 1.71067
    endloop
  endfacet
  facet normal 0.000116812 -1 0
    outer loop
      vertex 23.2078 10.7196 1.70999
      vertex 23.3792 10.7197 1.71001
      vertex 23.3792 10.7197 2.90986
    endloop
  endfacet
  facet normal 0.000106871 -1 0
    outer loop
      vertex 23.3792 10.7197 2.90986
      vertex 21.8711 10.7195 2.91134
      vertex 21.8711 10.7195 2.6263
    endloop
  endfacet
  facet normal 0.000116812 -1 0
    outer loop
      vertex 23.2078 10.7196 2.6263
      vertex 23.2078 10.7196 1.70999
      vertex 23.3792 10.7197 2.90986
    endloop
  endfacet
  facet normal 0.000105596 -1 6.78175e-06
    outer loop
      vertex 23.3792 10.7197 2.90986
      vertex 21.8711 10.7195 2.6263
      vertex 23.2078 10.7196 2.6263
    endloop
  endfacet
  facet normal 0.0033491 1.50761e-06 -0.999994
    outer loop
      vertex 23.3791 11.0798 1.71001
      vertex 23.5753 11.0799 1.71067
      vertex 23.5754 10.7198 1.71067
    endloop
  endfacet
  facet normal 0.0033491 1.50753e-06 -0.999994
    outer loop
      vertex 23.5754 10.7198 1.71067
      vertex 23.3792 10.7197 1.71001
      vertex 23.3791 11.0798 1.71001
    endloop
  endfacet
  facet normal 0.000980491 4.41547e-07 1
    outer loop
      vertex 23.3791 11.0798 2.90986
      vertex 21.871 11.0796 2.91134
      vertex 21.8711 10.7195 2.91134
    endloop
  endfacet
  facet normal 0.000980491 4.41546e-07 1
    outer loop
      vertex 21.8711 10.7195 2.91134
      vertex 23.3792 10.7197 2.90986
      vertex 23.3791 11.0798 2.90986
    endloop
  endfacet
  facet normal 0.772834 0.000347932 0.634609
    outer loop
      vertex 23.5753 11.0799 2.67093
      vertex 23.3791 11.0798 2.90986
      vertex 23.3792 10.7197 2.90986
    endloop
  endfacet
  facet normal 0.772834 0.000347952 0.634609
    outer loop
      vertex 23.3792 10.7197 2.90986
      vertex 23.5754 10.7198 2.67093
      vertex 23.5753 11.0799 2.67093
    endloop
  endfacet
  facet normal 0.000515248 -1 0
    outer loop
      vertex 23.5754 10.7198 1.71067
      vertex 23.5754 10.7198 2.67093
      vertex 23.3792 10.7197 2.90986
    endloop
  endfacet
  facet normal 0.000515248 -1 0
    outer loop
      vertex 23.3792 10.7197 2.90986
      vertex 23.3792 10.7197 1.71001
      vertex 23.5754 10.7198 1.71067
    endloop
  endfacet
  facet normal -0.000515248 1 0
    outer loop
      vertex 23.3791 11.7203 1.71001
      vertex 23.3791 11.7203 2.90986
      vertex 23.5753 11.7204 2.67093
    endloop
  endfacet
  facet normal -0.000515248 1 0
    outer loop
      vertex 23.5753 11.7204 2.67093
      vertex 23.5753 11.7204 1.71067
      vertex 23.3791 11.7203 1.71001
    endloop
  endfacet
  facet normal 1 0.000450169 0
    outer loop
      vertex 23.5753 11.7204 1.71067
      vertex 23.5753 11.7204 2.67093
      vertex 23.5754 11.3603 2.67093
    endloop
  endfacet
  facet normal 1 0.000450169 0
    outer loop
      vertex 23.5754 11.3603 2.67093
      vertex 23.5754 11.3603 1.71067
      vertex 23.5753 11.7204 1.71067
    endloop
  endfacet
  facet normal 0 -1 0
    outer loop
      vertex 23.3328 11.3602 1.71001
      vertex 23.3792 11.3602 1.71001
      vertex 23.3792 11.3602 2.90986
    endloop
  endfacet
  facet normal 0.000106871 -1 0
    outer loop
      vertex 23.3792 11.3602 2.90986
      vertex 21.8711 11.36 2.91134
      vertex 21.8711 11.36 2.6263
    endloop
  endfacet
  facet normal 0 -1 0
    outer loop
      vertex 23.3328 11.3602 2.6263
      vertex 23.3328 11.3602 1.71001
      vertex 23.3792 11.3602 2.90986
    endloop
  endfacet
  facet normal 0.000110265 -1 -1.80504e-05
    outer loop
      vertex 23.3792 11.3602 2.90986
      vertex 21.8711 11.36 2.6263
      vertex 23.3328 11.3602 2.6263
    endloop
  endfacet
  facet normal 0.0033491 1.50753e-06 -0.999994
    outer loop
      vertex 23.3791 11.7203 1.71001
      vertex 23.5753 11.7204 1.71067
      vertex 23.5754 11.3603 1.71067
    endloop
  endfacet
  facet normal 0.0033491 1.50753e-06 -0.999994
    outer loop
      vertex 23.5754 11.3603 1.71067
      vertex 23.3792 11.3602 1.71001
      vertex 23.3791 11.7203 1.71001
    endloop
  endfacet
  facet normal 0.000980491 4.41547e-07 1
    outer loop
      vertex 23.3791 11.7203 2.90986
      vertex 21.871 11.7202 2.91134
      vertex 21.8711 11.36 2.91134
    endloop
  endfacet
  facet normal 0.000980491 4.41546e-07 1
    outer loop
      vertex 21.8711 11.36 2.91134
      vertex 23.3792 11.3602 2.90986
      vertex 23.3791 11.7203 2.90986
    endloop
  endfacet
  facet normal 0.772834 0.000347932 0.634609
    outer loop
      vertex 23.5753 11.7204 2.67093
      vertex 23.3791 11.7203 2.90986
      vertex 23.3792 11.3602 2.90986
    endloop
  endfacet
  facet normal 0.772834 0.000347932 0.634609
    outer loop
      vertex 23.3792 11.3602 2.90986
      vertex 23.5754 11.3603 2.67093
      vertex 23.5753 11.7204 2.67093
    endloop
  endfacet
  facet normal 0.000515248 -1 0
    outer loop
      vertex 23.5754 11.3603 1.71067
      vertex 23.5754 11.3603 2.67093
      vertex 23.3792 11.3602 2.90986
    endloop
  endfacet
  facet normal 0.000515248 -1 0
    outer loop
      vertex 23.3792 11.3602 2.90986
      vertex 23.3792 11.3602 1.71001
      vertex 23.5754 11.3603 1.71067
    endloop
  endfacet
  facet normal -0.00040831 1 0
    outer loop
      vertex 23.3791 12.335 1.71001
      vertex 23.3791 12.335 2.90986
      vertex 23.5753 12.3351 2.67093
    endloop
  endfacet
  facet normal -0.00040831 1 0
    outer loop
      vertex 23.5753 12.3351 2.67093
      vertex 23.5753 12.3351 1.71067
      vertex 23.3791 12.335 1.71001
    endloop
  endfacet
  facet normal 1 0.000450195 0
    outer loop
      vertex 23.5753 12.3351 1.71067
      vertex 23.5753 12.3351 2.67093
      vertex 23.5754 11.975 2.67093
    endloop
  endfacet
  facet normal 1 0.000450195 0
    outer loop
      vertex 23.5754 11.975 2.67093
      vertex 23.5754 11.975 1.71067
      vertex 23.5753 12.3351 1.71067
    endloop
  endfacet
  facet normal 0 -1 0
    outer loop
      vertex 23.3615 11.9749 1.71001
      vertex 23.3792 11.9749 1.71001
      vertex 23.3792 11.9749 2.90986
    endloop
  endfacet
  facet normal 0.000107503 -1 0
    outer loop
      vertex 23.3792 11.9749 2.90986
      vertex 21.8711 11.9747 2.91134
      vertex 21.8711 11.9747 2.6263
    endloop
  endfacet
  facet normal 0 -1 0
    outer loop
      vertex 23.3615 11.9749 2.6263
      vertex 23.3615 11.9749 1.71001
      vertex 23.3792 11.9749 2.90986
    endloop
  endfacet
  facet normal 0.000108781 -1 -6.79387e-06
    outer loop
      vertex 23.3792 11.9749 2.90986
      vertex 21.8711 11.9747 2.6263
      vertex 23.3615 11.9749 2.6263
    endloop
  endfacet
  facet normal 0.0033491 1.50762e-06 -0.999994
    outer loop
      vertex 23.3791 12.335 1.71001
      vertex 23.5753 12.3351 1.71067
      vertex 23.5754 11.975 1.71067
    endloop
  endfacet
  facet normal 0.0033491 1.50753e-06 -0.999994
    outer loop
      vertex 23.5754 11.975 1.71067
      vertex 23.3792 11.9749 1.71001
      vertex 23.3791 12.335 1.71001
    endloop
  endfacet
  facet normal 0.000980491 4.41546e-07 1
    outer loop
      vertex 23.3791 12.335 2.90986
      vertex 21.871 12.3349 2.91134
      vertex 21.8711 11.9747 2.91134
    endloop
  endfacet
  facet normal 0.000980491 4.41546e-07 1
    outer loop
      vertex 21.8711 11.9747 2.91134
      vertex 23.3792 11.9749 2.90986
      vertex 23.3791 12.335 2.90986
    endloop
  endfacet
  facet normal 0.772834 0.000347932 0.634609
    outer loop
      vertex 23.5753 12.3351 2.67093
      vertex 23.3791 12.335 2.90986
      vertex 23.3792 11.9749 2.90986
    endloop
  endfacet
  facet normal 0.772834 0.000347953 0.634609
    outer loop
      vertex 23.3792 11.9749 2.90986
      vertex 23.5754 11.975 2.67093
      vertex 23.5753 12.3351 2.67093
    endloop
  endfacet
  facet normal 0.000515248 -1 0
    outer loop
      vertex 23.5754 11.975 1.71067
      vertex 23.5754 11.975 2.67093
      vertex 23.3792 11.9749 2.90986
    endloop
  endfacet
  facet normal 0.000515248 -1 0
    outer loop
      vertex 23.3792 11.9749 2.90986
      vertex 23.3792 11.9749 1.71001
      vertex 23.5754 11.975 1.71067
    endloop
  endfacet
  facet normal -0.0122847 0.00352591 0.999918
    outer loop
      vertex 21.4084 24.2895 3.83222
      vertex 19.9588 24.7055 3.81294
      vertex 19.7471 23.968 3.81294
    endloop
  endfacet
  facet normal -0.0122846 0.0035252 0.999918
    outer loop
      vertex 19.7471 23.968 3.81294
      vertex 21.1968 23.552 3.83222
      vertex 21.4084 24.2895 3.83222
    endloop
  endfacet
  facet normal 0.585319 -0.167964 0.793215
    outer loop
      vertex 22.3165 24.0289 3.1069
      vertex 21.4084 24.2895 3.83222
      vertex 21.1968 23.552 3.83222
    endloop
  endfacet
  facet normal 0.585325 -0.167998 0.793203
    outer loop
      vertex 21.1968 23.552 3.83222
      vertex 22.1049 23.2913 3.1069
      vertex 22.3165 24.0289 3.1069
    endloop
  endfacet
  facet normal -0.0122846 0.00352517 0.999918
    outer loop
      vertex 21.0079 22.749 3.83222
      vertex 19.5583 23.165 3.81294
      vertex 19.3467 22.4275 3.81294
    endloop
  endfacet
  facet normal -0.0122849 0.00352651 0.999918
    outer loop
      vertex 19.3467 22.4275 3.81294
      vertex 20.7962 22.0115 3.83222
      vertex 21.0079 22.749 3.83222
    endloop
  endfacet
  facet normal 0.585319 -0.168022 0.793203
    outer loop
      vertex 21.916 22.4884 3.1069
      vertex 21.0079 22.749 3.83222
      vertex 20.7962 22.0115 3.83222
    endloop
  endfacet
  facet normal 0.585306 -0.16796 0.793225
    outer loop
      vertex 20.7962 22.0115 3.83222
      vertex 21.7044 21.7508 3.1069
      vertex 21.916 22.4884 3.1069
    endloop
  endfacet
  facet normal 0 0 1
    outer loop
      vertex 23.3615 21.42 2.6263
      vertex 20.649 21.42 2.6263
      vertex 20.1449 19.9415 2.6263
    endloop
  endfacet
  facet normal 0 0 1
    outer loop
      vertex 20.1449 19.9415 2.6263
      vertex 23.3615 19.9415 2.6263
      vertex 23.3615 21.42 2.6263
    endloop
  endfacet
  facet normal 0.981497 -0.191478 0
    outer loop
      vertex 23.2226 10.7955 1.01277
      vertex 23.3615 11.5074 1.01277
      vertex 23.3615 11.5074 1.71001
    endloop
  endfacet
  facet normal 0.981466 -0.191639 0
    outer loop
      vertex 23.3328 11.3602 1.71001
      vertex 23.3328 11.3602 2.6263
      vertex 23.2781 11.0798 2.6263
    endloop
  endfacet
  facet normal 0.981523 -0.191346 -0.000140094
    outer loop
      vertex 23.2226 10.7955 1.01277
      vertex 23.3615 11.5074 1.71001
      vertex 23.3328 11.3602 1.71001
    endloop
  endfacet
  facet normal 0.981488 -0.191524 0
    outer loop
      vertex 23.0968 10.1506 2.6263
      vertex 23.0968 10.1506 1.01277
      vertex 23.2226 10.7955 1.01277
    endloop
  endfacet
  facet normal 0.981502 -0.191453 0
    outer loop
      vertex 23.2078 10.7196 1.70999
      vertex 23.2078 10.7196 2.6263
      vertex 23.0968 10.1506 2.6263
    endloop
  endfacet
  facet normal 0.981466 -0.191638 0
    outer loop
      vertex 23.3328 11.3602 1.71001
      vertex 23.2781 11.0798 2.6263
      vertex 23.2781 11.0798 1.71
    endloop
  endfacet
  facet normal 0.981527 -0.191325 8.22467e-05
    outer loop
      vertex 23.2078 10.7196 1.70999
      vertex 23.0968 10.1506 2.6263
      vertex 23.2226 10.7955 1.01277
    endloop
  endfacet
  facet normal -0.0584569 0.0113772 0.998225
    outer loop
      vertex 23.3328 11.3602 1.71001
      vertex 23.2781 11.0798 1.71
      vertex 23.2078 10.7196 1.70999
    endloop
  endfacet
  facet normal 0.981478 -0.191576 5.39191e-05
    outer loop
      vertex 23.3328 11.3602 1.71001
      vertex 23.2078 10.7196 1.70999
      vertex 23.2226 10.7955 1.01277
    endloop
  endfacet
  facet normal 0 0 -1
    outer loop
      vertex 20.0557 26.2268 1.01277
      vertex 20.0578 30.5991 1.01277
      vertex 20.2322 30.607 1.01277
    endloop
  endfacet
  facet normal 0 0 -1
    outer loop
      vertex 20.2322 30.607 1.01277
      vertex 20.2303 25.7012 1.01277
      vertex 20.0557 26.2268 1.01277
    endloop
  endfacet
  facet normal 0 -1 0
    outer loop
      vertex 23.0968 10.1506 1.01277
      vertex 23.0968 10.1506 2.6263
      vertex 19.5118 10.1506 2.6263
    endloop
  endfacet
  facet normal -0.000783954 -0.999998 -0.00174181
    outer loop
      vertex 19.5118 10.1506 2.6263
      vertex 19.5118 10.1534 1.01277
      vertex 23.0968 10.1506 1.01277
    endloop
  endfacet
  facet normal -1 0 0
    outer loop
      vertex 19.5118 11.5102 1.07734
      vertex 19.5118 11.5103 1.01277
      vertex 19.5118 10.7955 1.01277
    endloop
  endfacet
  facet normal -1 0 0
    outer loop
      vertex 19.5118 10.7955 1.01277
      vertex 19.5118 10.1534 1.01277
      vertex 19.5118 10.1506 2.6263
    endloop
  endfacet
  facet normal -1 0 0
    outer loop
      vertex 19.5118 10.1506 2.6263
      vertex 19.5118 11.5074 2.6263
      vertex 19.5118 11.5085 2.04522
    endloop
  endfacet
  facet normal -1 0 0
    outer loop
      vertex 19.5118 10.1506 2.6263
      vertex 19.5118 11.5085 2.04522
      vertex 19.5118 11.5063 2.04522
    endloop
  endfacet
  facet normal -1 0 0
    outer loop
      vertex 19.5118 11.5063 1.07734
      vertex 19.5118 11.5102 1.07734
      vertex 19.5118 10.7955 1.01277
    endloop
  endfacet
  facet normal -1 0 0
    outer loop
      vertex 19.5118 10.1506 2.6263
      vertex 19.5118 11.5063 2.04522
      vertex 19.5118 11.5063 1.07734
    endloop
  endfacet
  facet normal -1 0 0
    outer loop
      vertex 19.5118 10.7955 1.01277
      vertex 19.5118 10.1506 2.6263
      vertex 19.5118 11.5063 1.07734
    endloop
  endfacet
  facet normal 1 0 0
    outer loop
      vertex 23.3615 26.2268 1.01277
      vertex 23.3615 30.1715 1.01277
      vertex 23.3615 28.1789 1.13149
    endloop
  endfacet
  facet normal 1 0 0
    outer loop
      vertex 23.3615 28.1789 1.13149
      vertex 23.3615 25.5622 1.13149
      vertex 23.3615 26.2268 1.01277
    endloop
  endfacet
  facet normal 0 0 -1
    outer loop
      vertex 19.5118 10.1534 1.01277
      vertex 19.5118 10.7955 1.01277
      vertex 23.2226 10.7955 1.01277
    endloop
  endfacet
  facet normal 0 0 -1
    outer loop
      vertex 23.2226 10.7955 1.01277
      vertex 23.0968 10.1506 1.01277
      vertex 19.5118 10.1534 1.01277
    endloop
  endfacet
  facet normal 0 0 1
    outer loop
      vertex 23.3615 30.1715 2.6263
      vertex 22.2909 30.596 2.6263
      vertex 22.288 26.2268 2.6263
    endloop
  endfacet
  facet normal 0 0 1
    outer loop
      vertex 22.288 26.2268 2.6263
      vertex 23.3615 26.2268 2.6263
      vertex 23.3615 30.1715 2.6263
    endloop
  endfacet
  facet normal 1 0 0
    outer loop
      vertex 23.3615 19.9415 1.01277
      vertex 23.3615 19.9415 2.6263
      vertex 23.3615 19.9397 2.6263
    endloop
  endfacet
  facet normal 1 0 0
    outer loop
      vertex 23.3615 19.9397 2.6263
      vertex 23.3615 19.9397 1.01277
      vertex 23.3615 19.9415 1.01277
    endloop
  endfacet
  facet normal 0 0 1
    outer loop
      vertex 23.3615 19.9415 2.6263
      vertex 20.1449 19.9415 2.6263
      vertex 20.1449 19.9397 2.6263
    endloop
  endfacet
  facet normal 0 0 1
    outer loop
      vertex 20.1449 19.9397 2.6263
      vertex 23.3615 19.9397 2.6263
      vertex 23.3615 19.9415 2.6263
    endloop
  endfacet
  facet normal 0 0 -1
    outer loop
      vertex 19.506 31.0836 1.01277
      vertex 19.5065 31.5855 1.01277
      vertex 19.683 31.5855 1.01277
    endloop
  endfacet
  facet normal 0 0 -1
    outer loop
      vertex 19.683 31.5855 1.01277
      vertex 19.6826 31.0594 1.01277
      vertex 19.506 31.0836 1.01277
    endloop
  endfacet
  facet normal 1 0 0
    outer loop
      vertex 23.3615 21.42 1.01277
      vertex 23.3615 21.42 2.6263
      vertex 23.3615 19.9415 2.6263
    endloop
  endfacet
  facet normal 1 0 0
    outer loop
      vertex 23.3615 19.9415 2.6263
      vertex 23.3615 19.9415 1.01277
      vertex 23.3615 21.42 1.01277
    endloop
  endfacet
  facet normal 0 0 1
    outer loop
      vertex 21.844 31.5855 2.6263
      vertex 21.5686 31.5855 2.6263
      vertex 21.5682 31.0836 2.6263
    endloop
  endfacet
  facet normal 0 0 1
    outer loop
      vertex 21.5682 31.0836 2.6263
      vertex 21.844 31.0836 2.6263
      vertex 21.844 31.5855 2.6263
    endloop
  endfacet
  facet normal 1 0 0
    outer loop
      vertex 21.844 31.5855 1.01277
      vertex 21.844 31.5855 2.6263
      vertex 21.844 31.0836 2.6263
    endloop
  endfacet
  facet normal 1 0 0
    outer loop
      vertex 21.844 31.0836 2.6263
      vertex 21.844 31.0836 1.01277
      vertex 21.844 31.5855 1.01277
    endloop
  endfacet
  facet normal 0 0 1
    outer loop
      vertex 21.844 31.0836 2.6263
      vertex 21.5682 31.0836 2.6263
      vertex 22.2909 30.596 2.6263
    endloop
  endfacet
  facet normal 0 0 1
    outer loop
      vertex 22.2909 30.596 2.6263
      vertex 23.3615 30.1715 2.6263
      vertex 21.844 31.0836 2.6263
    endloop
  endfacet
  facet normal 0 0 1
    outer loop
      vertex 20.5314 12.5203 1.01277
      vertex 20.5314 12.9901 1.01277
      vertex 20.3198 12.9901 1.01277
    endloop
  endfacet
  facet normal 0 0 1
    outer loop
      vertex 20.3198 12.9901 1.01277
      vertex 20.3198 12.4867 1.01277
      vertex 20.5314 12.5203 1.01277
    endloop
  endfacet
  facet normal 0.515174 0.857086 0
    outer loop
      vertex 21.844 31.0836 1.01277
      vertex 21.844 31.0836 2.6263
      vertex 23.3615 30.1715 2.6263
    endloop
  endfacet
  facet normal 0.515174 0.857086 0
    outer loop
      vertex 23.3615 30.1715 2.6263
      vertex 23.3615 30.1715 1.01277
      vertex 21.844 31.0836 1.01277
    endloop
  endfacet
  facet normal -1 0 0
    outer loop
      vertex 20.1449 19.9397 1.07734
      vertex 20.1449 19.9397 1.01277
      vertex 20.1449 18.8238 1.01277
    endloop
  endfacet
  facet normal -1 0 0
    outer loop
      vertex 20.1449 18.8238 1.01277
      vertex 20.1449 18.8238 1.07734
      vertex 20.1449 18.8622 1.07734
    endloop
  endfacet
  facet normal -1 0 0
    outer loop
      vertex 20.1449 18.8238 1.01277
      vertex 20.1449 18.8622 1.07734
      vertex 20.1449 19.9397 1.07734
    endloop
  endfacet
  facet normal 0 0 1
    outer loop
      vertex 23.3615 18.8238 2.6263
      vertex 23.3615 19.9397 2.6263
      vertex 22.8408 19.1512 2.6263
    endloop
  endfacet
  facet normal 0 0 1
    outer loop
      vertex 22.8408 19.1512 2.6263
      vertex 22.8408 18.1695 2.6263
      vertex 23.3615 18.8238 2.6263
    endloop
  endfacet
  facet normal 0 0 -1
    outer loop
      vertex 16.5151 22.3601 1.01277
      vertex 17.2795 22.054 1.01277
      vertex 17.2614 21.918 1.01277
    endloop
  endfacet
  facet normal 0 0 -1
    outer loop
      vertex 17.2614 21.918 1.01277
      vertex 16.5914 21.918 1.01277
      vertex 16.5151 22.3601 1.01277
    endloop
  endfacet
  facet normal 1 0 0
    outer loop
      vertex 23.3615 19.9397 1.01277
      vertex 23.3615 19.9397 2.6263
      vertex 23.3615 18.8238 2.6263
    endloop
  endfacet
  facet normal 1 0 0
    outer loop
      vertex 23.3615 18.8238 2.6263
      vertex 23.3615 18.8238 1.01277
      vertex 23.3615 19.9397 1.01277
    endloop
  endfacet
  facet normal -0.843973 -0.536386 0
    outer loop
      vertex 20.1449 18.8238 1.01277
      vertex 20.5314 18.2156 1.01277
      vertex 20.5314 18.2156 1.07734
    endloop
  endfacet
  facet normal -0.843973 -0.536386 0
    outer loop
      vertex 20.5314 18.2156 1.07734
      vertex 20.1449 18.8238 1.07734
      vertex 20.1449 18.8238 1.01277
    endloop
  endfacet
  facet normal 0 0 1
    outer loop
      vertex 20.5314 18.2156 2.6263
      vertex 20.5314 12.5203 2.6263
      vertex 20.9124 12.6241 2.6263
    endloop
  endfacet
  facet normal 0 0 1
    outer loop
      vertex 20.9124 12.6241 2.6263
      vertex 20.9124 17.6345 2.6263
      vertex 20.5314 18.2156 2.6263
    endloop
  endfacet
  facet normal 0 0 -1
    outer loop
      vertex 20.0578 30.5991 1.01277
      vertex 19.506 31.0836 1.01277
      vertex 19.6826 31.0594 1.01277
    endloop
  endfacet
  facet normal 0 0 -1
    outer loop
      vertex 19.6826 31.0594 1.01277
      vertex 20.2322 30.607 1.01277
      vertex 20.0578 30.5991 1.01277
    endloop
  endfacet
  facet normal 1 0 0
    outer loop
      vertex 23.3615 18.2156 1.01277
      vertex 23.3615 18.8238 1.01277
      vertex 23.3615 18.7227 1.10571
    endloop
  endfacet
  facet normal 1 0 0
    outer loop
      vertex 23.3615 18.7227 1.10571
      vertex 23.3615 18.1759 1.10571
      vertex 23.3615 18.2156 1.01277
    endloop
  endfacet
  facet normal -0.703766 0.710431 0.00111131
    outer loop
      vertex 20.5314 12.5203 1.01277
      vertex 19.5118 11.5103 1.01277
      vertex 19.5118 11.5102 1.07734
    endloop
  endfacet
  facet normal -0.703802 0.710396 0
    outer loop
      vertex 19.5118 11.5102 1.07734
      vertex 20.5314 12.5203 1.07734
      vertex 20.5314 12.5203 1.01277
    endloop
  endfacet
  facet normal 0 0 1
    outer loop
      vertex 23.3615 12.335 2.6263
      vertex 23.3615 12.5203 2.6263
      vertex 20.5314 12.5203 2.6263
    endloop
  endfacet
  facet normal 0 0 1
    outer loop
      vertex 20.5314 12.5203 2.6263
      vertex 19.5118 11.5074 2.6263
      vertex 21.8711 11.5074 2.6263
    endloop
  endfacet
  facet normal 0 0 1
    outer loop
      vertex 21.871 11.7202 2.6263
      vertex 23.3615 11.7203 2.6263
      vertex 23.3615 11.9749 2.6263
    endloop
  endfacet
  facet normal 0 0 1
    outer loop
      vertex 20.5314 12.5203 2.6263
      vertex 21.8711 11.5074 2.6263
      vertex 21.871 11.7202 2.6263
    endloop
  endfacet
  facet normal 0 0 1
    outer loop
      vertex 21.871 12.3349 2.6263
      vertex 23.3615 12.335 2.6263
      vertex 20.5314 12.5203 2.6263
    endloop
  endfacet
  facet normal 0 0 1
    outer loop
      vertex 21.871 11.7202 2.6263
      vertex 23.3615 11.9749 2.6263
      vertex 21.8711 11.9747 2.6263
    endloop
  endfacet
  facet normal 0 0 1
    outer loop
      vertex 21.8711 11.9747 2.6263
      vertex 21.871 12.3349 2.6263
      vertex 20.5314 12.5203 2.6263
    endloop
  endfacet
  facet normal 0 0 1
    outer loop
      vertex 20.5314 12.5203 2.6263
      vertex 21.871 11.7202 2.6263
      vertex 21.8711 11.9747 2.6263
    endloop
  endfacet
  facet normal 0 0 -1
    outer loop
      vertex 14.4129 22.3601 1.01277
      vertex 16.5151 22.3601 1.01277
      vertex 16.5914 21.918 1.01277
    endloop
  endfacet
  facet normal 0 0 -1
    outer loop
      vertex 16.5914 21.918 1.01277
      vertex 14.4129 21.918 1.01277
      vertex 14.4129 22.3601 1.01277
    endloop
  endfacet
  facet normal 1 0 0
    outer loop
      vertex 23.3615 12.5203 1.01277
      vertex 23.3615 12.5203 2.6263
      vertex 23.3615 12.335 2.6263
    endloop
  endfacet
  facet normal 1 0 0
    outer loop
      vertex 23.3615 12.5203 1.01277
      vertex 23.3615 12.335 2.6263
      vertex 23.3615 12.335 1.71001
    endloop
  endfacet
  facet normal 1 0 0
    outer loop
      vertex 23.3615 11.5074 1.71001
      vertex 23.3615 11.5074 1.01277
      vertex 23.3615 12.5203 1.01277
    endloop
  endfacet
  facet normal 1 0 0
    outer loop
      vertex 23.3615 11.9749 2.6263
      vertex 23.3615 11.7203 2.6263
      vertex 23.3615 11.7203 1.71001
    endloop
  endfacet
  facet normal 1 0 0
    outer loop
      vertex 23.3615 11.7203 1.71001
      vertex 23.3615 11.5074 1.71001
      vertex 23.3615 12.5203 1.01277
    endloop
  endfacet
  facet normal 1 0 0
    outer loop
      vertex 23.3615 12.5203 1.01277
      vertex 23.3615 12.335 1.71001
      vertex 23.3615 11.9749 1.71001
    endloop
  endfacet
  facet normal 1 0 0
    outer loop
      vertex 23.3615 11.9749 1.71001
      vertex 23.3615 11.9749 2.6263
      vertex 23.3615 11.7203 1.71001
    endloop
  endfacet
  facet normal 1 0 0
    outer loop
      vertex 23.3615 12.5203 1.01277
      vertex 23.3615 11.9749 1.71001
      vertex 23.3615 11.7203 1.71001
    endloop
  endfacet
  facet normal 1 0 0
    outer loop
      vertex 23.3615 18.2156 2.6263
      vertex 23.3615 12.5203 2.6263
      vertex 23.3615 13.0543 2.18391
    endloop
  endfacet
  facet normal 1 0 0
    outer loop
      vertex 23.3615 13.0543 2.18391
      vertex 23.3615 18.1759 2.18391
      vertex 23.3615 18.2156 2.6263
    endloop
  endfacet
  facet normal 0 0 1
    outer loop
      vertex 23.3615 18.2156 1.01277
      vertex 23.3615 12.5203 1.01277
      vertex 23.7288 12.3834 1.01277
    endloop
  endfacet
  facet normal 0 0 1
    outer loop
      vertex 23.7288 12.3834 1.01277
      vertex 23.7288 18.3367 1.01277
      vertex 23.3615 18.2156 1.01277
    endloop
  endfacet
  facet normal 0 0 1
    outer loop
      vertex 23.3615 19.9397 2.6263
      vertex 20.1449 19.9397 2.6263
      vertex 20.91 19.1512 2.6263
    endloop
  endfacet
  facet normal 0 0 1
    outer loop
      vertex 20.91 19.1512 2.6263
      vertex 22.8408 19.1512 2.6263
      vertex 23.3615 19.9397 2.6263
    endloop
  endfacet
  facet normal -1 0 0
    outer loop
      vertex 20.5314 18.2156 1.07734
      vertex 20.5314 18.2156 1.01277
      vertex 20.5314 16.9043 1.01277
    endloop
  endfacet
  facet normal -1 0 0
    outer loop
      vertex 20.5314 16.9043 1.01277
      vertex 20.5314 16.9043 1.07734
      vertex 20.5314 17.557 1.07734
    endloop
  endfacet
  facet normal 0 0 0
    outer loop
      vertex 20.5314 17.557 1.07734
      vertex 20.5314 17.8738 1.07734
      vertex 20.5314 18.0099 1.07734
    endloop
  endfacet
  facet normal -1 0 0
    outer loop
      vertex 20.5314 18.0099 1.07734
      vertex 20.5314 18.2156 1.07734
      vertex 20.5314 16.9043 1.01277
    endloop
  endfacet
  facet normal -1 0 0
    outer loop
      vertex 20.5314 16.9043 1.01277
      vertex 20.5314 17.557 1.07734
      vertex 20.5314 18.0099 1.07734
    endloop
  endfacet
  facet normal 0.511227 0.757699 0.405634
    outer loop
      vertex 22.2909 30.596 3.07654
      vertex 21.5682 31.0836 3.07654
      vertex 21.2097 31.0836 3.52837
    endloop
  endfacet
  facet normal 0.511227 0.757701 0.405631
    outer loop
      vertex 21.2097 31.0836 3.52837
      vertex 21.9324 30.596 3.52837
      vertex 22.2909 30.596 3.07654
    endloop
  endfacet
  facet normal 0.800791 -0.273018 0.533099
    outer loop
      vertex 20.5647 22.055 3.52837
      vertex 20.649 21.42 3.07654
      vertex 20.8459 21.9972 3.07654
    endloop
  endfacet
  facet normal -0.56039 -0.803671 -0.200189
    outer loop
      vertex 20.8459 21.9972 3.07654
      vertex 20.7962 22.0115 3.15841
      vertex 20.5716 22.0759 3.52837
    endloop
  endfacet
  facet normal 0.804097 -0.261845 0.533728
    outer loop
      vertex 20.8459 21.9972 3.07654
      vertex 20.5716 22.0759 3.52837
      vertex 20.5647 22.055 3.52837
    endloop
  endfacet
  facet normal 0 0 -1
    outer loop
      vertex 19.0116 22.054 1.01277
      vertex 20.0557 26.2268 1.01277
      vertex 20.2303 25.7012 1.01277
    endloop
  endfacet
  facet normal 0 0 -1
    outer loop
      vertex 20.2303 25.7012 1.01277
      vertex 19.1734 21.918 1.01277
      vertex 19.0116 22.054 1.01277
    endloop
  endfacet
  facet normal 0 0 1
    outer loop
      vertex 23.3615 12.5203 1.01277
      vertex 23.3615 11.5074 1.01277
      vertex 23.7288 11.4956 1.01277
    endloop
  endfacet
  facet normal 0 0 1
    outer loop
      vertex 23.7288 11.4956 1.01277
      vertex 23.7288 12.3834 1.01277
      vertex 23.3615 12.5203 1.01277
    endloop
  endfacet
  facet normal 0 0 1
    outer loop
      vertex 23.3615 30.1715 1.01277
      vertex 23.3615 26.2268 1.01277
      vertex 23.7288 25.7012 1.01277
    endloop
  endfacet
  facet normal 0 0 1
    outer loop
      vertex 23.7288 25.7012 1.01277
      vertex 23.7288 30.1624 1.01277
      vertex 23.3615 30.1715 1.01277
    endloop
  endfacet
  facet normal 0 0 1
    outer loop
      vertex 20.5314 18.2156 1.01277
      vertex 20.1449 18.8238 1.01277
      vertex 19.981 18.8697 1.01277
    endloop
  endfacet
  facet normal 0 0 1
    outer loop
      vertex 19.981 18.8697 1.01277
      vertex 20.3198 18.3367 1.01277
      vertex 20.5314 18.2156 1.01277
    endloop
  endfacet
  facet normal 0 0 1
    outer loop
      vertex 20.1449 19.9397 1.01277
      vertex 18.7119 19.9401 1.01277
      vertex 18.9108 19.6688 1.01277
    endloop
  endfacet
  facet normal 0 0 1
    outer loop
      vertex 18.9108 19.6688 1.01277
      vertex 19.981 19.6684 1.01277
      vertex 20.1449 19.9397 1.01277
    endloop
  endfacet
  facet normal 0.783367 -0.000507484 0.62156
    outer loop
      vertex 22.288 26.2268 3.07654
      vertex 22.2909 30.596 3.07654
      vertex 21.9324 30.596 3.52837
    endloop
  endfacet
  facet normal 0.783367 -0.000507484 0.62156
    outer loop
      vertex 21.9324 30.596 3.52837
      vertex 21.9295 26.2268 3.52837
      vertex 22.288 26.2268 3.07654
    endloop
  endfacet
  facet normal 0 -0.478001 0.878359
    outer loop
      vertex 18.7119 19.9415 3.07654
      vertex 20.1449 19.9415 3.07654
      vertex 20.1449 20.7718 3.52837
    endloop
  endfacet
  facet normal 0 -0.478001 0.878359
    outer loop
      vertex 20.1449 20.7718 3.52837
      vertex 18.7119 20.7718 3.52837
      vertex 18.7119 19.9415 3.07654
    endloop
  endfacet
  facet normal 0.783331 -0.00063108 0.621604
    outer loop
      vertex 21.5682 31.0836 3.07654
      vertex 21.5686 31.5855 3.07654
      vertex 21.2101 31.5855 3.52837
    endloop
  endfacet
  facet normal 0.783365 -0.000568592 0.621562
    outer loop
      vertex 21.2101 31.5855 3.52837
      vertex 21.2097 31.0836 3.52837
      vertex 21.5682 31.0836 3.07654
    endloop
  endfacet
  facet normal 1 -0.000805636 0
    outer loop
      vertex 21.5682 31.0836 2.6263
      vertex 21.5686 31.5855 2.6263
      vertex 21.5686 31.5855 3.07654
    endloop
  endfacet
  facet normal 1 -0.000805636 0
    outer loop
      vertex 21.5686 31.5855 3.07654
      vertex 21.5682 31.0836 3.07654
      vertex 21.5682 31.0836 2.6263
    endloop
  endfacet
  facet normal 0 -1 0
    outer loop
      vertex 18.7119 19.9415 2.40892
      vertex 20.1449 19.9415 2.6263
      vertex 20.1449 19.9415 3.07654
    endloop
  endfacet
  facet normal 0 -1 0
    outer loop
      vertex 20.1449 19.9415 3.07654
      vertex 18.7119 19.9415 3.07654
      vertex 18.7119 19.9415 2.40892
    endloop
  endfacet
  facet normal 1 -0.000647824 0
    outer loop
      vertex 22.288 26.2268 2.6263
      vertex 22.2909 30.596 2.6263
      vertex 22.2909 30.596 3.07654
    endloop
  endfacet
  facet normal 1 -0.000647824 0
    outer loop
      vertex 22.2909 30.596 3.07654
      vertex 22.288 26.2268 3.07654
      vertex 22.288 26.2268 2.6263
    endloop
  endfacet
  facet normal 0.946503 -0.322696 0
    outer loop
      vertex 20.649 21.42 3.07654
      vertex 20.649 21.42 2.6263
      vertex 20.8459 21.9972 2.63132
    endloop
  endfacet
  facet normal 0.946503 -0.322696 0
    outer loop
      vertex 20.8459 21.9972 2.63132
      vertex 20.8459 21.9972 3.07654
      vertex 20.649 21.42 3.07654
    endloop
  endfacet
  facet normal 0.559307 0.82896 0
    outer loop
      vertex 22.2909 30.596 2.6263
      vertex 21.5682 31.0836 2.6263
      vertex 21.5682 31.0836 3.07654
    endloop
  endfacet
  facet normal 0.559307 0.82896 0
    outer loop
      vertex 21.5682 31.0836 3.07654
      vertex 22.2909 30.596 3.07654
      vertex 22.2909 30.596 2.6263
    endloop
  endfacet
  facet normal 0.436962 -0.89948 0
    outer loop
      vertex 16.5147 19.5702 2.40892
      vertex 17.2789 19.9415 2.40892
      vertex 17.2789 19.9415 3.07654
    endloop
  endfacet
  facet normal 0.436962 -0.89948 0
    outer loop
      vertex 17.2789 19.9415 3.07654
      vertex 16.5147 19.5702 3.07654
      vertex 16.5147 19.5702 2.40892
    endloop
  endfacet
  facet normal 0.226192 -0.465613 0.855595
    outer loop
      vertex 16.5147 19.5702 3.07654
      vertex 17.2789 19.9415 3.07654
      vertex 17.2789 20.7718 3.52837
    endloop
  endfacet
  facet normal 0.481494 -0.559846 0.674341
    outer loop
      vertex 17.2789 20.7718 3.52837
      vertex 16.5147 20.7718 4.07408
      vertex 16.5147 19.5702 3.07654
    endloop
  endfacet
  facet normal 0 -1 6.02658e-05
    outer loop
      vertex 19.325 10.7955 0
      vertex 19.5117 10.7955 0
      vertex 19.5118 10.7955 1.01277
    endloop
  endfacet
  facet normal -0.00064833 -1 0.000179856
    outer loop
      vertex 19.5118 10.7955 1.01277
      vertex 19.325 10.7956 1.01277
      vertex 19.325 10.7955 0
    endloop
  endfacet
  facet normal 0 -1 0.00100167
    outer loop
      vertex 18.7119 19.9412 2.04522
      vertex 18.7119 19.9415 2.40892
      vertex 17.2789 19.9415 2.40892
    endloop
  endfacet
  facet normal -0.000297017 -1 0.000666031
    outer loop
      vertex 17.2789 19.9415 2.40892
      vertex 17.2789 19.9413 2.04522
      vertex 17.4844 19.9412 2.04522
    endloop
  endfacet
  facet normal -4.97228e-05 -1 0.000805755
    outer loop
      vertex 17.2789 19.9415 2.40892
      vertex 17.4844 19.9412 2.04522
      vertex 18.7119 19.9412 2.04522
    endloop
  endfacet
  facet normal 0 0 1
    outer loop
      vertex 18.7119 20.7718 3.52837
      vertex 19.0268 22.055 3.52837
      vertex 17.2814 22.055 3.52837
    endloop
  endfacet
  facet normal 0 0 1
    outer loop
      vertex 17.2814 22.055 3.52837
      vertex 17.2789 20.7718 3.52837
      vertex 18.7119 20.7718 3.52837
    endloop
  endfacet
  facet normal 0.946493 -0.322724 0
    outer loop
      vertex 20.1449 19.9415 2.6263
      vertex 20.649 21.42 2.6263
      vertex 20.649 21.42 3.07654
    endloop
  endfacet
  facet normal 0.946493 -0.322724 0
    outer loop
      vertex 20.649 21.42 3.07654
      vertex 20.1449 19.9415 3.07654
      vertex 20.1449 19.9415 2.6263
    endloop
  endfacet
  facet normal 0 0 1
    outer loop
      vertex 16.5147 20.7718 4.07408
      vertex 16.5164 22.3611 4.07408
      vertex 14.4129 22.3611 4.07408
    endloop
  endfacet
  facet normal 0 0 1
    outer loop
      vertex 14.4129 22.3611 4.07408
      vertex 14.4129 20.7718 4.07408
      vertex 16.5147 20.7718 4.07408
    endloop
  endfacet
  facet normal 0 0 1
    outer loop
      vertex 23.3615 19.9397 1.01277
      vertex 23.3615 18.8238 1.01277
      vertex 23.7288 18.8697 1.01277
    endloop
  endfacet
  facet normal 0 0 1
    outer loop
      vertex 23.7288 18.8697 1.01277
      vertex 23.7288 20.1906 1.01277
      vertex 23.3615 19.9397 1.01277
    endloop
  endfacet
  facet normal 0.80077 -0.273037 0.533121
    outer loop
      vertex 20.1449 19.9415 3.07654
      vertex 20.649 21.42 3.07654
      vertex 20.5647 22.055 3.52837
    endloop
  endfacet
  facet normal 0.82522 -0.26998 0.496107
    outer loop
      vertex 20.5647 22.055 3.52837
      vertex 20.1449 20.7718 3.52837
      vertex 20.1449 19.9415 3.07654
    endloop
  endfacet
  facet normal 1 0 0
    outer loop
      vertex 23.3615 30.1715 1.01277
      vertex 23.3615 30.1715 2.6263
      vertex 23.3615 28.1789 2.20182
    endloop
  endfacet
  facet normal 1 0 0
    outer loop
      vertex 23.3615 28.1789 2.20182
      vertex 23.3615 28.1789 1.13149
      vertex 23.3615 30.1715 1.01277
    endloop
  endfacet
  facet normal 0.0170427 -0.0145129 0.999749
    outer loop
      vertex 21.0827 21.9293 2.6263
      vertex 20.8459 21.9972 2.63132
      vertex 20.649 21.42 2.6263
    endloop
  endfacet
  facet normal 0 0 1
    outer loop
      vertex 20.1449 20.7718 3.52837
      vertex 20.5647 22.055 3.52837
      vertex 19.0268 22.055 3.52837
    endloop
  endfacet
  facet normal 0 0 1
    outer loop
      vertex 19.0268 22.055 3.52837
      vertex 18.7119 20.7718 3.52837
      vertex 20.1449 20.7718 3.52837
    endloop
  endfacet
  facet normal 0 0 1
    outer loop
      vertex 21.9324 30.596 3.52837
      vertex 21.2097 31.0836 3.52837
      vertex 19.5105 31.0836 3.52837
    endloop
  endfacet
  facet normal 0 0 1
    outer loop
      vertex 19.5105 31.0836 3.52837
      vertex 20.0525 30.596 3.52837
      vertex 21.9324 30.596 3.52837
    endloop
  endfacet
  facet normal 0 0 1
    outer loop
      vertex 21.9295 26.2268 3.52837
      vertex 21.9324 30.596 3.52837
      vertex 20.0525 30.596 3.52837
    endloop
  endfacet
  facet normal 0 0 1
    outer loop
      vertex 20.0525 30.596 3.52837
      vertex 20.0504 26.2268 3.52837
      vertex 21.9295 26.2268 3.52837
    endloop
  endfacet
  facet normal 0 0 1
    outer loop
      vertex 21.2097 31.0836 3.52837
      vertex 21.2101 31.5855 3.52837
      vertex 19.5108 31.5855 3.52837
    endloop
  endfacet
  facet normal 0 0 1
    outer loop
      vertex 19.5108 31.5855 3.52837
      vertex 19.5105 31.0836 3.52837
      vertex 21.2097 31.0836 3.52837
    endloop
  endfacet
  facet normal 0 0 1
    outer loop
      vertex 19.0268 22.055 3.52837
      vertex 20.5647 22.055 3.52837
      vertex 20.5716 22.0759 3.52837
    endloop
  endfacet
  facet normal 0 0 1
    outer loop
      vertex 19.0268 22.055 3.52837
      vertex 20.5716 22.0759 3.52837
      vertex 19.3467 22.4275 3.52837
    endloop
  endfacet
  facet normal 0 0 1
    outer loop
      vertex 21.3054 24.3191 3.52837
      vertex 21.9295 26.2268 3.52837
      vertex 20.0504 26.2268 3.52837
    endloop
  endfacet
  facet normal 0 0 1
    outer loop
      vertex 19.9588 24.7055 3.52837
      vertex 21.3054 24.3191 3.52837
      vertex 20.0504 26.2268 3.52837
    endloop
  endfacet
  facet normal 0 0 1
    outer loop
      vertex 20.0504 26.2268 3.52837
      vertex 19.0268 22.055 3.52837
      vertex 19.3467 22.4275 3.52837
    endloop
  endfacet
  facet normal 0 0 1
    outer loop
      vertex 19.5583 23.165 3.52837
      vertex 20.8103 22.8057 3.52837
      vertex 21.0667 23.5893 3.52837
    endloop
  endfacet
  facet normal 0 0 1
    outer loop
      vertex 20.0504 26.2268 3.52837
      vertex 19.3467 22.4275 3.52837
      vertex 19.5583 23.165 3.52837
    endloop
  endfacet
  facet normal 0 0 1
    outer loop
      vertex 19.7471 23.968 3.52837
      vertex 19.9588 24.7055 3.52837
      vertex 20.0504 26.2268 3.52837
    endloop
  endfacet
  facet normal 0 0 1
    outer loop
      vertex 19.5583 23.165 3.52837
      vertex 21.0667 23.5893 3.52837
      vertex 19.7471 23.968 3.52837
    endloop
  endfacet
  facet normal 0 0 1
    outer loop
      vertex 19.5583 23.165 3.52837
      vertex 19.7471 23.968 3.52837
      vertex 20.0504 26.2268 3.52837
    endloop
  endfacet
  facet normal 0 -1 0
    outer loop
      vertex 17.2789 19.9415 2.40892
      vertex 18.7119 19.9415 2.40892
      vertex 18.7119 19.9415 3.07654
    endloop
  endfacet
  facet normal 0 -1 0
    outer loop
      vertex 18.7119 19.9415 3.07654
      vertex 17.2789 19.9415 3.07654
      vertex 17.2789 19.9415 2.40892
    endloop
  endfacet
  facet normal 0 -0.478001 0.878359
    outer loop
      vertex 17.2789 19.9415 3.07654
      vertex 18.7119 19.9415 3.07654
      vertex 18.7119 20.7718 3.52837
    endloop
  endfacet
  facet normal 0 -0.478001 0.878359
    outer loop
      vertex 18.7119 20.7718 3.52837
      vertex 17.2789 20.7718 3.52837
      vertex 17.2789 19.9415 3.07654
    endloop
  endfacet
  facet normal 0.436962 -0.89948 0.000404753
    outer loop
      vertex 17.2789 19.9415 2.40892
      vertex 16.5147 19.5702 2.40892
      vertex 16.5146 19.5701 2.04522
    endloop
  endfacet
  facet normal 0.436887 -0.899516 0.00059907
    outer loop
      vertex 16.5146 19.5701 2.04522
      vertex 17.2789 19.9413 2.04522
      vertex 17.2789 19.9415 2.40892
    endloop
  endfacet
  facet normal 0.371769 0.928325 -0.000532215
    outer loop
      vertex 16.5151 22.3601 1.01277
      vertex 16.5151 22.3602 1.07734
      vertex 17.2795 22.0541 1.07734
    endloop
  endfacet
  facet normal 0.371769 0.928325 -0.000532215
    outer loop
      vertex 17.2795 22.0541 1.07734
      vertex 17.2795 22.054 1.01277
      vertex 16.5151 22.3601 1.01277
    endloop
  endfacet
  facet normal 0 1 -0.000367799
    outer loop
      vertex 17.2802 22.0544 2.04522
      vertex 17.2814 22.055 3.52837
      vertex 19.0268 22.055 3.52837
    endloop
  endfacet
  facet normal 0 1 -0.000367799
    outer loop
      vertex 19.0268 22.055 3.52837
      vertex 19.0178 22.0544 2.04522
      vertex 17.5582 22.0544 2.04522
    endloop
  endfacet
  facet normal 0 1 -0.000367799
    outer loop
      vertex 19.0268 22.055 3.52837
      vertex 17.5582 22.0544 2.04522
      vertex 17.2802 22.0544 2.04522
    endloop
  endfacet
  facet normal -0.971192 0.23829 -0.00200664
    outer loop
      vertex 19.0268 22.055 3.52837
      vertex 20.0504 26.2268 3.52837
      vertex 20.0513 26.2268 3.07791
    endloop
  endfacet
  facet normal -0.970091 0.242739 -0.00147739
    outer loop
      vertex 19.6008 24.3904 3.07791
      vertex 19.6022 24.3899 2.04522
      vertex 19.3645 23.4399 2.04522
    endloop
  endfacet
  facet normal -0.971196 0.238271 -0.00219085
    outer loop
      vertex 19.0268 22.055 3.52837
      vertex 20.0513 26.2268 3.07791
      vertex 19.6008 24.3904 3.07791
    endloop
  endfacet
  facet normal -0.970079 0.242722 0.0057554
    outer loop
      vertex 19.3645 23.4399 2.04522
      vertex 19.0178 22.0544 2.04522
      vertex 19.0268 22.055 3.52837
    endloop
  endfacet
  facet normal -0.971004 0.239056 0.00212142
    outer loop
      vertex 19.0268 22.055 3.52837
      vertex 19.6008 24.3904 3.07791
      vertex 19.3645 23.4399 2.04522
    endloop
  endfacet
  facet normal -0.999998 0.000490669 -0.00215458
    outer loop
      vertex 20.0504 26.2268 3.52837
      vertex 20.0525 30.596 3.52837
      vertex 20.0535 30.5966 3.07791
    endloop
  endfacet
  facet normal -0.999998 0.000499773 -0.00206626
    outer loop
      vertex 20.0535 30.5966 3.07791
      vertex 20.0513 26.2268 3.07791
      vertex 20.0504 26.2268 3.52837
    endloop
  endfacet
  facet normal -0.668805 -0.743437 0.00120067
    outer loop
      vertex 20.0525 30.596 3.52837
      vertex 19.5105 31.0836 3.52837
      vertex 19.5097 31.0836 3.07791
    endloop
  endfacet
  facet normal -0.667174 -0.744899 -0.00234625
    outer loop
      vertex 19.5097 31.0836 3.07791
      vertex 20.0535 30.5966 3.07791
      vertex 20.0525 30.596 3.52837
    endloop
  endfacet
  facet normal -0.999998 0.00112865 0.00186081
    outer loop
      vertex 19.506 31.0836 1.01277
      vertex 19.5061 31.0836 1.07734
      vertex 19.5067 31.5855 1.07734
    endloop
  endfacet
  facet normal -0.999996 0.00104504 0.00251061
    outer loop
      vertex 19.5067 31.5855 1.07734
      vertex 19.5065 31.5855 1.01277
      vertex 19.506 31.0836 1.01277
    endloop
  endfacet
  facet normal 0 1 -0.000324904
    outer loop
      vertex 16.5151 22.3601 1.01277
      vertex 14.4129 22.3601 1.01277
      vertex 14.4129 22.3602 1.07734
    endloop
  endfacet
  facet normal 0 0 0
    outer loop
      vertex 14.4129 22.3602 1.07734
      vertex 15.0061 22.3602 1.07734
      vertex 15.7844 22.3602 1.07734
    endloop
  endfacet
  facet normal 0 1 -0.000324904
    outer loop
      vertex 15.7844 22.3602 1.07734
      vertex 16.5151 22.3602 1.07734
      vertex 16.5151 22.3601 1.01277
    endloop
  endfacet
  facet normal 0 1 -0.000324904
    outer loop
      vertex 14.4129 22.3602 1.07734
      vertex 15.7844 22.3602 1.07734
      vertex 16.5151 22.3601 1.01277
    endloop
  endfacet
  facet normal 0.580478 -0.00109754 0.814275
    outer loop
      vertex 17.2789 20.7718 3.52837
      vertex 17.2814 22.055 3.52837
      vertex 16.5164 22.3611 4.07408
    endloop
  endfacet
  facet normal 0.581095 -0.000650656 0.813835
    outer loop
      vertex 16.5164 22.3611 4.07408
      vertex 16.5147 20.7718 4.07408
      vertex 17.2789 20.7718 3.52837
    endloop
  endfacet
  facet normal 0 -0.638766 0.769401
    outer loop
      vertex 14.4129 19.5702 3.07654
      vertex 16.5147 19.5702 3.07654
      vertex 16.5147 20.7718 4.07408
    endloop
  endfacet
  facet normal 0 -0.638766 0.769401
    outer loop
      vertex 16.5147 20.7718 4.07408
      vertex 14.4129 20.7718 4.07408
      vertex 14.4129 19.5702 3.07654
    endloop
  endfacet
  facet normal 0 -1 0
    outer loop
      vertex 14.4129 19.5702 2.40892
      vertex 16.5147 19.5702 2.40892
      vertex 16.5147 19.5702 3.07654
    endloop
  endfacet
  facet normal 0 -1 0
    outer loop
      vertex 16.5147 19.5702 3.07654
      vertex 14.4129 19.5702 3.07654
      vertex 14.4129 19.5702 2.40892
    endloop
  endfacet
  facet normal 0 -1 0.000503456
    outer loop
      vertex 16.5146 19.5701 2.04522
      vertex 16.5147 19.5702 2.40892
      vertex 14.4129 19.5702 2.40892
    endloop
  endfacet
  facet normal -0.000316686 -1 0
    outer loop
      vertex 14.4129 19.5702 2.40892
      vertex 14.4129 19.5702 2.04522
      vertex 14.9911 19.5701 2.04522
    endloop
  endfacet
  facet normal 0 0 0
    outer loop
      vertex 14.9911 19.5701 2.04522
      vertex 16.2325 19.5701 2.04522
      vertex 16.5146 19.5701 2.04522
    endloop
  endfacet
  facet normal 0 -1 0.000503456
    outer loop
      vertex 14.4129 19.5702 2.40892
      vertex 14.9911 19.5701 2.04522
      vertex 16.5146 19.5701 2.04522
    endloop
  endfacet
  facet normal 0 0 1
    outer loop
      vertex 23.3615 21.42 1.01277
      vertex 23.3615 19.9415 1.01277
      vertex 23.7288 20.1922 1.01277
    endloop
  endfacet
  facet normal 0 0 1
    outer loop
      vertex 23.7288 20.1922 1.01277
      vertex 23.7288 21.4881 1.01277
      vertex 23.3615 21.42 1.01277
    endloop
  endfacet
  facet normal 0.937612 -0.347683 0
    outer loop
      vertex 24.0614 31.0594 1.01277
      vertex 23.7288 30.1624 1.01277
      vertex 23.7288 30.1624 0
    endloop
  endfacet
  facet normal 0.937612 -0.347683 0
    outer loop
      vertex 23.7288 30.1624 0
      vertex 24.0614 31.0594 0
      vertex 24.0614 31.0594 1.01277
    endloop
  endfacet
  facet normal -1 0 0
    outer loop
      vertex 20.3198 12.4867 0
      vertex 20.3198 12.4867 1.01277
      vertex 20.3198 12.9901 1.01277
    endloop
  endfacet
  facet normal -1 0 0
    outer loop
      vertex 20.3198 12.4867 0
      vertex 20.3198 12.9901 1.01277
      vertex 20.3198 12.9901 0.830595
    endloop
  endfacet
  facet normal -1 0 0
    outer loop
      vertex 20.3198 18.3367 1.01277
      vertex 20.3198 18.3367 0
      vertex 20.3198 12.4867 0
    endloop
  endfacet
  facet normal -1 0 0
    outer loop
      vertex 20.3198 16.9043 0.830595
      vertex 20.3198 16.9043 1.01277
      vertex 20.3198 18.3367 1.01277
    endloop
  endfacet
  facet normal -1 0 0
    outer loop
      vertex 20.3198 14.0608 1.01277
      vertex 20.3198 15.8337 1.01277
      vertex 20.3198 15.8337 0.830595
    endloop
  endfacet
  facet normal -1 0 0
    outer loop
      vertex 20.3198 16.9043 0.830595
      vertex 20.3198 18.3367 1.01277
      vertex 20.3198 12.4867 0
    endloop
  endfacet
  facet normal -1 0 0
    outer loop
      vertex 20.3198 14.0608 0.830595
      vertex 20.3198 14.0608 1.01277
      vertex 20.3198 15.8337 0.830595
    endloop
  endfacet
  facet normal -1 0 0
    outer loop
      vertex 20.3198 15.8337 0.830595
      vertex 20.3198 16.9043 0.830595
      vertex 20.3198 12.4867 0
    endloop
  endfacet
  facet normal -1 0 0
    outer loop
      vertex 20.3198 12.4867 0
      vertex 20.3198 12.9901 0.830595
      vertex 20.3198 14.0608 0.830595
    endloop
  endfacet
  facet normal -1 0 0
    outer loop
      vertex 20.3198 14.0608 0.830595
      vertex 20.3198 15.8337 0.830595
      vertex 20.3198 12.4867 0
    endloop
  endfacet
  facet normal -0.000377815 -1 0
    outer loop
      vertex 19.981 19.6684 1.01277
      vertex 18.9108 19.6688 1.01277
      vertex 18.9108 19.6688 0
    endloop
  endfacet
  facet normal -0.000377815 -1 0
    outer loop
      vertex 18.9108 19.6688 0
      vertex 19.981 19.6684 0
      vertex 19.981 19.6684 1.01277
    endloop
  endfacet
  facet normal -0.635544 -0.772064 0
    outer loop
      vertex 20.2322 30.607 1.01277
      vertex 19.6826 31.0594 1.01277
      vertex 19.6826 31.0594 0
    endloop
  endfacet
  facet normal -0.635544 -0.772064 0
    outer loop
      vertex 19.6826 31.0594 0
      vertex 20.2322 30.607 0
      vertex 20.2322 30.607 1.01277
    endloop
  endfacet
  facet normal 1 0 0
    outer loop
      vertex 23.7288 12.3834 1.01277
      vertex 23.7288 11.4956 1.01277
      vertex 23.7288 11.4956 0
    endloop
  endfacet
  facet normal 1 0 0
    outer loop
      vertex 23.7288 11.4956 0
      vertex 23.7288 12.3834 0
      vertex 23.7288 12.3834 1.01277
    endloop
  endfacet
  facet normal -1 0.000920777 0
    outer loop
      vertex 19.6826 31.0594 1.01277
      vertex 19.683 31.5855 1.01277
      vertex 19.683 31.5855 0
    endloop
  endfacet
  facet normal -1 0.000920777 0
    outer loop
      vertex 19.683 31.5855 0
      vertex 19.6826 31.0594 0
      vertex 19.6826 31.0594 1.01277
    endloop
  endfacet
  facet normal 1 0 0
    outer loop
      vertex 23.7288 20.1906 1.01277
      vertex 23.7288 18.8697 1.01277
      vertex 23.7288 18.8697 0
    endloop
  endfacet
  facet normal 1 0 0
    outer loop
      vertex 23.7288 18.8697 0
      vertex 23.7288 20.1906 0
      vertex 23.7288 20.1906 1.01277
    endloop
  endfacet
  facet normal -0.963126 0.269049 0
    outer loop
      vertex 19.1734 21.918 1.01277
      vertex 20.2303 25.7012 1.01277
      vertex 20.2303 25.7012 0
    endloop
  endfacet
  facet normal -0.963126 0.269049 0
    outer loop
      vertex 20.2303 25.7012 0
      vertex 19.1734 21.918 0
      vertex 19.1734 21.918 1.01277
    endloop
  endfacet
  facet normal 0.949222 -0.314608 0
    outer loop
      vertex 23.7288 11.4956 1.01277
      vertex 23.4967 10.7955 1.01277
      vertex 23.4967 10.7955 0
    endloop
  endfacet
  facet normal 0.949222 -0.314608 0
    outer loop
      vertex 23.4967 10.7955 0
      vertex 23.7288 11.4956 0
      vertex 23.7288 11.4956 1.01277
    endloop
  endfacet
  facet normal 1 0 0
    outer loop
      vertex 24.0614 31.5855 1.01277
      vertex 24.0614 31.0594 1.01277
      vertex 24.0614 31.0594 0
    endloop
  endfacet
  facet normal 1 0 0
    outer loop
      vertex 24.0614 31.0594 0
      vertex 24.0614 31.5855 0
      vertex 24.0614 31.5855 1.01277
    endloop
  endfacet
  facet normal -0.70476 0.709446 0
    outer loop
      vertex 19.325 11.4984 1.01277
      vertex 20.3198 12.4867 1.01277
      vertex 20.3198 12.4867 0
    endloop
  endfacet
  facet normal -0.705765 0.708443 -0.00196597
    outer loop
      vertex 20.3198 12.4867 0
      vertex 19.325 11.4956 0
      vertex 19.325 11.4984 1.01277
    endloop
  endfacet
  facet normal 1 0 0
    outer loop
      vertex 23.7288 25.7012 1.01277
      vertex 23.7288 21.4881 1.01277
      vertex 23.7288 21.4881 0
    endloop
  endfacet
  facet normal 1 0 0
    outer loop
      vertex 23.7288 21.4881 0
      vertex 23.7288 25.7012 0
      vertex 23.7288 25.7012 1.01277
    endloop
  endfacet
  facet normal 1 0 0
    outer loop
      vertex 23.7288 20.1922 1.01277
      vertex 23.7288 20.1906 1.01277
      vertex 23.7288 20.1906 0
    endloop
  endfacet
  facet normal 1 0 0
    outer loop
      vertex 23.7288 20.1906 0
      vertex 23.7288 20.1922 0
      vertex 23.7288 20.1922 1.01277
    endloop
  endfacet
  facet normal 1 0 0
    outer loop
      vertex 23.7288 18.3367 1.01277
      vertex 23.7288 12.3834 1.01277
      vertex 23.7288 12.3834 0
    endloop
  endfacet
  facet normal 1 0 0
    outer loop
      vertex 23.7288 12.3834 0
      vertex 23.7288 18.3367 0
      vertex 23.7288 18.3367 1.01277
    endloop
  endfacet
  facet normal -1 0 0
    outer loop
      vertex 19.325 10.7956 1.01277
      vertex 19.325 11.4984 1.01277
      vertex 19.325 11.4956 0
    endloop
  endfacet
  facet normal -1 0 0
    outer loop
      vertex 19.325 11.4956 0
      vertex 19.325 10.7955 0
      vertex 19.325 10.7956 1.01277
    endloop
  endfacet
  facet normal -0.000245086 -1 0
    outer loop
      vertex 18.9108 19.6688 1.01277
      vertex 17.2609 19.6692 1.01277
      vertex 17.2609 19.6692 0
    endloop
  endfacet
  facet normal -0.000245086 -1 0
    outer loop
      vertex 17.2609 19.6692 0
      vertex 18.9108 19.6688 0
      vertex 18.9108 19.6688 1.01277
    endloop
  endfacet
  facet normal -0.843948 -0.536425 0
    outer loop
      vertex 20.3198 18.3367 1.01277
      vertex 19.981 18.8697 1.01277
      vertex 19.981 18.8697 0
    endloop
  endfacet
  facet normal -0.843948 -0.536425 0
    outer loop
      vertex 19.981 18.8697 0
      vertex 20.3198 18.3367 0
      vertex 20.3198 18.3367 1.01277
    endloop
  endfacet
  facet normal 0 0 1
    outer loop
      vertex 20.1449 18.8238 1.01277
      vertex 20.1449 19.9397 1.01277
      vertex 19.981 19.6684 1.01277
    endloop
  endfacet
  facet normal 0 0 1
    outer loop
      vertex 19.981 19.6684 1.01277
      vertex 19.981 18.8697 1.01277
      vertex 20.1449 18.8238 1.01277
    endloop
  endfacet
  facet normal 0 0 1
    outer loop
      vertex 23.3615 19.9415 1.01277
      vertex 23.3615 19.9397 1.01277
      vertex 23.7288 20.1906 1.01277
    endloop
  endfacet
  facet normal 0 0 1
    outer loop
      vertex 23.7288 20.1906 1.01277
      vertex 23.7288 20.1922 1.01277
      vertex 23.3615 19.9415 1.01277
    endloop
  endfacet
  facet normal 0 0 1
    outer loop
      vertex 23.3615 18.8238 1.01277
      vertex 23.3615 18.2156 1.01277
      vertex 23.7288 18.3367 1.01277
    endloop
  endfacet
  facet normal 0 0 1
    outer loop
      vertex 23.7288 18.3367 1.01277
      vertex 23.7288 18.8697 1.01277
      vertex 23.3615 18.8238 1.01277
    endloop
  endfacet
  facet normal 0 0 1
    outer loop
      vertex 17.2789 19.9406 1.01277
      vertex 16.5145 19.5696 1.01277
      vertex 16.591 19.344 1.01277
    endloop
  endfacet
  facet normal 0 0 1
    outer loop
      vertex 16.591 19.344 1.01277
      vertex 17.2609 19.6692 1.01277
      vertex 17.2789 19.9406 1.01277
    endloop
  endfacet
  facet normal 0 0 1
    outer loop
      vertex 23.3615 26.2268 1.01277
      vertex 23.3615 21.42 1.01277
      vertex 23.7288 21.4881 1.01277
    endloop
  endfacet
  facet normal 0 0 1
    outer loop
      vertex 23.7288 21.4881 1.01277
      vertex 23.7288 25.7012 1.01277
      vertex 23.3615 26.2268 1.01277
    endloop
  endfacet
  facet normal 0 0 1
    outer loop
      vertex 19.5118 11.5103 1.01277
      vertex 20.5314 12.5203 1.01277
      vertex 20.3198 12.4867 1.01277
    endloop
  endfacet
  facet normal 0 0 1
    outer loop
      vertex 20.3198 12.4867 1.01277
      vertex 19.325 11.4984 1.01277
      vertex 19.5118 11.5103 1.01277
    endloop
  endfacet
  facet normal 0 0 1
    outer loop
      vertex 18.7119 19.9401 1.01277
      vertex 17.2789 19.9406 1.01277
      vertex 17.2609 19.6692 1.01277
    endloop
  endfacet
  facet normal 0 0 1
    outer loop
      vertex 17.2609 19.6692 1.01277
      vertex 18.9108 19.6688 1.01277
      vertex 18.7119 19.9401 1.01277
    endloop
  endfacet
  facet normal 0 0 -1
    outer loop
      vertex 17.2795 22.054 1.01277
      vertex 19.0116 22.054 1.01277
      vertex 19.1734 21.918 1.01277
    endloop
  endfacet
  facet normal 0 0 -1
    outer loop
      vertex 19.1734 21.918 1.01277
      vertex 17.2614 21.918 1.01277
      vertex 17.2795 22.054 1.01277
    endloop
  endfacet
  facet normal 0 0 1
    outer loop
      vertex 21.844 31.0836 1.01277
      vertex 23.3615 30.1715 1.01277
      vertex 23.7288 30.1624 1.01277
    endloop
  endfacet
  facet normal 0 0 1
    outer loop
      vertex 23.7288 30.1624 1.01277
      vertex 24.0614 31.0594 1.01277
      vertex 21.844 31.0836 1.01277
    endloop
  endfacet
  facet normal 0 -1 1.97747e-05
    outer loop
      vertex 19.5117 10.7955 0
      vertex 23.2227 10.7955 0
      vertex 23.2226 10.7955 1.01277
    endloop
  endfacet
  facet normal -1.10509e-05 -1 6.02666e-05
    outer loop
      vertex 23.2226 10.7955 1.01277
      vertex 19.5118 10.7955 1.01277
      vertex 19.5117 10.7955 0
    endloop
  endfacet
  facet normal 0 0 1
    outer loop
      vertex 21.844 31.5855 1.01277
      vertex 21.844 31.0836 1.01277
      vertex 24.0614 31.0594 1.01277
    endloop
  endfacet
  facet normal 0 0 1
    outer loop
      vertex 24.0614 31.0594 1.01277
      vertex 24.0614 31.5855 1.01277
      vertex 21.844 31.5855 1.01277
    endloop
  endfacet
  facet normal 0 0 1
    outer loop
      vertex 16.5145 19.5696 1.01277
      vertex 14.4129 19.5702 1.01277
      vertex 14.4129 19.3446 1.01277
    endloop
  endfacet
  facet normal 0 0 1
    outer loop
      vertex 14.4129 19.3446 1.01277
      vertex 16.591 19.344 1.01277
      vertex 16.5145 19.5696 1.01277
    endloop
  endfacet
  facet normal 0 0 -1
    outer loop
      vertex 19.325 10.7955 0
      vertex 19.325 11.4956 0
      vertex 23.7288 11.4956 0
    endloop
  endfacet
  facet normal 0 0 -1
    outer loop
      vertex 23.7288 11.4956 0
      vertex 23.4967 10.7955 0
      vertex 23.2227 10.7955 0
    endloop
  endfacet
  facet normal 0 0 -1
    outer loop
      vertex 19.5117 10.7955 0
      vertex 19.325 10.7955 0
      vertex 23.7288 11.4956 0
    endloop
  endfacet
  facet normal 0 0 -1
    outer loop
      vertex 23.7288 11.4956 0
      vertex 23.2227 10.7955 0
      vertex 19.5117 10.7955 0
    endloop
  endfacet
  facet normal 0 0 -1
    outer loop
      vertex 20.2322 30.607 0
      vertex 20.4573 30.607 0
      vertex 20.4548 25.7012 0
    endloop
  endfacet
  facet normal 0 0 -1
    outer loop
      vertex 20.4548 25.7012 0
      vertex 20.2303 25.7012 0
      vertex 20.2322 30.607 0
    endloop
  endfacet
  facet normal 0 0 -1
    outer loop
      vertex 17.2609 19.6692 0
      vertex 16.591 19.344 0
      vertex 16.5914 21.918 0
    endloop
  endfacet
  facet normal 0 0 -1
    outer loop
      vertex 16.5914 21.918 0
      vertex 17.2614 21.918 0
      vertex 17.2609 19.6692 0
    endloop
  endfacet
  facet normal 0 0 -1
    outer loop
      vertex 20.3233 31.5855 0
      vertex 20.323 31.0594 0
      vertex 19.6826 31.0594 0
    endloop
  endfacet
  facet normal 0 0 -1
    outer loop
      vertex 19.6826 31.0594 0
      vertex 19.683 31.5855 0
      vertex 20.3233 31.5855 0
    endloop
  endfacet
  facet normal 0 0 -1
    outer loop
      vertex 19.6826 31.0594 0
      vertex 20.323 31.0594 0
      vertex 20.4573 30.607 0
    endloop
  endfacet
  facet normal 0 0 -1
    outer loop
      vertex 20.4573 30.607 0
      vertex 20.2322 30.607 0
      vertex 19.6826 31.0594 0
    endloop
  endfacet
  facet normal 0 0 -1
    outer loop
      vertex 19.981 19.6684 0
      vertex 23.7288 20.1906 0
      vertex 23.7288 18.8697 0
    endloop
  endfacet
  facet normal 0 0 -1
    outer loop
      vertex 23.7288 18.8697 0
      vertex 19.981 18.8697 0
      vertex 19.981 19.6684 0
    endloop
  endfacet
  facet normal 0 0 -1
    outer loop
      vertex 19.981 18.8697 0
      vertex 23.7288 18.8697 0
      vertex 23.7288 18.3367 0
    endloop
  endfacet
  facet normal 0 0 -1
    outer loop
      vertex 23.7288 18.3367 0
      vertex 20.3198 18.3367 0
      vertex 19.981 18.8697 0
    endloop
  endfacet
  facet normal 0 0 -1
    outer loop
      vertex 20.3198 12.4867 0
      vertex 23.7288 12.3834 0
      vertex 23.7288 11.4956 0
    endloop
  endfacet
  facet normal 0 0 -1
    outer loop
      vertex 23.7288 11.4956 0
      vertex 19.325 11.4956 0
      vertex 20.3198 12.4867 0
    endloop
  endfacet
  facet normal 0 0 -1
    outer loop
      vertex 20.3198 18.3367 0
      vertex 23.7288 18.3367 0
      vertex 23.7288 12.3834 0
    endloop
  endfacet
  facet normal 0 0 -1
    outer loop
      vertex 23.7288 12.3834 0
      vertex 20.3198 12.4867 0
      vertex 20.3198 18.3367 0
    endloop
  endfacet
  facet normal 0 0 -1
    outer loop
      vertex 20.3099 21.918 0
      vertex 20.4548 25.7012 0
      vertex 23.7288 25.7012 0
    endloop
  endfacet
  facet normal 0 0 -1
    outer loop
      vertex 23.7288 25.7012 0
      vertex 23.7288 21.4881 0
      vertex 20.3099 21.918 0
    endloop
  endfacet
  facet normal 0 0 -1
    outer loop
      vertex 20.4573 30.607 0
      vertex 20.323 31.0594 0
      vertex 24.0614 31.0594 0
    endloop
  endfacet
  facet normal 0 0 -1
    outer loop
      vertex 24.0614 31.0594 0
      vertex 23.7288 30.1624 0
      vertex 20.4573 30.607 0
    endloop
  endfacet
  facet normal 0 0 -1
    outer loop
      vertex 20.323 31.0594 0
      vertex 20.3233 31.5855 0
      vertex 24.0614 31.5855 0
    endloop
  endfacet
  facet normal 0 0 -1
    outer loop
      vertex 24.0614 31.5855 0
      vertex 24.0614 31.0594 0
      vertex 20.323 31.0594 0
    endloop
  endfacet
  facet normal 0 0 -1
    outer loop
      vertex 19.981 19.6684 0
      vertex 20.309 20.0664 0
      vertex 23.7288 20.1922 0
    endloop
  endfacet
  facet normal 0 0 -1
    outer loop
      vertex 23.7288 20.1922 0
      vertex 23.7288 20.1906 0
      vertex 19.981 19.6684 0
    endloop
  endfacet
  facet normal 0 0 -1
    outer loop
      vertex 20.4548 25.7012 0
      vertex 20.4573 30.607 0
      vertex 23.7288 30.1624 0
    endloop
  endfacet
  facet normal 0 0 -1
    outer loop
      vertex 23.7288 30.1624 0
      vertex 23.7288 25.7012 0
      vertex 20.4548 25.7012 0
    endloop
  endfacet
  facet normal 0 0 -1
    outer loop
      vertex 16.5914 21.918 0
      vertex 16.591 19.344 0
      vertex 14.4129 19.3446 0
    endloop
  endfacet
  facet normal 0 0 -1
    outer loop
      vertex 14.4129 19.3446 0
      vertex 14.4129 21.918 0
      vertex 16.5914 21.918 0
    endloop
  endfacet
  facet normal 0 0 -1
    outer loop
      vertex 20.309 20.0664 0
      vertex 20.3099 21.918 0
      vertex 23.7288 21.4881 0
    endloop
  endfacet
  facet normal 0 0 -1
    outer loop
      vertex 23.7288 21.4881 0
      vertex 23.7288 20.1922 0
      vertex 20.309 20.0664 0
    endloop
  endfacet
  facet normal 0 0 -1
    outer loop
      vertex 20.2303 25.7012 0
      vertex 20.4548 25.7012 0
      vertex 20.3099 21.918 0
    endloop
  endfacet
  facet normal 0 0 -1
    outer loop
      vertex 20.3099 21.918 0
      vertex 19.1734 21.918 0
      vertex 20.2303 25.7012 0
    endloop
  endfacet
  facet normal 0 0 -1
    outer loop
      vertex 19.1734 21.918 0
      vertex 18.9108 19.6688 0
      vertex 17.2609 19.6692 0
    endloop
  endfacet
  facet normal 0 0 -1
    outer loop
      vertex 17.2609 19.6692 0
      vertex 17.2614 21.918 0
      vertex 19.1734 21.918 0
    endloop
  endfacet
  facet normal 0 0 -1
    outer loop
      vertex 18.9108 19.6688 0
      vertex 19.1734 21.918 0
      vertex 20.3099 21.918 0
    endloop
  endfacet
  facet normal 0 0 -1
    outer loop
      vertex 20.3099 21.918 0
      vertex 20.309 20.0664 0
      vertex 19.981 19.6684 0
    endloop
  endfacet
  facet normal 0 0 -1
    outer loop
      vertex 20.3099 21.918 0
      vertex 19.981 19.6684 0
      vertex 18.9108 19.6688 0
    endloop
  endfacet
  facet normal 0.436714 -0.8996 0
    outer loop
      vertex 17.2609 19.6692 1.01277
      vertex 16.591 19.344 1.01277
      vertex 16.591 19.344 0
    endloop
  endfacet
  facet normal 0.436714 -0.8996 0
    outer loop
      vertex 16.591 19.344 0
      vertex 17.2609 19.6692 0
      vertex 17.2609 19.6692 1.01277
    endloop
  endfacet
  facet normal -1 0.000387241 0
    outer loop
      vertex 20.2303 25.7012 1.01277
      vertex 20.2322 30.607 1.01277
      vertex 20.2322 30.607 0
    endloop
  endfacet
  facet normal -1 0.000387241 0
    outer loop
      vertex 20.2322 30.607 0
      vertex 20.2303 25.7012 0
      vertex 20.2303 25.7012 1.01277
    endloop
  endfacet
  facet normal 1 0 0
    outer loop
      vertex 23.7288 21.4881 1.01277
      vertex 23.7288 20.1922 1.01277
      vertex 23.7288 20.1922 0
    endloop
  endfacet
  facet normal 1 0 0
    outer loop
      vertex 23.7288 20.1922 0
      vertex 23.7288 21.4881 0
      vertex 23.7288 21.4881 1.01277
    endloop
  endfacet
  facet normal 0 1 0
    outer loop
      vertex 16.5914 21.918 1.01277
      vertex 17.2614 21.918 1.01277
      vertex 17.2614 21.918 0
    endloop
  endfacet
  facet normal 0 1 0
    outer loop
      vertex 17.2614 21.918 0
      vertex 16.5914 21.918 0
      vertex 16.5914 21.918 1.01277
    endloop
  endfacet
  facet normal 1 0 0
    outer loop
      vertex 23.7288 30.1624 1.01277
      vertex 23.7288 25.7012 1.01277
      vertex 23.7288 25.7012 0
    endloop
  endfacet
  facet normal 1 0 0
    outer loop
      vertex 23.7288 25.7012 0
      vertex 23.7288 30.1624 0
      vertex 23.7288 30.1624 1.01277
    endloop
  endfacet
  facet normal -1 0 0
    outer loop
      vertex 19.981 18.8697 1.01277
      vertex 19.981 19.6684 1.01277
      vertex 19.981 19.6684 0
    endloop
  endfacet
  facet normal -1 0 0
    outer loop
      vertex 19.981 19.6684 0
      vertex 19.981 18.8697 0
      vertex 19.981 18.8697 1.01277
    endloop
  endfacet
  facet normal 0 1 0
    outer loop
      vertex 14.4129 21.918 1.01277
      vertex 16.5914 21.918 1.01277
      vertex 16.5914 21.918 0
    endloop
  endfacet
  facet normal 0 1 0
    outer loop
      vertex 16.5914 21.918 0
      vertex 14.4129 21.918 0
      vertex 14.4129 21.918 1.01277
    endloop
  endfacet
  facet normal -0.000278474 -1 0
    outer loop
      vertex 16.591 19.344 1.01277
      vertex 14.4129 19.3446 1.01277
      vertex 14.4129 19.3446 0
    endloop
  endfacet
  facet normal -0.000278474 -1 0
    outer loop
      vertex 14.4129 19.3446 0
      vertex 16.591 19.344 0
      vertex 16.591 19.344 1.01277
    endloop
  endfacet
  facet normal 1 0 0
    outer loop
      vertex 23.7288 18.8697 1.01277
      vertex 23.7288 18.3367 1.01277
      vertex 23.7288 18.3367 0
    endloop
  endfacet
  facet normal 1 0 0
    outer loop
      vertex 23.7288 18.3367 0
      vertex 23.7288 18.8697 0
      vertex 23.7288 18.8697 1.01277
    endloop
  endfacet
  facet normal -7.30618e-05 -1 1.97718e-05
    outer loop
      vertex 23.4967 10.7955 1.01277
      vertex 23.2226 10.7955 1.01277
      vertex 23.2227 10.7955 0
    endloop
  endfacet
  facet normal 0 -1 0
    outer loop
      vertex 23.2227 10.7955 0
      vertex 23.4967 10.7955 0
      vertex 23.4967 10.7955 1.01277
    endloop
  endfacet
  facet normal 0 1 0
    outer loop
      vertex 17.2614 21.918 1.01277
      vertex 19.1734 21.918 1.01277
      vertex 19.1734 21.918 0
    endloop
  endfacet
  facet normal 0 1 0
    outer loop
      vertex 19.1734 21.918 0
      vertex 17.2614 21.918 0
      vertex 17.2614 21.918 1.01277
    endloop
  endfacet
  facet normal -0.000366019 -1 0
    outer loop
      vertex 20.1449 19.9397 1.01277
      vertex 20.1449 19.9397 1.07734
      vertex 18.7119 19.9402 1.07734
    endloop
  endfacet
  facet normal -0.000323427 -1 0.000945176
    outer loop
      vertex 18.7119 19.9402 1.07734
      vertex 18.7119 19.9401 1.01277
      vertex 20.1449 19.9397 1.01277
    endloop
  endfacet
  facet normal 0.558003 0 0.829839
    outer loop
      vertex 23.3615 18.1759 1.10571
      vertex 23.3615 18.7227 1.10571
      vertex 22.9795 18.4264 1.3626
    endloop
  endfacet
  facet normal 0.558003 0 0.829839
    outer loop
      vertex 22.9795 18.4264 1.3626
      vertex 22.9795 17.9361 1.3626
      vertex 23.3615 18.1759 1.10571
    endloop
  endfacet
  facet normal 0.590398 0 -0.807113
    outer loop
      vertex 23.3615 18.7227 2.18391
      vertex 23.3615 18.1759 2.18391
      vertex 22.9795 17.9361 1.90445
    endloop
  endfacet
  facet normal 0.590398 0 -0.807113
    outer loop
      vertex 22.9795 17.9361 1.90445
      vertex 22.9795 18.4264 1.90445
      vertex 23.3615 18.7227 2.18391
    endloop
  endfacet
  facet normal 1 0 0
    outer loop
      vertex 23.3615 18.8238 2.6263
      vertex 23.3615 18.2156 2.6263
      vertex 23.3615 18.1759 2.18391
    endloop
  endfacet
  facet normal 1 0 0
    outer loop
      vertex 23.3615 18.1759 2.18391
      vertex 23.3615 18.7227 2.18391
      vertex 23.3615 18.8238 2.6263
    endloop
  endfacet
  facet normal 1 0 0
    outer loop
      vertex 23.3615 12.5203 2.6263
      vertex 23.3615 12.5203 1.01277
      vertex 23.3615 13.0543 1.10571
    endloop
  endfacet
  facet normal 1 0 0
    outer loop
      vertex 23.3615 13.0543 1.10571
      vertex 23.3615 13.0543 2.18391
      vertex 23.3615 12.5203 2.6263
    endloop
  endfacet
  facet normal 1 0 0
    outer loop
      vertex 23.3615 12.5203 1.01277
      vertex 23.3615 18.2156 1.01277
      vertex 23.3615 18.1759 1.10571
    endloop
  endfacet
  facet normal 1 0 0
    outer loop
      vertex 23.3615 18.1759 1.10571
      vertex 23.3615 13.0543 1.10571
      vertex 23.3615 12.5203 1.01277
    endloop
  endfacet
  facet normal 1 0 0
    outer loop
      vertex 23.3615 18.8238 1.01277
      vertex 23.3615 18.8238 2.6263
      vertex 23.3615 18.7227 2.18391
    endloop
  endfacet
  facet normal 1 0 0
    outer loop
      vertex 23.3615 18.7227 2.18391
      vertex 23.3615 18.7227 1.10571
      vertex 23.3615 18.8238 1.01277
    endloop
  endfacet
  facet normal 1 0 0
    outer loop
      vertex 22.9795 18.4264 1.3626
      vertex 22.9795 18.4264 1.90445
      vertex 22.9795 17.9361 1.90445
    endloop
  endfacet
  facet normal 1 0 0
    outer loop
      vertex 22.9795 17.9361 1.90445
      vertex 22.9795 17.9361 1.3626
      vertex 22.9795 18.4264 1.3626
    endloop
  endfacet
  facet normal 1 0 0
    outer loop
      vertex 22.9795 17.9361 1.3626
      vertex 22.9795 17.9361 1.90445
      vertex 22.9795 13.3447 1.90445
    endloop
  endfacet
  facet normal 1 0 0
    outer loop
      vertex 22.9795 13.3447 1.90445
      vertex 22.9795 13.3447 1.3626
      vertex 22.9795 17.9361 1.3626
    endloop
  endfacet
  facet normal 0.590398 0 -0.807113
    outer loop
      vertex 23.3615 18.1759 2.18391
      vertex 23.3615 13.0543 2.18391
      vertex 22.9795 13.3447 1.90445
    endloop
  endfacet
  facet normal 0.590398 0 -0.807113
    outer loop
      vertex 22.9795 13.3447 1.90445
      vertex 22.9795 17.9361 1.90445
      vertex 23.3615 18.1759 2.18391
    endloop
  endfacet
  facet normal 0.558003 0 0.829839
    outer loop
      vertex 23.3615 13.0543 1.10571
      vertex 23.3615 18.1759 1.10571
      vertex 22.9795 17.9361 1.3626
    endloop
  endfacet
  facet normal 0.558003 0 0.829839
    outer loop
      vertex 22.9795 17.9361 1.3626
      vertex 22.9795 13.3447 1.3626
      vertex 23.3615 13.0543 1.10571
    endloop
  endfacet
  facet normal 0.612927 -0.79014 0
    outer loop
      vertex 23.3615 18.7227 1.10571
      vertex 23.3615 18.7227 2.18391
      vertex 22.9795 18.4264 1.90445
    endloop
  endfacet
  facet normal 0.612927 -0.79014 0
    outer loop
      vertex 22.9795 18.4264 1.90445
      vertex 22.9795 18.4264 1.3626
      vertex 23.3615 18.7227 1.10571
    endloop
  endfacet
  facet normal 0.605164 0.796101 0
    outer loop
      vertex 23.3615 13.0543 2.18391
      vertex 23.3615 13.0543 1.10571
      vertex 22.9795 13.3447 1.3626
    endloop
  endfacet
  facet normal 0.605164 0.796101 0
    outer loop
      vertex 22.9795 13.3447 1.3626
      vertex 22.9795 13.3447 1.90445
      vertex 23.3615 13.0543 2.18391
    endloop
  endfacet
  facet normal 0.577043 0 0.816713
    outer loop
      vertex 23.3615 25.5622 1.13149
      vertex 23.3615 28.1789 1.13149
      vertex 22.9771 27.9073 1.40313
    endloop
  endfacet
  facet normal 0.577043 0 0.816713
    outer loop
      vertex 22.9771 27.9073 1.40313
      vertex 22.9771 25.5438 1.40313
      vertex 23.3615 25.5622 1.13149
    endloop
  endfacet
  facet normal 0.577044 0 -0.816713
    outer loop
      vertex 23.3615 25.5622 2.20182
      vertex 23.3615 22.3736 2.20182
      vertex 22.9771 22.6637 1.93018
    endloop
  endfacet
  facet normal 0.577044 0 -0.816713
    outer loop
      vertex 22.9771 22.6637 1.93018
      vertex 22.9771 25.5438 1.93018
      vertex 23.3615 25.5622 2.20182
    endloop
  endfacet
  facet normal 1 0 0
    outer loop
      vertex 23.3615 26.2268 2.6263
      vertex 23.3615 21.42 2.6263
      vertex 23.3615 22.3736 2.20182
    endloop
  endfacet
  facet normal 1 0 0
    outer loop
      vertex 23.3615 22.3736 2.20182
      vertex 23.3615 25.5622 2.20182
      vertex 23.3615 26.2268 2.6263
    endloop
  endfacet
  facet normal 1 0 0
    outer loop
      vertex 23.3615 30.1715 2.6263
      vertex 23.3615 26.2268 2.6263
      vertex 23.3615 25.5622 2.20182
    endloop
  endfacet
  facet normal 1 0 0
    outer loop
      vertex 23.3615 25.5622 2.20182
      vertex 23.3615 28.1789 2.20182
      vertex 23.3615 30.1715 2.6263
    endloop
  endfacet
  facet normal 1 0 0
    outer loop
      vertex 23.3615 21.42 1.01277
      vertex 23.3615 26.2268 1.01277
      vertex 23.3615 25.5622 1.13149
    endloop
  endfacet
  facet normal 1 0 0
    outer loop
      vertex 23.3615 25.5622 1.13149
      vertex 23.3615 22.3736 1.13149
      vertex 23.3615 21.42 1.01277
    endloop
  endfacet
  facet normal 1 0 0
    outer loop
      vertex 23.3615 21.42 2.6263
      vertex 23.3615 21.42 1.01277
      vertex 23.3615 22.3736 1.13149
    endloop
  endfacet
  facet normal 1 0 0
    outer loop
      vertex 23.3615 22.3736 1.13149
      vertex 23.3615 22.3736 2.20182
      vertex 23.3615 21.42 2.6263
    endloop
  endfacet
  facet normal 1 0 0
    outer loop
      vertex 22.9771 27.9073 1.40313
      vertex 22.9771 27.9073 1.93018
      vertex 22.9771 25.5438 1.93018
    endloop
  endfacet
  facet normal 1 0 0
    outer loop
      vertex 22.9771 25.5438 1.93018
      vertex 22.9771 25.5438 1.40313
      vertex 22.9771 27.9073 1.40313
    endloop
  endfacet
  facet normal 1 0 0
    outer loop
      vertex 22.9771 25.5438 1.40313
      vertex 22.9771 25.5438 1.93018
      vertex 22.9771 22.6637 1.93018
    endloop
  endfacet
  facet normal 1 0 0
    outer loop
      vertex 22.9771 22.6637 1.93018
      vertex 22.9771 22.6637 1.40313
      vertex 22.9771 25.5438 1.40313
    endloop
  endfacet
  facet normal 0.577044 0 -0.816713
    outer loop
      vertex 23.3615 28.1789 2.20182
      vertex 23.3615 25.5622 2.20182
      vertex 22.9771 25.5438 1.93018
    endloop
  endfacet
  facet normal 0.577044 0 -0.816713
    outer loop
      vertex 22.9771 25.5438 1.93018
      vertex 22.9771 27.9073 1.93018
      vertex 23.3615 28.1789 2.20182
    endloop
  endfacet
  facet normal 0.602227 0.798325 0
    outer loop
      vertex 23.3615 22.3736 2.20182
      vertex 23.3615 22.3736 1.13149
      vertex 22.9771 22.6637 1.40313
    endloop
  endfacet
  facet normal 0.602227 0.798325 0
    outer loop
      vertex 22.9771 22.6637 1.40313
      vertex 22.9771 22.6637 1.93018
      vertex 23.3615 22.3736 2.20182
    endloop
  endfacet
  facet normal 0.57696 -0.816773 0
    outer loop
      vertex 23.3615 28.1789 1.13149
      vertex 23.3615 28.1789 2.20182
      vertex 22.9771 27.9073 1.93018
    endloop
  endfacet
  facet normal 0.57696 -0.816773 0
    outer loop
      vertex 22.9771 27.9073 1.93018
      vertex 22.9771 27.9073 1.40313
      vertex 23.3615 28.1789 1.13149
    endloop
  endfacet
  facet normal 0.577043 0 0.816713
    outer loop
      vertex 23.3615 22.3736 1.13149
      vertex 23.3615 25.5622 1.13149
      vertex 22.9771 25.5438 1.40313
    endloop
  endfacet
  facet normal 0.577043 0 0.816713
    outer loop
      vertex 22.9771 25.5438 1.40313
      vertex 22.9771 22.6637 1.40313
      vertex 23.3615 22.3736 1.13149
    endloop
  endfacet
  facet normal 0 -1 0
    outer loop
      vertex 20.9124 12.6241 2.6263
      vertex 22.8408 12.6241 2.6263
      vertex 22.4878 12.6241 3.1924
    endloop
  endfacet
  facet normal 0 -1 0
    outer loop
      vertex 22.4878 12.6241 3.1924
      vertex 20.9124 12.6241 3.1924
      vertex 20.9124 12.6241 2.6263
    endloop
  endfacet
  facet normal 0 1 0
    outer loop
      vertex 22.8408 19.1512 2.6263
      vertex 20.91 19.1512 2.6263
      vertex 20.91 19.1512 3.1924
    endloop
  endfacet
  facet normal 0 1 0
    outer loop
      vertex 20.91 19.1512 3.1924
      vertex 22.4878 19.1512 3.1924
      vertex 22.8408 19.1512 2.6263
    endloop
  endfacet
  facet normal -1 0 0
    outer loop
      vertex 20.91 19.1512 2.6263
      vertex 20.91 18.1695 2.6263
      vertex 20.91 18.1695 3.1924
    endloop
  endfacet
  facet normal -1 0 0
    outer loop
      vertex 20.91 18.1695 3.1924
      vertex 20.91 19.1512 3.1924
      vertex 20.91 19.1512 2.6263
    endloop
  endfacet
  facet normal 0 0 1
    outer loop
      vertex 20.1449 18.8238 2.6263
      vertex 20.5314 18.2156 2.6263
      vertex 20.9124 17.6345 2.6263
    endloop
  endfacet
  facet normal 0 0 1
    outer loop
      vertex 20.9124 17.6345 2.6263
      vertex 20.91 18.1695 2.6263
      vertex 20.1449 18.8238 2.6263
    endloop
  endfacet
  facet normal 0 0 1
    outer loop
      vertex 23.3615 12.5203 2.6263
      vertex 23.3615 18.2156 2.6263
      vertex 22.8408 17.6345 2.6263
    endloop
  endfacet
  facet normal 0 0 1
    outer loop
      vertex 22.8408 17.6345 2.6263
      vertex 22.8408 12.6241 2.6263
      vertex 23.3615 12.5203 2.6263
    endloop
  endfacet
  facet normal 0 0 1
    outer loop
      vertex 20.1449 19.9397 2.6263
      vertex 20.1449 18.8238 2.6263
      vertex 20.91 18.1695 2.6263
    endloop
  endfacet
  facet normal 0 0 1
    outer loop
      vertex 20.91 18.1695 2.6263
      vertex 20.91 19.1512 2.6263
      vertex 20.1449 19.9397 2.6263
    endloop
  endfacet
  facet normal 0 0 1
    outer loop
      vertex 20.5314 12.5203 2.6263
      vertex 23.3615 12.5203 2.6263
      vertex 22.8408 12.6241 2.6263
    endloop
  endfacet
  facet normal 0 0 1
    outer loop
      vertex 22.8408 12.6241 2.6263
      vertex 20.9124 12.6241 2.6263
      vertex 20.5314 12.5203 2.6263
    endloop
  endfacet
  facet normal 0 0 1
    outer loop
      vertex 23.3615 18.2156 2.6263
      vertex 23.3615 18.8238 2.6263
      vertex 22.8408 18.1695 2.6263
    endloop
  endfacet
  facet normal 0 0 1
    outer loop
      vertex 22.8408 18.1695 2.6263
      vertex 22.8408 17.6345 2.6263
      vertex 23.3615 18.2156 2.6263
    endloop
  endfacet
  facet normal 0 0 1
    outer loop
      vertex 20.9124 17.6345 3.1924
      vertex 20.9124 12.6241 3.1924
      vertex 21.1734 12.9882 3.1924
    endloop
  endfacet
  facet normal 0 0 1
    outer loop
      vertex 21.1734 12.9882 3.1924
      vertex 21.1734 17.5714 3.1924
      vertex 20.9124 17.6345 3.1924
    endloop
  endfacet
  facet normal 0 0 1
    outer loop
      vertex 22.4878 18.1695 3.1924
      vertex 22.4878 19.1512 3.1924
      vertex 22.2264 18.9588 3.1924
    endloop
  endfacet
  facet normal 0 0 1
    outer loop
      vertex 22.2264 18.9588 3.1924
      vertex 22.2264 18.0608 3.1924
      vertex 22.4878 18.1695 3.1924
    endloop
  endfacet
  facet normal 0 0 1
    outer loop
      vertex 20.91 18.1695 3.1924
      vertex 20.9124 17.6345 3.1924
      vertex 21.1734 17.5714 3.1924
    endloop
  endfacet
  facet normal 0 0 1
    outer loop
      vertex 21.1734 17.5714 3.1924
      vertex 21.1718 18.0608 3.1924
      vertex 20.91 18.1695 3.1924
    endloop
  endfacet
  facet normal 0.848568 0 0.529086
    outer loop
      vertex 22.8408 12.6241 2.6263
      vertex 22.8408 17.6345 2.6263
      vertex 22.4878 17.6345 3.1924
    endloop
  endfacet
  facet normal 0.848568 0 0.529086
    outer loop
      vertex 22.4878 17.6345 3.1924
      vertex 22.4878 12.6241 3.1924
      vertex 22.8408 12.6241 2.6263
    endloop
  endfacet
  facet normal -0.99999 -0.00446023 0
    outer loop
      vertex 20.91 18.1695 2.6263
      vertex 20.9124 17.6345 2.6263
      vertex 20.9124 17.6345 3.1924
    endloop
  endfacet
  facet normal -0.99999 -0.00446023 0
    outer loop
      vertex 20.9124 17.6345 3.1924
      vertex 20.91 18.1695 3.1924
      vertex 20.91 18.1695 2.6263
    endloop
  endfacet
  facet normal 0.848568 0 0.529086
    outer loop
      vertex 22.8408 18.1695 2.6263
      vertex 22.8408 19.1512 2.6263
      vertex 22.4878 19.1512 3.1924
    endloop
  endfacet
  facet normal 0.848568 0 0.529086
    outer loop
      vertex 22.4878 19.1512 3.1924
      vertex 22.4878 18.1695 3.1924
      vertex 22.8408 18.1695 2.6263
    endloop
  endfacet
  facet normal -1 0 0
    outer loop
      vertex 20.9124 17.6345 2.6263
      vertex 20.9124 12.6241 2.6263
      vertex 20.9124 12.6241 3.1924
    endloop
  endfacet
  facet normal -1 0 0
    outer loop
      vertex 20.9124 12.6241 3.1924
      vertex 20.9124 17.6345 3.1924
      vertex 20.9124 17.6345 2.6263
    endloop
  endfacet
  facet normal 0.848568 0 0.529086
    outer loop
      vertex 22.8408 17.6345 2.6263
      vertex 22.8408 18.1695 2.6263
      vertex 22.4878 18.1695 3.1924
    endloop
  endfacet
  facet normal 0.848568 0 0.529086
    outer loop
      vertex 22.4878 18.1695 3.1924
      vertex 22.4878 17.6345 3.1924
      vertex 22.8408 17.6345 2.6263
    endloop
  endfacet
  facet normal -1 0 0
    outer loop
      vertex 22.2264 12.9882 3.1924
      vertex 22.2264 17.5714 3.1924
      vertex 22.2264 17.5714 3.06353
    endloop
  endfacet
  facet normal -1 0 0
    outer loop
      vertex 22.2264 17.5714 3.06353
      vertex 22.2264 12.9882 3.06353
      vertex 22.2264 12.9882 3.1924
    endloop
  endfacet
  facet normal 0 1 0
    outer loop
      vertex 21.1734 12.9882 3.1924
      vertex 22.2264 12.9882 3.1924
      vertex 22.2264 12.9882 3.06353
    endloop
  endfacet
  facet normal 0 1 0
    outer loop
      vertex 22.2264 12.9882 3.06353
      vertex 21.1734 12.9882 3.06353
      vertex 21.1734 12.9882 3.1924
    endloop
  endfacet
  facet normal 0 -1 0
    outer loop
      vertex 22.2264 18.9588 3.1924
      vertex 21.1718 18.9588 3.1924
      vertex 21.1718 18.9588 3.06353
    endloop
  endfacet
  facet normal 0 -1 0
    outer loop
      vertex 21.1718 18.9588 3.06353
      vertex 22.2264 18.9588 3.06353
      vertex 22.2264 18.9588 3.1924
    endloop
  endfacet
  facet normal 0 0 1
    outer loop
      vertex 22.4878 17.6345 3.1924
      vertex 22.4878 18.1695 3.1924
      vertex 22.2264 18.0608 3.1924
    endloop
  endfacet
  facet normal 0 0 1
    outer loop
      vertex 22.2264 18.0608 3.1924
      vertex 22.2264 17.5714 3.1924
      vertex 22.4878 17.6345 3.1924
    endloop
  endfacet
  facet normal 0 0 1
    outer loop
      vertex 20.91 19.1512 3.1924
      vertex 20.91 18.1695 3.1924
      vertex 21.1718 18.0608 3.1924
    endloop
  endfacet
  facet normal 0 0 1
    outer loop
      vertex 21.1718 18.0608 3.1924
      vertex 21.1718 18.9588 3.1924
      vertex 20.91 19.1512 3.1924
    endloop
  endfacet
  facet normal 0 0 1
    outer loop
      vertex 22.4878 19.1512 3.1924
      vertex 20.91 19.1512 3.1924
      vertex 21.1718 18.9588 3.1924
    endloop
  endfacet
  facet normal 0 0 1
    outer loop
      vertex 21.1718 18.9588 3.1924
      vertex 22.2264 18.9588 3.1924
      vertex 22.4878 19.1512 3.1924
    endloop
  endfacet
  facet normal 0 0 1
    outer loop
      vertex 20.9124 12.6241 3.1924
      vertex 22.4878 12.6241 3.1924
      vertex 22.2264 12.9882 3.1924
    endloop
  endfacet
  facet normal 0 0 1
    outer loop
      vertex 22.2264 12.9882 3.1924
      vertex 21.1734 12.9882 3.1924
      vertex 20.9124 12.6241 3.1924
    endloop
  endfacet
  facet normal 0 0 1
    outer loop
      vertex 22.4878 12.6241 3.1924
      vertex 22.4878 17.6345 3.1924
      vertex 22.2264 17.5714 3.1924
    endloop
  endfacet
  facet normal 0 0 1
    outer loop
      vertex 22.2264 17.5714 3.1924
      vertex 22.2264 12.9882 3.1924
      vertex 22.4878 12.6241 3.1924
    endloop
  endfacet
  facet normal 0 0 1
    outer loop
      vertex 22.2264 18.9588 3.06353
      vertex 21.1718 18.9588 3.06353
      vertex 21.1718 18.0608 3.06353
    endloop
  endfacet
  facet normal 0 0 1
    outer loop
      vertex 21.1718 18.0608 3.06353
      vertex 22.2264 18.0608 3.06353
      vertex 22.2264 18.9588 3.06353
    endloop
  endfacet
  facet normal 0 0 1
    outer loop
      vertex 22.2264 18.0608 3.06353
      vertex 21.1718 18.0608 3.06353
      vertex 21.1734 17.5714 3.06353
    endloop
  endfacet
  facet normal 0 0 1
    outer loop
      vertex 21.1734 17.5714 3.06353
      vertex 22.2264 17.5714 3.06353
      vertex 22.2264 18.0608 3.06353
    endloop
  endfacet
  facet normal 0 0 1
    outer loop
      vertex 22.2264 17.5714 3.06353
      vertex 21.1734 17.5714 3.06353
      vertex 21.1734 12.9882 3.06353
    endloop
  endfacet
  facet normal 0 0 1
    outer loop
      vertex 21.1734 12.9882 3.06353
      vertex 22.2264 12.9882 3.06353
      vertex 22.2264 17.5714 3.06353
    endloop
  endfacet
  facet normal 0.999995 0.00322324 0
    outer loop
      vertex 21.1718 18.0608 3.1924
      vertex 21.1734 17.5714 3.1924
      vertex 21.1734 17.5714 3.06353
    endloop
  endfacet
  facet normal 0.999995 0.00322324 0
    outer loop
      vertex 21.1734 17.5714 3.06353
      vertex 21.1718 18.0608 3.06353
      vertex 21.1718 18.0608 3.1924
    endloop
  endfacet
  facet normal -1 0 0
    outer loop
      vertex 22.2264 18.0608 3.1924
      vertex 22.2264 18.9588 3.1924
      vertex 22.2264 18.9588 3.06353
    endloop
  endfacet
  facet normal -1 0 0
    outer loop
      vertex 22.2264 18.9588 3.06353
      vertex 22.2264 18.0608 3.06353
      vertex 22.2264 18.0608 3.1924
    endloop
  endfacet
  facet normal 1 0 0
    outer loop
      vertex 21.1734 17.5714 3.1924
      vertex 21.1734 12.9882 3.1924
      vertex 21.1734 12.9882 3.06353
    endloop
  endfacet
  facet normal 1 0 0
    outer loop
      vertex 21.1734 12.9882 3.06353
      vertex 21.1734 17.5714 3.06353
      vertex 21.1734 17.5714 3.1924
    endloop
  endfacet
  facet normal -1 0 0
    outer loop
      vertex 22.2264 17.5714 3.1924
      vertex 22.2264 18.0608 3.1924
      vertex 22.2264 18.0608 3.06353
    endloop
  endfacet
  facet normal -1 0 0
    outer loop
      vertex 22.2264 18.0608 3.06353
      vertex 22.2264 17.5714 3.06353
      vertex 22.2264 17.5714 3.1924
    endloop
  endfacet
  facet normal 1 0 0
    outer loop
      vertex 21.1718 18.9588 3.1924
      vertex 21.1718 18.0608 3.1924
      vertex 21.1718 18.0608 3.06353
    endloop
  endfacet
  facet normal 1 0 0
    outer loop
      vertex 21.1718 18.0608 3.06353
      vertex 21.1718 18.9588 3.06353
      vertex 21.1718 18.9588 3.1924
    endloop
  endfacet
  facet normal -0.275793 -0.961217 0
    outer loop
      vertex 21.0667 23.5893 3.52837
      vertex 21.1968 23.552 3.34581
      vertex 21.1968 23.552 3.83222
    endloop
  endfacet
  facet normal -0.275854 -0.961199 0
    outer loop
      vertex 21.1968 23.552 3.83222
      vertex 19.7471 23.968 3.81294
      vertex 19.7471 23.968 3.52837
    endloop
  endfacet
  facet normal -0.27586 -0.961198 3.11959e-05
    outer loop
      vertex 21.1968 23.552 3.83222
      vertex 19.7471 23.968 3.52837
      vertex 21.0667 23.5893 3.52837
    endloop
  endfacet
  facet normal 0.275847 0.961201 0
    outer loop
      vertex 21.3054 24.3191 3.52837
      vertex 19.9588 24.7055 3.52837
      vertex 19.9588 24.7055 3.81294
    endloop
  endfacet
  facet normal 0.276047 0.961144 0
    outer loop
      vertex 21.4084 24.2895 3.83222
      vertex 21.4084 24.2895 3.38641
      vertex 21.3054 24.3191 3.52837
    endloop
  endfacet
  facet normal 0.275861 0.961198 6.84687e-05
    outer loop
      vertex 19.9588 24.7055 3.81294
      vertex 21.4084 24.2895 3.83222
      vertex 21.3054 24.3191 3.52837
    endloop
  endfacet
  facet normal -0.961193 0.275878 0
    outer loop
      vertex 19.7471 23.968 3.52837
      vertex 19.7471 23.968 3.81294
      vertex 19.9588 24.7055 3.81294
    endloop
  endfacet
  facet normal -0.961193 0.275878 0
    outer loop
      vertex 19.9588 24.7055 3.81294
      vertex 19.9588 24.7055 3.52837
      vertex 19.7471 23.968 3.52837
    endloop
  endfacet
  facet normal 0 0 1
    outer loop
      vertex 23.3615 21.42 2.6263
      vertex 21.916 22.4884 2.6263
      vertex 21.7044 21.7508 2.6263
    endloop
  endfacet
  facet normal 0 0 1
    outer loop
      vertex 21.7044 21.7508 2.6263
      vertex 21.0827 21.9293 2.6263
      vertex 20.649 21.42 2.6263
    endloop
  endfacet
  facet normal 0 0 1
    outer loop
      vertex 23.3615 21.42 2.6263
      vertex 21.7044 21.7508 2.6263
      vertex 20.649 21.42 2.6263
    endloop
  endfacet
  facet normal 0 0 1
    outer loop
      vertex 21.4832 23.4698 2.6263
      vertex 21.2944 22.6668 2.6263
      vertex 21.916 22.4884 2.6263
    endloop
  endfacet
  facet normal 0 0 1
    outer loop
      vertex 21.916 22.4884 2.6263
      vertex 22.1049 23.2913 2.6263
      vertex 21.4832 23.4698 2.6263
    endloop
  endfacet
  facet normal 0.792434 -0.259211 0.55214
    outer loop
      vertex 21.0667 23.5893 3.52837
      vertex 20.8103 22.8057 3.52837
      vertex 21.0079 22.749 3.21821
    endloop
  endfacet
  facet normal 0.80081 -0.273061 0.533049
    outer loop
      vertex 21.0079 22.749 3.21821
      vertex 21.0938 22.7244 3.07654
      vertex 21.36 23.5051 3.07654
    endloop
  endfacet
  facet normal -0.275268 -0.961367 0.000404815
    outer loop
      vertex 21.36 23.5051 3.07654
      vertex 21.1968 23.552 3.34581
      vertex 21.0667 23.5893 3.52837
    endloop
  endfacet
  facet normal 0.786562 -0.261486 0.559416
    outer loop
      vertex 21.0079 22.749 3.21821
      vertex 21.36 23.5051 3.07654
      vertex 21.0667 23.5893 3.52837
    endloop
  endfacet
  facet normal 0.758884 -0.248262 0.602047
    outer loop
      vertex 21.9295 26.2268 3.52837
      vertex 21.3054 24.3191 3.52837
      vertex 21.4084 24.2895 3.38641
    endloop
  endfacet
  facet normal 0.786576 -0.268188 0.556213
    outer loop
      vertex 21.4084 24.2895 3.38641
      vertex 21.608 24.2322 3.07654
      vertex 22.288 26.2268 3.07654
    endloop
  endfacet
  facet normal 0.758843 -0.248255 0.602102
    outer loop
      vertex 21.4084 24.2895 3.38641
      vertex 22.288 26.2268 3.07654
      vertex 21.9295 26.2268 3.52837
    endloop
  endfacet
  facet normal 0.275818 0.96121 0
    outer loop
      vertex 21.0079 22.749 3.83222
      vertex 21.0079 22.749 3.21821
      vertex 20.8103 22.8057 3.52837
    endloop
  endfacet
  facet normal 0.275844 0.961202 0
    outer loop
      vertex 20.8103 22.8057 3.52837
      vertex 19.5583 23.165 3.52837
      vertex 19.5583 23.165 3.81294
    endloop
  endfacet
  facet normal 0.275841 0.961203 -1.60074e-05
    outer loop
      vertex 20.8103 22.8057 3.52837
      vertex 19.5583 23.165 3.81294
      vertex 21.0079 22.749 3.83222
    endloop
  endfacet
  facet normal 0.961207 -0.275828 0
    outer loop
      vertex 21.7044 21.7508 2.6263
      vertex 21.916 22.4884 2.6263
      vertex 21.916 22.4884 3.1069
    endloop
  endfacet
  facet normal 0.961207 -0.275828 0
    outer loop
      vertex 21.916 22.4884 3.1069
      vertex 21.7044 21.7508 3.1069
      vertex 21.7044 21.7508 2.6263
    endloop
  endfacet
  facet normal 0.275825 0.961208 0
    outer loop
      vertex 21.608 24.2322 3.07654
      vertex 21.4084 24.2895 3.38641
      vertex 21.4084 24.2895 3.83222
    endloop
  endfacet
  facet normal 0.275874 0.961194 0
    outer loop
      vertex 21.4084 24.2895 3.83222
      vertex 22.3165 24.0289 3.1069
      vertex 22.3165 24.0289 2.6263
    endloop
  endfacet
  facet normal 0.275876 0.961186 -0.00379695
    outer loop
      vertex 22.3165 24.0289 2.6263
      vertex 21.6949 24.2073 2.6263
      vertex 21.608 24.2322 2.62814
    endloop
  endfacet
  facet normal 0.2759 0.961186 2.14083e-05
    outer loop
      vertex 21.608 24.2322 3.07654
      vertex 21.4084 24.2895 3.83222
      vertex 22.3165 24.0289 2.6263
    endloop
  endfacet
  facet normal 0.275887 0.96119 0
    outer loop
      vertex 22.3165 24.0289 2.6263
      vertex 21.608 24.2322 2.62814
      vertex 21.608 24.2322 3.07654
    endloop
  endfacet
  facet normal -0.961208 0.275826 0
    outer loop
      vertex 19.5583 23.165 3.52837
      vertex 19.3467 22.4275 3.52837
      vertex 19.3467 22.4275 3.81294
    endloop
  endfacet
  facet normal -0.961208 0.275826 0
    outer loop
      vertex 19.3467 22.4275 3.81294
      vertex 19.5583 23.165 3.81294
      vertex 19.5583 23.165 3.52837
    endloop
  endfacet
  facet normal 0.275858 0.961198 0
    outer loop
      vertex 21.2944 22.6668 2.6263
      vertex 21.0938 22.7244 2.63055
      vertex 21.0938 22.7244 3.07654
    endloop
  endfacet
  facet normal 0.276035 0.961148 0
    outer loop
      vertex 21.0938 22.7244 3.07654
      vertex 21.0079 22.749 3.21821
      vertex 21.0079 22.749 3.83222
    endloop
  endfacet
  facet normal 0.275885 0.961191 0
    outer loop
      vertex 21.0079 22.749 3.83222
      vertex 21.916 22.4884 3.1069
      vertex 21.916 22.4884 2.6263
    endloop
  endfacet
  facet normal 0.275873 0.961194 6.95933e-06
    outer loop
      vertex 21.916 22.4884 2.6263
      vertex 21.2944 22.6668 2.6263
      vertex 21.0938 22.7244 3.07654
    endloop
  endfacet
  facet normal 0.275858 0.961198 -2.17028e-05
    outer loop
      vertex 21.0938 22.7244 3.07654
      vertex 21.0079 22.749 3.83222
      vertex 21.916 22.4884 2.6263
    endloop
  endfacet
  facet normal -0.275861 -0.961197 0
    outer loop
      vertex 19.3467 22.4275 3.81294
      vertex 19.3467 22.4275 3.52837
      vertex 20.5716 22.0759 3.52837
    endloop
  endfacet
  facet normal -0.275902 -0.961186 0
    outer loop
      vertex 20.5716 22.0759 3.52837
      vertex 20.7962 22.0115 3.15841
      vertex 20.7962 22.0115 3.83222
    endloop
  endfacet
  facet normal -0.275867 -0.961196 -2.80314e-05
    outer loop
      vertex 20.5716 22.0759 3.52837
      vertex 20.7962 22.0115 3.83222
      vertex 19.3467 22.4275 3.81294
    endloop
  endfacet
  facet normal -0.275873 -0.961194 0
    outer loop
      vertex 21.4832 23.4698 2.6263
      vertex 22.1049 23.2913 2.6263
      vertex 22.1049 23.2913 3.1069
    endloop
  endfacet
  facet normal -0.275885 -0.961191 0
    outer loop
      vertex 22.1049 23.2913 3.1069
      vertex 21.1968 23.552 3.83222
      vertex 21.1968 23.552 3.34581
    endloop
  endfacet
  facet normal -0.275946 -0.961173 0
    outer loop
      vertex 21.36 23.5051 3.07654
      vertex 21.36 23.5051 2.62891
      vertex 21.4832 23.4698 2.6263
    endloop
  endfacet
  facet normal -0.275885 -0.961191 1.39386e-07
    outer loop
      vertex 22.1049 23.2913 3.1069
      vertex 21.1968 23.552 3.34581
      vertex 21.36 23.5051 3.07654
    endloop
  endfacet
  facet normal -0.275885 -0.961191 1.78247e-05
    outer loop
      vertex 22.1049 23.2913 3.1069
      vertex 21.36 23.5051 3.07654
      vertex 21.4832 23.4698 2.6263
    endloop
  endfacet
  facet normal 0.961193 -0.275878 0
    outer loop
      vertex 22.3165 24.0289 2.6263
      vertex 22.3165 24.0289 3.1069
      vertex 22.1049 23.2913 3.1069
    endloop
  endfacet
  facet normal 0.961193 -0.275878 0
    outer loop
      vertex 22.1049 23.2913 3.1069
      vertex 22.1049 23.2913 2.6263
      vertex 22.3165 24.0289 2.6263
    endloop
  endfacet
  facet normal -0.275872 -0.961191 -0.00238207
    outer loop
      vertex 20.8459 21.9972 2.63132
      vertex 21.0827 21.9293 2.6263
      vertex 21.7044 21.7508 2.6263
    endloop
  endfacet
  facet normal -0.275842 -0.961203 0
    outer loop
      vertex 21.7044 21.7508 2.6263
      vertex 21.7044 21.7508 3.1069
      vertex 20.7962 22.0115 3.83222
    endloop
  endfacet
  facet normal -0.275531 -0.961292 0
    outer loop
      vertex 20.7962 22.0115 3.83222
      vertex 20.7962 22.0115 3.15841
      vertex 20.8459 21.9972 3.07654
    endloop
  endfacet
  facet normal -0.27586 -0.961198 0
    outer loop
      vertex 20.8459 21.9972 3.07654
      vertex 20.8459 21.9972 2.63132
      vertex 21.7044 21.7508 2.6263
    endloop
  endfacet
  facet normal -0.275872 -0.961195 -2.42369e-05
    outer loop
      vertex 21.7044 21.7508 2.6263
      vertex 20.7962 22.0115 3.83222
      vertex 20.8459 21.9972 3.07654
    endloop
  endfacet
  facet normal 0.000155787 -2.78688e-07 -1
    outer loop
      vertex 23.2078 10.7196 1.70999
      vertex 23.2781 11.0798 1.71
      vertex 23.3791 11.0798 1.71001
    endloop
  endfacet
  facet normal 0.000155054 6.98005e-08 -1
    outer loop
      vertex 23.3791 11.0798 1.71001
      vertex 23.3792 10.7197 1.71001
      vertex 23.2078 10.7196 1.70999
    endloop
  endfacet
  facet normal 0 0 -1
    outer loop
      vertex 23.3615 12.335 1.71001
      vertex 23.3791 12.335 1.71001
      vertex 23.3792 11.9749 1.71001
    endloop
  endfacet
  facet normal 0 0 -1
    outer loop
      vertex 23.3792 11.9749 1.71001
      vertex 23.3615 11.9749 1.71001
      vertex 23.3615 12.335 1.71001
    endloop
  endfacet
  facet normal -0.000108769 1 0
    outer loop
      vertex 23.3615 12.335 2.6263
      vertex 21.871 12.3349 2.6263
      vertex 21.871 12.3349 2.91134
    endloop
  endfacet
  facet normal 0 1 0
    outer loop
      vertex 23.3791 12.335 2.90986
      vertex 23.3791 12.335 1.71001
      vertex 23.3615 12.335 1.71001
    endloop
  endfacet
  facet normal -0.000107497 1 6.65222e-06
    outer loop
      vertex 23.3615 12.335 2.6263
      vertex 21.871 12.3349 2.91134
      vertex 23.3791 12.335 2.90986
    endloop
  endfacet
  facet normal 0 1 0
    outer loop
      vertex 23.3791 12.335 2.90986
      vertex 23.3615 12.335 1.71001
      vertex 23.3615 12.335 2.6263
    endloop
  endfacet
  facet normal -0.000198274 1 0
    outer loop
      vertex 23.3791 11.0798 1.71001
      vertex 23.2781 11.0798 1.71
      vertex 23.2781 11.0798 2.6263
    endloop
  endfacet
  facet normal -0.000100987 1 0
    outer loop
      vertex 23.2781 11.0798 2.6263
      vertex 21.871 11.0796 2.6263
      vertex 21.871 11.0796 2.91134
    endloop
  endfacet
  facet normal -0.000198274 1 0
    outer loop
      vertex 23.3791 11.0798 2.90986
      vertex 23.3791 11.0798 1.71001
      vertex 23.2781 11.0798 2.6263
    endloop
  endfacet
  facet normal -0.000107535 1 -3.23223e-05
    outer loop
      vertex 23.2781 11.0798 2.6263
      vertex 21.871 11.0796 2.91134
      vertex 23.3791 11.0798 2.90986
    endloop
  endfacet
  facet normal -1 -0.00045017 0
    outer loop
      vertex 21.871 11.0796 2.6263
      vertex 21.8711 10.7195 2.6263
      vertex 21.8711 10.7195 2.91134
    endloop
  endfacet
  facet normal -1 -0.00045017 0
    outer loop
      vertex 21.8711 10.7195 2.91134
      vertex 21.871 11.0796 2.91134
      vertex 21.871 11.0796 2.6263
    endloop
  endfacet
  facet normal 0.000115565 1.38973e-05 -1
    outer loop
      vertex 23.3792 11.3602 1.71001
      vertex 23.3328 11.3602 1.71001
      vertex 23.3615 11.5074 1.71001
    endloop
  endfacet
  facet normal 0 0 -1
    outer loop
      vertex 23.3615 11.5074 1.71001
      vertex 23.3615 11.7203 1.71001
      vertex 23.3791 11.7203 1.71001
    endloop
  endfacet
  facet normal 0 0 -1
    outer loop
      vertex 23.3615 11.5074 1.71001
      vertex 23.3791 11.7203 1.71001
      vertex 23.3792 11.3602 1.71001
    endloop
  endfacet
  facet normal 0 0 1
    outer loop
      vertex 23.2781 11.0798 2.6263
      vertex 23.3328 11.3602 2.6263
      vertex 21.8711 11.36 2.6263
    endloop
  endfacet
  facet normal 0 0 1
    outer loop
      vertex 21.8711 11.36 2.6263
      vertex 21.8711 11.5074 2.6263
      vertex 19.5118 11.5074 2.6263
    endloop
  endfacet
  facet normal 0 0 1
    outer loop
      vertex 19.5118 11.5074 2.6263
      vertex 19.5118 10.1506 2.6263
      vertex 23.0968 10.1506 2.6263
    endloop
  endfacet
  facet normal 0 0 1
    outer loop
      vertex 23.0968 10.1506 2.6263
      vertex 23.2078 10.7196 2.6263
      vertex 21.8711 10.7195 2.6263
    endloop
  endfacet
  facet normal 0 0 1
    outer loop
      vertex 21.871 11.0796 2.6263
      vertex 23.2781 11.0798 2.6263
      vertex 21.8711 11.36 2.6263
    endloop
  endfacet
  facet normal 0 0 1
    outer loop
      vertex 19.5118 11.5074 2.6263
      vertex 23.0968 10.1506 2.6263
      vertex 21.8711 10.7195 2.6263
    endloop
  endfacet
  facet normal 0 0 1
    outer loop
      vertex 21.871 11.0796 2.6263
      vertex 21.8711 11.36 2.6263
      vertex 19.5118 11.5074 2.6263
    endloop
  endfacet
  facet normal 0 0 1
    outer loop
      vertex 19.5118 11.5074 2.6263
      vertex 21.8711 10.7195 2.6263
      vertex 21.871 11.0796 2.6263
    endloop
  endfacet
  facet normal -1 -0.000450169 0
    outer loop
      vertex 21.8711 11.9747 2.6263
      vertex 21.8711 11.9747 2.91134
      vertex 21.871 12.3349 2.91134
    endloop
  endfacet
  facet normal -1 -0.000450169 0
    outer loop
      vertex 21.871 12.3349 2.91134
      vertex 21.871 12.3349 2.6263
      vertex 21.8711 11.9747 2.6263
    endloop
  endfacet
  facet normal 0 1 0
    outer loop
      vertex 23.3791 11.7203 1.71001
      vertex 23.3615 11.7203 1.71001
      vertex 23.3615 11.7203 2.6263
    endloop
  endfacet
  facet normal -0.000108769 1 0
    outer loop
      vertex 23.3615 11.7203 2.6263
      vertex 21.871 11.7202 2.6263
      vertex 21.871 11.7202 2.91134
    endloop
  endfacet
  facet normal 0 1 0
    outer loop
      vertex 23.3791 11.7203 2.90986
      vertex 23.3791 11.7203 1.71001
      vertex 23.3615 11.7203 2.6263
    endloop
  endfacet
  facet normal -0.000107497 1 6.65222e-06
    outer loop
      vertex 23.3615 11.7203 2.6263
      vertex 21.871 11.7202 2.91134
      vertex 23.3791 11.7203 2.90986
    endloop
  endfacet
  facet normal -1 -0.000385572 0
    outer loop
      vertex 21.871 11.7202 2.91134
      vertex 21.871 11.7202 2.6263
      vertex 21.8711 11.5074 2.6263
    endloop
  endfacet
  facet normal -1 -0.000543373 0
    outer loop
      vertex 21.8711 11.5074 2.6263
      vertex 21.8711 11.36 2.6263
      vertex 21.8711 11.36 2.91134
    endloop
  endfacet
  facet normal -1 -0.00045017 4.82064e-05
    outer loop
      vertex 21.8711 11.5074 2.6263
      vertex 21.8711 11.36 2.91134
      vertex 21.871 11.7202 2.91134
    endloop
  endfacet
  facet normal 0 -1 0
    outer loop
      vertex 20.5314 15.8337 2.29686
      vertex 18.1449 15.8337 2.29686
      vertex 18.3745 15.8337 2.04522
    endloop
  endfacet
  facet normal 0 -1 0
    outer loop
      vertex 18.3745 15.8337 2.04522
      vertex 20.5314 15.8337 2.04522
      vertex 20.5314 15.8337 2.29686
    endloop
  endfacet
  facet normal 0 -1 0
    outer loop
      vertex 18.1449 12.9901 0.830595
      vertex 20.3198 12.9901 0.830595
      vertex 20.3198 12.9901 1.01277
    endloop
  endfacet
  facet normal 0 -1 0
    outer loop
      vertex 20.3198 12.9901 1.01277
      vertex 20.5314 12.9901 1.01277
      vertex 20.5314 12.9901 1.07734
    endloop
  endfacet
  facet normal 0 -1 0
    outer loop
      vertex 20.5314 12.9901 1.07734
      vertex 18.3745 12.9901 1.07734
      vertex 18.1449 12.9901 0.830595
    endloop
  endfacet
  facet normal 0 -1 0
    outer loop
      vertex 20.3198 12.9901 1.01277
      vertex 20.5314 12.9901 1.07734
      vertex 18.1449 12.9901 0.830595
    endloop
  endfacet
  facet normal 0 -1 0
    outer loop
      vertex 19.5118 11.5063 1.07734
      vertex 19.5118 11.5063 2.04522
      vertex 18.3745 11.5063 2.04522
    endloop
  endfacet
  facet normal 0 -1 0
    outer loop
      vertex 18.3745 11.5063 2.04522
      vertex 18.3745 11.5063 1.07734
      vertex 19.5118 11.5063 1.07734
    endloop
  endfacet
  facet normal 0 0 -1
    outer loop
      vertex 14.9911 19.5701 1.07734
      vertex 16.2325 19.5697 1.07734
      vertex 16.3462 18.8622 1.07734
    endloop
  endfacet
  facet normal 0 0 -1
    outer loop
      vertex 16.3462 18.8622 1.07734
      vertex 14.9887 19.1224 1.07734
      vertex 14.9911 19.5701 1.07734
    endloop
  endfacet
  facet normal 0 0 1
    outer loop
      vertex 20.5314 16.9043 2.29686
      vertex 18.1449 16.9043 2.29686
      vertex 18.1449 15.8337 2.29686
    endloop
  endfacet
  facet normal 0 0 1
    outer loop
      vertex 18.1449 15.8337 2.29686
      vertex 20.5314 15.8337 2.29686
      vertex 20.5314 16.9043 2.29686
    endloop
  endfacet
  facet normal 0 1 -0.000308355
    outer loop
      vertex 16.5164 22.3611 4.07408
      vertex 16.5155 22.3605 2.04522
      vertex 15.7843 22.3605 2.04522
    endloop
  endfacet
  facet normal 0 1 -0.000308355
    outer loop
      vertex 15.0061 22.3605 2.04522
      vertex 14.4129 22.3605 2.04522
      vertex 14.4129 22.3611 4.07408
    endloop
  endfacet
  facet normal 0 1 -0.000308355
    outer loop
      vertex 16.5164 22.3611 4.07408
      vertex 15.7843 22.3605 2.04522
      vertex 15.0061 22.3605 2.04522
    endloop
  endfacet
  facet normal 0 1 -0.000308355
    outer loop
      vertex 15.0061 22.3605 2.04522
      vertex 14.4129 22.3611 4.07408
      vertex 16.5164 22.3611 4.07408
    endloop
  endfacet
  facet normal 0.436713 -0.899601 2.11848e-05
    outer loop
      vertex 17.2789 19.9406 1.07734
      vertex 16.5146 19.5696 1.07734
      vertex 16.5145 19.5696 1.01277
    endloop
  endfacet
  facet normal 0.436676 -0.899619 0.000558391
    outer loop
      vertex 16.5145 19.5696 1.01277
      vertex 17.2789 19.9406 1.01277
      vertex 17.2789 19.9406 1.07734
    endloop
  endfacet
  facet normal 0 0 -1
    outer loop
      vertex 17.4467 18.8622 1.07734
      vertex 17.4843 19.9406 1.07734
      vertex 18.7119 19.9402 1.07734
    endloop
  endfacet
  facet normal 0 0 -1
    outer loop
      vertex 18.7119 19.9402 1.07734
      vertex 20.1449 19.9397 1.07734
      vertex 20.1449 18.8622 1.07734
    endloop
  endfacet
  facet normal 0 0 -1
    outer loop
      vertex 18.7119 19.9402 1.07734
      vertex 20.1449 18.8622 1.07734
      vertex 17.4467 18.8622 1.07734
    endloop
  endfacet
  facet normal -0.704398 0.709804 0.00123477
    outer loop
      vertex 20.5314 12.5203 2.04522
      vertex 19.5118 11.5085 2.04522
      vertex 19.5118 11.5074 2.6263
    endloop
  endfacet
  facet normal -0.704753 0.709453 0
    outer loop
      vertex 19.5118 11.5074 2.6263
      vertex 20.5314 12.5203 2.6263
      vertex 20.5314 12.5203 2.04522
    endloop
  endfacet
  facet normal -0.843973 -0.536386 0
    outer loop
      vertex 20.1449 18.8238 2.04522
      vertex 20.5314 18.2156 2.04522
      vertex 20.5314 18.2156 2.6263
    endloop
  endfacet
  facet normal -0.843973 -0.536386 0
    outer loop
      vertex 20.5314 18.2156 2.6263
      vertex 20.1449 18.8238 2.6263
      vertex 20.1449 18.8238 2.04522
    endloop
  endfacet
  facet normal 0 -1 0
    outer loop
      vertex 20.5314 15.8337 1.01277
      vertex 20.5314 15.8337 1.07734
      vertex 18.3745 15.8337 1.07734
    endloop
  endfacet
  facet normal 0 -1 0
    outer loop
      vertex 18.3745 15.8337 1.07734
      vertex 18.3745 15.8337 2.04522
      vertex 18.1449 15.8337 2.29686
    endloop
  endfacet
  facet normal 0 -1 0
    outer loop
      vertex 18.1449 15.8337 0.830595
      vertex 20.3198 15.8337 0.830595
      vertex 20.3198 15.8337 1.01277
    endloop
  endfacet
  facet normal 0 -1 0
    outer loop
      vertex 20.3198 15.8337 1.01277
      vertex 20.5314 15.8337 1.01277
      vertex 18.3745 15.8337 1.07734
    endloop
  endfacet
  facet normal 0 -1 0
    outer loop
      vertex 18.3745 15.8337 1.07734
      vertex 18.1449 15.8337 2.29686
      vertex 18.1449 15.8337 0.830595
    endloop
  endfacet
  facet normal 0 -1 0
    outer loop
      vertex 18.3745 15.8337 1.07734
      vertex 18.1449 15.8337 0.830595
      vertex 20.3198 15.8337 1.01277
    endloop
  endfacet
  facet normal 0 0 1
    outer loop
      vertex 17.4467 18.8622 2.04522
      vertex 17.4844 19.9412 2.04522
      vertex 17.2789 19.9413 2.04522
    endloop
  endfacet
  facet normal 0 0 1
    outer loop
      vertex 16.5146 19.5701 2.04522
      vertex 16.2325 19.5701 2.04522
      vertex 16.3462 18.8622 2.04522
    endloop
  endfacet
  facet normal 0 0 1
    outer loop
      vertex 17.4467 18.8622 2.04522
      vertex 17.2789 19.9413 2.04522
      vertex 16.5146 19.5701 2.04522
    endloop
  endfacet
  facet normal 0 0 1
    outer loop
      vertex 16.5146 19.5701 2.04522
      vertex 16.3462 18.8622 2.04522
      vertex 17.4467 18.8622 2.04522
    endloop
  endfacet
  facet normal -1 0 0
    outer loop
      vertex 20.1449 19.9397 2.6263
      vertex 20.1449 19.9397 2.04522
      vertex 20.1449 18.8622 2.04522
    endloop
  endfacet
  facet normal -1 0 0
    outer loop
      vertex 20.1449 18.8622 2.04522
      vertex 20.1449 18.8238 2.04522
      vertex 20.1449 18.8238 2.6263
    endloop
  endfacet
  facet normal -1 0 0
    outer loop
      vertex 20.1449 18.8622 2.04522
      vertex 20.1449 18.8238 2.6263
      vertex 20.1449 19.9397 2.6263
    endloop
  endfacet
  facet normal 0 0 1
    outer loop
      vertex 17.4467 17.8738 2.04522
      vertex 20.5314 18.0342 2.04522
      vertex 20.5314 18.2156 2.04522
    endloop
  endfacet
  facet normal 0 0 1
    outer loop
      vertex 20.1449 18.8238 2.04522
      vertex 20.1449 18.8622 2.04522
      vertex 17.4467 18.8622 2.04522
    endloop
  endfacet
  facet normal 0 0 1
    outer loop
      vertex 17.4467 17.8738 2.04522
      vertex 20.5314 18.2156 2.04522
      vertex 20.1449 18.8238 2.04522
    endloop
  endfacet
  facet normal 0 0 1
    outer loop
      vertex 20.1449 18.8238 2.04522
      vertex 17.4467 18.8622 2.04522
      vertex 17.4467 17.8738 2.04522
    endloop
  endfacet
  facet normal 0 0 1
    outer loop
      vertex 18.0849 17.8738 2.04522
      vertex 18.3745 17.557 2.04522
      vertex 20.5314 17.557 2.04522
    endloop
  endfacet
  facet normal 0 0 1
    outer loop
      vertex 20.5314 17.557 2.04522
      vertex 20.5314 17.8738 2.04522
      vertex 18.0849 17.8738 2.04522
    endloop
  endfacet
  facet normal -1 0 0
    outer loop
      vertex 20.5314 12.5203 1.07734
      vertex 20.5314 12.9901 1.07734
      vertex 20.5314 12.9901 1.01277
    endloop
  endfacet
  facet normal -1 0 0
    outer loop
      vertex 20.5314 12.9901 1.01277
      vertex 20.5314 12.5203 1.01277
      vertex 20.5314 12.5203 1.07734
    endloop
  endfacet
  facet normal -1 0 0
    outer loop
      vertex 20.5314 14.0608 1.01277
      vertex 20.5314 14.0608 1.07734
      vertex 20.5314 15.8337 1.07734
    endloop
  endfacet
  facet normal -1 0 0
    outer loop
      vertex 20.5314 15.8337 1.07734
      vertex 20.5314 15.8337 1.01277
      vertex 20.5314 14.0608 1.01277
    endloop
  endfacet
  facet normal -1 0 0
    outer loop
      vertex 20.5314 18.2156 2.6263
      vertex 20.5314 18.2156 2.04522
      vertex 20.5314 18.0342 2.04522
    endloop
  endfacet
  facet normal 0 0 0
    outer loop
      vertex 20.5314 17.8738 2.04522
      vertex 20.5314 17.557 2.04522
      vertex 20.5314 16.9043 2.04522
    endloop
  endfacet
  facet normal -1 0 0
    outer loop
      vertex 20.5314 18.2156 2.6263
      vertex 20.5314 18.0342 2.04522
      vertex 20.5314 17.8738 2.04522
    endloop
  endfacet
  facet normal -1 0 0
    outer loop
      vertex 20.5314 12.9901 2.04522
      vertex 20.5314 12.5203 2.04522
      vertex 20.5314 12.5203 2.6263
    endloop
  endfacet
  facet normal -1 0 0
    outer loop
      vertex 20.5314 12.9901 2.29686
      vertex 20.5314 12.9901 2.04522
      vertex 20.5314 12.5203 2.6263
    endloop
  endfacet
  facet normal -1 0 0
    outer loop
      vertex 20.5314 18.2156 2.6263
      vertex 20.5314 17.8738 2.04522
      vertex 20.5314 16.9043 2.04522
    endloop
  endfacet
  facet normal -1 0 0
    outer loop
      vertex 20.5314 18.2156 2.6263
      vertex 20.5314 16.9043 2.04522
      vertex 20.5314 16.9043 2.29686
    endloop
  endfacet
  facet normal -1 0 0
    outer loop
      vertex 20.5314 12.9901 2.29686
      vertex 20.5314 12.5203 2.6263
      vertex 20.5314 18.2156 2.6263
    endloop
  endfacet
  facet normal -1 0 0
    outer loop
      vertex 20.5314 15.8337 2.04522
      vertex 20.5314 14.0608 2.04522
      vertex 20.5314 14.0608 2.29686
    endloop
  endfacet
  facet normal -1 0 0
    outer loop
      vertex 20.5314 14.0608 2.29686
      vertex 20.5314 12.9901 2.29686
      vertex 20.5314 18.2156 2.6263
    endloop
  endfacet
  facet normal -1 0 0
    outer loop
      vertex 20.5314 18.2156 2.6263
      vertex 20.5314 16.9043 2.29686
      vertex 20.5314 15.8337 2.29686
    endloop
  endfacet
  facet normal -1 0 0
    outer loop
      vertex 20.5314 15.8337 2.29686
      vertex 20.5314 15.8337 2.04522
      vertex 20.5314 14.0608 2.29686
    endloop
  endfacet
  facet normal -1 0 0
    outer loop
      vertex 20.5314 18.2156 2.6263
      vertex 20.5314 15.8337 2.29686
      vertex 20.5314 14.0608 2.29686
    endloop
  endfacet
  facet normal 0 0 1
    outer loop
      vertex 20.3198 14.0608 1.01277
      vertex 20.5314 14.0608 1.01277
      vertex 20.5314 15.8337 1.01277
    endloop
  endfacet
  facet normal 0 0 1
    outer loop
      vertex 20.5314 15.8337 1.01277
      vertex 20.3198 15.8337 1.01277
      vertex 20.3198 14.0608 1.01277
    endloop
  endfacet
  facet normal 0 0 1
    outer loop
      vertex 20.3198 16.9043 1.01277
      vertex 20.5314 16.9043 1.01277
      vertex 20.5314 18.2156 1.01277
    endloop
  endfacet
  facet normal 0 0 1
    outer loop
      vertex 20.5314 18.2156 1.01277
      vertex 20.3198 18.3367 1.01277
      vertex 20.3198 16.9043 1.01277
    endloop
  endfacet
  facet normal -0.660012 -0.751254 0.0012277
    outer loop
      vertex 20.0577 30.5991 1.07734
      vertex 19.5061 31.0836 1.07734
      vertex 19.506 31.0836 1.01277
    endloop
  endfacet
  facet normal -0.659786 -0.75145 -0.00217904
    outer loop
      vertex 19.506 31.0836 1.01277
      vertex 20.0578 30.5991 1.01277
      vertex 20.0577 30.5991 1.07734
    endloop
  endfacet
  facet normal 0 1 0
    outer loop
      vertex 20.5314 14.0608 2.29686
      vertex 20.5314 14.0608 2.04522
      vertex 18.3745 14.0608 2.04522
    endloop
  endfacet
  facet normal 0 1 0
    outer loop
      vertex 18.3745 14.0608 2.04522
      vertex 18.1449 14.0608 2.29686
      vertex 20.5314 14.0608 2.29686
    endloop
  endfacet
  facet normal -0.999998 0.000499054 -0.00188973
    outer loop
      vertex 20.0555 26.2268 1.07734
      vertex 20.0577 30.5991 1.07734
      vertex 20.0578 30.5991 1.01277
    endloop
  endfacet
  facet normal -0.999997 0.000490319 -0.00248108
    outer loop
      vertex 20.0578 30.5991 1.01277
      vertex 20.0557 26.2268 1.01277
      vertex 20.0555 26.2268 1.07734
    endloop
  endfacet
  facet normal 0 0 1
    outer loop
      vertex 18.3745 11.5063 2.04522
      vertex 19.5118 11.5063 2.04522
      vertex 19.5118 11.5085 2.04522
    endloop
  endfacet
  facet normal 0 0 1
    outer loop
      vertex 19.5118 11.5085 2.04522
      vertex 20.5314 12.5203 2.04522
      vertex 20.5314 12.9901 2.04522
    endloop
  endfacet
  facet normal 0 0 1
    outer loop
      vertex 20.5314 12.9901 2.04522
      vertex 18.3745 12.9901 2.04522
      vertex 18.3745 11.5063 2.04522
    endloop
  endfacet
  facet normal 0 0 1
    outer loop
      vertex 19.5118 11.5085 2.04522
      vertex 20.5314 12.9901 2.04522
      vertex 18.3745 11.5063 2.04522
    endloop
  endfacet
  facet normal 0 0 1
    outer loop
      vertex 17.5246 25.0665 3.07791
      vertex 19.6008 24.3904 3.07791
      vertex 20.0513 26.2268 3.07791
    endloop
  endfacet
  facet normal 0 0 1
    outer loop
      vertex 20.0513 26.2268 3.07791
      vertex 20.0535 30.5966 3.07791
      vertex 19.5097 31.0836 3.07791
    endloop
  endfacet
  facet normal 0 0 1
    outer loop
      vertex 19.5097 31.0836 3.07791
      vertex 19.51 31.5855 3.07791
      vertex 17.5254 31.5855 3.07791
    endloop
  endfacet
  facet normal 0 0 1
    outer loop
      vertex 17.5254 31.5855 3.07791
      vertex 17.5246 25.0665 3.07791
      vertex 20.0513 26.2268 3.07791
    endloop
  endfacet
  facet normal 0 0 1
    outer loop
      vertex 20.0513 26.2268 3.07791
      vertex 19.5097 31.0836 3.07791
      vertex 17.5254 31.5855 3.07791
    endloop
  endfacet
  facet normal 0 0 1
    outer loop
      vertex 17.4467 18.8622 2.04522
      vertex 20.1449 18.8622 2.04522
      vertex 20.1449 19.9397 2.04522
    endloop
  endfacet
  facet normal 0 0 1
    outer loop
      vertex 20.1449 19.9397 2.04522
      vertex 18.7119 19.9412 2.04522
      vertex 17.4844 19.9412 2.04522
    endloop
  endfacet
  facet normal 0 0 1
    outer loop
      vertex 20.1449 19.9397 2.04522
      vertex 17.4844 19.9412 2.04522
      vertex 17.4467 18.8622 2.04522
    endloop
  endfacet
  facet normal 0 0 1
    outer loop
      vertex 17.5582 22.0544 2.04522
      vertex 19.0178 22.0544 2.04522
      vertex 19.3645 23.4399 2.04522
    endloop
  endfacet
  facet normal 0 0 1
    outer loop
      vertex 19.3645 23.4399 2.04522
      vertex 17.6066 23.4399 2.04522
      vertex 17.5582 22.0544 2.04522
    endloop
  endfacet
  facet normal -0.999998 0.000562425 0.00170212
    outer loop
      vertex 19.5105 31.0836 3.52837
      vertex 19.5108 31.5855 3.52837
      vertex 19.51 31.5855 3.07791
    endloop
  endfacet
  facet normal -0.999998 0.000646028 0.00179528
    outer loop
      vertex 19.51 31.5855 3.07791
      vertex 19.5097 31.0836 3.07791
      vertex 19.5105 31.0836 3.52837
    endloop
  endfacet
  facet normal -0.00102887 -0.999999 0.00100167
    outer loop
      vertex 18.7119 19.9415 2.40892
      vertex 18.7119 19.9412 2.04522
      vertex 20.1449 19.9397 2.04522
    endloop
  endfacet
  facet normal -1 0 0
    outer loop
      vertex 20.1449 19.9397 2.04522
      vertex 20.1449 19.9397 2.6263
      vertex 20.1449 19.9415 2.6263
    endloop
  endfacet
  facet normal -0.000480002 -0.999995 0.00316426
    outer loop
      vertex 20.1449 19.9397 2.04522
      vertex 20.1449 19.9415 2.6263
      vertex 18.7119 19.9415 2.40892
    endloop
  endfacet
  facet normal -0.000296773 -1 0.000945176
    outer loop
      vertex 18.7119 19.9401 1.01277
      vertex 18.7119 19.9402 1.07734
      vertex 17.4843 19.9406 1.07734
    endloop
  endfacet
  facet normal -0.000297072 -1 0.000620272
    outer loop
      vertex 17.4843 19.9406 1.07734
      vertex 17.2789 19.9406 1.07734
      vertex 17.2789 19.9406 1.01277
    endloop
  endfacet
  facet normal -0.000311457 -1 0.00066604
    outer loop
      vertex 17.4843 19.9406 1.07734
      vertex 17.2789 19.9406 1.01277
      vertex 18.7119 19.9401 1.01277
    endloop
  endfacet
  facet normal 0 0 1
    outer loop
      vertex 19.3645 23.4399 2.04522
      vertex 19.6022 24.3899 2.04522
      vertex 17.5246 25.0665 2.04522
    endloop
  endfacet
  facet normal 0 0 1
    outer loop
      vertex 17.5246 25.0665 2.04522
      vertex 17.6066 23.4399 2.04522
      vertex 19.3645 23.4399 2.04522
    endloop
  endfacet
  facet normal 0 0 1
    outer loop
      vertex 20.5314 14.0608 2.04522
      vertex 20.5314 15.8337 2.04522
      vertex 18.3745 15.8337 2.04522
    endloop
  endfacet
  facet normal 0 0 1
    outer loop
      vertex 18.3745 15.8337 2.04522
      vertex 18.3745 14.0608 2.04522
      vertex 20.5314 14.0608 2.04522
    endloop
  endfacet
  facet normal 0.371569 0.928405 -0.000456747
    outer loop
      vertex 17.2802 22.0544 2.04522
      vertex 16.5155 22.3605 2.04522
      vertex 16.5164 22.3611 4.07408
    endloop
  endfacet
  facet normal 0.371184 0.928559 -0.000625071
    outer loop
      vertex 16.5164 22.3611 4.07408
      vertex 17.2814 22.055 3.52837
      vertex 17.2802 22.0544 2.04522
    endloop
  endfacet
  facet normal 0 0 1
    outer loop
      vertex 14.9911 19.5701 2.04522
      vertex 14.4129 19.5702 2.04522
      vertex 14.4129 19.1224 2.04522
    endloop
  endfacet
  facet normal 0 0 1
    outer loop
      vertex 14.4129 19.1224 2.04522
      vertex 14.9887 19.1224 2.04522
      vertex 14.9911 19.5701 2.04522
    endloop
  endfacet
  facet normal 0 0 1
    outer loop
      vertex 20.5314 16.9043 2.04522
      vertex 20.5314 17.557 2.04522
      vertex 18.3745 17.557 2.04522
    endloop
  endfacet
  facet normal 0 0 1
    outer loop
      vertex 18.3745 17.557 2.04522
      vertex 18.3745 16.9043 2.04522
      vertex 20.5314 16.9043 2.04522
    endloop
  endfacet
  facet normal 0 0 1
    outer loop
      vertex 16.2325 19.5701 2.04522
      vertex 14.9911 19.5701 2.04522
      vertex 14.9887 19.1224 2.04522
    endloop
  endfacet
  facet normal 0 0 1
    outer loop
      vertex 14.9887 19.1224 2.04522
      vertex 16.3462 18.8622 2.04522
      vertex 16.2325 19.5701 2.04522
    endloop
  endfacet
  facet normal -0.000209645 -1 0.000325034
    outer loop
      vertex 16.5145 19.5696 1.01277
      vertex 16.5146 19.5696 1.07734
      vertex 16.2325 19.5697 1.07734
    endloop
  endfacet
  facet normal -0.000316686 -1 0
    outer loop
      vertex 14.9911 19.5701 1.07734
      vertex 14.4129 19.5702 1.07734
      vertex 14.4129 19.5702 1.01277
    endloop
  endfacet
  facet normal -0.000325722 -1 -0.000181869
    outer loop
      vertex 16.5145 19.5696 1.01277
      vertex 16.2325 19.5697 1.07734
      vertex 14.9911 19.5701 1.07734
    endloop
  endfacet
  facet normal -0.000317648 -1 8.61005e-06
    outer loop
      vertex 14.9911 19.5701 1.07734
      vertex 14.4129 19.5702 1.01277
      vertex 16.5145 19.5696 1.01277
    endloop
  endfacet
  facet normal 0 0 -1
    outer loop
      vertex 16.3462 18.8622 1.07734
      vertex 16.2325 19.5697 1.07734
      vertex 16.5146 19.5696 1.07734
    endloop
  endfacet
  facet normal 0 0 -1
    outer loop
      vertex 16.5146 19.5696 1.07734
      vertex 17.2789 19.9406 1.07734
      vertex 17.4843 19.9406 1.07734
    endloop
  endfacet
  facet normal 0 0 -1
    outer loop
      vertex 17.4843 19.9406 1.07734
      vertex 17.4467 18.8622 1.07734
      vertex 16.3462 18.8622 1.07734
    endloop
  endfacet
  facet normal 0 0 -1
    outer loop
      vertex 16.5146 19.5696 1.07734
      vertex 17.4843 19.9406 1.07734
      vertex 16.3462 18.8622 1.07734
    endloop
  endfacet
  facet normal 0 0 1
    outer loop
      vertex 20.5314 12.9901 2.29686
      vertex 20.5314 14.0608 2.29686
      vertex 18.1449 14.0608 2.29686
    endloop
  endfacet
  facet normal 0 0 1
    outer loop
      vertex 18.1449 14.0608 2.29686
      vertex 18.1449 12.9901 2.29686
      vertex 20.5314 12.9901 2.29686
    endloop
  endfacet
  facet normal 0 0 1
    outer loop
      vertex 19.5118 10.7955 1.01277
      vertex 19.5118 11.5103 1.01277
      vertex 19.325 11.4984 1.01277
    endloop
  endfacet
  facet normal 0 0 1
    outer loop
      vertex 19.325 11.4984 1.01277
      vertex 19.325 10.7956 1.01277
      vertex 19.5118 10.7955 1.01277
    endloop
  endfacet
  facet normal -0.970169 0.242419 -0.00240708
    outer loop
      vertex 19.6378 24.5553 1.07734
      vertex 20.0555 26.2268 1.07734
      vertex 20.0557 26.2268 1.01277
    endloop
  endfacet
  facet normal -0.970084 0.242712 0.00536462
    outer loop
      vertex 20.0557 26.2268 1.01277
      vertex 19.0116 22.054 1.01277
      vertex 19.012 22.0541 1.07734
    endloop
  endfacet
  facet normal -0.970089 0.242694 0.00521402
    outer loop
      vertex 19.3588 23.4399 1.07734
      vertex 19.6378 24.5553 1.07734
      vertex 20.0557 26.2268 1.01277
    endloop
  endfacet
  facet normal -0.970063 0.24274 0.00748961
    outer loop
      vertex 20.0557 26.2268 1.01277
      vertex 19.012 22.0541 1.07734
      vertex 19.3588 23.4399 1.07734
    endloop
  endfacet
  facet normal 0 0 -1
    outer loop
      vertex 14.4129 19.5702 1.07734
      vertex 14.9911 19.5701 1.07734
      vertex 14.9887 19.1224 1.07734
    endloop
  endfacet
  facet normal 0 0 -1
    outer loop
      vertex 14.9887 19.1224 1.07734
      vertex 14.4129 19.1224 1.07734
      vertex 14.4129 19.5702 1.07734
    endloop
  endfacet
  facet normal 0 1 -0.000324904
    outer loop
      vertex 17.2795 22.054 1.01277
      vertex 17.2795 22.0541 1.07734
      vertex 17.5582 22.0541 1.07734
    endloop
  endfacet
  facet normal 0 1 -0.000324904
    outer loop
      vertex 17.5582 22.0541 1.07734
      vertex 19.012 22.0541 1.07734
      vertex 19.0116 22.054 1.01277
    endloop
  endfacet
  facet normal 0 1 -0.000324904
    outer loop
      vertex 17.5582 22.0541 1.07734
      vertex 19.0116 22.054 1.01277
      vertex 17.2795 22.054 1.01277
    endloop
  endfacet
  facet normal 0 0 1
    outer loop
      vertex 23.3615 11.5074 1.01277
      vertex 23.2226 10.7955 1.01277
      vertex 23.4967 10.7955 1.01277
    endloop
  endfacet
  facet normal 0 0 1
    outer loop
      vertex 23.4967 10.7955 1.01277
      vertex 23.7288 11.4956 1.01277
      vertex 23.3615 11.5074 1.01277
    endloop
  endfacet
  facet normal 0.0198736 -0.00467365 0.999792
    outer loop
      vertex 21.0938 22.7244 2.63055
      vertex 21.2944 22.6668 2.6263
      vertex 21.4832 23.4698 2.6263
    endloop
  endfacet
  facet normal 0.0198683 -0.00467091 0.999792
    outer loop
      vertex 21.4832 23.4698 2.6263
      vertex 21.36 23.5051 2.62891
      vertex 21.0938 22.7244 2.63055
    endloop
  endfacet
  facet normal 0.946489 -0.322735 0
    outer loop
      vertex 21.0938 22.7244 2.63055
      vertex 21.36 23.5051 2.62891
      vertex 21.36 23.5051 3.07654
    endloop
  endfacet
  facet normal 0.946489 -0.322735 0
    outer loop
      vertex 21.36 23.5051 3.07654
      vertex 21.0938 22.7244 3.07654
      vertex 21.0938 22.7244 2.63055
    endloop
  endfacet
  facet normal 0 0 1
    outer loop
      vertex 21.916 22.4884 2.6263
      vertex 23.3615 21.42 2.6263
      vertex 23.3615 26.2268 2.6263
    endloop
  endfacet
  facet normal 0 0 1
    outer loop
      vertex 23.3615 26.2268 2.6263
      vertex 22.3165 24.0289 2.6263
      vertex 22.1049 23.2913 2.6263
    endloop
  endfacet
  facet normal 0 0 1
    outer loop
      vertex 23.3615 26.2268 2.6263
      vertex 22.1049 23.2913 2.6263
      vertex 21.916 22.4884 2.6263
    endloop
  endfacet
  facet normal 0 0 1
    outer loop
      vertex 23.3615 26.2268 2.6263
      vertex 22.288 26.2268 2.6263
      vertex 21.6949 24.2073 2.6263
    endloop
  endfacet
  facet normal 0 0 1
    outer loop
      vertex 21.6949 24.2073 2.6263
      vertex 22.3165 24.0289 2.6263
      vertex 23.3615 26.2268 2.6263
    endloop
  endfacet
  facet normal 0.019573 -0.00574889 0.999792
    outer loop
      vertex 21.608 24.2322 2.62814
      vertex 21.6949 24.2073 2.6263
      vertex 22.288 26.2268 2.6263
    endloop
  endfacet
  facet normal 0.946497 -0.322714 0
    outer loop
      vertex 21.608 24.2322 2.62814
      vertex 22.288 26.2268 2.6263
      vertex 22.288 26.2268 3.07654
    endloop
  endfacet
  facet normal 0.946497 -0.322714 0
    outer loop
      vertex 22.288 26.2268 3.07654
      vertex 21.608 24.2322 3.07654
      vertex 21.608 24.2322 2.62814
    endloop
  endfacet
  facet normal 0 0 1
    outer loop
      vertex 18.0849 17.8738 2.04522
      vertex 20.5314 17.8738 2.04522
      vertex 20.5314 18.0342 2.04522
    endloop
  endfacet
  facet normal 0 0 1
    outer loop
      vertex 20.5314 18.0342 2.04522
      vertex 17.4467 17.8738 2.04522
      vertex 18.0849 17.8738 2.04522
    endloop
  endfacet
  facet normal 0 0 -1
    outer loop
      vertex 17.4467 17.8738 1.07734
      vertex 20.5314 18.0099 1.07734
      vertex 20.5314 17.8738 1.07734
    endloop
  endfacet
  facet normal 0 0 0
    outer loop
      vertex 20.5314 17.8738 1.07734
      vertex 18.0849 17.8738 1.07734
      vertex 17.4467 17.8738 1.07734
    endloop
  endfacet
  facet normal 1 0 0
    outer loop
      vertex 10.6809 15.8337 0.830595
      vertex 10.6809 16.9043 0.830595
      vertex 10.6809 16.9043 2.29686
    endloop
  endfacet
  facet normal 1 0 0
    outer loop
      vertex 10.6809 16.9043 2.29686
      vertex 10.6809 15.8337 2.29686
      vertex 10.6809 15.8337 0.830595
    endloop
  endfacet
  facet normal 0 1 0
    outer loop
      vertex 10.4513 16.9043 1.07734
      vertex 10.6809 16.9043 0.830595
      vertex 8.50606 16.9043 0.830595
    endloop
  endfacet
  facet normal 0 1 0
    outer loop
      vertex 8.50606 16.9043 1.01277
      vertex 8.29442 16.9043 1.01277
      vertex 8.29442 16.9043 1.07734
    endloop
  endfacet
  facet normal 0 1 0
    outer loop
      vertex 10.4513 16.9043 1.07734
      vertex 8.50606 16.9043 0.830595
      vertex 8.50606 16.9043 1.01277
    endloop
  endfacet
  facet normal 0 1 0
    outer loop
      vertex 8.50606 16.9043 1.01277
      vertex 8.29442 16.9043 1.07734
      vertex 10.4513 16.9043 1.07734
    endloop
  endfacet
  facet normal 0 0 -1
    outer loop
      vertex 10.6809 16.9043 0.830595
      vertex 10.6809 15.8337 0.830595
      vertex 8.50606 15.8337 0.830595
    endloop
  endfacet
  facet normal 0 0 -1
    outer loop
      vertex 8.50606 15.8337 0.830595
      vertex 8.50606 16.9043 0.830595
      vertex 10.6809 16.9043 0.830595
    endloop
  endfacet
  facet normal 1 0 0
    outer loop
      vertex 10.6809 12.9901 0.830595
      vertex 10.6809 14.0608 0.830595
      vertex 10.6809 14.0608 2.29686
    endloop
  endfacet
  facet normal 1 0 0
    outer loop
      vertex 10.6809 14.0608 2.29686
      vertex 10.6809 12.9901 2.29686
      vertex 10.6809 12.9901 0.830595
    endloop
  endfacet
  facet normal 0 1 0
    outer loop
      vertex 10.6809 14.0608 0.830595
      vertex 8.50606 14.0608 0.830595
      vertex 8.50606 14.0608 1.01277
    endloop
  endfacet
  facet normal 0 1 0
    outer loop
      vertex 8.50606 14.0608 1.01277
      vertex 8.29442 14.0608 1.01277
      vertex 8.29442 14.0608 1.07734
    endloop
  endfacet
  facet normal 0 1 0
    outer loop
      vertex 10.4513 14.0608 1.07734
      vertex 10.4513 14.0608 2.04522
      vertex 10.6809 14.0608 2.29686
    endloop
  endfacet
  facet normal 0 1 0
    outer loop
      vertex 8.50606 14.0608 1.01277
      vertex 8.29442 14.0608 1.07734
      vertex 10.4513 14.0608 1.07734
    endloop
  endfacet
  facet normal 0 1 0
    outer loop
      vertex 10.4513 14.0608 1.07734
      vertex 10.6809 14.0608 2.29686
      vertex 10.6809 14.0608 0.830595
    endloop
  endfacet
  facet normal 0 1 0
    outer loop
      vertex 10.6809 14.0608 0.830595
      vertex 8.50606 14.0608 1.01277
      vertex 10.4513 14.0608 1.07734
    endloop
  endfacet
  facet normal 0 0 -1
    outer loop
      vertex 10.6809 14.0608 0.830595
      vertex 10.6809 12.9901 0.830595
      vertex 8.50606 12.9901 0.830595
    endloop
  endfacet
  facet normal 0 0 -1
    outer loop
      vertex 8.50606 12.9901 0.830595
      vertex 8.50606 14.0608 0.830595
      vertex 10.6809 14.0608 0.830595
    endloop
  endfacet
  facet normal 0 0 -1
    outer loop
      vertex 10.4513 17.557 1.07734
      vertex 10.4513 16.9043 1.07734
      vertex 8.29442 16.9043 1.07734
    endloop
  endfacet
  facet normal 0 0 -1
    outer loop
      vertex 8.29442 16.9043 1.07734
      vertex 8.29442 17.557 1.07734
      vertex 10.4513 17.557 1.07734
    endloop
  endfacet
  facet normal 0 -1 0
    outer loop
      vertex 12.4797 18.8622 2.04522
      vertex 11.3791 18.8622 2.04522
      vertex 11.3791 18.8622 1.07734
    endloop
  endfacet
  facet normal 0 -1 0
    outer loop
      vertex 11.3791 18.8622 1.07734
      vertex 12.4797 18.8622 1.07734
      vertex 12.4797 18.8622 2.04522
    endloop
  endfacet
  facet normal 1 0 0
    outer loop
      vertex 11.3791 17.8738 1.07734
      vertex 11.3791 18.8622 1.07734
      vertex 11.3791 18.8622 2.04522
    endloop
  endfacet
  facet normal 1 0 0
    outer loop
      vertex 11.3791 18.8622 2.04522
      vertex 11.3791 17.8738 2.04522
      vertex 11.3791 17.8738 1.07734
    endloop
  endfacet
  facet normal 0 0 -1
    outer loop
      vertex 11.2192 23.4399 1.07734
      vertex 13.2149 23.4399 1.07734
      vertex 13.0415 22.3602 1.07734
    endloop
  endfacet
  facet normal 0 0 -1
    outer loop
      vertex 12.3107 22.3602 1.07734
      vertex 11.5463 22.0541 1.07734
      vertex 11.2677 22.0541 1.07734
    endloop
  endfacet
  facet normal 0 0 -1
    outer loop
      vertex 11.2192 23.4399 1.07734
      vertex 13.0415 22.3602 1.07734
      vertex 12.3107 22.3602 1.07734
    endloop
  endfacet
  facet normal 0 0 -1
    outer loop
      vertex 12.3107 22.3602 1.07734
      vertex 11.2677 22.0541 1.07734
      vertex 11.2192 23.4399 1.07734
    endloop
  endfacet
  facet normal 0 0 -1
    outer loop
      vertex 11.2192 23.4399 1.07734
      vertex 11.2677 22.0541 1.07734
      vertex 9.81384 22.0541 1.07734
    endloop
  endfacet
  facet normal 0 0 -1
    outer loop
      vertex 9.81384 22.0541 1.07734
      vertex 9.46706 23.4399 1.07734
      vertex 11.2192 23.4399 1.07734
    endloop
  endfacet
  facet normal 0 0 1
    outer loop
      vertex 13.8139 23.4399 2.04522
      vertex 13.8197 22.3605 2.04522
      vertex 14.4129 22.3605 2.04522
    endloop
  endfacet
  facet normal 0 0 1
    outer loop
      vertex 14.4129 22.3605 2.04522
      vertex 14.4129 23.4399 2.04522
      vertex 13.8139 23.4399 2.04522
    endloop
  endfacet
  facet normal 0 0 -1
    outer loop
      vertex 9.31915 31.5855 1.07734
      vertex 10.2314 31.5855 1.07734
      vertex 10.2322 25.0665 1.07734
    endloop
  endfacet
  facet normal 0 0 -1
    outer loop
      vertex 10.2322 25.0665 1.07734
      vertex 9.18801 24.5553 1.07734
      vertex 8.77035 26.2268 1.07734
    endloop
  endfacet
  facet normal 0 0 -1
    outer loop
      vertex 8.77035 26.2268 1.07734
      vertex 8.76817 30.5991 1.07734
      vertex 9.31971 31.0836 1.07734
    endloop
  endfacet
  facet normal 0 0 -1
    outer loop
      vertex 9.31971 31.0836 1.07734
      vertex 9.31915 31.5855 1.07734
      vertex 10.2322 25.0665 1.07734
    endloop
  endfacet
  facet normal 0 0 -1
    outer loop
      vertex 10.2322 25.0665 1.07734
      vertex 8.77035 26.2268 1.07734
      vertex 9.31971 31.0836 1.07734
    endloop
  endfacet
  facet normal 0 0 -1
    outer loop
      vertex 12.0856 31.5855 1.07734
      vertex 12.0886 26.7784 1.07734
      vertex 10.2322 25.0665 1.07734
    endloop
  endfacet
  facet normal 0 0 -1
    outer loop
      vertex 10.2322 25.0665 1.07734
      vertex 10.2314 31.5855 1.07734
      vertex 12.0856 31.5855 1.07734
    endloop
  endfacet
  facet normal 1 0.000630875 0
    outer loop
      vertex 12.0856 31.5855 2.04522
      vertex 12.0886 26.7784 2.04522
      vertex 12.0886 26.7784 1.07734
    endloop
  endfacet
  facet normal 1 0.000630875 0
    outer loop
      vertex 12.0886 26.7784 1.07734
      vertex 12.0856 31.5855 1.07734
      vertex 12.0856 31.5855 2.04522
    endloop
  endfacet
  facet normal 0 0 -1
    outer loop
      vertex 10.2322 25.0665 1.07734
      vertex 11.2192 23.4399 1.07734
      vertex 9.46706 23.4399 1.07734
    endloop
  endfacet
  facet normal 0 0 -1
    outer loop
      vertex 9.46706 23.4399 1.07734
      vertex 9.18801 24.5553 1.07734
      vertex 10.2322 25.0665 1.07734
    endloop
  endfacet
  facet normal 0 0 -1
    outer loop
      vertex 12.0886 26.7784 1.07734
      vertex 13.2149 23.4399 1.07734
      vertex 11.2192 23.4399 1.07734
    endloop
  endfacet
  facet normal 0 0 -1
    outer loop
      vertex 11.2192 23.4399 1.07734
      vertex 10.2322 25.0665 1.07734
      vertex 12.0886 26.7784 1.07734
    endloop
  endfacet
  facet normal 0.947535 0.319652 0
    outer loop
      vertex 12.0886 26.7784 2.04522
      vertex 13.2149 23.4399 2.04522
      vertex 13.2149 23.4399 1.07734
    endloop
  endfacet
  facet normal 0.947535 0.319652 0
    outer loop
      vertex 13.2149 23.4399 1.07734
      vertex 12.0886 26.7784 1.07734
      vertex 12.0886 26.7784 2.04522
    endloop
  endfacet
  facet normal 0 0 1
    outer loop
      vertex 11.3012 25.0665 2.04522
      vertex 11.2192 23.4399 2.04522
      vertex 13.2149 23.4399 2.04522
    endloop
  endfacet
  facet normal 0 0 1
    outer loop
      vertex 13.2149 23.4399 2.04522
      vertex 12.0886 26.7784 2.04522
      vertex 11.3012 25.0665 2.04522
    endloop
  endfacet
  facet normal 0 1 0
    outer loop
      vertex 13.8139 23.4399 1.07734
      vertex 13.8139 23.4399 2.04522
      vertex 14.4129 23.4399 2.04522
    endloop
  endfacet
  facet normal 0 1 0
    outer loop
      vertex 14.4129 23.4399 2.04522
      vertex 14.4129 23.4399 1.07734
      vertex 13.8139 23.4399 1.07734
    endloop
  endfacet
  facet normal 0 0 1
    outer loop
      vertex 11.3004 31.5855 2.04522
      vertex 11.3012 25.0665 2.04522
      vertex 12.0886 26.7784 2.04522
    endloop
  endfacet
  facet normal 0 0 1
    outer loop
      vertex 12.0886 26.7784 2.04522
      vertex 12.0856 31.5855 2.04522
      vertex 11.3004 31.5855 2.04522
    endloop
  endfacet
  facet normal 0 0 1
    outer loop
      vertex 13.2149 23.4399 2.04522
      vertex 11.2192 23.4399 2.04522
      vertex 11.2676 22.0544 2.04522
    endloop
  endfacet
  facet normal 0 0 1
    outer loop
      vertex 11.2676 22.0544 2.04522
      vertex 11.5456 22.0544 2.04522
      vertex 12.3103 22.3605 2.04522
    endloop
  endfacet
  facet normal 0 0 1
    outer loop
      vertex 12.3103 22.3605 2.04522
      vertex 13.0415 22.3605 2.04522
      vertex 13.2149 23.4399 2.04522
    endloop
  endfacet
  facet normal 0 0 1
    outer loop
      vertex 11.2676 22.0544 2.04522
      vertex 12.3103 22.3605 2.04522
      vertex 13.2149 23.4399 2.04522
    endloop
  endfacet
  facet normal 0 0 -1
    outer loop
      vertex 13.8139 23.4399 1.07734
      vertex 13.8197 22.3602 1.07734
      vertex 13.0415 22.3602 1.07734
    endloop
  endfacet
  facet normal 0 0 -1
    outer loop
      vertex 13.0415 22.3602 1.07734
      vertex 13.2149 23.4399 1.07734
      vertex 13.8139 23.4399 1.07734
    endloop
  endfacet
  facet normal 0.188304 -0.982111 0
    outer loop
      vertex 13.8371 19.1224 2.04522
      vertex 12.4797 18.8622 2.04522
      vertex 12.4797 18.8622 1.07734
    endloop
  endfacet
  facet normal 0.188304 -0.982111 0
    outer loop
      vertex 12.4797 18.8622 1.07734
      vertex 13.8371 19.1224 1.07734
      vertex 13.8371 19.1224 2.04522
    endloop
  endfacet
  facet normal 0.309632 -0.950857 0
    outer loop
      vertex 11.3012 25.0665 2.04522
      vertex 11.3012 25.0665 3.07791
      vertex 9.22509 24.3904 3.07791
    endloop
  endfacet
  facet normal 0.309627 -0.950858 -1.13358e-05
    outer loop
      vertex 9.22509 24.3904 3.07791
      vertex 9.22364 24.3899 2.04522
      vertex 11.3012 25.0665 2.04522
    endloop
  endfacet
  facet normal 1 0.000124054 0
    outer loop
      vertex 11.3004 31.5855 2.04522
      vertex 11.3004 31.5855 3.07791
      vertex 11.3012 25.0665 3.07791
    endloop
  endfacet
  facet normal 1 0.000124054 0
    outer loop
      vertex 11.3012 25.0665 3.07791
      vertex 11.3012 25.0665 2.04522
      vertex 11.3004 31.5855 2.04522
    endloop
  endfacet
  facet normal 0 -1 0
    outer loop
      vertex 10.7409 17.8738 1.07734
      vertex 11.3791 17.8738 1.07734
      vertex 11.3791 17.8738 2.04522
    endloop
  endfacet
  facet normal 0 -1 0
    outer loop
      vertex 11.3791 17.8738 2.04522
      vertex 10.7409 17.8738 2.04522
      vertex 10.7409 17.8738 1.07734
    endloop
  endfacet
  facet normal 0 0 -1
    outer loop
      vertex 8.68091 18.8622 1.07734
      vertex 11.3791 18.8622 1.07734
      vertex 11.3791 17.8738 1.07734
    endloop
  endfacet
  facet normal 0 0 -1
    outer loop
      vertex 11.3791 17.8738 1.07734
      vertex 8.29442 18.0099 1.07734
      vertex 8.29442 18.2156 1.07734
    endloop
  endfacet
  facet normal 0 0 -1
    outer loop
      vertex 8.68091 18.8238 1.07734
      vertex 8.68091 18.8622 1.07734
      vertex 11.3791 17.8738 1.07734
    endloop
  endfacet
  facet normal 0 0 -1
    outer loop
      vertex 11.3791 17.8738 1.07734
      vertex 8.29442 18.2156 1.07734
      vertex 8.68091 18.8238 1.07734
    endloop
  endfacet
  facet normal 0.738036 -0.674761 0
    outer loop
      vertex 10.4513 17.557 1.07734
      vertex 10.7409 17.8738 1.07734
      vertex 10.7409 17.8738 2.04522
    endloop
  endfacet
  facet normal 0.738036 -0.674761 0
    outer loop
      vertex 10.7409 17.8738 2.04522
      vertex 10.4513 17.557 2.04522
      vertex 10.4513 17.557 1.07734
    endloop
  endfacet
  facet normal 1 0 0
    outer loop
      vertex 10.4513 11.5063 1.07734
      vertex 10.4513 12.9901 1.07734
      vertex 10.4513 12.9901 2.04522
    endloop
  endfacet
  facet normal 1 0 0
    outer loop
      vertex 10.4513 12.9901 2.04522
      vertex 10.4513 11.5063 2.04522
      vertex 10.4513 11.5063 1.07734
    endloop
  endfacet
  facet normal 0 0 -1
    outer loop
      vertex 10.7409 17.8738 1.07734
      vertex 10.4513 17.557 1.07734
      vertex 8.29442 17.557 1.07734
    endloop
  endfacet
  facet normal 0 0 -1
    outer loop
      vertex 8.29442 17.557 1.07734
      vertex 8.29442 17.8738 1.07734
      vertex 10.7409 17.8738 1.07734
    endloop
  endfacet
  facet normal 0 -1 0
    outer loop
      vertex 14.4129 19.1224 2.04522
      vertex 13.8371 19.1224 2.04522
      vertex 13.8371 19.1224 1.07734
    endloop
  endfacet
  facet normal 0 -1 0
    outer loop
      vertex 13.8371 19.1224 1.07734
      vertex 14.4129 19.1224 1.07734
      vertex 14.4129 19.1224 2.04522
    endloop
  endfacet
  facet normal 0 0 -1
    outer loop
      vertex 14.4129 23.4399 1.07734
      vertex 14.4129 22.3602 1.07734
      vertex 13.8197 22.3602 1.07734
    endloop
  endfacet
  facet normal 0 0 -1
    outer loop
      vertex 13.8197 22.3602 1.07734
      vertex 13.8139 23.4399 1.07734
      vertex 14.4129 23.4399 1.07734
    endloop
  endfacet
  facet normal 0 1 0
    outer loop
      vertex 13.2149 23.4399 1.07734
      vertex 13.2149 23.4399 2.04522
      vertex 13.8139 23.4399 2.04522
    endloop
  endfacet
  facet normal 0 1 0
    outer loop
      vertex 13.8139 23.4399 2.04522
      vertex 13.8139 23.4399 1.07734
      vertex 13.2149 23.4399 1.07734
    endloop
  endfacet
  facet normal 0 0 1
    outer loop
      vertex 13.2149 23.4399 2.04522
      vertex 13.0415 22.3605 2.04522
      vertex 13.8197 22.3605 2.04522
    endloop
  endfacet
  facet normal 0 0 1
    outer loop
      vertex 13.8197 22.3605 2.04522
      vertex 13.8139 23.4399 2.04522
      vertex 13.2149 23.4399 2.04522
    endloop
  endfacet
  facet normal 1 0 0
    outer loop
      vertex 10.4513 14.0608 1.07734
      vertex 10.4513 15.8337 1.07734
      vertex 10.4513 15.8337 2.04522
    endloop
  endfacet
  facet normal 1 0 0
    outer loop
      vertex 10.4513 15.8337 2.04522
      vertex 10.4513 14.0608 2.04522
      vertex 10.4513 14.0608 1.07734
    endloop
  endfacet
  facet normal 1 0 0
    outer loop
      vertex 10.4513 16.9043 1.07734
      vertex 10.4513 17.557 1.07734
      vertex 10.4513 17.557 2.04522
    endloop
  endfacet
  facet normal 1 0 0
    outer loop
      vertex 10.4513 17.557 2.04522
      vertex 10.4513 16.9043 2.04522
      vertex 10.4513 16.9043 1.07734
    endloop
  endfacet
  facet normal 0 0 -1
    outer loop
      vertex 10.4513 15.8337 1.07734
      vertex 10.4513 14.0608 1.07734
      vertex 8.29442 14.0608 1.07734
    endloop
  endfacet
  facet normal 0 0 -1
    outer loop
      vertex 8.29442 14.0608 1.07734
      vertex 8.29442 15.8337 1.07734
      vertex 10.4513 15.8337 1.07734
    endloop
  endfacet
  facet normal 0 0 -1
    outer loop
      vertex 8.29442 12.9901 1.07734
      vertex 10.4513 12.9901 1.07734
      vertex 10.4513 11.5063 1.07734
    endloop
  endfacet
  facet normal 0 0 -1
    outer loop
      vertex 10.4513 11.5063 1.07734
      vertex 9.31405 11.5063 1.07734
      vertex 9.31405 11.5102 1.07734
    endloop
  endfacet
  facet normal 0 0 -1
    outer loop
      vertex 9.31405 11.5102 1.07734
      vertex 8.29442 12.5203 1.07734
      vertex 8.29442 12.9901 1.07734
    endloop
  endfacet
  facet normal 0 0 -1
    outer loop
      vertex 10.4513 11.5063 1.07734
      vertex 9.31405 11.5102 1.07734
      vertex 8.29442 12.9901 1.07734
    endloop
  endfacet
  facet normal 0 -1 0
    outer loop
      vertex 10.4513 12.9901 1.07734
      vertex 10.6809 12.9901 0.830595
      vertex 10.6809 12.9901 2.29686
    endloop
  endfacet
  facet normal 0 -1 0
    outer loop
      vertex 10.6809 12.9901 2.29686
      vertex 8.29442 12.9901 2.29686
      vertex 8.29442 12.9901 2.04522
    endloop
  endfacet
  facet normal 0 -1 0
    outer loop
      vertex 10.4513 12.9901 2.04522
      vertex 10.4513 12.9901 1.07734
      vertex 10.6809 12.9901 2.29686
    endloop
  endfacet
  facet normal 0 -1 0
    outer loop
      vertex 10.6809 12.9901 2.29686
      vertex 8.29442 12.9901 2.04522
      vertex 10.4513 12.9901 2.04522
    endloop
  endfacet
  facet normal 0 1 0
    outer loop
      vertex 10.6809 16.9043 0.830595
      vertex 10.4513 16.9043 1.07734
      vertex 10.4513 16.9043 2.04522
    endloop
  endfacet
  facet normal 0 1 0
    outer loop
      vertex 10.4513 16.9043 2.04522
      vertex 8.29442 16.9043 2.04522
      vertex 8.29442 16.9043 2.29686
    endloop
  endfacet
  facet normal 0 1 0
    outer loop
      vertex 10.6809 16.9043 2.29686
      vertex 10.6809 16.9043 0.830595
      vertex 10.4513 16.9043 2.04522
    endloop
  endfacet
  facet normal 0 1 0
    outer loop
      vertex 10.4513 16.9043 2.04522
      vertex 8.29442 16.9043 2.29686
      vertex 10.6809 16.9043 2.29686
    endloop
  endfacet
  facet normal 0.000413173 1 0
    outer loop
      vertex 5.44677 11.0798 1.71001
      vertex 5.25058 11.0799 1.71067
      vertex 5.25058 11.0799 2.67093
    endloop
  endfacet
  facet normal 0.000413173 1 0
    outer loop
      vertex 5.25058 11.0799 2.67093
      vertex 5.44677 11.0798 2.90986
      vertex 5.44677 11.0798 1.71001
    endloop
  endfacet
  facet normal -1 0.00044887 0
    outer loop
      vertex 5.25058 11.0799 1.71067
      vertex 5.25042 10.7198 1.71067
      vertex 5.25042 10.7198 2.67093
    endloop
  endfacet
  facet normal -1 0.00044887 0
    outer loop
      vertex 5.25042 10.7198 2.67093
      vertex 5.25058 11.0799 2.67093
      vertex 5.25058 11.0799 1.71067
    endloop
  endfacet
  facet normal -0.000116812 -1 0
    outer loop
      vertex 5.44661 10.7197 2.90986
      vertex 5.44661 10.7197 1.71001
      vertex 5.61806 10.7196 1.70999
    endloop
  endfacet
  facet normal -0.000105596 -1 0
    outer loop
      vertex 5.61806 10.7196 2.6263
      vertex 6.9547 10.7195 2.6263
      vertex 6.9547 10.7195 2.91134
    endloop
  endfacet
  facet normal -0.000116812 -1 0
    outer loop
      vertex 5.44661 10.7197 2.90986
      vertex 5.61806 10.7196 1.70999
      vertex 5.61806 10.7196 2.6263
    endloop
  endfacet
  facet normal -0.000106877 -1 6.0072e-06
    outer loop
      vertex 5.61806 10.7196 2.6263
      vertex 6.9547 10.7195 2.91134
      vertex 5.44661 10.7197 2.90986
    endloop
  endfacet
  facet normal -0.00334911 1.50323e-06 -0.999994
    outer loop
      vertex 5.44677 11.0798 1.71001
      vertex 5.44661 10.7197 1.71001
      vertex 5.25042 10.7198 1.71067
    endloop
  endfacet
  facet normal -0.00334911 1.50332e-06 -0.999994
    outer loop
      vertex 5.25042 10.7198 1.71067
      vertex 5.25058 11.0799 1.71067
      vertex 5.44677 11.0798 1.71001
    endloop
  endfacet
  facet normal -0.000980491 4.40088e-07 1
    outer loop
      vertex 5.44677 11.0798 2.90986
      vertex 5.44661 10.7197 2.90986
      vertex 6.9547 10.7195 2.91134
    endloop
  endfacet
  facet normal -0.000980491 4.40089e-07 1
    outer loop
      vertex 6.9547 10.7195 2.91134
      vertex 6.95486 11.0796 2.91134
      vertex 5.44677 11.0798 2.90986
    endloop
  endfacet
  facet normal -0.772835 0.000346902 0.634607
    outer loop
      vertex 5.25058 11.0799 2.67093
      vertex 5.25042 10.7198 2.67093
      vertex 5.44661 10.7197 2.90986
    endloop
  endfacet
  facet normal -0.772835 0.000346883 0.634607
    outer loop
      vertex 5.44661 10.7197 2.90986
      vertex 5.44677 11.0798 2.90986
      vertex 5.25058 11.0799 2.67093
    endloop
  endfacet
  facet normal -0.000515251 -1 0
    outer loop
      vertex 5.25042 10.7198 1.71067
      vertex 5.44661 10.7197 1.71001
      vertex 5.44661 10.7197 2.90986
    endloop
  endfacet
  facet normal -0.000515251 -1 0
    outer loop
      vertex 5.44661 10.7197 2.90986
      vertex 5.25042 10.7198 2.67093
      vertex 5.25042 10.7198 1.71067
    endloop
  endfacet
  facet normal 0.000515251 1 0
    outer loop
      vertex 5.44677 11.7203 1.71001
      vertex 5.25058 11.7204 1.71067
      vertex 5.25058 11.7204 2.67093
    endloop
  endfacet
  facet normal 0.000515251 1 0
    outer loop
      vertex 5.25058 11.7204 2.67093
      vertex 5.44677 11.7203 2.90986
      vertex 5.44677 11.7203 1.71001
    endloop
  endfacet
  facet normal -1 0.000448845 0
    outer loop
      vertex 5.25058 11.7204 1.71067
      vertex 5.25042 11.3603 1.71067
      vertex 5.25042 11.3603 2.67093
    endloop
  endfacet
  facet normal -1 0.000448845 0
    outer loop
      vertex 5.25042 11.3603 2.67093
      vertex 5.25058 11.7204 2.67093
      vertex 5.25058 11.7204 1.71067
    endloop
  endfacet
  facet normal 0 -1 0
    outer loop
      vertex 5.44661 11.3602 2.90986
      vertex 5.44661 11.3602 1.71001
      vertex 5.49303 11.3602 1.71001
    endloop
  endfacet
  facet normal -0.000110265 -1 0
    outer loop
      vertex 5.49303 11.3602 2.6263
      vertex 6.9547 11.36 2.6263
      vertex 6.9547 11.36 2.91134
    endloop
  endfacet
  facet normal 0 -1 0
    outer loop
      vertex 5.44661 11.3602 2.90986
      vertex 5.49303 11.3602 1.71001
      vertex 5.49303 11.3602 2.6263
    endloop
  endfacet
  facet normal -0.000106854 -1 -1.74924e-05
    outer loop
      vertex 5.49303 11.3602 2.6263
      vertex 6.9547 11.36 2.91134
      vertex 5.44661 11.3602 2.90986
    endloop
  endfacet
  facet normal -0.00334911 1.50323e-06 -0.999994
    outer loop
      vertex 5.44677 11.7203 1.71001
      vertex 5.44661 11.3602 1.71001
      vertex 5.25042 11.3603 1.71067
    endloop
  endfacet
  facet normal -0.00334911 1.50323e-06 -0.999994
    outer loop
      vertex 5.25042 11.3603 1.71067
      vertex 5.25058 11.7204 1.71067
      vertex 5.44677 11.7203 1.71001
    endloop
  endfacet
  facet normal -0.000980491 4.40088e-07 1
    outer loop
      vertex 5.44677 11.7203 2.90986
      vertex 5.44661 11.3602 2.90986
      vertex 6.9547 11.36 2.91134
    endloop
  endfacet
  facet normal -0.000980491 4.40089e-07 1
    outer loop
      vertex 6.9547 11.36 2.91134
      vertex 6.95486 11.7202 2.91134
      vertex 5.44677 11.7203 2.90986
    endloop
  endfacet
  facet normal -0.772835 0.000346883 0.634607
    outer loop
      vertex 5.25058 11.7204 2.67093
      vertex 5.25042 11.3603 2.67093
      vertex 5.44661 11.3602 2.90986
    endloop
  endfacet
  facet normal -0.772835 0.000346883 0.634607
    outer loop
      vertex 5.44661 11.3602 2.90986
      vertex 5.44677 11.7203 2.90986
      vertex 5.25058 11.7204 2.67093
    endloop
  endfacet
  facet normal -0.000515251 -1 0
    outer loop
      vertex 5.25042 11.3603 1.71067
      vertex 5.44661 11.3602 1.71001
      vertex 5.44661 11.3602 2.90986
    endloop
  endfacet
  facet normal -0.000515251 -1 0
    outer loop
      vertex 5.44661 11.3602 2.90986
      vertex 5.25042 11.3603 2.67093
      vertex 5.25042 11.3603 1.71067
    endloop
  endfacet
  facet normal 0.000408312 1 0
    outer loop
      vertex 5.44677 12.335 1.71001
      vertex 5.25058 12.3351 1.71067
      vertex 5.25058 12.3351 2.67093
    endloop
  endfacet
  facet normal 0.000408312 1 0
    outer loop
      vertex 5.25058 12.3351 2.67093
      vertex 5.44677 12.335 2.90986
      vertex 5.44677 12.335 1.71001
    endloop
  endfacet
  facet normal -1 0.000448871 0
    outer loop
      vertex 5.25058 12.3351 1.71067
      vertex 5.25042 11.975 1.71067
      vertex 5.25042 11.975 2.67093
    endloop
  endfacet
  facet normal -1 0.000448871 0
    outer loop
      vertex 5.25042 11.975 2.67093
      vertex 5.25058 12.3351 2.67093
      vertex 5.25058 12.3351 1.71067
    endloop
  endfacet
  facet normal 0 -1 0
    outer loop
      vertex 5.44661 11.9749 2.90986
      vertex 5.44661 11.9749 1.71001
      vertex 5.46432 11.9749 1.71001
    endloop
  endfacet
  facet normal -0.000108781 -1 0
    outer loop
      vertex 5.46432 11.9749 2.6263
      vertex 6.9547 11.9747 2.6263
      vertex 6.9547 11.9747 2.91134
    endloop
  endfacet
  facet normal 0 -1 0
    outer loop
      vertex 5.44661 11.9749 2.90986
      vertex 5.46432 11.9749 1.71001
      vertex 5.46432 11.9749 2.6263
    endloop
  endfacet
  facet normal -0.000107497 -1 -6.71403e-06
    outer loop
      vertex 5.46432 11.9749 2.6263
      vertex 6.9547 11.9747 2.91134
      vertex 5.44661 11.9749 2.90986
    endloop
  endfacet
  facet normal -0.00334911 1.50323e-06 -0.999994
    outer loop
      vertex 5.44677 12.335 1.71001
      vertex 5.44661 11.9749 1.71001
      vertex 5.25042 11.975 1.71067
    endloop
  endfacet
  facet normal -0.00334911 1.50332e-06 -0.999994
    outer loop
      vertex 5.25042 11.975 1.71067
      vertex 5.25058 12.3351 1.71067
      vertex 5.44677 12.335 1.71001
    endloop
  endfacet
  facet normal -0.000980491 4.40088e-07 1
    outer loop
      vertex 5.44677 12.335 2.90986
      vertex 5.44661 11.9749 2.90986
      vertex 6.9547 11.9747 2.91134
    endloop
  endfacet
  facet normal -0.000980491 4.40088e-07 1
    outer loop
      vertex 6.9547 11.9747 2.91134
      vertex 6.95486 12.3349 2.91134
      vertex 5.44677 12.335 2.90986
    endloop
  endfacet
  facet normal -0.772835 0.000346903 0.634607
    outer loop
      vertex 5.25058 12.3351 2.67093
      vertex 5.25042 11.975 2.67093
      vertex 5.44661 11.9749 2.90986
    endloop
  endfacet
  facet normal -0.772835 0.000346883 0.634607
    outer loop
      vertex 5.44661 11.9749 2.90986
      vertex 5.44677 12.335 2.90986
      vertex 5.25058 12.3351 2.67093
    endloop
  endfacet
  facet normal -0.000515251 -1 0
    outer loop
      vertex 5.25042 11.975 1.71067
      vertex 5.44661 11.9749 1.71001
      vertex 5.44661 11.9749 2.90986
    endloop
  endfacet
  facet normal -0.000515251 -1 0
    outer loop
      vertex 5.44661 11.9749 2.90986
      vertex 5.25042 11.975 2.67093
      vertex 5.25042 11.975 1.71067
    endloop
  endfacet
  facet normal 0.0122846 0.0035252 0.999918
    outer loop
      vertex 7.41745 24.2895 3.83222
      vertex 7.62909 23.552 3.83222
      vertex 9.07871 23.968 3.81294
    endloop
  endfacet
  facet normal 0.0122847 0.00352591 0.999918
    outer loop
      vertex 9.07871 23.968 3.81294
      vertex 8.86703 24.7055 3.81294
      vertex 7.41745 24.2895 3.83222
    endloop
  endfacet
  facet normal -0.585326 -0.167998 0.793203
    outer loop
      vertex 6.5093 24.0289 3.1069
      vertex 6.72098 23.2913 3.1069
      vertex 7.62909 23.552 3.83222
    endloop
  endfacet
  facet normal -0.585319 -0.167964 0.793215
    outer loop
      vertex 7.62909 23.552 3.83222
      vertex 7.41745 24.2895 3.83222
      vertex 6.5093 24.0289 3.1069
    endloop
  endfacet
  facet normal 0.0122849 0.00352652 0.999918
    outer loop
      vertex 7.81793 22.749 3.83222
      vertex 8.02965 22.0115 3.83222
      vertex 9.47919 22.4275 3.81294
    endloop
  endfacet
  facet normal 0.0122846 0.0035252 0.999918
    outer loop
      vertex 9.47919 22.4275 3.81294
      vertex 9.26755 23.165 3.81294
      vertex 7.81793 22.749 3.83222
    endloop
  endfacet
  facet normal -0.585306 -0.167959 0.793225
    outer loop
      vertex 6.90982 22.4884 3.1069
      vertex 7.12146 21.7508 3.1069
      vertex 8.02965 22.0115 3.83222
    endloop
  endfacet
  facet normal -0.585319 -0.168023 0.793203
    outer loop
      vertex 8.02965 22.0115 3.83222
      vertex 7.81793 22.749 3.83222
      vertex 6.90982 22.4884 3.1069
    endloop
  endfacet
  facet normal 0 0 1
    outer loop
      vertex 5.46432 21.42 2.6263
      vertex 5.46432 19.9415 2.6263
      vertex 8.68091 19.9415 2.6263
    endloop
  endfacet
  facet normal 0 0 1
    outer loop
      vertex 8.68091 19.9415 2.6263
      vertex 8.17679 21.42 2.6263
      vertex 5.46432 21.42 2.6263
    endloop
  endfacet
  facet normal -0.981497 -0.191478 0
    outer loop
      vertex 5.46432 11.5074 1.71001
      vertex 5.46432 11.5074 1.01277
      vertex 5.60322 10.7955 1.01277
    endloop
  endfacet
  facet normal -0.981488 -0.191522 0
    outer loop
      vertex 5.60322 10.7955 1.01277
      vertex 5.72905 10.1506 1.01277
      vertex 5.72905 10.1506 2.6263
    endloop
  endfacet
  facet normal -0.981502 -0.191453 0
    outer loop
      vertex 5.72905 10.1506 2.6263
      vertex 5.61806 10.7196 2.6263
      vertex 5.61806 10.7196 1.70999
    endloop
  endfacet
  facet normal -0.981466 -0.191637 0
    outer loop
      vertex 5.54778 11.0798 1.71
      vertex 5.54778 11.0798 2.6263
      vertex 5.49303 11.3602 2.6263
    endloop
  endfacet
  facet normal -0.981526 -0.191328 8.0621e-05
    outer loop
      vertex 5.60322 10.7955 1.01277
      vertex 5.72905 10.1506 2.6263
      vertex 5.61806 10.7196 1.70999
    endloop
  endfacet
  facet normal -0.981466 -0.191637 0
    outer loop
      vertex 5.54778 11.0798 1.71
      vertex 5.49303 11.3602 2.6263
      vertex 5.49303 11.3602 1.71001
    endloop
  endfacet
  facet normal -0.981487 -0.191526 5.82015e-05
    outer loop
      vertex 5.60322 10.7955 1.01277
      vertex 5.61806 10.7196 1.70999
      vertex 5.54778 11.0798 1.71
    endloop
  endfacet
  facet normal -0.981523 -0.191345 -0.000140076
    outer loop
      vertex 5.49303 11.3602 1.71001
      vertex 5.46432 11.5074 1.71001
      vertex 5.60322 10.7955 1.01277
    endloop
  endfacet
  facet normal -0.981466 -0.191637 0.000104955
    outer loop
      vertex 5.60322 10.7955 1.01277
      vertex 5.54778 11.0798 1.71
      vertex 5.49303 11.3602 1.71001
    endloop
  endfacet
  facet normal 0 0 -1
    outer loop
      vertex 8.77019 26.2268 1.01277
      vertex 8.59559 25.7012 1.01277
      vertex 8.59369 30.607 1.01277
    endloop
  endfacet
  facet normal 0 0 -1
    outer loop
      vertex 8.59369 30.607 1.01277
      vertex 8.76805 30.5991 1.01277
      vertex 8.77019 26.2268 1.01277
    endloop
  endfacet
  facet normal 0.000783954 -0.999998 -0.00174181
    outer loop
      vertex 5.72905 10.1506 1.01277
      vertex 9.31405 10.1534 1.01277
      vertex 9.31405 10.1506 2.6263
    endloop
  endfacet
  facet normal 0 -1 0
    outer loop
      vertex 9.31405 10.1506 2.6263
      vertex 5.72905 10.1506 2.6263
      vertex 5.72905 10.1506 1.01277
    endloop
  endfacet
  facet normal 1 0 0
    outer loop
      vertex 9.31405 10.7955 1.01277
      vertex 9.31405 11.5103 1.01277
      vertex 9.31405 11.5102 1.07734
    endloop
  endfacet
  facet normal 1 0 0
    outer loop
      vertex 9.31405 10.7955 1.01277
      vertex 9.31405 11.5102 1.07734
      vertex 9.31405 11.5063 1.07734
    endloop
  endfacet
  facet normal 1 0 0
    outer loop
      vertex 9.31405 10.1506 2.6263
      vertex 9.31405 10.1534 1.01277
      vertex 9.31405 10.7955 1.01277
    endloop
  endfacet
  facet normal 1 0 0
    outer loop
      vertex 9.31405 11.5085 2.04522
      vertex 9.31405 11.5074 2.6263
      vertex 9.31405 10.1506 2.6263
    endloop
  endfacet
  facet normal 1 0 0
    outer loop
      vertex 9.31405 10.7955 1.01277
      vertex 9.31405 11.5063 1.07734
      vertex 9.31405 11.5063 2.04522
    endloop
  endfacet
  facet normal 1 0 0
    outer loop
      vertex 9.31405 11.5063 2.04522
      vertex 9.31405 11.5085 2.04522
      vertex 9.31405 10.1506 2.6263
    endloop
  endfacet
  facet normal 1 0 0
    outer loop
      vertex 9.31405 11.5063 2.04522
      vertex 9.31405 10.1506 2.6263
      vertex 9.31405 10.7955 1.01277
    endloop
  endfacet
  facet normal -1 0 0
    outer loop
      vertex 5.46432 26.2268 1.01277
      vertex 5.46432 25.5622 1.13149
      vertex 5.46432 28.1789 1.13149
    endloop
  endfacet
  facet normal -1 0 0
    outer loop
      vertex 5.46432 28.1789 1.13149
      vertex 5.46432 30.1715 1.01277
      vertex 5.46432 26.2268 1.01277
    endloop
  endfacet
  facet normal 0 0 -1
    outer loop
      vertex 9.31405 10.1534 1.01277
      vertex 5.72905 10.1506 1.01277
      vertex 5.60322 10.7955 1.01277
    endloop
  endfacet
  facet normal 0 0 -1
    outer loop
      vertex 5.60322 10.7955 1.01277
      vertex 9.31405 10.7955 1.01277
      vertex 9.31405 10.1534 1.01277
    endloop
  endfacet
  facet normal 0 0 1
    outer loop
      vertex 5.46432 30.1715 2.6263
      vertex 5.46432 26.2268 2.6263
      vertex 6.53781 26.2268 2.6263
    endloop
  endfacet
  facet normal 0 0 1
    outer loop
      vertex 6.53781 26.2268 2.6263
      vertex 6.53498 30.596 2.6263
      vertex 5.46432 30.1715 2.6263
    endloop
  endfacet
  facet normal -1 0 0
    outer loop
      vertex 5.46432 19.9415 1.01277
      vertex 5.46432 19.9397 1.01277
      vertex 5.46432 19.9397 2.6263
    endloop
  endfacet
  facet normal -1 0 0
    outer loop
      vertex 5.46432 19.9397 2.6263
      vertex 5.46432 19.9415 2.6263
      vertex 5.46432 19.9415 1.01277
    endloop
  endfacet
  facet normal 0 0 1
    outer loop
      vertex 5.46432 19.9415 2.6263
      vertex 5.46432 19.9397 2.6263
      vertex 8.68091 19.9397 2.6263
    endloop
  endfacet
  facet normal 0 0 1
    outer loop
      vertex 8.68091 19.9397 2.6263
      vertex 8.68091 19.9415 2.6263
      vertex 5.46432 19.9415 2.6263
    endloop
  endfacet
  facet normal 0 0 -1
    outer loop
      vertex 9.31983 31.0836 1.01277
      vertex 9.14329 31.0594 1.01277
      vertex 9.14281 31.5855 1.01277
    endloop
  endfacet
  facet normal 0 0 -1
    outer loop
      vertex 9.14281 31.5855 1.01277
      vertex 9.31931 31.5855 1.01277
      vertex 9.31983 31.0836 1.01277
    endloop
  endfacet
  facet normal -1 0 0
    outer loop
      vertex 5.46432 21.42 1.01277
      vertex 5.46432 19.9415 1.01277
      vertex 5.46432 19.9415 2.6263
    endloop
  endfacet
  facet normal -1 0 0
    outer loop
      vertex 5.46432 19.9415 2.6263
      vertex 5.46432 21.42 2.6263
      vertex 5.46432 21.42 1.01277
    endloop
  endfacet
  facet normal 0 0 1
    outer loop
      vertex 6.98188 31.5855 2.6263
      vertex 6.98188 31.0836 2.6263
      vertex 7.25765 31.0836 2.6263
    endloop
  endfacet
  facet normal 0 0 1
    outer loop
      vertex 7.25765 31.0836 2.6263
      vertex 7.25724 31.5855 2.6263
      vertex 6.98188 31.5855 2.6263
    endloop
  endfacet
  facet normal -1 0 0
    outer loop
      vertex 6.98188 31.5855 1.01277
      vertex 6.98188 31.0836 1.01277
      vertex 6.98188 31.0836 2.6263
    endloop
  endfacet
  facet normal -1 0 0
    outer loop
      vertex 6.98188 31.0836 2.6263
      vertex 6.98188 31.5855 2.6263
      vertex 6.98188 31.5855 1.01277
    endloop
  endfacet
  facet normal 0 0 1
    outer loop
      vertex 6.98188 31.0836 2.6263
      vertex 5.46432 30.1715 2.6263
      vertex 6.53498 30.596 2.6263
    endloop
  endfacet
  facet normal 0 0 1
    outer loop
      vertex 6.53498 30.596 2.6263
      vertex 7.25765 31.0836 2.6263
      vertex 6.98188 31.0836 2.6263
    endloop
  endfacet
  facet normal 0 0 1
    outer loop
      vertex 8.29442 12.5203 1.01277
      vertex 8.50606 12.4867 1.01277
      vertex 8.50606 12.9901 1.01277
    endloop
  endfacet
  facet normal 0 0 1
    outer loop
      vertex 8.50606 12.9901 1.01277
      vertex 8.29442 12.9901 1.01277
      vertex 8.29442 12.5203 1.01277
    endloop
  endfacet
  facet normal -0.515174 0.857086 0
    outer loop
      vertex 6.98188 31.0836 1.01277
      vertex 5.46432 30.1715 1.01277
      vertex 5.46432 30.1715 2.6263
    endloop
  endfacet
  facet normal -0.515174 0.857086 0
    outer loop
      vertex 5.46432 30.1715 2.6263
      vertex 6.98188 31.0836 2.6263
      vertex 6.98188 31.0836 1.01277
    endloop
  endfacet
  facet normal 1 0 0
    outer loop
      vertex 8.68091 18.8238 1.01277
      vertex 8.68091 19.9397 1.01277
      vertex 8.68091 19.9397 1.07734
    endloop
  endfacet
  facet normal 1 0 0
    outer loop
      vertex 8.68091 18.8622 1.07734
      vertex 8.68091 18.8238 1.07734
      vertex 8.68091 18.8238 1.01277
    endloop
  endfacet
  facet normal 1 0 0
    outer loop
      vertex 8.68091 19.9397 1.07734
      vertex 8.68091 18.8622 1.07734
      vertex 8.68091 18.8238 1.01277
    endloop
  endfacet
  facet normal 0 0 1
    outer loop
      vertex 5.46432 18.8238 2.6263
      vertex 5.98509 18.1695 2.6263
      vertex 5.98509 19.1512 2.6263
    endloop
  endfacet
  facet normal 0 0 1
    outer loop
      vertex 5.98509 19.1512 2.6263
      vertex 5.46432 19.9397 2.6263
      vertex 5.46432 18.8238 2.6263
    endloop
  endfacet
  facet normal 0 0 -1
    outer loop
      vertex 12.3108 22.3601 1.01277
      vertex 12.2344 21.918 1.01277
      vertex 11.5644 21.918 1.01277
    endloop
  endfacet
  facet normal 0 0 -1
    outer loop
      vertex 11.5644 21.918 1.01277
      vertex 11.5464 22.054 1.01277
      vertex 12.3108 22.3601 1.01277
    endloop
  endfacet
  facet normal -1 0 0
    outer loop
      vertex 5.46432 19.9397 1.01277
      vertex 5.46432 18.8238 1.01277
      vertex 5.46432 18.8238 2.6263
    endloop
  endfacet
  facet normal -1 0 0
    outer loop
      vertex 5.46432 18.8238 2.6263
      vertex 5.46432 19.9397 2.6263
      vertex 5.46432 19.9397 1.01277
    endloop
  endfacet
  facet normal 0.843974 -0.536385 0
    outer loop
      vertex 8.68091 18.8238 1.01277
      vertex 8.68091 18.8238 1.07734
      vertex 8.29442 18.2156 1.07734
    endloop
  endfacet
  facet normal 0.843974 -0.536385 0
    outer loop
      vertex 8.29442 18.2156 1.07734
      vertex 8.29442 18.2156 1.01277
      vertex 8.68091 18.8238 1.01277
    endloop
  endfacet
  facet normal 0 0 1
    outer loop
      vertex 8.29442 18.2156 2.6263
      vertex 7.91344 17.6345 2.6263
      vertex 7.91344 12.6241 2.6263
    endloop
  endfacet
  facet normal 0 0 1
    outer loop
      vertex 7.91344 12.6241 2.6263
      vertex 8.29442 12.5203 2.6263
      vertex 8.29442 18.2156 2.6263
    endloop
  endfacet
  facet normal 0 0 -1
    outer loop
      vertex 8.76805 30.5991 1.01277
      vertex 8.59369 30.607 1.01277
      vertex 9.14329 31.0594 1.01277
    endloop
  endfacet
  facet normal 0 0 -1
    outer loop
      vertex 9.14329 31.0594 1.01277
      vertex 9.31983 31.0836 1.01277
      vertex 8.76805 30.5991 1.01277
    endloop
  endfacet
  facet normal -1 0 0
    outer loop
      vertex 5.46432 18.2156 1.01277
      vertex 5.46432 18.1759 1.10571
      vertex 5.46432 18.7227 1.10571
    endloop
  endfacet
  facet normal -1 0 0
    outer loop
      vertex 5.46432 18.7227 1.10571
      vertex 5.46432 18.8238 1.01277
      vertex 5.46432 18.2156 1.01277
    endloop
  endfacet
  facet normal 0.703803 0.710395 0
    outer loop
      vertex 8.29442 12.5203 1.01277
      vertex 8.29442 12.5203 1.07734
      vertex 9.31405 11.5102 1.07734
    endloop
  endfacet
  facet normal 0.703767 0.71043 0.00111214
    outer loop
      vertex 9.31405 11.5102 1.07734
      vertex 9.31405 11.5103 1.01277
      vertex 8.29442 12.5203 1.01277
    endloop
  endfacet
  facet normal 0 0 1
    outer loop
      vertex 8.29442 12.5203 2.6263
      vertex 5.46432 12.5203 2.6263
      vertex 5.46432 12.335 2.6263
    endloop
  endfacet
  facet normal 0 0 1
    outer loop
      vertex 8.29442 12.5203 2.6263
      vertex 5.46432 12.335 2.6263
      vertex 6.95486 12.3349 2.6263
    endloop
  endfacet
  facet normal 0 0 1
    outer loop
      vertex 6.95478 11.5074 2.6263
      vertex 9.31405 11.5074 2.6263
      vertex 8.29442 12.5203 2.6263
    endloop
  endfacet
  facet normal 0 0 1
    outer loop
      vertex 5.46432 11.9749 2.6263
      vertex 5.46432 11.7203 2.6263
      vertex 6.95486 11.7202 2.6263
    endloop
  endfacet
  facet normal 0 0 1
    outer loop
      vertex 6.95486 11.7202 2.6263
      vertex 6.95478 11.5074 2.6263
      vertex 8.29442 12.5203 2.6263
    endloop
  endfacet
  facet normal 0 0 1
    outer loop
      vertex 8.29442 12.5203 2.6263
      vertex 6.95486 12.3349 2.6263
      vertex 6.9547 11.9747 2.6263
    endloop
  endfacet
  facet normal 0 0 1
    outer loop
      vertex 6.9547 11.9747 2.6263
      vertex 5.46432 11.9749 2.6263
      vertex 6.95486 11.7202 2.6263
    endloop
  endfacet
  facet normal 0 0 1
    outer loop
      vertex 6.9547 11.9747 2.6263
      vertex 6.95486 11.7202 2.6263
      vertex 8.29442 12.5203 2.6263
    endloop
  endfacet
  facet normal 0 0 -1
    outer loop
      vertex 14.4129 22.3601 1.01277
      vertex 14.4129 21.918 1.01277
      vertex 12.2344 21.918 1.01277
    endloop
  endfacet
  facet normal 0 0 -1
    outer loop
      vertex 12.2344 21.918 1.01277
      vertex 12.3108 22.3601 1.01277
      vertex 14.4129 22.3601 1.01277
    endloop
  endfacet
  facet normal -1 0 0
    outer loop
      vertex 5.46432 12.5203 1.01277
      vertex 5.46432 11.5074 1.01277
      vertex 5.46432 11.5074 1.71001
    endloop
  endfacet
  facet normal -1 0 0
    outer loop
      vertex 5.46432 11.7203 1.71001
      vertex 5.46432 11.7203 2.6263
      vertex 5.46432 11.9749 2.6263
    endloop
  endfacet
  facet normal -1 0 0
    outer loop
      vertex 5.46432 12.5203 1.01277
      vertex 5.46432 11.5074 1.71001
      vertex 5.46432 11.7203 1.71001
    endloop
  endfacet
  facet normal -1 0 0
    outer loop
      vertex 5.46432 12.335 2.6263
      vertex 5.46432 12.5203 2.6263
      vertex 5.46432 12.5203 1.01277
    endloop
  endfacet
  facet normal -1 0 0
    outer loop
      vertex 5.46432 12.335 1.71001
      vertex 5.46432 12.335 2.6263
      vertex 5.46432 12.5203 1.01277
    endloop
  endfacet
  facet normal -1 0 0
    outer loop
      vertex 5.46432 11.7203 1.71001
      vertex 5.46432 11.9749 2.6263
      vertex 5.46432 11.9749 1.71001
    endloop
  endfacet
  facet normal -1 0 0
    outer loop
      vertex 5.46432 11.9749 1.71001
      vertex 5.46432 12.335 1.71001
      vertex 5.46432 12.5203 1.01277
    endloop
  endfacet
  facet normal -1 0 0
    outer loop
      vertex 5.46432 12.5203 1.01277
      vertex 5.46432 11.7203 1.71001
      vertex 5.46432 11.9749 1.71001
    endloop
  endfacet
  facet normal -1 0 0
    outer loop
      vertex 5.46432 18.2156 2.6263
      vertex 5.46432 18.1759 2.18391
      vertex 5.46432 13.0543 2.18391
    endloop
  endfacet
  facet normal -1 0 0
    outer loop
      vertex 5.46432 13.0543 2.18391
      vertex 5.46432 12.5203 2.6263
      vertex 5.46432 18.2156 2.6263
    endloop
  endfacet
  facet normal 0 0 1
    outer loop
      vertex 5.46432 18.2156 1.01277
      vertex 5.09704 18.3367 1.01277
      vertex 5.09704 12.3834 1.01277
    endloop
  endfacet
  facet normal 0 0 1
    outer loop
      vertex 5.09704 12.3834 1.01277
      vertex 5.46432 12.5203 1.01277
      vertex 5.46432 18.2156 1.01277
    endloop
  endfacet
  facet normal 0 0 1
    outer loop
      vertex 5.46432 19.9397 2.6263
      vertex 5.98509 19.1512 2.6263
      vertex 7.91582 19.1512 2.6263
    endloop
  endfacet
  facet normal 0 0 1
    outer loop
      vertex 7.91582 19.1512 2.6263
      vertex 8.68091 19.9397 2.6263
      vertex 5.46432 19.9397 2.6263
    endloop
  endfacet
  facet normal 1 0 0
    outer loop
      vertex 8.29442 16.9043 1.01277
      vertex 8.29442 18.2156 1.01277
      vertex 8.29442 18.2156 1.07734
    endloop
  endfacet
  facet normal 0 0 0
    outer loop
      vertex 8.29442 18.0099 1.07734
      vertex 8.29442 17.8738 1.07734
      vertex 8.29442 17.557 1.07734
    endloop
  endfacet
  facet normal 1 0 0
    outer loop
      vertex 8.29442 16.9043 1.01277
      vertex 8.29442 18.2156 1.07734
      vertex 8.29442 18.0099 1.07734
    endloop
  endfacet
  facet normal 1 0 0
    outer loop
      vertex 8.29442 17.557 1.07734
      vertex 8.29442 16.9043 1.07734
      vertex 8.29442 16.9043 1.01277
    endloop
  endfacet
  facet normal 1 0 0
    outer loop
      vertex 8.29442 18.0099 1.07734
      vertex 8.29442 17.557 1.07734
      vertex 8.29442 16.9043 1.01277
    endloop
  endfacet
  facet normal -0.511227 0.7577 0.405632
    outer loop
      vertex 6.53498 30.596 3.07654
      vertex 6.89348 30.596 3.52837
      vertex 7.61615 31.0836 3.52837
    endloop
  endfacet
  facet normal -0.511227 0.7577 0.405632
    outer loop
      vertex 7.61615 31.0836 3.52837
      vertex 7.25765 31.0836 3.07654
      vertex 6.53498 30.596 3.07654
    endloop
  endfacet
  facet normal -0.800792 -0.273017 0.533098
    outer loop
      vertex 7.97999 21.9972 3.07654
      vertex 8.17679 21.42 3.07654
      vertex 8.2611 22.055 3.52837
    endloop
  endfacet
  facet normal -0.80406 -0.261796 0.533808
    outer loop
      vertex 8.2611 22.055 3.52837
      vertex 8.25427 22.0759 3.52837
      vertex 8.02965 22.0115 3.15841
    endloop
  endfacet
  facet normal -0.801197 -0.271673 0.533177
    outer loop
      vertex 8.2611 22.055 3.52837
      vertex 8.02965 22.0115 3.15841
      vertex 7.97999 21.9972 3.07654
    endloop
  endfacet
  facet normal 0 0 -1
    outer loop
      vertex 9.8142 22.054 1.01277
      vertex 9.65242 21.918 1.01277
      vertex 8.59559 25.7012 1.01277
    endloop
  endfacet
  facet normal 0 0 -1
    outer loop
      vertex 8.59559 25.7012 1.01277
      vertex 8.77019 26.2268 1.01277
      vertex 9.8142 22.054 1.01277
    endloop
  endfacet
  facet normal 0 0 1
    outer loop
      vertex 5.46432 12.5203 1.01277
      vertex 5.09704 12.3834 1.01277
      vertex 5.09704 11.4956 1.01277
    endloop
  endfacet
  facet normal 0 0 1
    outer loop
      vertex 5.09704 11.4956 1.01277
      vertex 5.46432 11.5074 1.01277
      vertex 5.46432 12.5203 1.01277
    endloop
  endfacet
  facet normal 0 0 1
    outer loop
      vertex 5.46432 30.1715 1.01277
      vertex 5.09704 30.1624 1.01277
      vertex 5.09704 25.7012 1.01277
    endloop
  endfacet
  facet normal 0 0 1
    outer loop
      vertex 5.09704 25.7012 1.01277
      vertex 5.46432 26.2268 1.01277
      vertex 5.46432 30.1715 1.01277
    endloop
  endfacet
  facet normal 0 0 1
    outer loop
      vertex 8.29442 18.2156 1.01277
      vertex 8.50606 18.3367 1.01277
      vertex 8.84483 18.8697 1.01277
    endloop
  endfacet
  facet normal 0 0 1
    outer loop
      vertex 8.84483 18.8697 1.01277
      vertex 8.68091 18.8238 1.01277
      vertex 8.29442 18.2156 1.01277
    endloop
  endfacet
  facet normal 0 0 1
    outer loop
      vertex 8.68091 19.9397 1.01277
      vertex 8.84483 19.6684 1.01277
      vertex 9.91509 19.6688 1.01277
    endloop
  endfacet
  facet normal 0 0 1
    outer loop
      vertex 9.91509 19.6688 1.01277
      vertex 10.114 19.9401 1.01277
      vertex 8.68091 19.9397 1.01277
    endloop
  endfacet
  facet normal -0.783366 -0.000507483 0.62156
    outer loop
      vertex 6.53781 26.2268 3.07654
      vertex 6.89631 26.2268 3.52837
      vertex 6.89348 30.596 3.52837
    endloop
  endfacet
  facet normal -0.783366 -0.000507483 0.62156
    outer loop
      vertex 6.89348 30.596 3.52837
      vertex 6.53498 30.596 3.07654
      vertex 6.53781 26.2268 3.07654
    endloop
  endfacet
  facet normal 0 -0.478001 0.878359
    outer loop
      vertex 10.1139 19.9415 3.07654
      vertex 10.1139 20.7718 3.52837
      vertex 8.68091 20.7718 3.52837
    endloop
  endfacet
  facet normal 0 -0.478001 0.878359
    outer loop
      vertex 8.68091 20.7718 3.52837
      vertex 8.68091 19.9415 3.07654
      vertex 10.1139 19.9415 3.07654
    endloop
  endfacet
  facet normal -0.783366 -0.000568626 0.62156
    outer loop
      vertex 7.25765 31.0836 3.07654
      vertex 7.61615 31.0836 3.52837
      vertex 7.61579 31.5855 3.52837
    endloop
  endfacet
  facet normal -0.783332 -0.000631088 0.621603
    outer loop
      vertex 7.61579 31.5855 3.52837
      vertex 7.25724 31.5855 3.07654
      vertex 7.25765 31.0836 3.07654
    endloop
  endfacet
  facet normal -1 -0.000805636 0
    outer loop
      vertex 7.25765 31.0836 2.6263
      vertex 7.25765 31.0836 3.07654
      vertex 7.25724 31.5855 3.07654
    endloop
  endfacet
  facet normal -1 -0.000805636 0
    outer loop
      vertex 7.25724 31.5855 3.07654
      vertex 7.25724 31.5855 2.6263
      vertex 7.25765 31.0836 2.6263
    endloop
  endfacet
  facet normal 0 -1 0
    outer loop
      vertex 10.1139 19.9415 2.40892
      vertex 10.1139 19.9415 3.07654
      vertex 8.68091 19.9415 3.07654
    endloop
  endfacet
  facet normal 0 -1 0
    outer loop
      vertex 8.68091 19.9415 3.07654
      vertex 8.68091 19.9415 2.6263
      vertex 10.1139 19.9415 2.40892
    endloop
  endfacet
  facet normal -1 -0.000647824 0
    outer loop
      vertex 6.53781 26.2268 2.6263
      vertex 6.53781 26.2268 3.07654
      vertex 6.53498 30.596 3.07654
    endloop
  endfacet
  facet normal -1 -0.000647824 0
    outer loop
      vertex 6.53498 30.596 3.07654
      vertex 6.53498 30.596 2.6263
      vertex 6.53781 26.2268 2.6263
    endloop
  endfacet
  facet normal -0.946503 -0.322695 0
    outer loop
      vertex 8.17679 21.42 3.07654
      vertex 7.97999 21.9972 3.07654
      vertex 7.97999 21.9972 2.63132
    endloop
  endfacet
  facet normal -0.946503 -0.322695 0
    outer loop
      vertex 7.97999 21.9972 2.63132
      vertex 8.17679 21.42 2.6263
      vertex 8.17679 21.42 3.07654
    endloop
  endfacet
  facet normal -0.559307 0.828961 0
    outer loop
      vertex 6.53498 30.596 2.6263
      vertex 6.53498 30.596 3.07654
      vertex 7.25765 31.0836 3.07654
    endloop
  endfacet
  facet normal -0.559307 0.828961 0
    outer loop
      vertex 7.25765 31.0836 3.07654
      vertex 7.25765 31.0836 2.6263
      vertex 6.53498 30.596 2.6263
    endloop
  endfacet
  facet normal -0.436962 -0.89948 0
    outer loop
      vertex 12.3112 19.5702 2.40892
      vertex 12.3112 19.5702 3.07654
      vertex 11.5469 19.9415 3.07654
    endloop
  endfacet
  facet normal -0.436962 -0.89948 0
    outer loop
      vertex 11.5469 19.9415 3.07654
      vertex 11.5469 19.9415 2.40892
      vertex 12.3112 19.5702 2.40892
    endloop
  endfacet
  facet normal -0.481494 -0.559846 0.674341
    outer loop
      vertex 12.3112 19.5702 3.07654
      vertex 12.3112 20.7718 4.07408
      vertex 11.5469 20.7718 3.52837
    endloop
  endfacet
  facet normal -0.226192 -0.465613 0.855595
    outer loop
      vertex 11.5469 20.7718 3.52837
      vertex 11.5469 19.9415 3.07654
      vertex 12.3112 19.5702 3.07654
    endloop
  endfacet
  facet normal 0.00064833 -1 0.000179856
    outer loop
      vertex 9.50086 10.7955 0
      vertex 9.50086 10.7956 1.01277
      vertex 9.31405 10.7955 1.01277
    endloop
  endfacet
  facet normal 0 -1 6.02658e-05
    outer loop
      vertex 9.31405 10.7955 1.01277
      vertex 9.31413 10.7955 0
      vertex 9.50086 10.7955 0
    endloop
  endfacet
  facet normal 0 -1 0.00100167
    outer loop
      vertex 11.5469 19.9415 2.40892
      vertex 10.1139 19.9415 2.40892
      vertex 10.1139 19.9412 2.04522
    endloop
  endfacet
  facet normal 0 0 1
    outer loop
      vertex 10.1139 19.9412 2.04522
      vertex 11.3414 19.9412 2.04522
      vertex 11.5469 19.9413 2.04522
    endloop
  endfacet
  facet normal 8.51849e-05 -1 0.000666031
    outer loop
      vertex 10.1139 19.9412 2.04522
      vertex 11.5469 19.9413 2.04522
      vertex 11.5469 19.9415 2.40892
    endloop
  endfacet
  facet normal 0 0 1
    outer loop
      vertex 10.1139 20.7718 3.52837
      vertex 11.5469 20.7718 3.52837
      vertex 11.5445 22.055 3.52837
    endloop
  endfacet
  facet normal 0 0 1
    outer loop
      vertex 11.5445 22.055 3.52837
      vertex 9.79908 22.055 3.52837
      vertex 10.1139 20.7718 3.52837
    endloop
  endfacet
  facet normal -0.946493 -0.322724 0
    outer loop
      vertex 8.68091 19.9415 2.6263
      vertex 8.68091 19.9415 3.07654
      vertex 8.17679 21.42 3.07654
    endloop
  endfacet
  facet normal -0.946493 -0.322724 0
    outer loop
      vertex 8.17679 21.42 3.07654
      vertex 8.17679 21.42 2.6263
      vertex 8.68091 19.9415 2.6263
    endloop
  endfacet
  facet normal 0 0 1
    outer loop
      vertex 12.3112 20.7718 4.07408
      vertex 14.4129 20.7718 4.07408
      vertex 14.4129 22.3611 4.07408
    endloop
  endfacet
  facet normal 0 0 1
    outer loop
      vertex 14.4129 22.3611 4.07408
      vertex 12.3094 22.3611 4.07408
      vertex 12.3112 20.7718 4.07408
    endloop
  endfacet
  facet normal 0 0 1
    outer loop
      vertex 5.46432 19.9397 1.01277
      vertex 5.09704 20.1906 1.01277
      vertex 5.09704 18.8697 1.01277
    endloop
  endfacet
  facet normal 0 0 1
    outer loop
      vertex 5.09704 18.8697 1.01277
      vertex 5.46432 18.8238 1.01277
      vertex 5.46432 19.9397 1.01277
    endloop
  endfacet
  facet normal -0.82522 -0.269981 0.496108
    outer loop
      vertex 8.68091 19.9415 3.07654
      vertex 8.68091 20.7718 3.52837
      vertex 8.2611 22.055 3.52837
    endloop
  endfacet
  facet normal -0.800769 -0.273037 0.533122
    outer loop
      vertex 8.2611 22.055 3.52837
      vertex 8.17679 21.42 3.07654
      vertex 8.68091 19.9415 3.07654
    endloop
  endfacet
  facet normal -1 0 0
    outer loop
      vertex 5.46432 30.1715 1.01277
      vertex 5.46432 28.1789 1.13149
      vertex 5.46432 28.1789 2.20182
    endloop
  endfacet
  facet normal -1 0 0
    outer loop
      vertex 5.46432 28.1789 2.20182
      vertex 5.46432 30.1715 2.6263
      vertex 5.46432 30.1715 1.01277
    endloop
  endfacet
  facet normal -0.0170427 -0.0145129 0.999749
    outer loop
      vertex 7.74312 21.9293 2.6263
      vertex 8.17679 21.42 2.6263
      vertex 7.97999 21.9972 2.63132
    endloop
  endfacet
  facet normal 0 0 1
    outer loop
      vertex 8.68091 20.7718 3.52837
      vertex 10.1139 20.7718 3.52837
      vertex 9.79908 22.055 3.52837
    endloop
  endfacet
  facet normal 0 0 1
    outer loop
      vertex 9.79908 22.055 3.52837
      vertex 8.2611 22.055 3.52837
      vertex 8.68091 20.7718 3.52837
    endloop
  endfacet
  facet normal 0 0 1
    outer loop
      vertex 6.89348 30.596 3.52837
      vertex 8.77334 30.596 3.52837
      vertex 9.31534 31.0836 3.52837
    endloop
  endfacet
  facet normal 0 0 1
    outer loop
      vertex 9.31534 31.0836 3.52837
      vertex 7.61615 31.0836 3.52837
      vertex 6.89348 30.596 3.52837
    endloop
  endfacet
  facet normal 0 0 1
    outer loop
      vertex 6.89631 26.2268 3.52837
      vertex 8.77549 26.2268 3.52837
      vertex 8.77334 30.596 3.52837
    endloop
  endfacet
  facet normal 0 0 1
    outer loop
      vertex 8.77334 30.596 3.52837
      vertex 6.89348 30.596 3.52837
      vertex 6.89631 26.2268 3.52837
    endloop
  endfacet
  facet normal 0 0 1
    outer loop
      vertex 7.61615 31.0836 3.52837
      vertex 9.31534 31.0836 3.52837
      vertex 9.31506 31.5855 3.52837
    endloop
  endfacet
  facet normal 0 0 1
    outer loop
      vertex 9.31506 31.5855 3.52837
      vertex 7.61579 31.5855 3.52837
      vertex 7.61615 31.0836 3.52837
    endloop
  endfacet
  facet normal 0 0 1
    outer loop
      vertex 8.25427 22.0759 3.52837
      vertex 8.2611 22.055 3.52837
      vertex 9.79908 22.055 3.52837
    endloop
  endfacet
  facet normal 0 0 1
    outer loop
      vertex 8.77549 26.2268 3.52837
      vertex 6.89631 26.2268 3.52837
      vertex 7.5204 24.3191 3.52837
    endloop
  endfacet
  facet normal 0 0 1
    outer loop
      vertex 8.77549 26.2268 3.52837
      vertex 7.5204 24.3191 3.52837
      vertex 8.86703 24.7055 3.52837
    endloop
  endfacet
  facet normal 0 0 1
    outer loop
      vertex 9.47919 22.4275 3.52837
      vertex 8.25427 22.0759 3.52837
      vertex 9.79908 22.055 3.52837
    endloop
  endfacet
  facet normal 0 0 1
    outer loop
      vertex 7.75917 23.5893 3.52837
      vertex 8.0155 22.8057 3.52837
      vertex 9.26755 23.165 3.52837
    endloop
  endfacet
  facet normal 0 0 1
    outer loop
      vertex 9.26755 23.165 3.52837
      vertex 9.47919 22.4275 3.52837
      vertex 9.79908 22.055 3.52837
    endloop
  endfacet
  facet normal 0 0 1
    outer loop
      vertex 9.79908 22.055 3.52837
      vertex 8.77549 26.2268 3.52837
      vertex 8.86703 24.7055 3.52837
    endloop
  endfacet
  facet normal 0 0 1
    outer loop
      vertex 9.07871 23.968 3.52837
      vertex 7.75917 23.5893 3.52837
      vertex 9.26755 23.165 3.52837
    endloop
  endfacet
  facet normal 0 0 1
    outer loop
      vertex 9.79908 22.055 3.52837
      vertex 8.86703 24.7055 3.52837
      vertex 9.07871 23.968 3.52837
    endloop
  endfacet
  facet normal 0 0 1
    outer loop
      vertex 9.79908 22.055 3.52837
      vertex 9.07871 23.968 3.52837
      vertex 9.26755 23.165 3.52837
    endloop
  endfacet
  facet normal 0 -1 0
    outer loop
      vertex 11.5469 19.9415 2.40892
      vertex 11.5469 19.9415 3.07654
      vertex 10.1139 19.9415 3.07654
    endloop
  endfacet
  facet normal 0 -1 0
    outer loop
      vertex 10.1139 19.9415 3.07654
      vertex 10.1139 19.9415 2.40892
      vertex 11.5469 19.9415 2.40892
    endloop
  endfacet
  facet normal 0 -0.478001 0.878359
    outer loop
      vertex 11.5469 19.9415 3.07654
      vertex 11.5469 20.7718 3.52837
      vertex 10.1139 20.7718 3.52837
    endloop
  endfacet
  facet normal 0 -0.478001 0.878359
    outer loop
      vertex 10.1139 20.7718 3.52837
      vertex 10.1139 19.9415 3.07654
      vertex 11.5469 19.9415 3.07654
    endloop
  endfacet
  facet normal -0.436886 -0.899517 0.000599106
    outer loop
      vertex 11.5469 19.9415 2.40892
      vertex 11.5469 19.9413 2.04522
      vertex 12.3112 19.5701 2.04522
    endloop
  endfacet
  facet normal -0.436962 -0.89948 0.00040358
    outer loop
      vertex 12.3112 19.5701 2.04522
      vertex 12.3112 19.5702 2.40892
      vertex 11.5469 19.9415 2.40892
    endloop
  endfacet
  facet normal -0.371768 0.928325 -0.000537785
    outer loop
      vertex 12.3108 22.3601 1.01277
      vertex 11.5464 22.054 1.01277
      vertex 11.5463 22.0541 1.07734
    endloop
  endfacet
  facet normal -0.371768 0.928326 -0.00053218
    outer loop
      vertex 11.5463 22.0541 1.07734
      vertex 12.3107 22.3602 1.07734
      vertex 12.3108 22.3601 1.01277
    endloop
  endfacet
  facet normal 0 1 -0.000367799
    outer loop
      vertex 9.79908 22.055 3.52837
      vertex 11.5445 22.055 3.52837
      vertex 11.5456 22.0544 2.04522
    endloop
  endfacet
  facet normal 0 0 0
    outer loop
      vertex 11.5456 22.0544 2.04522
      vertex 11.2676 22.0544 2.04522
      vertex 9.80801 22.0544 2.04522
    endloop
  endfacet
  facet normal 0 1 -0.000367799
    outer loop
      vertex 11.5456 22.0544 2.04522
      vertex 9.80801 22.0544 2.04522
      vertex 9.79908 22.055 3.52837
    endloop
  endfacet
  facet normal 0.970079 0.242722 0.00575603
    outer loop
      vertex 9.79908 22.055 3.52837
      vertex 9.80801 22.0544 2.04522
      vertex 9.46136 23.4399 2.04522
    endloop
  endfacet
  facet normal 0.970091 0.242738 -0.00147558
    outer loop
      vertex 9.46136 23.4399 2.04522
      vertex 9.22364 24.3899 2.04522
      vertex 9.22509 24.3904 3.07791
    endloop
  endfacet
  facet normal 0.971197 0.238271 -0.00200674
    outer loop
      vertex 9.22509 24.3904 3.07791
      vertex 8.77456 26.2268 3.07791
      vertex 8.77549 26.2268 3.52837
    endloop
  endfacet
  facet normal 0.971003 0.239056 0.00212219
    outer loop
      vertex 9.79908 22.055 3.52837
      vertex 9.46136 23.4399 2.04522
      vertex 9.22509 24.3904 3.07791
    endloop
  endfacet
  facet normal 0.971192 0.23829 -0.00208895
    outer loop
      vertex 9.79908 22.055 3.52837
      vertex 9.22509 24.3904 3.07791
      vertex 8.77549 26.2268 3.52837
    endloop
  endfacet
  facet normal 0.999998 0.000499555 -0.00206626
    outer loop
      vertex 8.77549 26.2268 3.52837
      vertex 8.77456 26.2268 3.07791
      vertex 8.77237 30.5966 3.07791
    endloop
  endfacet
  facet normal 0.999998 0.000490669 -0.00215246
    outer loop
      vertex 8.77237 30.5966 3.07791
      vertex 8.77334 30.596 3.52837
      vertex 8.77549 26.2268 3.52837
    endloop
  endfacet
  facet normal 0.667174 -0.744898 -0.00234482
    outer loop
      vertex 8.77334 30.596 3.52837
      vertex 8.77237 30.5966 3.07791
      vertex 9.31615 31.0836 3.07791
    endloop
  endfacet
  facet normal 0.668805 -0.743437 0.00120069
    outer loop
      vertex 9.31615 31.0836 3.07791
      vertex 9.31534 31.0836 3.52837
      vertex 8.77334 30.596 3.52837
    endloop
  endfacet
  facet normal 0.999996 0.00104694 0.00249585
    outer loop
      vertex 9.31983 31.0836 1.01277
      vertex 9.31931 31.5855 1.01277
      vertex 9.31915 31.5855 1.07734
    endloop
  endfacet
  facet normal 0.999998 0.00112675 0.00187558
    outer loop
      vertex 9.31915 31.5855 1.07734
      vertex 9.31971 31.0836 1.07734
      vertex 9.31983 31.0836 1.01277
    endloop
  endfacet
  facet normal 0 1 -0.000324904
    outer loop
      vertex 14.4129 22.3602 1.07734
      vertex 14.4129 22.3601 1.01277
      vertex 12.3108 22.3601 1.01277
    endloop
  endfacet
  facet normal 0 1 -0.000324904
    outer loop
      vertex 12.3108 22.3601 1.01277
      vertex 12.3107 22.3602 1.07734
      vertex 13.0415 22.3602 1.07734
    endloop
  endfacet
  facet normal 0 1 -0.000324904
    outer loop
      vertex 13.8197 22.3602 1.07734
      vertex 14.4129 22.3602 1.07734
      vertex 12.3108 22.3601 1.01277
    endloop
  endfacet
  facet normal 0 1 -0.000324904
    outer loop
      vertex 12.3108 22.3601 1.01277
      vertex 13.0415 22.3602 1.07734
      vertex 13.8197 22.3602 1.07734
    endloop
  endfacet
  facet normal -0.581095 -0.000650308 0.813835
    outer loop
      vertex 11.5469 20.7718 3.52837
      vertex 12.3112 20.7718 4.07408
      vertex 12.3094 22.3611 4.07408
    endloop
  endfacet
  facet normal -0.580478 -0.00109753 0.814275
    outer loop
      vertex 12.3094 22.3611 4.07408
      vertex 11.5445 22.055 3.52837
      vertex 11.5469 20.7718 3.52837
    endloop
  endfacet
  facet normal 0 -0.638766 0.769401
    outer loop
      vertex 14.4129 19.5702 3.07654
      vertex 14.4129 20.7718 4.07408
      vertex 12.3112 20.7718 4.07408
    endloop
  endfacet
  facet normal 0 -0.638766 0.769401
    outer loop
      vertex 12.3112 20.7718 4.07408
      vertex 12.3112 19.5702 3.07654
      vertex 14.4129 19.5702 3.07654
    endloop
  endfacet
  facet normal 0 -1 0
    outer loop
      vertex 14.4129 19.5702 2.40892
      vertex 14.4129 19.5702 3.07654
      vertex 12.3112 19.5702 3.07654
    endloop
  endfacet
  facet normal 0 -1 0
    outer loop
      vertex 12.3112 19.5702 3.07654
      vertex 12.3112 19.5702 2.40892
      vertex 14.4129 19.5702 2.40892
    endloop
  endfacet
  facet normal 0 -1 0.000503456
    outer loop
      vertex 14.4129 19.5702 2.40892
      vertex 12.3112 19.5702 2.40892
      vertex 12.3112 19.5701 2.04522
    endloop
  endfacet
  facet normal 0 0 0
    outer loop
      vertex 12.3112 19.5701 2.04522
      vertex 12.5934 19.5701 2.04522
      vertex 13.8347 19.5701 2.04522
    endloop
  endfacet
  facet normal 0.000316687 -1 0
    outer loop
      vertex 13.8347 19.5701 2.04522
      vertex 14.4129 19.5702 2.04522
      vertex 14.4129 19.5702 2.40892
    endloop
  endfacet
  facet normal 0 -1 0.000503456
    outer loop
      vertex 12.3112 19.5701 2.04522
      vertex 13.8347 19.5701 2.04522
      vertex 14.4129 19.5702 2.40892
    endloop
  endfacet
  facet normal 0 0 1
    outer loop
      vertex 5.46432 21.42 1.01277
      vertex 5.09704 21.4881 1.01277
      vertex 5.09704 20.1922 1.01277
    endloop
  endfacet
  facet normal 0 0 1
    outer loop
      vertex 5.09704 20.1922 1.01277
      vertex 5.46432 19.9415 1.01277
      vertex 5.46432 21.42 1.01277
    endloop
  endfacet
  facet normal -0.937612 -0.347683 0
    outer loop
      vertex 4.76442 31.0594 1.01277
      vertex 4.76442 31.0594 0
      vertex 5.09704 30.1624 0
    endloop
  endfacet
  facet normal -0.937612 -0.347683 0
    outer loop
      vertex 5.09704 30.1624 0
      vertex 5.09704 30.1624 1.01277
      vertex 4.76442 31.0594 1.01277
    endloop
  endfacet
  facet normal 1 0 0
    outer loop
      vertex 8.50606 12.9901 1.01277
      vertex 8.50606 12.4867 1.01277
      vertex 8.50606 12.4867 0
    endloop
  endfacet
  facet normal 1 0 0
    outer loop
      vertex 8.50606 12.4867 0
      vertex 8.50606 18.3367 0
      vertex 8.50606 18.3367 1.01277
    endloop
  endfacet
  facet normal 1 0 0
    outer loop
      vertex 8.50606 18.3367 1.01277
      vertex 8.50606 16.9043 1.01277
      vertex 8.50606 16.9043 0.830595
    endloop
  endfacet
  facet normal 1 0 0
    outer loop
      vertex 8.50606 15.8337 0.830595
      vertex 8.50606 15.8337 1.01277
      vertex 8.50606 14.0608 1.01277
    endloop
  endfacet
  facet normal 1 0 0
    outer loop
      vertex 8.50606 12.4867 0
      vertex 8.50606 18.3367 1.01277
      vertex 8.50606 16.9043 0.830595
    endloop
  endfacet
  facet normal 1 0 0
    outer loop
      vertex 8.50606 15.8337 0.830595
      vertex 8.50606 14.0608 1.01277
      vertex 8.50606 14.0608 0.830595
    endloop
  endfacet
  facet normal 1 0 0
    outer loop
      vertex 8.50606 12.4867 0
      vertex 8.50606 16.9043 0.830595
      vertex 8.50606 15.8337 0.830595
    endloop
  endfacet
  facet normal 1 0 0
    outer loop
      vertex 8.50606 12.9901 0.830595
      vertex 8.50606 12.9901 1.01277
      vertex 8.50606 12.4867 0
    endloop
  endfacet
  facet normal 1 0 0
    outer loop
      vertex 8.50606 12.4867 0
      vertex 8.50606 15.8337 0.830595
      vertex 8.50606 14.0608 0.830595
    endloop
  endfacet
  facet normal 1 0 0
    outer loop
      vertex 8.50606 12.4867 0
      vertex 8.50606 14.0608 0.830595
      vertex 8.50606 12.9901 0.830595
    endloop
  endfacet
  facet normal 0.000377815 -1 0
    outer loop
      vertex 8.84483 19.6684 1.01277
      vertex 8.84483 19.6684 0
      vertex 9.91509 19.6688 0
    endloop
  endfacet
  facet normal 0.000377815 -1 0
    outer loop
      vertex 9.91509 19.6688 0
      vertex 9.91509 19.6688 1.01277
      vertex 8.84483 19.6684 1.01277
    endloop
  endfacet
  facet normal 0.635544 -0.772065 0
    outer loop
      vertex 8.59369 30.607 1.01277
      vertex 8.59369 30.607 0
      vertex 9.14329 31.0594 0
    endloop
  endfacet
  facet normal 0.635544 -0.772065 0
    outer loop
      vertex 9.14329 31.0594 0
      vertex 9.14329 31.0594 1.01277
      vertex 8.59369 30.607 1.01277
    endloop
  endfacet
  facet normal -1 0 0
    outer loop
      vertex 5.09704 12.3834 1.01277
      vertex 5.09704 12.3834 0
      vertex 5.09704 11.4956 0
    endloop
  endfacet
  facet normal -1 0 0
    outer loop
      vertex 5.09704 11.4956 0
      vertex 5.09704 11.4956 1.01277
      vertex 5.09704 12.3834 1.01277
    endloop
  endfacet
  facet normal 1 0.000922589 0
    outer loop
      vertex 9.14329 31.0594 1.01277
      vertex 9.14329 31.0594 0
      vertex 9.14281 31.5855 0
    endloop
  endfacet
  facet normal 1 0.000922589 0
    outer loop
      vertex 9.14281 31.5855 0
      vertex 9.14281 31.5855 1.01277
      vertex 9.14329 31.0594 1.01277
    endloop
  endfacet
  facet normal -1 0 0
    outer loop
      vertex 5.09704 20.1906 1.01277
      vertex 5.09704 20.1906 0
      vertex 5.09704 18.8697 0
    endloop
  endfacet
  facet normal -1 0 0
    outer loop
      vertex 5.09704 18.8697 0
      vertex 5.09704 18.8697 1.01277
      vertex 5.09704 20.1906 1.01277
    endloop
  endfacet
  facet normal 0.963126 0.269049 0
    outer loop
      vertex 9.65242 21.918 1.01277
      vertex 9.65242 21.918 0
      vertex 8.59559 25.7012 0
    endloop
  endfacet
  facet normal 0.963126 0.269049 0
    outer loop
      vertex 8.59559 25.7012 0
      vertex 8.59559 25.7012 1.01277
      vertex 9.65242 21.918 1.01277
    endloop
  endfacet
  facet normal -0.949222 -0.314607 0
    outer loop
      vertex 5.09704 11.4956 1.01277
      vertex 5.09704 11.4956 0
      vertex 5.3291 10.7955 0
    endloop
  endfacet
  facet normal -0.949222 -0.314607 0
    outer loop
      vertex 5.3291 10.7955 0
      vertex 5.3291 10.7955 1.01277
      vertex 5.09704 11.4956 1.01277
    endloop
  endfacet
  facet normal -1 0 0
    outer loop
      vertex 4.76442 31.5855 1.01277
      vertex 4.76442 31.5855 0
      vertex 4.76442 31.0594 0
    endloop
  endfacet
  facet normal -1 0 0
    outer loop
      vertex 4.76442 31.0594 0
      vertex 4.76442 31.0594 1.01277
      vertex 4.76442 31.5855 1.01277
    endloop
  endfacet
  facet normal 0.705765 0.708443 -0.00196596
    outer loop
      vertex 9.50086 11.4984 1.01277
      vertex 9.50086 11.4956 0
      vertex 8.50606 12.4867 0
    endloop
  endfacet
  facet normal 0.70476 0.709446 0
    outer loop
      vertex 8.50606 12.4867 0
      vertex 8.50606 12.4867 1.01277
      vertex 9.50086 11.4984 1.01277
    endloop
  endfacet
  facet normal -1 0 0
    outer loop
      vertex 5.09704 25.7012 1.01277
      vertex 5.09704 25.7012 0
      vertex 5.09704 21.4881 0
    endloop
  endfacet
  facet normal -1 0 0
    outer loop
      vertex 5.09704 21.4881 0
      vertex 5.09704 21.4881 1.01277
      vertex 5.09704 25.7012 1.01277
    endloop
  endfacet
  facet normal -1 0 0
    outer loop
      vertex 5.09704 20.1922 1.01277
      vertex 5.09704 20.1922 0
      vertex 5.09704 20.1906 0
    endloop
  endfacet
  facet normal -1 0 0
    outer loop
      vertex 5.09704 20.1906 0
      vertex 5.09704 20.1906 1.01277
      vertex 5.09704 20.1922 1.01277
    endloop
  endfacet
  facet normal -1 0 0
    outer loop
      vertex 5.09704 18.3367 1.01277
      vertex 5.09704 18.3367 0
      vertex 5.09704 12.3834 0
    endloop
  endfacet
  facet normal -1 0 0
    outer loop
      vertex 5.09704 12.3834 0
      vertex 5.09704 12.3834 1.01277
      vertex 5.09704 18.3367 1.01277
    endloop
  endfacet
  facet normal 1 0 0
    outer loop
      vertex 9.50086 10.7956 1.01277
      vertex 9.50086 10.7955 0
      vertex 9.50086 11.4956 0
    endloop
  endfacet
  facet normal 1 0 0
    outer loop
      vertex 9.50086 11.4956 0
      vertex 9.50086 11.4984 1.01277
      vertex 9.50086 10.7956 1.01277
    endloop
  endfacet
  facet normal 0.000245086 -1 0
    outer loop
      vertex 9.91509 19.6688 1.01277
      vertex 9.91509 19.6688 0
      vertex 11.5649 19.6692 0
    endloop
  endfacet
  facet normal 0.000245086 -1 0
    outer loop
      vertex 11.5649 19.6692 0
      vertex 11.5649 19.6692 1.01277
      vertex 9.91509 19.6688 1.01277
    endloop
  endfacet
  facet normal 0.843948 -0.536425 0
    outer loop
      vertex 8.50606 18.3367 1.01277
      vertex 8.50606 18.3367 0
      vertex 8.84483 18.8697 0
    endloop
  endfacet
  facet normal 0.843948 -0.536425 0
    outer loop
      vertex 8.84483 18.8697 0
      vertex 8.84483 18.8697 1.01277
      vertex 8.50606 18.3367 1.01277
    endloop
  endfacet
  facet normal 0 0 1
    outer loop
      vertex 8.68091 18.8238 1.01277
      vertex 8.84483 18.8697 1.01277
      vertex 8.84483 19.6684 1.01277
    endloop
  endfacet
  facet normal 0 0 1
    outer loop
      vertex 8.84483 19.6684 1.01277
      vertex 8.68091 19.9397 1.01277
      vertex 8.68091 18.8238 1.01277
    endloop
  endfacet
  facet normal 0 0 1
    outer loop
      vertex 5.46432 19.9415 1.01277
      vertex 5.09704 20.1922 1.01277
      vertex 5.09704 20.1906 1.01277
    endloop
  endfacet
  facet normal 0 0 1
    outer loop
      vertex 5.09704 20.1906 1.01277
      vertex 5.46432 19.9397 1.01277
      vertex 5.46432 19.9415 1.01277
    endloop
  endfacet
  facet normal 0 0 1
    outer loop
      vertex 5.46432 18.8238 1.01277
      vertex 5.09704 18.8697 1.01277
      vertex 5.09704 18.3367 1.01277
    endloop
  endfacet
  facet normal 0 0 1
    outer loop
      vertex 5.09704 18.3367 1.01277
      vertex 5.46432 18.2156 1.01277
      vertex 5.46432 18.8238 1.01277
    endloop
  endfacet
  facet normal 0 0 1
    outer loop
      vertex 11.547 19.9406 1.01277
      vertex 11.5649 19.6692 1.01277
      vertex 12.2348 19.344 1.01277
    endloop
  endfacet
  facet normal 0 0 1
    outer loop
      vertex 12.2348 19.344 1.01277
      vertex 12.3113 19.5696 1.01277
      vertex 11.547 19.9406 1.01277
    endloop
  endfacet
  facet normal 0 0 1
    outer loop
      vertex 5.46432 26.2268 1.01277
      vertex 5.09704 25.7012 1.01277
      vertex 5.09704 21.4881 1.01277
    endloop
  endfacet
  facet normal 0 0 1
    outer loop
      vertex 5.09704 21.4881 1.01277
      vertex 5.46432 21.42 1.01277
      vertex 5.46432 26.2268 1.01277
    endloop
  endfacet
  facet normal 0 0 1
    outer loop
      vertex 9.31405 11.5103 1.01277
      vertex 9.50086 11.4984 1.01277
      vertex 8.50606 12.4867 1.01277
    endloop
  endfacet
  facet normal 0 0 1
    outer loop
      vertex 8.50606 12.4867 1.01277
      vertex 8.29442 12.5203 1.01277
      vertex 9.31405 11.5103 1.01277
    endloop
  endfacet
  facet normal 0 0 1
    outer loop
      vertex 10.114 19.9401 1.01277
      vertex 9.91509 19.6688 1.01277
      vertex 11.5649 19.6692 1.01277
    endloop
  endfacet
  facet normal 0 0 1
    outer loop
      vertex 11.5649 19.6692 1.01277
      vertex 11.547 19.9406 1.01277
      vertex 10.114 19.9401 1.01277
    endloop
  endfacet
  facet normal 0 0 -1
    outer loop
      vertex 11.5464 22.054 1.01277
      vertex 11.5644 21.918 1.01277
      vertex 9.65242 21.918 1.01277
    endloop
  endfacet
  facet normal 0 0 -1
    outer loop
      vertex 9.65242 21.918 1.01277
      vertex 9.8142 22.054 1.01277
      vertex 11.5464 22.054 1.01277
    endloop
  endfacet
  facet normal 0 0 1
    outer loop
      vertex 6.98188 31.0836 1.01277
      vertex 4.76442 31.0594 1.01277
      vertex 5.09704 30.1624 1.01277
    endloop
  endfacet
  facet normal 0 0 1
    outer loop
      vertex 5.09704 30.1624 1.01277
      vertex 5.46432 30.1715 1.01277
      vertex 6.98188 31.0836 1.01277
    endloop
  endfacet
  facet normal 1.10509e-05 -1 6.02666e-05
    outer loop
      vertex 9.31413 10.7955 0
      vertex 9.31405 10.7955 1.01277
      vertex 5.60322 10.7955 1.01277
    endloop
  endfacet
  facet normal 0 -1 1.97747e-05
    outer loop
      vertex 5.60322 10.7955 1.01277
      vertex 5.60318 10.7955 0
      vertex 9.31413 10.7955 0
    endloop
  endfacet
  facet normal 0 0 1
    outer loop
      vertex 6.98188 31.5855 1.01277
      vertex 4.76442 31.5855 1.01277
      vertex 4.76442 31.0594 1.01277
    endloop
  endfacet
  facet normal 0 0 1
    outer loop
      vertex 4.76442 31.0594 1.01277
      vertex 6.98188 31.0836 1.01277
      vertex 6.98188 31.5855 1.01277
    endloop
  endfacet
  facet normal 0 0 1
    outer loop
      vertex 12.3113 19.5696 1.01277
      vertex 12.2348 19.344 1.01277
      vertex 14.4129 19.3446 1.01277
    endloop
  endfacet
  facet normal 0 0 1
    outer loop
      vertex 14.4129 19.3446 1.01277
      vertex 14.4129 19.5702 1.01277
      vertex 12.3113 19.5696 1.01277
    endloop
  endfacet
  facet normal 0 0 -1
    outer loop
      vertex 5.09704 11.4956 0
      vertex 9.50086 11.4956 0
      vertex 9.50086 10.7955 0
    endloop
  endfacet
  facet normal 0 0 0
    outer loop
      vertex 9.31413 10.7955 0
      vertex 5.60318 10.7955 0
      vertex 5.3291 10.7955 0
    endloop
  endfacet
  facet normal 0 0 -1
    outer loop
      vertex 5.09704 11.4956 0
      vertex 9.50086 10.7955 0
      vertex 9.31413 10.7955 0
    endloop
  endfacet
  facet normal 0 0 -1
    outer loop
      vertex 9.31413 10.7955 0
      vertex 5.3291 10.7955 0
      vertex 5.09704 11.4956 0
    endloop
  endfacet
  facet normal 0 0 -1
    outer loop
      vertex 8.59369 30.607 0
      vertex 8.59559 25.7012 0
      vertex 8.37109 25.7012 0
    endloop
  endfacet
  facet normal 0 0 -1
    outer loop
      vertex 8.37109 25.7012 0
      vertex 8.36858 30.607 0
      vertex 8.59369 30.607 0
    endloop
  endfacet
  facet normal 0 0 -1
    outer loop
      vertex 11.5649 19.6692 0
      vertex 11.5644 21.918 0
      vertex 12.2344 21.918 0
    endloop
  endfacet
  facet normal 0 0 -1
    outer loop
      vertex 12.2344 21.918 0
      vertex 12.2348 19.344 0
      vertex 11.5649 19.6692 0
    endloop
  endfacet
  facet normal 0 0 -1
    outer loop
      vertex 8.5025 31.5855 0
      vertex 9.14281 31.5855 0
      vertex 9.14329 31.0594 0
    endloop
  endfacet
  facet normal 0 0 -1
    outer loop
      vertex 9.14329 31.0594 0
      vertex 8.50283 31.0594 0
      vertex 8.5025 31.5855 0
    endloop
  endfacet
  facet normal 0 0 -1
    outer loop
      vertex 9.14329 31.0594 0
      vertex 8.59369 30.607 0
      vertex 8.36858 30.607 0
    endloop
  endfacet
  facet normal 0 0 -1
    outer loop
      vertex 8.36858 30.607 0
      vertex 8.50283 31.0594 0
      vertex 9.14329 31.0594 0
    endloop
  endfacet
  facet normal 0 0 -1
    outer loop
      vertex 8.84483 19.6684 0
      vertex 8.84483 18.8697 0
      vertex 5.09704 18.8697 0
    endloop
  endfacet
  facet normal 0 0 -1
    outer loop
      vertex 5.09704 18.8697 0
      vertex 5.09704 20.1906 0
      vertex 8.84483 19.6684 0
    endloop
  endfacet
  facet normal 0 0 -1
    outer loop
      vertex 8.84483 18.8697 0
      vertex 8.50606 18.3367 0
      vertex 5.09704 18.3367 0
    endloop
  endfacet
  facet normal 0 0 -1
    outer loop
      vertex 5.09704 18.3367 0
      vertex 5.09704 18.8697 0
      vertex 8.84483 18.8697 0
    endloop
  endfacet
  facet normal 0 0 -1
    outer loop
      vertex 8.50606 12.4867 0
      vertex 9.50086 11.4956 0
      vertex 5.09704 11.4956 0
    endloop
  endfacet
  facet normal 0 0 -1
    outer loop
      vertex 5.09704 11.4956 0
      vertex 5.09704 12.3834 0
      vertex 8.50606 12.4867 0
    endloop
  endfacet
  facet normal 0 0 -1
    outer loop
      vertex 8.50606 18.3367 0
      vertex 8.50606 12.4867 0
      vertex 5.09704 12.3834 0
    endloop
  endfacet
  facet normal 0 0 -1
    outer loop
      vertex 5.09704 12.3834 0
      vertex 5.09704 18.3367 0
      vertex 8.50606 18.3367 0
    endloop
  endfacet
  facet normal 0 0 -1
    outer loop
      vertex 8.51593 21.918 0
      vertex 5.09704 21.4881 0
      vertex 5.09704 25.7012 0
    endloop
  endfacet
  facet normal 0 0 -1
    outer loop
      vertex 5.09704 25.7012 0
      vertex 8.37109 25.7012 0
      vertex 8.51593 21.918 0
    endloop
  endfacet
  facet normal 0 0 -1
    outer loop
      vertex 8.36858 30.607 0
      vertex 5.09704 30.1624 0
      vertex 4.76442 31.0594 0
    endloop
  endfacet
  facet normal 0 0 -1
    outer loop
      vertex 4.76442 31.0594 0
      vertex 8.50283 31.0594 0
      vertex 8.36858 30.607 0
    endloop
  endfacet
  facet normal 0 0 -1
    outer loop
      vertex 8.50283 31.0594 0
      vertex 4.76442 31.0594 0
      vertex 4.76442 31.5855 0
    endloop
  endfacet
  facet normal 0 0 -1
    outer loop
      vertex 4.76442 31.5855 0
      vertex 8.5025 31.5855 0
      vertex 8.50283 31.0594 0
    endloop
  endfacet
  facet normal 0 0 -1
    outer loop
      vertex 8.84483 19.6684 0
      vertex 5.09704 20.1906 0
      vertex 5.09704 20.1922 0
    endloop
  endfacet
  facet normal 0 0 -1
    outer loop
      vertex 5.09704 20.1922 0
      vertex 8.51686 20.0664 0
      vertex 8.84483 19.6684 0
    endloop
  endfacet
  facet normal 0 0 -1
    outer loop
      vertex 8.37109 25.7012 0
      vertex 5.09704 25.7012 0
      vertex 5.09704 30.1624 0
    endloop
  endfacet
  facet normal 0 0 -1
    outer loop
      vertex 5.09704 30.1624 0
      vertex 8.36858 30.607 0
      vertex 8.37109 25.7012 0
    endloop
  endfacet
  facet normal 0 0 -1
    outer loop
      vertex 12.2344 21.918 0
      vertex 14.4129 21.918 0
      vertex 14.4129 19.3446 0
    endloop
  endfacet
  facet normal 0 0 -1
    outer loop
      vertex 14.4129 19.3446 0
      vertex 12.2348 19.344 0
      vertex 12.2344 21.918 0
    endloop
  endfacet
  facet normal 0 0 -1
    outer loop
      vertex 8.51686 20.0664 0
      vertex 5.09704 20.1922 0
      vertex 5.09704 21.4881 0
    endloop
  endfacet
  facet normal 0 0 -1
    outer loop
      vertex 5.09704 21.4881 0
      vertex 8.51593 21.918 0
      vertex 8.51686 20.0664 0
    endloop
  endfacet
  facet normal 0 0 -1
    outer loop
      vertex 8.59559 25.7012 0
      vertex 9.65242 21.918 0
      vertex 8.51593 21.918 0
    endloop
  endfacet
  facet normal 0 0 -1
    outer loop
      vertex 8.51593 21.918 0
      vertex 8.37109 25.7012 0
      vertex 8.59559 25.7012 0
    endloop
  endfacet
  facet normal 0 0 -1
    outer loop
      vertex 9.65242 21.918 0
      vertex 11.5644 21.918 0
      vertex 11.5649 19.6692 0
    endloop
  endfacet
  facet normal 0 0 -1
    outer loop
      vertex 11.5649 19.6692 0
      vertex 9.91509 19.6688 0
      vertex 9.65242 21.918 0
    endloop
  endfacet
  facet normal 0 0 -1
    outer loop
      vertex 8.51593 21.918 0
      vertex 9.65242 21.918 0
      vertex 9.91509 19.6688 0
    endloop
  endfacet
  facet normal 0 0 -1
    outer loop
      vertex 9.91509 19.6688 0
      vertex 8.84483 19.6684 0
      vertex 8.51686 20.0664 0
    endloop
  endfacet
  facet normal 0 0 -1
    outer loop
      vertex 9.91509 19.6688 0
      vertex 8.51686 20.0664 0
      vertex 8.51593 21.918 0
    endloop
  endfacet
  facet normal -0.436714 -0.899601 0
    outer loop
      vertex 11.5649 19.6692 1.01277
      vertex 11.5649 19.6692 0
      vertex 12.2348 19.344 0
    endloop
  endfacet
  facet normal -0.436714 -0.899601 0
    outer loop
      vertex 12.2348 19.344 0
      vertex 12.2348 19.344 1.01277
      vertex 11.5649 19.6692 1.01277
    endloop
  endfacet
  facet normal 1 0.000387435 0
    outer loop
      vertex 8.59559 25.7012 1.01277
      vertex 8.59559 25.7012 0
      vertex 8.59369 30.607 0
    endloop
  endfacet
  facet normal 1 0.000387435 0
    outer loop
      vertex 8.59369 30.607 0
      vertex 8.59369 30.607 1.01277
      vertex 8.59559 25.7012 1.01277
    endloop
  endfacet
  facet normal -1 0 0
    outer loop
      vertex 5.09704 21.4881 1.01277
      vertex 5.09704 21.4881 0
      vertex 5.09704 20.1922 0
    endloop
  endfacet
  facet normal -1 0 0
    outer loop
      vertex 5.09704 20.1922 0
      vertex 5.09704 20.1922 1.01277
      vertex 5.09704 21.4881 1.01277
    endloop
  endfacet
  facet normal 0 1 0
    outer loop
      vertex 12.2344 21.918 1.01277
      vertex 12.2344 21.918 0
      vertex 11.5644 21.918 0
    endloop
  endfacet
  facet normal 0 1 0
    outer loop
      vertex 11.5644 21.918 0
      vertex 11.5644 21.918 1.01277
      vertex 12.2344 21.918 1.01277
    endloop
  endfacet
  facet normal -1 0 0
    outer loop
      vertex 5.09704 30.1624 1.01277
      vertex 5.09704 30.1624 0
      vertex 5.09704 25.7012 0
    endloop
  endfacet
  facet normal -1 0 0
    outer loop
      vertex 5.09704 25.7012 0
      vertex 5.09704 25.7012 1.01277
      vertex 5.09704 30.1624 1.01277
    endloop
  endfacet
  facet normal 1 0 0
    outer loop
      vertex 8.84483 18.8697 1.01277
      vertex 8.84483 18.8697 0
      vertex 8.84483 19.6684 0
    endloop
  endfacet
  facet normal 1 0 0
    outer loop
      vertex 8.84483 19.6684 0
      vertex 8.84483 19.6684 1.01277
      vertex 8.84483 18.8697 1.01277
    endloop
  endfacet
  facet normal 0 1 0
    outer loop
      vertex 14.4129 21.918 1.01277
      vertex 14.4129 21.918 0
      vertex 12.2344 21.918 0
    endloop
  endfacet
  facet normal 0 1 0
    outer loop
      vertex 12.2344 21.918 0
      vertex 12.2344 21.918 1.01277
      vertex 14.4129 21.918 1.01277
    endloop
  endfacet
  facet normal 0.000278474 -1 0
    outer loop
      vertex 12.2348 19.344 1.01277
      vertex 12.2348 19.344 0
      vertex 14.4129 19.3446 0
    endloop
  endfacet
  facet normal 0.000278474 -1 0
    outer loop
      vertex 14.4129 19.3446 0
      vertex 14.4129 19.3446 1.01277
      vertex 12.2348 19.344 1.01277
    endloop
  endfacet
  facet normal -1 0 0
    outer loop
      vertex 5.09704 18.8697 1.01277
      vertex 5.09704 18.8697 0
      vertex 5.09704 18.3367 0
    endloop
  endfacet
  facet normal -1 0 0
    outer loop
      vertex 5.09704 18.3367 0
      vertex 5.09704 18.3367 1.01277
      vertex 5.09704 18.8697 1.01277
    endloop
  endfacet
  facet normal 0 -1 0
    outer loop
      vertex 5.3291 10.7955 1.01277
      vertex 5.3291 10.7955 0
      vertex 5.60318 10.7955 0
    endloop
  endfacet
  facet normal 7.30614e-05 -1 1.97718e-05
    outer loop
      vertex 5.60318 10.7955 0
      vertex 5.60322 10.7955 1.01277
      vertex 5.3291 10.7955 1.01277
    endloop
  endfacet
  facet normal 0 1 0
    outer loop
      vertex 11.5644 21.918 1.01277
      vertex 11.5644 21.918 0
      vertex 9.65242 21.918 0
    endloop
  endfacet
  facet normal 0 1 0
    outer loop
      vertex 9.65242 21.918 0
      vertex 9.65242 21.918 1.01277
      vertex 11.5644 21.918 1.01277
    endloop
  endfacet
  facet normal 0.000323427 -1 0.000945176
    outer loop
      vertex 8.68091 19.9397 1.01277
      vertex 10.114 19.9401 1.01277
      vertex 10.114 19.9402 1.07734
    endloop
  endfacet
  facet normal 0.000366019 -1 0
    outer loop
      vertex 10.114 19.9402 1.07734
      vertex 8.68091 19.9397 1.07734
      vertex 8.68091 19.9397 1.01277
    endloop
  endfacet
  facet normal -0.558004 0 0.829838
    outer loop
      vertex 5.46432 18.1759 1.10571
      vertex 5.84636 17.9361 1.3626
      vertex 5.84636 18.4264 1.3626
    endloop
  endfacet
  facet normal -0.558004 0 0.829838
    outer loop
      vertex 5.84636 18.4264 1.3626
      vertex 5.46432 18.7227 1.10571
      vertex 5.46432 18.1759 1.10571
    endloop
  endfacet
  facet normal -0.590399 0 -0.807112
    outer loop
      vertex 5.46432 18.7227 2.18391
      vertex 5.84636 18.4264 1.90445
      vertex 5.84636 17.9361 1.90445
    endloop
  endfacet
  facet normal -0.590399 0 -0.807112
    outer loop
      vertex 5.84636 17.9361 1.90445
      vertex 5.46432 18.1759 2.18391
      vertex 5.46432 18.7227 2.18391
    endloop
  endfacet
  facet normal -1 0 0
    outer loop
      vertex 5.46432 18.8238 2.6263
      vertex 5.46432 18.7227 2.18391
      vertex 5.46432 18.1759 2.18391
    endloop
  endfacet
  facet normal -1 0 0
    outer loop
      vertex 5.46432 18.1759 2.18391
      vertex 5.46432 18.2156 2.6263
      vertex 5.46432 18.8238 2.6263
    endloop
  endfacet
  facet normal -1 0 0
    outer loop
      vertex 5.46432 12.5203 2.6263
      vertex 5.46432 13.0543 2.18391
      vertex 5.46432 13.0543 1.10571
    endloop
  endfacet
  facet normal -1 0 0
    outer loop
      vertex 5.46432 13.0543 1.10571
      vertex 5.46432 12.5203 1.01277
      vertex 5.46432 12.5203 2.6263
    endloop
  endfacet
  facet normal -1 0 0
    outer loop
      vertex 5.46432 12.5203 1.01277
      vertex 5.46432 13.0543 1.10571
      vertex 5.46432 18.1759 1.10571
    endloop
  endfacet
  facet normal -1 0 0
    outer loop
      vertex 5.46432 18.1759 1.10571
      vertex 5.46432 18.2156 1.01277
      vertex 5.46432 12.5203 1.01277
    endloop
  endfacet
  facet normal -1 0 0
    outer loop
      vertex 5.46432 18.8238 1.01277
      vertex 5.46432 18.7227 1.10571
      vertex 5.46432 18.7227 2.18391
    endloop
  endfacet
  facet normal -1 0 0
    outer loop
      vertex 5.46432 18.7227 2.18391
      vertex 5.46432 18.8238 2.6263
      vertex 5.46432 18.8238 1.01277
    endloop
  endfacet
  facet normal -1 0 0
    outer loop
      vertex 5.84636 18.4264 1.3626
      vertex 5.84636 17.9361 1.3626
      vertex 5.84636 17.9361 1.90445
    endloop
  endfacet
  facet normal -1 0 0
    outer loop
      vertex 5.84636 17.9361 1.90445
      vertex 5.84636 18.4264 1.90445
      vertex 5.84636 18.4264 1.3626
    endloop
  endfacet
  facet normal -1 0 0
    outer loop
      vertex 5.84636 17.9361 1.3626
      vertex 5.84636 13.3447 1.3626
      vertex 5.84636 13.3447 1.90445
    endloop
  endfacet
  facet normal -1 0 0
    outer loop
      vertex 5.84636 13.3447 1.90445
      vertex 5.84636 17.9361 1.90445
      vertex 5.84636 17.9361 1.3626
    endloop
  endfacet
  facet normal -0.590399 0 -0.807112
    outer loop
      vertex 5.46432 18.1759 2.18391
      vertex 5.84636 17.9361 1.90445
      vertex 5.84636 13.3447 1.90445
    endloop
  endfacet
  facet normal -0.590399 0 -0.807112
    outer loop
      vertex 5.84636 13.3447 1.90445
      vertex 5.46432 13.0543 2.18391
      vertex 5.46432 18.1759 2.18391
    endloop
  endfacet
  facet normal -0.558004 0 0.829839
    outer loop
      vertex 5.46432 13.0543 1.10571
      vertex 5.84636 13.3447 1.3626
      vertex 5.84636 17.9361 1.3626
    endloop
  endfacet
  facet normal -0.558004 0 0.829839
    outer loop
      vertex 5.84636 17.9361 1.3626
      vertex 5.46432 18.1759 1.10571
      vertex 5.46432 13.0543 1.10571
    endloop
  endfacet
  facet normal -0.612928 -0.790139 0
    outer loop
      vertex 5.46432 18.7227 1.10571
      vertex 5.84636 18.4264 1.3626
      vertex 5.84636 18.4264 1.90445
    endloop
  endfacet
  facet normal -0.612928 -0.790139 0
    outer loop
      vertex 5.84636 18.4264 1.90445
      vertex 5.46432 18.7227 2.18391
      vertex 5.46432 18.7227 1.10571
    endloop
  endfacet
  facet normal -0.605165 0.7961 0
    outer loop
      vertex 5.46432 13.0543 2.18391
      vertex 5.84636 13.3447 1.90445
      vertex 5.84636 13.3447 1.3626
    endloop
  endfacet
  facet normal -0.605165 0.7961 0
    outer loop
      vertex 5.84636 13.3447 1.3626
      vertex 5.46432 13.0543 1.10571
      vertex 5.46432 13.0543 2.18391
    endloop
  endfacet
  facet normal -0.577044 0 0.816713
    outer loop
      vertex 5.46432 25.5622 1.13149
      vertex 5.84878 25.5438 1.40313
      vertex 5.84878 27.9073 1.40313
    endloop
  endfacet
  facet normal -0.577044 0 0.816713
    outer loop
      vertex 5.84878 27.9073 1.40313
      vertex 5.46432 28.1789 1.13149
      vertex 5.46432 25.5622 1.13149
    endloop
  endfacet
  facet normal -0.577045 0 -0.816712
    outer loop
      vertex 5.46432 25.5622 2.20182
      vertex 5.84878 25.5438 1.93018
      vertex 5.84878 22.6637 1.93018
    endloop
  endfacet
  facet normal -0.577045 0 -0.816712
    outer loop
      vertex 5.84878 22.6637 1.93018
      vertex 5.46432 22.3736 2.20182
      vertex 5.46432 25.5622 2.20182
    endloop
  endfacet
  facet normal -1 0 0
    outer loop
      vertex 5.46432 26.2268 2.6263
      vertex 5.46432 25.5622 2.20182
      vertex 5.46432 22.3736 2.20182
    endloop
  endfacet
  facet normal -1 0 0
    outer loop
      vertex 5.46432 22.3736 2.20182
      vertex 5.46432 21.42 2.6263
      vertex 5.46432 26.2268 2.6263
    endloop
  endfacet
  facet normal -1 0 0
    outer loop
      vertex 5.46432 30.1715 2.6263
      vertex 5.46432 28.1789 2.20182
      vertex 5.46432 25.5622 2.20182
    endloop
  endfacet
  facet normal -1 0 0
    outer loop
      vertex 5.46432 25.5622 2.20182
      vertex 5.46432 26.2268 2.6263
      vertex 5.46432 30.1715 2.6263
    endloop
  endfacet
  facet normal -1 0 0
    outer loop
      vertex 5.46432 21.42 1.01277
      vertex 5.46432 22.3736 1.13149
      vertex 5.46432 25.5622 1.13149
    endloop
  endfacet
  facet normal -1 0 0
    outer loop
      vertex 5.46432 25.5622 1.13149
      vertex 5.46432 26.2268 1.01277
      vertex 5.46432 21.42 1.01277
    endloop
  endfacet
  facet normal -1 0 0
    outer loop
      vertex 5.46432 21.42 2.6263
      vertex 5.46432 22.3736 2.20182
      vertex 5.46432 22.3736 1.13149
    endloop
  endfacet
  facet normal -1 0 0
    outer loop
      vertex 5.46432 22.3736 1.13149
      vertex 5.46432 21.42 1.01277
      vertex 5.46432 21.42 2.6263
    endloop
  endfacet
  facet normal -1 0 0
    outer loop
      vertex 5.84878 27.9073 1.40313
      vertex 5.84878 25.5438 1.40313
      vertex 5.84878 25.5438 1.93018
    endloop
  endfacet
  facet normal -1 0 0
    outer loop
      vertex 5.84878 25.5438 1.93018
      vertex 5.84878 27.9073 1.93018
      vertex 5.84878 27.9073 1.40313
    endloop
  endfacet
  facet normal -1 0 0
    outer loop
      vertex 5.84878 25.5438 1.40313
      vertex 5.84878 22.6637 1.40313
      vertex 5.84878 22.6637 1.93018
    endloop
  endfacet
  facet normal -1 0 0
    outer loop
      vertex 5.84878 22.6637 1.93018
      vertex 5.84878 25.5438 1.93018
      vertex 5.84878 25.5438 1.40313
    endloop
  endfacet
  facet normal -0.577045 0 -0.816713
    outer loop
      vertex 5.46432 28.1789 2.20182
      vertex 5.84878 27.9073 1.93018
      vertex 5.84878 25.5438 1.93018
    endloop
  endfacet
  facet normal -0.577045 0 -0.816712
    outer loop
      vertex 5.84878 25.5438 1.93018
      vertex 5.46432 25.5622 2.20182
      vertex 5.46432 28.1789 2.20182
    endloop
  endfacet
  facet normal -0.602228 0.798324 0
    outer loop
      vertex 5.46432 22.3736 2.20182
      vertex 5.84878 22.6637 1.93018
      vertex 5.84878 22.6637 1.40313
    endloop
  endfacet
  facet normal -0.602228 0.798324 0
    outer loop
      vertex 5.84878 22.6637 1.40313
      vertex 5.46432 22.3736 1.13149
      vertex 5.46432 22.3736 2.20182
    endloop
  endfacet
  facet normal -0.576961 -0.816772 0
    outer loop
      vertex 5.46432 28.1789 1.13149
      vertex 5.84878 27.9073 1.40313
      vertex 5.84878 27.9073 1.93018
    endloop
  endfacet
  facet normal -0.576961 -0.816772 0
    outer loop
      vertex 5.84878 27.9073 1.93018
      vertex 5.46432 28.1789 2.20182
      vertex 5.46432 28.1789 1.13149
    endloop
  endfacet
  facet normal -0.577044 0 0.816713
    outer loop
      vertex 5.46432 22.3736 1.13149
      vertex 5.84878 22.6637 1.40313
      vertex 5.84878 25.5438 1.40313
    endloop
  endfacet
  facet normal -0.577044 0 0.816713
    outer loop
      vertex 5.84878 25.5438 1.40313
      vertex 5.46432 25.5622 1.13149
      vertex 5.46432 22.3736 1.13149
    endloop
  endfacet
  facet normal 0 -1 0
    outer loop
      vertex 7.91344 12.6241 2.6263
      vertex 7.91344 12.6241 3.1924
      vertex 6.33806 12.6241 3.1924
    endloop
  endfacet
  facet normal 0 -1 0
    outer loop
      vertex 6.33806 12.6241 3.1924
      vertex 5.98509 12.6241 2.6263
      vertex 7.91344 12.6241 2.6263
    endloop
  endfacet
  facet normal 0 1 0
    outer loop
      vertex 5.98509 19.1512 2.6263
      vertex 6.33806 19.1512 3.1924
      vertex 7.91582 19.1512 3.1924
    endloop
  endfacet
  facet normal 0 1 0
    outer loop
      vertex 7.91582 19.1512 3.1924
      vertex 7.91582 19.1512 2.6263
      vertex 5.98509 19.1512 2.6263
    endloop
  endfacet
  facet normal 1 0 0
    outer loop
      vertex 7.91582 19.1512 2.6263
      vertex 7.91582 19.1512 3.1924
      vertex 7.91582 18.1695 3.1924
    endloop
  endfacet
  facet normal 1 0 0
    outer loop
      vertex 7.91582 18.1695 3.1924
      vertex 7.91582 18.1695 2.6263
      vertex 7.91582 19.1512 2.6263
    endloop
  endfacet
  facet normal 0 0 1
    outer loop
      vertex 8.68091 18.8238 2.6263
      vertex 7.91582 18.1695 2.6263
      vertex 7.91344 17.6345 2.6263
    endloop
  endfacet
  facet normal 0 0 1
    outer loop
      vertex 7.91344 17.6345 2.6263
      vertex 8.29442 18.2156 2.6263
      vertex 8.68091 18.8238 2.6263
    endloop
  endfacet
  facet normal 0 0 1
    outer loop
      vertex 5.46432 12.5203 2.6263
      vertex 5.98509 12.6241 2.6263
      vertex 5.98509 17.6345 2.6263
    endloop
  endfacet
  facet normal 0 0 1
    outer loop
      vertex 5.98509 17.6345 2.6263
      vertex 5.46432 18.2156 2.6263
      vertex 5.46432 12.5203 2.6263
    endloop
  endfacet
  facet normal 0 0 1
    outer loop
      vertex 8.68091 19.9397 2.6263
      vertex 7.91582 19.1512 2.6263
      vertex 7.91582 18.1695 2.6263
    endloop
  endfacet
  facet normal 0 0 1
    outer loop
      vertex 7.91582 18.1695 2.6263
      vertex 8.68091 18.8238 2.6263
      vertex 8.68091 19.9397 2.6263
    endloop
  endfacet
  facet normal 0 0 1
    outer loop
      vertex 8.29442 12.5203 2.6263
      vertex 7.91344 12.6241 2.6263
      vertex 5.98509 12.6241 2.6263
    endloop
  endfacet
  facet normal 0 0 1
    outer loop
      vertex 5.98509 12.6241 2.6263
      vertex 5.46432 12.5203 2.6263
      vertex 8.29442 12.5203 2.6263
    endloop
  endfacet
  facet normal 0 0 1
    outer loop
      vertex 5.46432 18.2156 2.6263
      vertex 5.98509 17.6345 2.6263
      vertex 5.98509 18.1695 2.6263
    endloop
  endfacet
  facet normal 0 0 1
    outer loop
      vertex 5.98509 18.1695 2.6263
      vertex 5.46432 18.8238 2.6263
      vertex 5.46432 18.2156 2.6263
    endloop
  endfacet
  facet normal 0 0 1
    outer loop
      vertex 7.91344 17.6345 3.1924
      vertex 7.65246 17.5714 3.1924
      vertex 7.65246 12.9882 3.1924
    endloop
  endfacet
  facet normal 0 0 1
    outer loop
      vertex 7.65246 12.9882 3.1924
      vertex 7.91344 12.6241 3.1924
      vertex 7.91344 17.6345 3.1924
    endloop
  endfacet
  facet normal 0 0 1
    outer loop
      vertex 6.33806 18.1695 3.1924
      vertex 6.59943 18.0608 3.1924
      vertex 6.59943 18.9588 3.1924
    endloop
  endfacet
  facet normal 0 0 1
    outer loop
      vertex 6.59943 18.9588 3.1924
      vertex 6.33806 19.1512 3.1924
      vertex 6.33806 18.1695 3.1924
    endloop
  endfacet
  facet normal 0 0 1
    outer loop
      vertex 7.91582 18.1695 3.1924
      vertex 7.65404 18.0608 3.1924
      vertex 7.65246 17.5714 3.1924
    endloop
  endfacet
  facet normal 0 0 1
    outer loop
      vertex 7.65246 17.5714 3.1924
      vertex 7.91344 17.6345 3.1924
      vertex 7.91582 18.1695 3.1924
    endloop
  endfacet
  facet normal -0.848569 0 0.529085
    outer loop
      vertex 5.98509 12.6241 2.6263
      vertex 6.33806 12.6241 3.1924
      vertex 6.33806 17.6345 3.1924
    endloop
  endfacet
  facet normal -0.848569 0 0.529085
    outer loop
      vertex 6.33806 17.6345 3.1924
      vertex 5.98509 17.6345 2.6263
      vertex 5.98509 12.6241 2.6263
    endloop
  endfacet
  facet normal 0.99999 -0.00446023 0
    outer loop
      vertex 7.91582 18.1695 2.6263
      vertex 7.91582 18.1695 3.1924
      vertex 7.91344 17.6345 3.1924
    endloop
  endfacet
  facet normal 0.99999 -0.00446023 0
    outer loop
      vertex 7.91344 17.6345 3.1924
      vertex 7.91344 17.6345 2.6263
      vertex 7.91582 18.1695 2.6263
    endloop
  endfacet
  facet normal -0.848569 0 0.529085
    outer loop
      vertex 5.98509 18.1695 2.6263
      vertex 6.33806 18.1695 3.1924
      vertex 6.33806 19.1512 3.1924
    endloop
  endfacet
  facet normal -0.848569 0 0.529085
    outer loop
      vertex 6.33806 19.1512 3.1924
      vertex 5.98509 19.1512 2.6263
      vertex 5.98509 18.1695 2.6263
    endloop
  endfacet
  facet normal 1 0 0
    outer loop
      vertex 7.91344 17.6345 2.6263
      vertex 7.91344 17.6345 3.1924
      vertex 7.91344 12.6241 3.1924
    endloop
  endfacet
  facet normal 1 0 0
    outer loop
      vertex 7.91344 12.6241 3.1924
      vertex 7.91344 12.6241 2.6263
      vertex 7.91344 17.6345 2.6263
    endloop
  endfacet
  facet normal -0.848569 0 0.529085
    outer loop
      vertex 5.98509 17.6345 2.6263
      vertex 6.33806 17.6345 3.1924
      vertex 6.33806 18.1695 3.1924
    endloop
  endfacet
  facet normal -0.848569 0 0.529085
    outer loop
      vertex 6.33806 18.1695 3.1924
      vertex 5.98509 18.1695 2.6263
      vertex 5.98509 17.6345 2.6263
    endloop
  endfacet
  facet normal 1 0 0
    outer loop
      vertex 6.59943 12.9882 3.1924
      vertex 6.59943 12.9882 3.06353
      vertex 6.59943 17.5714 3.06353
    endloop
  endfacet
  facet normal 1 0 0
    outer loop
      vertex 6.59943 17.5714 3.06353
      vertex 6.59943 17.5714 3.1924
      vertex 6.59943 12.9882 3.1924
    endloop
  endfacet
  facet normal 0 1 0
    outer loop
      vertex 7.65246 12.9882 3.1924
      vertex 7.65246 12.9882 3.06353
      vertex 6.59943 12.9882 3.06353
    endloop
  endfacet
  facet normal 0 1 0
    outer loop
      vertex 6.59943 12.9882 3.06353
      vertex 6.59943 12.9882 3.1924
      vertex 7.65246 12.9882 3.1924
    endloop
  endfacet
  facet normal 0 -1 0
    outer loop
      vertex 6.59943 18.9588 3.1924
      vertex 6.59943 18.9588 3.06353
      vertex 7.65404 18.9588 3.06353
    endloop
  endfacet
  facet normal 0 -1 0
    outer loop
      vertex 7.65404 18.9588 3.06353
      vertex 7.65404 18.9588 3.1924
      vertex 6.59943 18.9588 3.1924
    endloop
  endfacet
  facet normal 0 0 1
    outer loop
      vertex 6.33806 17.6345 3.1924
      vertex 6.59943 17.5714 3.1924
      vertex 6.59943 18.0608 3.1924
    endloop
  endfacet
  facet normal 0 0 1
    outer loop
      vertex 6.59943 18.0608 3.1924
      vertex 6.33806 18.1695 3.1924
      vertex 6.33806 17.6345 3.1924
    endloop
  endfacet
  facet normal 0 0 1
    outer loop
      vertex 7.91582 19.1512 3.1924
      vertex 7.65404 18.9588 3.1924
      vertex 7.65404 18.0608 3.1924
    endloop
  endfacet
  facet normal 0 0 1
    outer loop
      vertex 7.65404 18.0608 3.1924
      vertex 7.91582 18.1695 3.1924
      vertex 7.91582 19.1512 3.1924
    endloop
  endfacet
  facet normal 0 0 1
    outer loop
      vertex 6.33806 19.1512 3.1924
      vertex 6.59943 18.9588 3.1924
      vertex 7.65404 18.9588 3.1924
    endloop
  endfacet
  facet normal 0 0 1
    outer loop
      vertex 7.65404 18.9588 3.1924
      vertex 7.91582 19.1512 3.1924
      vertex 6.33806 19.1512 3.1924
    endloop
  endfacet
  facet normal 0 0 1
    outer loop
      vertex 7.91344 12.6241 3.1924
      vertex 7.65246 12.9882 3.1924
      vertex 6.59943 12.9882 3.1924
    endloop
  endfacet
  facet normal 0 0 1
    outer loop
      vertex 6.59943 12.9882 3.1924
      vertex 6.33806 12.6241 3.1924
      vertex 7.91344 12.6241 3.1924
    endloop
  endfacet
  facet normal 0 0 1
    outer loop
      vertex 6.33806 12.6241 3.1924
      vertex 6.59943 12.9882 3.1924
      vertex 6.59943 17.5714 3.1924
    endloop
  endfacet
  facet normal 0 0 1
    outer loop
      vertex 6.59943 17.5714 3.1924
      vertex 6.33806 17.6345 3.1924
      vertex 6.33806 12.6241 3.1924
    endloop
  endfacet
  facet normal 0 0 1
    outer loop
      vertex 6.59943 18.9588 3.06353
      vertex 6.59943 18.0608 3.06353
      vertex 7.65404 18.0608 3.06353
    endloop
  endfacet
  facet normal 0 0 1
    outer loop
      vertex 7.65404 18.0608 3.06353
      vertex 7.65404 18.9588 3.06353
      vertex 6.59943 18.9588 3.06353
    endloop
  endfacet
  facet normal 0 0 1
    outer loop
      vertex 6.59943 18.0608 3.06353
      vertex 6.59943 17.5714 3.06353
      vertex 7.65246 17.5714 3.06353
    endloop
  endfacet
  facet normal 0 0 1
    outer loop
      vertex 7.65246 17.5714 3.06353
      vertex 7.65404 18.0608 3.06353
      vertex 6.59943 18.0608 3.06353
    endloop
  endfacet
  facet normal 0 0 1
    outer loop
      vertex 6.59943 17.5714 3.06353
      vertex 6.59943 12.9882 3.06353
      vertex 7.65246 12.9882 3.06353
    endloop
  endfacet
  facet normal 0 0 1
    outer loop
      vertex 7.65246 12.9882 3.06353
      vertex 7.65246 17.5714 3.06353
      vertex 6.59943 17.5714 3.06353
    endloop
  endfacet
  facet normal -0.999995 0.00322226 0
    outer loop
      vertex 7.65404 18.0608 3.1924
      vertex 7.65404 18.0608 3.06353
      vertex 7.65246 17.5714 3.06353
    endloop
  endfacet
  facet normal -0.999995 0.00322226 0
    outer loop
      vertex 7.65246 17.5714 3.06353
      vertex 7.65246 17.5714 3.1924
      vertex 7.65404 18.0608 3.1924
    endloop
  endfacet
  facet normal 1 0 0
    outer loop
      vertex 6.59943 18.0608 3.1924
      vertex 6.59943 18.0608 3.06353
      vertex 6.59943 18.9588 3.06353
    endloop
  endfacet
  facet normal 1 0 0
    outer loop
      vertex 6.59943 18.9588 3.06353
      vertex 6.59943 18.9588 3.1924
      vertex 6.59943 18.0608 3.1924
    endloop
  endfacet
  facet normal -1 0 0
    outer loop
      vertex 7.65246 17.5714 3.1924
      vertex 7.65246 17.5714 3.06353
      vertex 7.65246 12.9882 3.06353
    endloop
  endfacet
  facet normal -1 0 0
    outer loop
      vertex 7.65246 12.9882 3.06353
      vertex 7.65246 12.9882 3.1924
      vertex 7.65246 17.5714 3.1924
    endloop
  endfacet
  facet normal 1 0 0
    outer loop
      vertex 6.59943 17.5714 3.1924
      vertex 6.59943 17.5714 3.06353
      vertex 6.59943 18.0608 3.06353
    endloop
  endfacet
  facet normal 1 0 0
    outer loop
      vertex 6.59943 18.0608 3.06353
      vertex 6.59943 18.0608 3.1924
      vertex 6.59943 17.5714 3.1924
    endloop
  endfacet
  facet normal -1 0 0
    outer loop
      vertex 7.65404 18.9588 3.1924
      vertex 7.65404 18.9588 3.06353
      vertex 7.65404 18.0608 3.06353
    endloop
  endfacet
  facet normal -1 0 0
    outer loop
      vertex 7.65404 18.0608 3.06353
      vertex 7.65404 18.0608 3.1924
      vertex 7.65404 18.9588 3.1924
    endloop
  endfacet
  facet normal 0.275792 -0.961217 0
    outer loop
      vertex 7.62909 23.552 3.83222
      vertex 7.62909 23.552 3.34581
      vertex 7.75917 23.5893 3.52837
    endloop
  endfacet
  facet normal 0.275861 -0.961198 0
    outer loop
      vertex 7.75917 23.5893 3.52837
      vertex 9.07871 23.968 3.52837
      vertex 9.07871 23.968 3.81294
    endloop
  endfacet
  facet normal 0.275855 -0.961199 2.90334e-05
    outer loop
      vertex 7.75917 23.5893 3.52837
      vertex 9.07871 23.968 3.81294
      vertex 7.62909 23.552 3.83222
    endloop
  endfacet
  facet normal -0.275847 0.961201 0
    outer loop
      vertex 8.86703 24.7055 3.81294
      vertex 8.86703 24.7055 3.52837
      vertex 7.5204 24.3191 3.52837
    endloop
  endfacet
  facet normal -0.276046 0.961144 0
    outer loop
      vertex 7.5204 24.3191 3.52837
      vertex 7.41745 24.2895 3.38641
      vertex 7.41745 24.2895 3.83222
    endloop
  endfacet
  facet normal -0.275861 0.961198 6.80032e-05
    outer loop
      vertex 7.5204 24.3191 3.52837
      vertex 7.41745 24.2895 3.83222
      vertex 8.86703 24.7055 3.81294
    endloop
  endfacet
  facet normal 0.961193 0.275878 0
    outer loop
      vertex 9.07871 23.968 3.52837
      vertex 8.86703 24.7055 3.52837
      vertex 8.86703 24.7055 3.81294
    endloop
  endfacet
  facet normal 0.961193 0.275878 0
    outer loop
      vertex 8.86703 24.7055 3.81294
      vertex 9.07871 23.968 3.81294
      vertex 9.07871 23.968 3.52837
    endloop
  endfacet
  facet normal 0 0 1
    outer loop
      vertex 8.17679 21.42 2.6263
      vertex 7.74312 21.9293 2.6263
      vertex 7.12146 21.7508 2.6263
    endloop
  endfacet
  facet normal 0 0 1
    outer loop
      vertex 7.12146 21.7508 2.6263
      vertex 6.90982 22.4884 2.6263
      vertex 5.46432 21.42 2.6263
    endloop
  endfacet
  facet normal 0 0 1
    outer loop
      vertex 5.46432 21.42 2.6263
      vertex 8.17679 21.42 2.6263
      vertex 7.12146 21.7508 2.6263
    endloop
  endfacet
  facet normal 0 0 1
    outer loop
      vertex 7.34264 23.4698 2.6263
      vertex 6.72098 23.2913 2.6263
      vertex 6.90982 22.4884 2.6263
    endloop
  endfacet
  facet normal 0 0 1
    outer loop
      vertex 6.90982 22.4884 2.6263
      vertex 7.53148 22.6668 2.6263
      vertex 7.34264 23.4698 2.6263
    endloop
  endfacet
  facet normal -0.792433 -0.25921 0.552142
    outer loop
      vertex 7.81793 22.749 3.21821
      vertex 8.0155 22.8057 3.52837
      vertex 7.75917 23.5893 3.52837
    endloop
  endfacet
  facet normal 0.275258 -0.96137 0.00041235
    outer loop
      vertex 7.75917 23.5893 3.52837
      vertex 7.62909 23.552 3.34581
      vertex 7.46581 23.5051 3.07654
    endloop
  endfacet
  facet normal -0.800811 -0.273061 0.533047
    outer loop
      vertex 7.46581 23.5051 3.07654
      vertex 7.73204 22.7244 3.07654
      vertex 7.81793 22.749 3.21821
    endloop
  endfacet
  facet normal -0.786562 -0.261485 0.559416
    outer loop
      vertex 7.75917 23.5893 3.52837
      vertex 7.46581 23.5051 3.07654
      vertex 7.81793 22.749 3.21821
    endloop
  endfacet
  facet normal -0.758883 -0.248262 0.602049
    outer loop
      vertex 7.41745 24.2895 3.38641
      vertex 7.5204 24.3191 3.52837
      vertex 6.89631 26.2268 3.52837
    endloop
  endfacet
  facet normal -0.756835 -0.258048 0.600509
    outer loop
      vertex 6.89631 26.2268 3.52837
      vertex 6.53781 26.2268 3.07654
      vertex 7.21786 24.2322 3.07654
    endloop
  endfacet
  facet normal -0.791197 -0.253616 0.556495
    outer loop
      vertex 6.89631 26.2268 3.52837
      vertex 7.21786 24.2322 3.07654
      vertex 7.41745 24.2895 3.38641
    endloop
  endfacet
  facet normal -0.275817 0.96121 0
    outer loop
      vertex 8.0155 22.8057 3.52837
      vertex 7.81793 22.749 3.21821
      vertex 7.81793 22.749 3.83222
    endloop
  endfacet
  facet normal -0.27584 0.961203 0
    outer loop
      vertex 7.81793 22.749 3.83222
      vertex 9.26755 23.165 3.81294
      vertex 9.26755 23.165 3.52837
    endloop
  endfacet
  facet normal -0.275844 0.961202 -1.93708e-05
    outer loop
      vertex 7.81793 22.749 3.83222
      vertex 9.26755 23.165 3.52837
      vertex 8.0155 22.8057 3.52837
    endloop
  endfacet
  facet normal -0.961207 -0.275828 0
    outer loop
      vertex 7.12146 21.7508 2.6263
      vertex 7.12146 21.7508 3.1069
      vertex 6.90982 22.4884 3.1069
    endloop
  endfacet
  facet normal -0.961207 -0.275828 0
    outer loop
      vertex 6.90982 22.4884 3.1069
      vertex 6.90982 22.4884 2.6263
      vertex 7.12146 21.7508 2.6263
    endloop
  endfacet
  facet normal -0.275825 0.961208 0
    outer loop
      vertex 7.41745 24.2895 3.83222
      vertex 7.41745 24.2895 3.38641
      vertex 7.21786 24.2322 3.07654
    endloop
  endfacet
  facet normal -0.275953 0.961171 0
    outer loop
      vertex 7.21786 24.2322 3.07654
      vertex 7.21786 24.2322 2.62814
      vertex 7.13096 24.2073 2.6263
    endloop
  endfacet
  facet normal -0.275878 0.961193 0
    outer loop
      vertex 7.13096 24.2073 2.6263
      vertex 6.5093 24.0289 2.6263
      vertex 6.5093 24.0289 3.1069
    endloop
  endfacet
  facet normal -0.275887 0.96119 1.76425e-05
    outer loop
      vertex 6.5093 24.0289 3.1069
      vertex 7.41745 24.2895 3.83222
      vertex 7.21786 24.2322 3.07654
    endloop
  endfacet
  facet normal -0.275888 0.96119 -1.34807e-05
    outer loop
      vertex 7.21786 24.2322 3.07654
      vertex 7.13096 24.2073 2.6263
      vertex 6.5093 24.0289 3.1069
    endloop
  endfacet
  facet normal 0.961207 0.275828 0
    outer loop
      vertex 9.26755 23.165 3.52837
      vertex 9.26755 23.165 3.81294
      vertex 9.47919 22.4275 3.81294
    endloop
  endfacet
  facet normal 0.961207 0.275828 0
    outer loop
      vertex 9.47919 22.4275 3.81294
      vertex 9.47919 22.4275 3.52837
      vertex 9.26755 23.165 3.52837
    endloop
  endfacet
  facet normal -0.275858 0.961198 0
    outer loop
      vertex 7.73204 22.7244 3.07654
      vertex 7.73204 22.7244 2.63055
      vertex 7.53148 22.6668 2.6263
    endloop
  endfacet
  facet normal -0.275873 0.961194 0
    outer loop
      vertex 7.53148 22.6668 2.6263
      vertex 6.90982 22.4884 2.6263
      vertex 6.90982 22.4884 3.1069
    endloop
  endfacet
  facet normal -0.275885 0.961191 0
    outer loop
      vertex 6.90982 22.4884 3.1069
      vertex 7.81793 22.749 3.83222
      vertex 7.81793 22.749 3.21821
    endloop
  endfacet
  facet normal -0.275869 0.961195 5.26229e-06
    outer loop
      vertex 7.73204 22.7244 3.07654
      vertex 7.53148 22.6668 2.6263
      vertex 6.90982 22.4884 3.1069
    endloop
  endfacet
  facet normal -0.275873 0.961194 -0.000107044
    outer loop
      vertex 6.90982 22.4884 3.1069
      vertex 7.81793 22.749 3.21821
      vertex 7.73204 22.7244 3.07654
    endloop
  endfacet
  facet normal 0.275861 -0.961197 0
    outer loop
      vertex 8.25427 22.0759 3.52837
      vertex 9.47919 22.4275 3.52837
      vertex 9.47919 22.4275 3.81294
    endloop
  endfacet
  facet normal 0.275902 -0.961186 0
    outer loop
      vertex 8.02965 22.0115 3.83222
      vertex 8.02965 22.0115 3.15841
      vertex 8.25427 22.0759 3.52837
    endloop
  endfacet
  facet normal 0.275867 -0.961196 -2.82449e-05
    outer loop
      vertex 9.47919 22.4275 3.81294
      vertex 8.02965 22.0115 3.83222
      vertex 8.25427 22.0759 3.52837
    endloop
  endfacet
  facet normal 0.275873 -0.961194 0
    outer loop
      vertex 6.72098 23.2913 3.1069
      vertex 6.72098 23.2913 2.6263
      vertex 7.34264 23.4698 2.6263
    endloop
  endfacet
  facet normal 0.275945 -0.961174 0
    outer loop
      vertex 7.34264 23.4698 2.6263
      vertex 7.46581 23.5051 2.62891
      vertex 7.46581 23.5051 3.07654
    endloop
  endfacet
  facet normal 0.275886 -0.96119 0
    outer loop
      vertex 7.46581 23.5051 3.07654
      vertex 7.62909 23.552 3.34581
      vertex 7.62909 23.552 3.83222
    endloop
  endfacet
  facet normal 0.275879 -0.961192 8.29668e-06
    outer loop
      vertex 7.62909 23.552 3.83222
      vertex 6.72098 23.2913 3.1069
      vertex 7.34264 23.4698 2.6263
    endloop
  endfacet
  facet normal 0.276166 -0.96111 -6.55364e-05
    outer loop
      vertex 7.34264 23.4698 2.6263
      vertex 7.46581 23.5051 3.07654
      vertex 7.62909 23.552 3.83222
    endloop
  endfacet
  facet normal -0.961193 -0.275878 0
    outer loop
      vertex 6.5093 24.0289 2.6263
      vertex 6.72098 23.2913 2.6263
      vertex 6.72098 23.2913 3.1069
    endloop
  endfacet
  facet normal -0.961193 -0.275878 0
    outer loop
      vertex 6.72098 23.2913 3.1069
      vertex 6.5093 24.0289 3.1069
      vertex 6.5093 24.0289 2.6263
    endloop
  endfacet
  facet normal 0.275872 -0.961191 -0.00240729
    outer loop
      vertex 7.12146 21.7508 2.6263
      vertex 7.74312 21.9293 2.6263
      vertex 7.97999 21.9972 2.63132
    endloop
  endfacet
  facet normal 0.275531 -0.961292 0
    outer loop
      vertex 7.97999 21.9972 3.07654
      vertex 8.02965 22.0115 3.15841
      vertex 8.02965 22.0115 3.83222
    endloop
  endfacet
  facet normal 0.27586 -0.961198 0
    outer loop
      vertex 7.12146 21.7508 2.6263
      vertex 7.97999 21.9972 2.63132
      vertex 7.97999 21.9972 3.07654
    endloop
  endfacet
  facet normal 0.275842 -0.961203 0
    outer loop
      vertex 8.02965 22.0115 3.83222
      vertex 7.12146 21.7508 3.1069
      vertex 7.12146 21.7508 2.6263
    endloop
  endfacet
  facet normal 0.275871 -0.961195 -2.42369e-05
    outer loop
      vertex 7.97999 21.9972 3.07654
      vertex 8.02965 22.0115 3.83222
      vertex 7.12146 21.7508 2.6263
    endloop
  endfacet
  facet normal -0.000155054 6.9598e-08 -1
    outer loop
      vertex 5.61806 10.7196 1.70999
      vertex 5.44661 10.7197 1.71001
      vertex 5.44677 11.0798 1.71001
    endloop
  endfacet
  facet normal -0.000155785 -2.78198e-07 -1
    outer loop
      vertex 5.44677 11.0798 1.71001
      vertex 5.54778 11.0798 1.71
      vertex 5.61806 10.7196 1.70999
    endloop
  endfacet
  facet normal 0 0 -1
    outer loop
      vertex 5.46432 12.335 1.71001
      vertex 5.46432 11.9749 1.71001
      vertex 5.44661 11.9749 1.71001
    endloop
  endfacet
  facet normal 0 0 -1
    outer loop
      vertex 5.44661 11.9749 1.71001
      vertex 5.44677 12.335 1.71001
      vertex 5.46432 12.335 1.71001
    endloop
  endfacet
  facet normal 0.000108769 1 0
    outer loop
      vertex 6.95486 12.3349 2.91134
      vertex 6.95486 12.3349 2.6263
      vertex 5.46432 12.335 2.6263
    endloop
  endfacet
  facet normal 0 1 0
    outer loop
      vertex 5.46432 12.335 2.6263
      vertex 5.46432 12.335 1.71001
      vertex 5.44677 12.335 1.71001
    endloop
  endfacet
  facet normal 0.000107497 1 6.65276e-06
    outer loop
      vertex 5.44677 12.335 2.90986
      vertex 6.95486 12.3349 2.91134
      vertex 5.46432 12.335 2.6263
    endloop
  endfacet
  facet normal 0 1 0
    outer loop
      vertex 5.46432 12.335 2.6263
      vertex 5.44677 12.335 1.71001
      vertex 5.44677 12.335 2.90986
    endloop
  endfacet
  facet normal 0.000198272 1 0
    outer loop
      vertex 5.54778 11.0798 2.6263
      vertex 5.54778 11.0798 1.71
      vertex 5.44677 11.0798 1.71001
    endloop
  endfacet
  facet normal 0.000107503 1 0
    outer loop
      vertex 5.44677 11.0798 2.90986
      vertex 6.95486 11.0796 2.91134
      vertex 6.95486 11.0796 2.6263
    endloop
  endfacet
  facet normal 0.000198272 1 0
    outer loop
      vertex 5.54778 11.0798 2.6263
      vertex 5.44677 11.0798 1.71001
      vertex 5.44677 11.0798 2.90986
    endloop
  endfacet
  facet normal 0.000100987 1 -3.46543e-05
    outer loop
      vertex 5.44677 11.0798 2.90986
      vertex 6.95486 11.0796 2.6263
      vertex 5.54778 11.0798 2.6263
    endloop
  endfacet
  facet normal 1 -0.000448846 0
    outer loop
      vertex 6.95486 11.0796 2.6263
      vertex 6.95486 11.0796 2.91134
      vertex 6.9547 10.7195 2.91134
    endloop
  endfacet
  facet normal 1 -0.000448846 0
    outer loop
      vertex 6.9547 10.7195 2.91134
      vertex 6.9547 10.7195 2.6263
      vertex 6.95486 11.0796 2.6263
    endloop
  endfacet
  facet normal -0.000115562 1.38978e-05 -1
    outer loop
      vertex 5.46432 11.5074 1.71001
      vertex 5.49303 11.3602 1.71001
      vertex 5.44661 11.3602 1.71001
    endloop
  endfacet
  facet normal 0 0 -1
    outer loop
      vertex 5.44661 11.3602 1.71001
      vertex 5.44677 11.7203 1.71001
      vertex 5.46432 11.7203 1.71001
    endloop
  endfacet
  facet normal 0 0 -1
    outer loop
      vertex 5.44661 11.3602 1.71001
      vertex 5.46432 11.7203 1.71001
      vertex 5.46432 11.5074 1.71001
    endloop
  endfacet
  facet normal 0 0 1
    outer loop
      vertex 6.9547 11.36 2.6263
      vertex 5.49303 11.3602 2.6263
      vertex 5.54778 11.0798 2.6263
    endloop
  endfacet
  facet normal 0 0 1
    outer loop
      vertex 6.9547 11.36 2.6263
      vertex 5.54778 11.0798 2.6263
      vertex 6.95486 11.0796 2.6263
    endloop
  endfacet
  facet normal 0 0 1
    outer loop
      vertex 9.31405 11.5074 2.6263
      vertex 6.95478 11.5074 2.6263
      vertex 6.9547 11.36 2.6263
    endloop
  endfacet
  facet normal 0 0 1
    outer loop
      vertex 5.72905 10.1506 2.6263
      vertex 9.31405 10.1506 2.6263
      vertex 9.31405 11.5074 2.6263
    endloop
  endfacet
  facet normal 0 0 1
    outer loop
      vertex 6.9547 10.7195 2.6263
      vertex 5.61806 10.7196 2.6263
      vertex 5.72905 10.1506 2.6263
    endloop
  endfacet
  facet normal 0 0 1
    outer loop
      vertex 9.31405 11.5074 2.6263
      vertex 6.9547 11.36 2.6263
      vertex 6.95486 11.0796 2.6263
    endloop
  endfacet
  facet normal 0 0 1
    outer loop
      vertex 6.9547 10.7195 2.6263
      vertex 5.72905 10.1506 2.6263
      vertex 9.31405 11.5074 2.6263
    endloop
  endfacet
  facet normal 0 0 1
    outer loop
      vertex 6.95486 11.0796 2.6263
      vertex 6.9547 10.7195 2.6263
      vertex 9.31405 11.5074 2.6263
    endloop
  endfacet
  facet normal 1 -0.000448845 0
    outer loop
      vertex 6.9547 11.9747 2.6263
      vertex 6.95486 12.3349 2.6263
      vertex 6.95486 12.3349 2.91134
    endloop
  endfacet
  facet normal 1 -0.000448845 0
    outer loop
      vertex 6.95486 12.3349 2.91134
      vertex 6.9547 11.9747 2.91134
      vertex 6.9547 11.9747 2.6263
    endloop
  endfacet
  facet normal 0 1 0
    outer loop
      vertex 5.46432 11.7203 2.6263
      vertex 5.46432 11.7203 1.71001
      vertex 5.44677 11.7203 1.71001
    endloop
  endfacet
  facet normal 0.000107503 1 0
    outer loop
      vertex 5.44677 11.7203 2.90986
      vertex 6.95486 11.7202 2.91134
      vertex 6.95486 11.7202 2.6263
    endloop
  endfacet
  facet normal 0 1 0
    outer loop
      vertex 5.46432 11.7203 2.6263
      vertex 5.44677 11.7203 1.71001
      vertex 5.44677 11.7203 2.90986
    endloop
  endfacet
  facet normal 0.000108769 1 6.73149e-06
    outer loop
      vertex 5.44677 11.7203 2.90986
      vertex 6.95486 11.7202 2.6263
      vertex 5.46432 11.7203 2.6263
    endloop
  endfacet
  facet normal 1 -0.000378847 0
    outer loop
      vertex 6.95478 11.5074 2.6263
      vertex 6.95486 11.7202 2.6263
      vertex 6.95486 11.7202 2.91134
    endloop
  endfacet
  facet normal 1 -0.000448846 0
    outer loop
      vertex 6.95486 11.7202 2.91134
      vertex 6.9547 11.36 2.91134
      vertex 6.9547 11.36 2.6263
    endloop
  endfacet
  facet normal 1 -0.000549841 0.000127605
    outer loop
      vertex 6.95486 11.7202 2.91134
      vertex 6.9547 11.36 2.6263
      vertex 6.95478 11.5074 2.6263
    endloop
  endfacet
  facet normal 0 -1 0
    outer loop
      vertex 8.29442 15.8337 2.29686
      vertex 8.29442 15.8337 2.04522
      vertex 10.4513 15.8337 2.04522
    endloop
  endfacet
  facet normal 0 -1 0
    outer loop
      vertex 10.4513 15.8337 2.04522
      vertex 10.6809 15.8337 2.29686
      vertex 8.29442 15.8337 2.29686
    endloop
  endfacet
  facet normal 0 -1 0
    outer loop
      vertex 8.50606 12.9901 1.01277
      vertex 8.50606 12.9901 0.830595
      vertex 10.6809 12.9901 0.830595
    endloop
  endfacet
  facet normal 0 -1 0
    outer loop
      vertex 10.6809 12.9901 0.830595
      vertex 10.4513 12.9901 1.07734
      vertex 8.29442 12.9901 1.07734
    endloop
  endfacet
  facet normal 0 -1 0
    outer loop
      vertex 8.29442 12.9901 1.07734
      vertex 8.29442 12.9901 1.01277
      vertex 8.50606 12.9901 1.01277
    endloop
  endfacet
  facet normal 0 -1 0
    outer loop
      vertex 10.6809 12.9901 0.830595
      vertex 8.29442 12.9901 1.07734
      vertex 8.50606 12.9901 1.01277
    endloop
  endfacet
  facet normal 0 -1 0
    outer loop
      vertex 9.31405 11.5063 1.07734
      vertex 10.4513 11.5063 1.07734
      vertex 10.4513 11.5063 2.04522
    endloop
  endfacet
  facet normal 0 -1 0
    outer loop
      vertex 10.4513 11.5063 2.04522
      vertex 9.31405 11.5063 2.04522
      vertex 9.31405 11.5063 1.07734
    endloop
  endfacet
  facet normal 0 0 -1
    outer loop
      vertex 13.8347 19.5701 1.07734
      vertex 13.8371 19.1224 1.07734
      vertex 12.4797 18.8622 1.07734
    endloop
  endfacet
  facet normal 0 0 -1
    outer loop
      vertex 12.4797 18.8622 1.07734
      vertex 12.5933 19.5697 1.07734
      vertex 13.8347 19.5701 1.07734
    endloop
  endfacet
  facet normal 0 0 1
    outer loop
      vertex 8.29442 16.9043 2.29686
      vertex 8.29442 15.8337 2.29686
      vertex 10.6809 15.8337 2.29686
    endloop
  endfacet
  facet normal 0 0 1
    outer loop
      vertex 10.6809 15.8337 2.29686
      vertex 10.6809 16.9043 2.29686
      vertex 8.29442 16.9043 2.29686
    endloop
  endfacet
  facet normal 0 1 -0.000308355
    outer loop
      vertex 13.0415 22.3605 2.04522
      vertex 12.3103 22.3605 2.04522
      vertex 12.3094 22.3611 4.07408
    endloop
  endfacet
  facet normal 0 1 -0.000308355
    outer loop
      vertex 12.3094 22.3611 4.07408
      vertex 14.4129 22.3611 4.07408
      vertex 14.4129 22.3605 2.04522
    endloop
  endfacet
  facet normal 0 1 -0.000308355
    outer loop
      vertex 13.8197 22.3605 2.04522
      vertex 13.0415 22.3605 2.04522
      vertex 12.3094 22.3611 4.07408
    endloop
  endfacet
  facet normal 0 1 -0.000308355
    outer loop
      vertex 12.3094 22.3611 4.07408
      vertex 14.4129 22.3605 2.04522
      vertex 13.8197 22.3605 2.04522
    endloop
  endfacet
  facet normal -0.436675 -0.899619 0.000558008
    outer loop
      vertex 11.547 19.9406 1.07734
      vertex 11.547 19.9406 1.01277
      vertex 12.3113 19.5696 1.01277
    endloop
  endfacet
  facet normal -0.436712 -0.899601 1.49546e-05
    outer loop
      vertex 12.3113 19.5696 1.01277
      vertex 12.3113 19.5696 1.07734
      vertex 11.547 19.9406 1.07734
    endloop
  endfacet
  facet normal 0 0 -1
    outer loop
      vertex 10.114 19.9402 1.07734
      vertex 11.3415 19.9406 1.07734
      vertex 11.3791 18.8622 1.07734
    endloop
  endfacet
  facet normal 0 0 -1
    outer loop
      vertex 11.3791 18.8622 1.07734
      vertex 8.68091 18.8622 1.07734
      vertex 8.68091 19.9397 1.07734
    endloop
  endfacet
  facet normal 0 0 -1
    outer loop
      vertex 11.3791 18.8622 1.07734
      vertex 8.68091 19.9397 1.07734
      vertex 10.114 19.9402 1.07734
    endloop
  endfacet
  facet normal 0.704754 0.709452 0
    outer loop
      vertex 8.29442 12.5203 2.04522
      vertex 8.29442 12.5203 2.6263
      vertex 9.31405 11.5074 2.6263
    endloop
  endfacet
  facet normal 0.704399 0.709803 0.00123484
    outer loop
      vertex 9.31405 11.5074 2.6263
      vertex 9.31405 11.5085 2.04522
      vertex 8.29442 12.5203 2.04522
    endloop
  endfacet
  facet normal 0.843974 -0.536385 0
    outer loop
      vertex 8.68091 18.8238 2.04522
      vertex 8.68091 18.8238 2.6263
      vertex 8.29442 18.2156 2.6263
    endloop
  endfacet
  facet normal 0.843974 -0.536385 0
    outer loop
      vertex 8.29442 18.2156 2.6263
      vertex 8.29442 18.2156 2.04522
      vertex 8.68091 18.8238 2.04522
    endloop
  endfacet
  facet normal 0 -1 0
    outer loop
      vertex 10.4513 15.8337 1.07734
      vertex 8.29442 15.8337 1.07734
      vertex 8.29442 15.8337 1.01277
    endloop
  endfacet
  facet normal 0 -1 0
    outer loop
      vertex 8.50606 15.8337 1.01277
      vertex 8.50606 15.8337 0.830595
      vertex 10.6809 15.8337 0.830595
    endloop
  endfacet
  facet normal 0 -1 0
    outer loop
      vertex 10.4513 15.8337 1.07734
      vertex 8.29442 15.8337 1.01277
      vertex 8.50606 15.8337 1.01277
    endloop
  endfacet
  facet normal 0 -1 0
    outer loop
      vertex 10.6809 15.8337 2.29686
      vertex 10.4513 15.8337 2.04522
      vertex 10.4513 15.8337 1.07734
    endloop
  endfacet
  facet normal 0 -1 0
    outer loop
      vertex 10.4513 15.8337 1.07734
      vertex 8.50606 15.8337 1.01277
      vertex 10.6809 15.8337 0.830595
    endloop
  endfacet
  facet normal 0 -1 0
    outer loop
      vertex 10.6809 15.8337 0.830595
      vertex 10.6809 15.8337 2.29686
      vertex 10.4513 15.8337 1.07734
    endloop
  endfacet
  facet normal 0 0 1
    outer loop
      vertex 11.5469 19.9413 2.04522
      vertex 11.3414 19.9412 2.04522
      vertex 11.3791 18.8622 2.04522
    endloop
  endfacet
  facet normal 0 0 1
    outer loop
      vertex 11.3791 18.8622 2.04522
      vertex 12.4797 18.8622 2.04522
      vertex 12.5934 19.5701 2.04522
    endloop
  endfacet
  facet normal 0 0 1
    outer loop
      vertex 12.3112 19.5701 2.04522
      vertex 11.5469 19.9413 2.04522
      vertex 11.3791 18.8622 2.04522
    endloop
  endfacet
  facet normal 0 0 1
    outer loop
      vertex 11.3791 18.8622 2.04522
      vertex 12.5934 19.5701 2.04522
      vertex 12.3112 19.5701 2.04522
    endloop
  endfacet
  facet normal 1 0 0
    outer loop
      vertex 8.68091 18.8622 2.04522
      vertex 8.68091 19.9397 2.04522
      vertex 8.68091 19.9397 2.6263
    endloop
  endfacet
  facet normal 1 0 0
    outer loop
      vertex 8.68091 19.9397 2.6263
      vertex 8.68091 18.8238 2.6263
      vertex 8.68091 18.8238 2.04522
    endloop
  endfacet
  facet normal 1 0 0
    outer loop
      vertex 8.68091 19.9397 2.6263
      vertex 8.68091 18.8238 2.04522
      vertex 8.68091 18.8622 2.04522
    endloop
  endfacet
  facet normal 0 0 1
    outer loop
      vertex 8.29442 18.2156 2.04522
      vertex 8.29442 18.0342 2.04522
      vertex 11.3791 17.8738 2.04522
    endloop
  endfacet
  facet normal 0 0 1
    outer loop
      vertex 11.3791 17.8738 2.04522
      vertex 11.3791 18.8622 2.04522
      vertex 8.68091 18.8622 2.04522
    endloop
  endfacet
  facet normal 0 0 1
    outer loop
      vertex 8.68091 18.8238 2.04522
      vertex 8.29442 18.2156 2.04522
      vertex 11.3791 17.8738 2.04522
    endloop
  endfacet
  facet normal 0 0 1
    outer loop
      vertex 11.3791 17.8738 2.04522
      vertex 8.68091 18.8622 2.04522
      vertex 8.68091 18.8238 2.04522
    endloop
  endfacet
  facet normal 0 0 1
    outer loop
      vertex 10.7409 17.8738 2.04522
      vertex 8.29442 17.8738 2.04522
      vertex 8.29442 17.557 2.04522
    endloop
  endfacet
  facet normal 0 0 1
    outer loop
      vertex 8.29442 17.557 2.04522
      vertex 10.4513 17.557 2.04522
      vertex 10.7409 17.8738 2.04522
    endloop
  endfacet
  facet normal 1 0 0
    outer loop
      vertex 8.29442 12.5203 1.07734
      vertex 8.29442 12.5203 1.01277
      vertex 8.29442 12.9901 1.01277
    endloop
  endfacet
  facet normal 1 0 0
    outer loop
      vertex 8.29442 12.9901 1.01277
      vertex 8.29442 12.9901 1.07734
      vertex 8.29442 12.5203 1.07734
    endloop
  endfacet
  facet normal 1 0 0
    outer loop
      vertex 8.29442 14.0608 1.01277
      vertex 8.29442 15.8337 1.01277
      vertex 8.29442 15.8337 1.07734
    endloop
  endfacet
  facet normal 1 0 0
    outer loop
      vertex 8.29442 15.8337 1.07734
      vertex 8.29442 14.0608 1.07734
      vertex 8.29442 14.0608 1.01277
    endloop
  endfacet
  facet normal 1 0 0
    outer loop
      vertex 8.29442 12.5203 2.6263
      vertex 8.29442 12.5203 2.04522
      vertex 8.29442 12.9901 2.04522
    endloop
  endfacet
  facet normal 1 0 0
    outer loop
      vertex 8.29442 12.5203 2.6263
      vertex 8.29442 12.9901 2.04522
      vertex 8.29442 12.9901 2.29686
    endloop
  endfacet
  facet normal 1 0 0
    outer loop
      vertex 8.29442 18.0342 2.04522
      vertex 8.29442 18.2156 2.04522
      vertex 8.29442 18.2156 2.6263
    endloop
  endfacet
  facet normal 0 0 0
    outer loop
      vertex 8.29442 16.9043 2.04522
      vertex 8.29442 17.557 2.04522
      vertex 8.29442 17.8738 2.04522
    endloop
  endfacet
  facet normal 1 0 0
    outer loop
      vertex 8.29442 17.8738 2.04522
      vertex 8.29442 18.0342 2.04522
      vertex 8.29442 18.2156 2.6263
    endloop
  endfacet
  facet normal 1 0 0
    outer loop
      vertex 8.29442 18.2156 2.6263
      vertex 8.29442 12.5203 2.6263
      vertex 8.29442 12.9901 2.29686
    endloop
  endfacet
  facet normal 1 0 0
    outer loop
      vertex 8.29442 14.0608 2.29686
      vertex 8.29442 14.0608 2.04522
      vertex 8.29442 15.8337 2.04522
    endloop
  endfacet
  facet normal 1 0 0
    outer loop
      vertex 8.29442 18.2156 2.6263
      vertex 8.29442 12.9901 2.29686
      vertex 8.29442 14.0608 2.29686
    endloop
  endfacet
  facet normal 1 0 0
    outer loop
      vertex 8.29442 16.9043 2.04522
      vertex 8.29442 17.8738 2.04522
      vertex 8.29442 18.2156 2.6263
    endloop
  endfacet
  facet normal 1 0 0
    outer loop
      vertex 8.29442 16.9043 2.29686
      vertex 8.29442 16.9043 2.04522
      vertex 8.29442 18.2156 2.6263
    endloop
  endfacet
  facet normal 1 0 0
    outer loop
      vertex 8.29442 14.0608 2.29686
      vertex 8.29442 15.8337 2.04522
      vertex 8.29442 15.8337 2.29686
    endloop
  endfacet
  facet normal 1 0 0
    outer loop
      vertex 8.29442 15.8337 2.29686
      vertex 8.29442 16.9043 2.29686
      vertex 8.29442 18.2156 2.6263
    endloop
  endfacet
  facet normal 1 0 0
    outer loop
      vertex 8.29442 18.2156 2.6263
      vertex 8.29442 14.0608 2.29686
      vertex 8.29442 15.8337 2.29686
    endloop
  endfacet
  facet normal 0 0 1
    outer loop
      vertex 8.50606 14.0608 1.01277
      vertex 8.50606 15.8337 1.01277
      vertex 8.29442 15.8337 1.01277
    endloop
  endfacet
  facet normal 0 0 1
    outer loop
      vertex 8.29442 15.8337 1.01277
      vertex 8.29442 14.0608 1.01277
      vertex 8.50606 14.0608 1.01277
    endloop
  endfacet
  facet normal 0 0 1
    outer loop
      vertex 8.50606 16.9043 1.01277
      vertex 8.50606 18.3367 1.01277
      vertex 8.29442 18.2156 1.01277
    endloop
  endfacet
  facet normal 0 0 1
    outer loop
      vertex 8.29442 18.2156 1.01277
      vertex 8.29442 16.9043 1.01277
      vertex 8.50606 16.9043 1.01277
    endloop
  endfacet
  facet normal 0.659786 -0.75145 -0.00216969
    outer loop
      vertex 8.76817 30.5991 1.07734
      vertex 8.76805 30.5991 1.01277
      vertex 9.31983 31.0836 1.01277
    endloop
  endfacet
  facet normal 0.660012 -0.751254 0.00123791
    outer loop
      vertex 9.31983 31.0836 1.01277
      vertex 9.31971 31.0836 1.07734
      vertex 8.76817 30.5991 1.07734
    endloop
  endfacet
  facet normal 0 1 0
    outer loop
      vertex 8.29442 14.0608 2.29686
      vertex 10.6809 14.0608 2.29686
      vertex 10.4513 14.0608 2.04522
    endloop
  endfacet
  facet normal 0 1 0
    outer loop
      vertex 10.4513 14.0608 2.04522
      vertex 8.29442 14.0608 2.04522
      vertex 8.29442 14.0608 2.29686
    endloop
  endfacet
  facet normal 0.999997 0.000490101 -0.00251062
    outer loop
      vertex 8.77035 26.2268 1.07734
      vertex 8.77019 26.2268 1.01277
      vertex 8.76805 30.5991 1.01277
    endloop
  endfacet
  facet normal 0.999998 0.00049949 -0.00187496
    outer loop
      vertex 8.76805 30.5991 1.01277
      vertex 8.76817 30.5991 1.07734
      vertex 8.77035 26.2268 1.07734
    endloop
  endfacet
  facet normal 0 0 1
    outer loop
      vertex 9.31405 11.5085 2.04522
      vertex 9.31405 11.5063 2.04522
      vertex 10.4513 11.5063 2.04522
    endloop
  endfacet
  facet normal 0 0 1
    outer loop
      vertex 10.4513 11.5063 2.04522
      vertex 10.4513 12.9901 2.04522
      vertex 8.29442 12.9901 2.04522
    endloop
  endfacet
  facet normal 0 0 1
    outer loop
      vertex 8.29442 12.9901 2.04522
      vertex 8.29442 12.5203 2.04522
      vertex 9.31405 11.5085 2.04522
    endloop
  endfacet
  facet normal 0 0 1
    outer loop
      vertex 10.4513 11.5063 2.04522
      vertex 8.29442 12.9901 2.04522
      vertex 9.31405 11.5085 2.04522
    endloop
  endfacet
  facet normal 0 0 1
    outer loop
      vertex 8.77456 26.2268 3.07791
      vertex 9.22509 24.3904 3.07791
      vertex 11.3012 25.0665 3.07791
    endloop
  endfacet
  facet normal 0 0 1
    outer loop
      vertex 11.3012 25.0665 3.07791
      vertex 11.3004 31.5855 3.07791
      vertex 9.31583 31.5855 3.07791
    endloop
  endfacet
  facet normal 0 0 1
    outer loop
      vertex 9.31615 31.0836 3.07791
      vertex 8.77237 30.5966 3.07791
      vertex 8.77456 26.2268 3.07791
    endloop
  endfacet
  facet normal 0 0 1
    outer loop
      vertex 11.3012 25.0665 3.07791
      vertex 9.31583 31.5855 3.07791
      vertex 9.31615 31.0836 3.07791
    endloop
  endfacet
  facet normal 0 0 1
    outer loop
      vertex 11.3012 25.0665 3.07791
      vertex 9.31615 31.0836 3.07791
      vertex 8.77456 26.2268 3.07791
    endloop
  endfacet
  facet normal 0 0 1
    outer loop
      vertex 8.68091 19.9397 2.04522
      vertex 8.68091 18.8622 2.04522
      vertex 11.3791 18.8622 2.04522
    endloop
  endfacet
  facet normal 0 0 1
    outer loop
      vertex 11.3791 18.8622 2.04522
      vertex 11.3414 19.9412 2.04522
      vertex 10.1139 19.9412 2.04522
    endloop
  endfacet
  facet normal 0 0 1
    outer loop
      vertex 11.3791 18.8622 2.04522
      vertex 10.1139 19.9412 2.04522
      vertex 8.68091 19.9397 2.04522
    endloop
  endfacet
  facet normal 0 0 1
    outer loop
      vertex 11.2676 22.0544 2.04522
      vertex 11.2192 23.4399 2.04522
      vertex 9.46136 23.4399 2.04522
    endloop
  endfacet
  facet normal 0 0 1
    outer loop
      vertex 9.46136 23.4399 2.04522
      vertex 9.80801 22.0544 2.04522
      vertex 11.2676 22.0544 2.04522
    endloop
  endfacet
  facet normal 0.999998 0.000644128 0.00179528
    outer loop
      vertex 9.31534 31.0836 3.52837
      vertex 9.31615 31.0836 3.07791
      vertex 9.31583 31.5855 3.07791
    endloop
  endfacet
  facet normal 0.999998 0.000564325 0.00170636
    outer loop
      vertex 9.31583 31.5855 3.07791
      vertex 9.31506 31.5855 3.52837
      vertex 9.31534 31.0836 3.52837
    endloop
  endfacet
  facet normal 0.00102887 -0.999999 0.00100167
    outer loop
      vertex 8.68091 19.9397 2.04522
      vertex 10.1139 19.9412 2.04522
      vertex 10.1139 19.9415 2.40892
    endloop
  endfacet
  facet normal 0.149979 0 0.988689
    outer loop
      vertex 10.1139 19.9415 2.40892
      vertex 8.68091 19.9415 2.6263
      vertex 8.68091 19.9397 2.6263
    endloop
  endfacet
  facet normal 0.0012831 -0.999999 0
    outer loop
      vertex 10.1139 19.9415 2.40892
      vertex 8.68091 19.9397 2.6263
      vertex 8.68091 19.9397 2.04522
    endloop
  endfacet
  facet normal 0.000296773 -1 0.000945176
    outer loop
      vertex 11.3415 19.9406 1.07734
      vertex 10.114 19.9402 1.07734
      vertex 10.114 19.9401 1.01277
    endloop
  endfacet
  facet normal 0.000311457 -1 0.000620271
    outer loop
      vertex 10.114 19.9401 1.01277
      vertex 11.547 19.9406 1.01277
      vertex 11.547 19.9406 1.07734
    endloop
  endfacet
  facet normal 0.000297075 -1 0.000939437
    outer loop
      vertex 10.114 19.9401 1.01277
      vertex 11.547 19.9406 1.07734
      vertex 11.3415 19.9406 1.07734
    endloop
  endfacet
  facet normal 0 0 1
    outer loop
      vertex 9.46136 23.4399 2.04522
      vertex 11.2192 23.4399 2.04522
      vertex 11.3012 25.0665 2.04522
    endloop
  endfacet
  facet normal 0 0 1
    outer loop
      vertex 11.3012 25.0665 2.04522
      vertex 9.22364 24.3899 2.04522
      vertex 9.46136 23.4399 2.04522
    endloop
  endfacet
  facet normal 0 0 1
    outer loop
      vertex 8.29442 14.0608 2.04522
      vertex 10.4513 14.0608 2.04522
      vertex 10.4513 15.8337 2.04522
    endloop
  endfacet
  facet normal 0 0 1
    outer loop
      vertex 10.4513 15.8337 2.04522
      vertex 8.29442 15.8337 2.04522
      vertex 8.29442 14.0608 2.04522
    endloop
  endfacet
  facet normal -0.371184 0.928559 -0.000624828
    outer loop
      vertex 11.5456 22.0544 2.04522
      vertex 11.5445 22.055 3.52837
      vertex 12.3094 22.3611 4.07408
    endloop
  endfacet
  facet normal -0.371569 0.928405 -0.00045657
    outer loop
      vertex 12.3094 22.3611 4.07408
      vertex 12.3103 22.3605 2.04522
      vertex 11.5456 22.0544 2.04522
    endloop
  endfacet
  facet normal 0 0 1
    outer loop
      vertex 13.8347 19.5701 2.04522
      vertex 13.8371 19.1224 2.04522
      vertex 14.4129 19.1224 2.04522
    endloop
  endfacet
  facet normal 0 0 1
    outer loop
      vertex 14.4129 19.1224 2.04522
      vertex 14.4129 19.5702 2.04522
      vertex 13.8347 19.5701 2.04522
    endloop
  endfacet
  facet normal 0 0 1
    outer loop
      vertex 8.29442 16.9043 2.04522
      vertex 10.4513 16.9043 2.04522
      vertex 10.4513 17.557 2.04522
    endloop
  endfacet
  facet normal 0 0 1
    outer loop
      vertex 10.4513 17.557 2.04522
      vertex 8.29442 17.557 2.04522
      vertex 8.29442 16.9043 2.04522
    endloop
  endfacet
  facet normal 0 0 1
    outer loop
      vertex 12.5934 19.5701 2.04522
      vertex 12.4797 18.8622 2.04522
      vertex 13.8371 19.1224 2.04522
    endloop
  endfacet
  facet normal 0 0 1
    outer loop
      vertex 13.8371 19.1224 2.04522
      vertex 13.8347 19.5701 2.04522
      vertex 12.5934 19.5701 2.04522
    endloop
  endfacet
  facet normal 0.000209644 -1 0.000325037
    outer loop
      vertex 12.5933 19.5697 1.07734
      vertex 12.3113 19.5696 1.07734
      vertex 12.3113 19.5696 1.01277
    endloop
  endfacet
  facet normal 0.000317648 -1 0
    outer loop
      vertex 12.3113 19.5696 1.01277
      vertex 14.4129 19.5702 1.01277
      vertex 14.4129 19.5702 1.07734
    endloop
  endfacet
  facet normal 0.000325722 -1 -0.000181874
    outer loop
      vertex 13.8347 19.5701 1.07734
      vertex 12.5933 19.5697 1.07734
      vertex 12.3113 19.5696 1.01277
    endloop
  endfacet
  facet normal 0.000316687 -1 3.12763e-05
    outer loop
      vertex 12.3113 19.5696 1.01277
      vertex 14.4129 19.5702 1.07734
      vertex 13.8347 19.5701 1.07734
    endloop
  endfacet
  facet normal 0 0 -1
    outer loop
      vertex 12.3113 19.5696 1.07734
      vertex 12.5933 19.5697 1.07734
      vertex 12.4797 18.8622 1.07734
    endloop
  endfacet
  facet normal 0 0 -1
    outer loop
      vertex 12.4797 18.8622 1.07734
      vertex 11.3791 18.8622 1.07734
      vertex 11.3415 19.9406 1.07734
    endloop
  endfacet
  facet normal 0 0 -1
    outer loop
      vertex 11.3415 19.9406 1.07734
      vertex 11.547 19.9406 1.07734
      vertex 12.3113 19.5696 1.07734
    endloop
  endfacet
  facet normal 0 0 -1
    outer loop
      vertex 12.4797 18.8622 1.07734
      vertex 11.3415 19.9406 1.07734
      vertex 12.3113 19.5696 1.07734
    endloop
  endfacet
  facet normal 0 0 1
    outer loop
      vertex 8.29442 12.9901 2.29686
      vertex 10.6809 12.9901 2.29686
      vertex 10.6809 14.0608 2.29686
    endloop
  endfacet
  facet normal 0 0 1
    outer loop
      vertex 10.6809 14.0608 2.29686
      vertex 8.29442 14.0608 2.29686
      vertex 8.29442 12.9901 2.29686
    endloop
  endfacet
  facet normal 0 0 1
    outer loop
      vertex 9.31405 10.7955 1.01277
      vertex 9.50086 10.7956 1.01277
      vertex 9.50086 11.4984 1.01277
    endloop
  endfacet
  facet normal 0 0 1
    outer loop
      vertex 9.50086 11.4984 1.01277
      vertex 9.31405 11.5103 1.01277
      vertex 9.31405 10.7955 1.01277
    endloop
  endfacet
  facet normal 0.970169 0.242418 -0.00243573
    outer loop
      vertex 8.77019 26.2268 1.01277
      vertex 8.77035 26.2268 1.07734
      vertex 9.18801 24.5553 1.07734
    endloop
  endfacet
  facet normal 0.970076 0.242742 0.00539373
    outer loop
      vertex 9.46706 23.4399 1.07734
      vertex 9.81384 22.0541 1.07734
      vertex 9.8142 22.054 1.01277
    endloop
  endfacet
  facet normal 0.970089 0.242694 0.00522124
    outer loop
      vertex 8.77019 26.2268 1.01277
      vertex 9.18801 24.5553 1.07734
      vertex 9.46706 23.4399 1.07734
    endloop
  endfacet
  facet normal 0.97008 0.242711 0.00606071
    outer loop
      vertex 9.46706 23.4399 1.07734
      vertex 9.8142 22.054 1.01277
      vertex 8.77019 26.2268 1.01277
    endloop
  endfacet
  facet normal 0 0 -1
    outer loop
      vertex 14.4129 19.5702 1.07734
      vertex 14.4129 19.1224 1.07734
      vertex 13.8371 19.1224 1.07734
    endloop
  endfacet
  facet normal 0 0 -1
    outer loop
      vertex 13.8371 19.1224 1.07734
      vertex 13.8347 19.5701 1.07734
      vertex 14.4129 19.5702 1.07734
    endloop
  endfacet
  facet normal 0 1 -0.000324904
    outer loop
      vertex 11.2677 22.0541 1.07734
      vertex 11.5463 22.0541 1.07734
      vertex 11.5464 22.054 1.01277
    endloop
  endfacet
  facet normal 0 1 -0.000324904
    outer loop
      vertex 11.5464 22.054 1.01277
      vertex 9.8142 22.054 1.01277
      vertex 9.81384 22.0541 1.07734
    endloop
  endfacet
  facet normal 0 1 -0.000324904
    outer loop
      vertex 11.5464 22.054 1.01277
      vertex 9.81384 22.0541 1.07734
      vertex 11.2677 22.0541 1.07734
    endloop
  endfacet
  facet normal 0 0 1
    outer loop
      vertex 5.46432 11.5074 1.01277
      vertex 5.09704 11.4956 1.01277
      vertex 5.3291 10.7955 1.01277
    endloop
  endfacet
  facet normal 0 0 1
    outer loop
      vertex 5.3291 10.7955 1.01277
      vertex 5.60322 10.7955 1.01277
      vertex 5.46432 11.5074 1.01277
    endloop
  endfacet
  facet normal -0.0198682 -0.00467088 0.999792
    outer loop
      vertex 7.73204 22.7244 2.63055
      vertex 7.46581 23.5051 2.62891
      vertex 7.34264 23.4698 2.6263
    endloop
  endfacet
  facet normal -0.0198735 -0.00467365 0.999792
    outer loop
      vertex 7.34264 23.4698 2.6263
      vertex 7.53148 22.6668 2.6263
      vertex 7.73204 22.7244 2.63055
    endloop
  endfacet
  facet normal -0.94649 -0.322735 0
    outer loop
      vertex 7.73204 22.7244 2.63055
      vertex 7.73204 22.7244 3.07654
      vertex 7.46581 23.5051 3.07654
    endloop
  endfacet
  facet normal -0.94649 -0.322735 0
    outer loop
      vertex 7.46581 23.5051 3.07654
      vertex 7.46581 23.5051 2.62891
      vertex 7.73204 22.7244 2.63055
    endloop
  endfacet
  facet normal 0 0 1
    outer loop
      vertex 5.46432 26.2268 2.6263
      vertex 5.46432 21.42 2.6263
      vertex 6.90982 22.4884 2.6263
    endloop
  endfacet
  facet normal 0 0 1
    outer loop
      vertex 6.90982 22.4884 2.6263
      vertex 6.72098 23.2913 2.6263
      vertex 6.5093 24.0289 2.6263
    endloop
  endfacet
  facet normal 0 0 1
    outer loop
      vertex 6.90982 22.4884 2.6263
      vertex 6.5093 24.0289 2.6263
      vertex 5.46432 26.2268 2.6263
    endloop
  endfacet
  facet normal 0 0 1
    outer loop
      vertex 5.46432 26.2268 2.6263
      vertex 6.5093 24.0289 2.6263
      vertex 7.13096 24.2073 2.6263
    endloop
  endfacet
  facet normal 0 0 1
    outer loop
      vertex 7.13096 24.2073 2.6263
      vertex 6.53781 26.2268 2.6263
      vertex 5.46432 26.2268 2.6263
    endloop
  endfacet
  facet normal -0.019573 -0.00574889 0.999792
    outer loop
      vertex 7.21786 24.2322 2.62814
      vertex 6.53781 26.2268 2.6263
      vertex 7.13096 24.2073 2.6263
    endloop
  endfacet
  facet normal -0.946497 -0.322714 0
    outer loop
      vertex 7.21786 24.2322 2.62814
      vertex 7.21786 24.2322 3.07654
      vertex 6.53781 26.2268 3.07654
    endloop
  endfacet
  facet normal -0.946497 -0.322714 0
    outer loop
      vertex 6.53781 26.2268 3.07654
      vertex 6.53781 26.2268 2.6263
      vertex 7.21786 24.2322 2.62814
    endloop
  endfacet
  facet normal 0 0 1
    outer loop
      vertex 10.7409 17.8738 2.04522
      vertex 11.3791 17.8738 2.04522
      vertex 8.29442 18.0342 2.04522
    endloop
  endfacet
  facet normal 0 0 1
    outer loop
      vertex 8.29442 18.0342 2.04522
      vertex 8.29442 17.8738 2.04522
      vertex 10.7409 17.8738 2.04522
    endloop
  endfacet
  facet normal 0 0 0
    outer loop
      vertex 11.3791 17.8738 1.07734
      vertex 10.7409 17.8738 1.07734
      vertex 8.29442 17.8738 1.07734
    endloop
  endfacet
  facet normal 0 0 -1
    outer loop
      vertex 8.29442 17.8738 1.07734
      vertex 8.29442 18.0099 1.07734
      vertex 11.3791 17.8738 1.07734
    endloop
  endfacet
  facet normal -1 0 0
    outer loop
      vertex 18.1449 47.3374 0.830595
      vertex 18.1449 46.2667 0.830595
      vertex 18.1449 46.2667 2.29686
    endloop
  endfacet
  facet normal -1 0 0
    outer loop
      vertex 18.1449 46.2667 2.29686
      vertex 18.1449 47.3374 2.29686
      vertex 18.1449 47.3374 0.830595
    endloop
  endfacet
  facet normal 0 -1 0
    outer loop
      vertex 18.3745 46.2667 1.07734
      vertex 18.1449 46.2667 0.830595
      vertex 20.3198 46.2667 0.830595
    endloop
  endfacet
  facet normal 0 -1 0
    outer loop
      vertex 20.3198 46.2667 1.01277
      vertex 20.5314 46.2667 1.01277
      vertex 20.5314 46.2667 1.07734
    endloop
  endfacet
  facet normal 0 -1 0
    outer loop
      vertex 18.3745 46.2667 1.07734
      vertex 20.3198 46.2667 0.830595
      vertex 20.3198 46.2667 1.01277
    endloop
  endfacet
  facet normal 0 -1 0
    outer loop
      vertex 20.3198 46.2667 1.01277
      vertex 20.5314 46.2667 1.07734
      vertex 18.3745 46.2667 1.07734
    endloop
  endfacet
  facet normal 0 0 -1
    outer loop
      vertex 18.1449 46.2667 0.830595
      vertex 18.1449 47.3374 0.830595
      vertex 20.3198 47.3374 0.830595
    endloop
  endfacet
  facet normal 0 0 -1
    outer loop
      vertex 20.3198 47.3374 0.830595
      vertex 20.3198 46.2667 0.830595
      vertex 18.1449 46.2667 0.830595
    endloop
  endfacet
  facet normal -1 0 0
    outer loop
      vertex 18.1449 50.1809 0.830595
      vertex 18.1449 49.1103 0.830595
      vertex 18.1449 49.1103 2.29686
    endloop
  endfacet
  facet normal -1 0 0
    outer loop
      vertex 18.1449 49.1103 2.29686
      vertex 18.1449 50.1809 2.29686
      vertex 18.1449 50.1809 0.830595
    endloop
  endfacet
  facet normal 0 -1 0
    outer loop
      vertex 18.1449 49.1103 0.830595
      vertex 20.3198 49.1103 0.830595
      vertex 20.3198 49.1103 1.01277
    endloop
  endfacet
  facet normal 0 -1 0
    outer loop
      vertex 20.3198 49.1103 1.01277
      vertex 20.5314 49.1103 1.01277
      vertex 20.5314 49.1103 1.07734
    endloop
  endfacet
  facet normal 0 -1 0
    outer loop
      vertex 18.3745 49.1103 1.07734
      vertex 18.3745 49.1103 2.04522
      vertex 18.1449 49.1103 2.29686
    endloop
  endfacet
  facet normal 0 -1 0
    outer loop
      vertex 20.3198 49.1103 1.01277
      vertex 20.5314 49.1103 1.07734
      vertex 18.3745 49.1103 1.07734
    endloop
  endfacet
  facet normal 0 -1 0
    outer loop
      vertex 18.3745 49.1103 1.07734
      vertex 18.1449 49.1103 2.29686
      vertex 18.1449 49.1103 0.830595
    endloop
  endfacet
  facet normal 0 -1 0
    outer loop
      vertex 18.1449 49.1103 0.830595
      vertex 20.3198 49.1103 1.01277
      vertex 18.3745 49.1103 1.07734
    endloop
  endfacet
  facet normal 0 0 -1
    outer loop
      vertex 18.1449 49.1103 0.830595
      vertex 18.1449 50.1809 0.830595
      vertex 20.3198 50.1809 0.830595
    endloop
  endfacet
  facet normal 0 0 -1
    outer loop
      vertex 20.3198 50.1809 0.830595
      vertex 20.3198 49.1103 0.830595
      vertex 18.1449 49.1103 0.830595
    endloop
  endfacet
  facet normal 0 0 -1
    outer loop
      vertex 18.3745 45.614 1.07734
      vertex 18.3745 46.2667 1.07734
      vertex 20.5314 46.2667 1.07734
    endloop
  endfacet
  facet normal 0 0 -1
    outer loop
      vertex 20.5314 46.2667 1.07734
      vertex 20.5314 45.614 1.07734
      vertex 18.3745 45.614 1.07734
    endloop
  endfacet
  facet normal 0 1 0
    outer loop
      vertex 16.3462 44.3089 2.04522
      vertex 17.4467 44.3089 2.04522
      vertex 17.4467 44.3089 1.07734
    endloop
  endfacet
  facet normal 0 1 0
    outer loop
      vertex 17.4467 44.3089 1.07734
      vertex 16.3462 44.3089 1.07734
      vertex 16.3462 44.3089 2.04522
    endloop
  endfacet
  facet normal -1 0 0
    outer loop
      vertex 17.4467 45.2973 1.07734
      vertex 17.4467 44.3089 1.07734
      vertex 17.4467 44.3089 2.04522
    endloop
  endfacet
  facet normal -1 0 0
    outer loop
      vertex 17.4467 44.3089 2.04522
      vertex 17.4467 45.2973 2.04522
      vertex 17.4467 45.2973 1.07734
    endloop
  endfacet
  facet normal 0 0 -1
    outer loop
      vertex 17.6066 39.7312 1.07734
      vertex 15.2398 39.9554 1.07734
      vertex 15.7844 40.8109 1.07734
    endloop
  endfacet
  facet normal 0 0 -1
    outer loop
      vertex 16.5151 40.8109 1.07734
      vertex 17.2795 41.117 1.07734
      vertex 17.5582 41.117 1.07734
    endloop
  endfacet
  facet normal 0 0 -1
    outer loop
      vertex 17.6066 39.7312 1.07734
      vertex 15.7844 40.8109 1.07734
      vertex 16.5151 40.8109 1.07734
    endloop
  endfacet
  facet normal 0 0 -1
    outer loop
      vertex 16.5151 40.8109 1.07734
      vertex 17.5582 41.117 1.07734
      vertex 17.6066 39.7312 1.07734
    endloop
  endfacet
  facet normal 0 0 -1
    outer loop
      vertex 17.6066 39.7312 1.07734
      vertex 17.5582 41.117 1.07734
      vertex 19.012 41.117 1.07734
    endloop
  endfacet
  facet normal 0 0 -1
    outer loop
      vertex 19.012 41.117 1.07734
      vertex 19.3588 39.7312 1.07734
      vertex 17.6066 39.7312 1.07734
    endloop
  endfacet
  facet normal 0 0 1
    outer loop
      vertex 15.0119 39.9554 2.04522
      vertex 15.0061 40.8106 2.04522
      vertex 14.4129 40.8106 2.04522
    endloop
  endfacet
  facet normal 0 0 1
    outer loop
      vertex 14.4129 40.8106 2.04522
      vertex 14.4129 39.9554 2.04522
      vertex 15.0119 39.9554 2.04522
    endloop
  endfacet
  facet normal 0 0 -1
    outer loop
      vertex 19.5067 31.5855 1.07734
      vertex 18.5945 31.5855 1.07734
      vertex 18.5937 38.1046 1.07734
    endloop
  endfacet
  facet normal 0 0 -1
    outer loop
      vertex 18.5937 38.1046 1.07734
      vertex 19.6378 38.6158 1.07734
      vertex 20.0555 36.9443 1.07734
    endloop
  endfacet
  facet normal 0 0 -1
    outer loop
      vertex 20.0555 36.9443 1.07734
      vertex 20.0577 32.572 1.07734
      vertex 19.5061 32.0874 1.07734
    endloop
  endfacet
  facet normal 0 0 -1
    outer loop
      vertex 19.5061 32.0874 1.07734
      vertex 19.5067 31.5855 1.07734
      vertex 18.5937 38.1046 1.07734
    endloop
  endfacet
  facet normal 0 0 -1
    outer loop
      vertex 18.5937 38.1046 1.07734
      vertex 20.0555 36.9443 1.07734
      vertex 19.5061 32.0874 1.07734
    endloop
  endfacet
  facet normal 0 0 -1
    outer loop
      vertex 16.7402 31.5855 1.07734
      vertex 16.7372 37.0534 1.07734
      vertex 18.5937 38.1046 1.07734
    endloop
  endfacet
  facet normal 0 0 -1
    outer loop
      vertex 18.5937 38.1046 1.07734
      vertex 18.5945 31.5855 1.07734
      vertex 16.7402 31.5855 1.07734
    endloop
  endfacet
  facet normal -1 -0.000554635 0
    outer loop
      vertex 16.7402 31.5855 2.04522
      vertex 16.7372 37.0534 2.04522
      vertex 16.7372 37.0534 1.07734
    endloop
  endfacet
  facet normal -1 -0.000554635 0
    outer loop
      vertex 16.7372 37.0534 1.07734
      vertex 16.7402 31.5855 1.07734
      vertex 16.7402 31.5855 2.04522
    endloop
  endfacet
  facet normal 0 0 -1
    outer loop
      vertex 18.5937 38.1046 1.07734
      vertex 17.6066 39.7312 1.07734
      vertex 19.3588 39.7312 1.07734
    endloop
  endfacet
  facet normal 0 0 -1
    outer loop
      vertex 19.3588 39.7312 1.07734
      vertex 19.6378 38.6158 1.07734
      vertex 18.5937 38.1046 1.07734
    endloop
  endfacet
  facet normal 0 0 -1
    outer loop
      vertex 16.7372 37.0534 1.07734
      vertex 15.2398 39.9554 1.07734
      vertex 17.6066 39.7312 1.07734
    endloop
  endfacet
  facet normal 0 0 -1
    outer loop
      vertex 17.6066 39.7312 1.07734
      vertex 18.5937 38.1046 1.07734
      vertex 16.7372 37.0534 1.07734
    endloop
  endfacet
  facet normal -0.888674 -0.45854 0
    outer loop
      vertex 16.7372 37.0534 2.04522
      vertex 15.2398 39.9554 2.04522
      vertex 15.2398 39.9554 1.07734
    endloop
  endfacet
  facet normal -0.888674 -0.45854 0
    outer loop
      vertex 15.2398 39.9554 1.07734
      vertex 16.7372 37.0534 1.07734
      vertex 16.7372 37.0534 2.04522
    endloop
  endfacet
  facet normal 0 0 1
    outer loop
      vertex 17.5246 38.1046 2.04522
      vertex 17.6066 39.7312 2.04522
      vertex 15.2398 39.9554 2.04522
    endloop
  endfacet
  facet normal 0 0 1
    outer loop
      vertex 15.2398 39.9554 2.04522
      vertex 16.7372 37.0534 2.04522
      vertex 17.5246 38.1046 2.04522
    endloop
  endfacet
  facet normal 0 -1 0
    outer loop
      vertex 15.0119 39.9554 1.07734
      vertex 15.0119 39.9554 2.04522
      vertex 14.4129 39.9554 2.04522
    endloop
  endfacet
  facet normal 0 -1 0
    outer loop
      vertex 14.4129 39.9554 2.04522
      vertex 14.4129 39.9554 1.07734
      vertex 15.0119 39.9554 1.07734
    endloop
  endfacet
  facet normal 0 0 1
    outer loop
      vertex 17.5254 31.5855 2.04522
      vertex 17.5246 38.1046 2.04522
      vertex 16.7372 37.0534 2.04522
    endloop
  endfacet
  facet normal 0 0 1
    outer loop
      vertex 16.7372 37.0534 2.04522
      vertex 16.7402 31.5855 2.04522
      vertex 17.5254 31.5855 2.04522
    endloop
  endfacet
  facet normal 0 0 1
    outer loop
      vertex 15.2398 39.9554 2.04522
      vertex 17.6066 39.7312 2.04522
      vertex 17.5582 41.1166 2.04522
    endloop
  endfacet
  facet normal 0 0 1
    outer loop
      vertex 17.5582 41.1166 2.04522
      vertex 17.2802 41.1166 2.04522
      vertex 16.5155 40.8106 2.04522
    endloop
  endfacet
  facet normal 0 0 1
    outer loop
      vertex 16.5155 40.8106 2.04522
      vertex 15.7843 40.8106 2.04522
      vertex 15.2398 39.9554 2.04522
    endloop
  endfacet
  facet normal 0 0 1
    outer loop
      vertex 17.5582 41.1166 2.04522
      vertex 16.5155 40.8106 2.04522
      vertex 15.2398 39.9554 2.04522
    endloop
  endfacet
  facet normal 0 0 -1
    outer loop
      vertex 15.0119 39.9554 1.07734
      vertex 15.0061 40.8109 1.07734
      vertex 15.7844 40.8109 1.07734
    endloop
  endfacet
  facet normal 0 0 -1
    outer loop
      vertex 15.7844 40.8109 1.07734
      vertex 15.2398 39.9554 1.07734
      vertex 15.0119 39.9554 1.07734
    endloop
  endfacet
  facet normal -0.188307 0.98211 0
    outer loop
      vertex 14.9887 44.0486 2.04522
      vertex 16.3462 44.3089 2.04522
      vertex 16.3462 44.3089 1.07734
    endloop
  endfacet
  facet normal -0.188307 0.98211 0
    outer loop
      vertex 16.3462 44.3089 1.07734
      vertex 14.9887 44.0486 1.07734
      vertex 14.9887 44.0486 2.04522
    endloop
  endfacet
  facet normal -0.309633 0.950856 0
    outer loop
      vertex 17.5246 38.1046 2.04522
      vertex 17.5246 38.1046 3.07791
      vertex 19.6008 38.7807 3.07791
    endloop
  endfacet
  facet normal -0.309631 0.950857 -4.88903e-06
    outer loop
      vertex 19.6008 38.7807 3.07791
      vertex 19.6022 38.7811 2.04522
      vertex 17.5246 38.1046 2.04522
    endloop
  endfacet
  facet normal -1 -0.000124054 0
    outer loop
      vertex 17.5254 31.5855 2.04522
      vertex 17.5254 31.5855 3.07791
      vertex 17.5246 38.1046 3.07791
    endloop
  endfacet
  facet normal -1 -0.000124054 0
    outer loop
      vertex 17.5246 38.1046 3.07791
      vertex 17.5246 38.1046 2.04522
      vertex 17.5254 31.5855 2.04522
    endloop
  endfacet
  facet normal 0 1 0
    outer loop
      vertex 18.0849 45.2973 1.07734
      vertex 17.4467 45.2973 1.07734
      vertex 17.4467 45.2973 2.04522
    endloop
  endfacet
  facet normal 0 1 0
    outer loop
      vertex 17.4467 45.2973 2.04522
      vertex 18.0849 45.2973 2.04522
      vertex 18.0849 45.2973 1.07734
    endloop
  endfacet
  facet normal 0 0 -1
    outer loop
      vertex 20.1449 44.3089 1.07734
      vertex 17.4467 44.3089 1.07734
      vertex 17.4467 45.2973 1.07734
    endloop
  endfacet
  facet normal 0 0 -1
    outer loop
      vertex 17.4467 45.2973 1.07734
      vertex 20.5314 45.1612 1.07734
      vertex 20.5314 44.9554 1.07734
    endloop
  endfacet
  facet normal 0 0 -1
    outer loop
      vertex 20.1449 44.3473 1.07734
      vertex 20.1449 44.3089 1.07734
      vertex 17.4467 45.2973 1.07734
    endloop
  endfacet
  facet normal 0 0 -1
    outer loop
      vertex 17.4467 45.2973 1.07734
      vertex 20.5314 44.9554 1.07734
      vertex 20.1449 44.3473 1.07734
    endloop
  endfacet
  facet normal -0.738038 0.674759 0
    outer loop
      vertex 18.3745 45.614 1.07734
      vertex 18.0849 45.2973 1.07734
      vertex 18.0849 45.2973 2.04522
    endloop
  endfacet
  facet normal -0.738038 0.674759 0
    outer loop
      vertex 18.0849 45.2973 2.04522
      vertex 18.3745 45.614 2.04522
      vertex 18.3745 45.614 1.07734
    endloop
  endfacet
  facet normal -1 0 0
    outer loop
      vertex 18.3745 51.6648 1.07734
      vertex 18.3745 50.1809 1.07734
      vertex 18.3745 50.1809 2.04522
    endloop
  endfacet
  facet normal -1 0 0
    outer loop
      vertex 18.3745 50.1809 2.04522
      vertex 18.3745 51.6648 2.04522
      vertex 18.3745 51.6648 1.07734
    endloop
  endfacet
  facet normal 0 0 -1
    outer loop
      vertex 18.0849 45.2973 1.07734
      vertex 18.3745 45.614 1.07734
      vertex 20.5314 45.614 1.07734
    endloop
  endfacet
  facet normal 0 0 -1
    outer loop
      vertex 20.5314 45.614 1.07734
      vertex 20.5314 45.2973 1.07734
      vertex 18.0849 45.2973 1.07734
    endloop
  endfacet
  facet normal 0 1 0
    outer loop
      vertex 14.4129 44.0486 2.04522
      vertex 14.9887 44.0486 2.04522
      vertex 14.9887 44.0486 1.07734
    endloop
  endfacet
  facet normal 0 1 0
    outer loop
      vertex 14.9887 44.0486 1.07734
      vertex 14.4129 44.0486 1.07734
      vertex 14.4129 44.0486 2.04522
    endloop
  endfacet
  facet normal 0 0 -1
    outer loop
      vertex 14.4129 39.9554 1.07734
      vertex 14.4129 40.8109 1.07734
      vertex 15.0061 40.8109 1.07734
    endloop
  endfacet
  facet normal 0 0 -1
    outer loop
      vertex 15.0061 40.8109 1.07734
      vertex 15.0119 39.9554 1.07734
      vertex 14.4129 39.9554 1.07734
    endloop
  endfacet
  facet normal 0 -1 0
    outer loop
      vertex 15.2398 39.9554 1.07734
      vertex 15.2398 39.9554 2.04522
      vertex 15.0119 39.9554 2.04522
    endloop
  endfacet
  facet normal 0 -1 0
    outer loop
      vertex 15.0119 39.9554 2.04522
      vertex 15.0119 39.9554 1.07734
      vertex 15.2398 39.9554 1.07734
    endloop
  endfacet
  facet normal 0 0 1
    outer loop
      vertex 15.2398 39.9554 2.04522
      vertex 15.7843 40.8106 2.04522
      vertex 15.0061 40.8106 2.04522
    endloop
  endfacet
  facet normal 0 0 1
    outer loop
      vertex 15.0061 40.8106 2.04522
      vertex 15.0119 39.9554 2.04522
      vertex 15.2398 39.9554 2.04522
    endloop
  endfacet
  facet normal -1 0 0
    outer loop
      vertex 18.3745 49.1103 1.07734
      vertex 18.3745 47.3374 1.07734
      vertex 18.3745 47.3374 2.04522
    endloop
  endfacet
  facet normal -1 0 0
    outer loop
      vertex 18.3745 47.3374 2.04522
      vertex 18.3745 49.1103 2.04522
      vertex 18.3745 49.1103 1.07734
    endloop
  endfacet
  facet normal -1 0 0
    outer loop
      vertex 18.3745 46.2667 1.07734
      vertex 18.3745 45.614 1.07734
      vertex 18.3745 45.614 2.04522
    endloop
  endfacet
  facet normal -1 0 0
    outer loop
      vertex 18.3745 45.614 2.04522
      vertex 18.3745 46.2667 2.04522
      vertex 18.3745 46.2667 1.07734
    endloop
  endfacet
  facet normal 0 0 -1
    outer loop
      vertex 18.3745 47.3374 1.07734
      vertex 18.3745 49.1103 1.07734
      vertex 20.5314 49.1103 1.07734
    endloop
  endfacet
  facet normal 0 0 -1
    outer loop
      vertex 20.5314 49.1103 1.07734
      vertex 20.5314 47.3374 1.07734
      vertex 18.3745 47.3374 1.07734
    endloop
  endfacet
  facet normal 0 0 -1
    outer loop
      vertex 20.5314 50.1809 1.07734
      vertex 18.3745 50.1809 1.07734
      vertex 18.3745 51.6648 1.07734
    endloop
  endfacet
  facet normal 0 0 -1
    outer loop
      vertex 18.3745 51.6648 1.07734
      vertex 19.5118 51.6648 1.07734
      vertex 19.5118 51.6609 1.07734
    endloop
  endfacet
  facet normal 0 0 -1
    outer loop
      vertex 19.5118 51.6609 1.07734
      vertex 20.5314 50.6507 1.07734
      vertex 20.5314 50.1809 1.07734
    endloop
  endfacet
  facet normal 0 0 -1
    outer loop
      vertex 18.3745 51.6648 1.07734
      vertex 19.5118 51.6609 1.07734
      vertex 20.5314 50.1809 1.07734
    endloop
  endfacet
  facet normal 0 1 0
    outer loop
      vertex 18.3745 50.1809 1.07734
      vertex 18.1449 50.1809 0.830595
      vertex 18.1449 50.1809 2.29686
    endloop
  endfacet
  facet normal 0 1 0
    outer loop
      vertex 18.1449 50.1809 2.29686
      vertex 20.5314 50.1809 2.29686
      vertex 20.5314 50.1809 2.04522
    endloop
  endfacet
  facet normal 0 1 0
    outer loop
      vertex 18.3745 50.1809 2.04522
      vertex 18.3745 50.1809 1.07734
      vertex 18.1449 50.1809 2.29686
    endloop
  endfacet
  facet normal 0 1 0
    outer loop
      vertex 18.1449 50.1809 2.29686
      vertex 20.5314 50.1809 2.04522
      vertex 18.3745 50.1809 2.04522
    endloop
  endfacet
  facet normal 0 -1 0
    outer loop
      vertex 18.1449 46.2667 0.830595
      vertex 18.3745 46.2667 1.07734
      vertex 18.3745 46.2667 2.04522
    endloop
  endfacet
  facet normal 0 -1 0
    outer loop
      vertex 18.3745 46.2667 2.04522
      vertex 20.5314 46.2667 2.04522
      vertex 20.5314 46.2667 2.29686
    endloop
  endfacet
  facet normal 0 -1 0
    outer loop
      vertex 18.1449 46.2667 2.29686
      vertex 18.1449 46.2667 0.830595
      vertex 18.3745 46.2667 2.04522
    endloop
  endfacet
  facet normal 0 -1 0
    outer loop
      vertex 18.3745 46.2667 2.04522
      vertex 20.5314 46.2667 2.29686
      vertex 18.1449 46.2667 2.29686
    endloop
  endfacet
  facet normal -0.00040831 -1 0
    outer loop
      vertex 23.3791 52.0913 1.71001
      vertex 23.5753 52.0912 1.71067
      vertex 23.5753 52.0912 2.67093
    endloop
  endfacet
  facet normal -0.00040831 -1 0
    outer loop
      vertex 23.5753 52.0912 2.67093
      vertex 23.3791 52.0913 2.90986
      vertex 23.3791 52.0913 1.71001
    endloop
  endfacet
  facet normal 1 -0.000450198 0
    outer loop
      vertex 23.5753 52.0912 1.71067
      vertex 23.5754 52.4513 1.71067
      vertex 23.5754 52.4513 2.67093
    endloop
  endfacet
  facet normal 1 -0.000450198 0
    outer loop
      vertex 23.5754 52.4513 2.67093
      vertex 23.5753 52.0912 2.67093
      vertex 23.5753 52.0912 1.71067
    endloop
  endfacet
  facet normal 8.89996e-05 1 0
    outer loop
      vertex 23.3792 52.4514 2.90986
      vertex 23.3792 52.4514 1.71001
      vertex 23.2078 52.4514 1.70999
    endloop
  endfacet
  facet normal 0.00010845 1 0
    outer loop
      vertex 23.2078 52.4514 2.6263
      vertex 21.8711 52.4516 2.6263
      vertex 21.8711 52.4516 2.91134
    endloop
  endfacet
  facet normal 8.89997e-05 1 0
    outer loop
      vertex 23.3792 52.4514 2.90986
      vertex 23.2078 52.4514 1.70999
      vertex 23.2078 52.4514 2.6263
    endloop
  endfacet
  facet normal 0.000106228 1 -1.04168e-05
    outer loop
      vertex 23.2078 52.4514 2.6263
      vertex 21.8711 52.4516 2.91134
      vertex 23.3792 52.4514 2.90986
    endloop
  endfacet
  facet normal 0.0033491 -1.50764e-06 -0.999994
    outer loop
      vertex 23.3791 52.0913 1.71001
      vertex 23.3792 52.4514 1.71001
      vertex 23.5754 52.4513 1.71067
    endloop
  endfacet
  facet normal 0.0033491 -1.50775e-06 -0.999994
    outer loop
      vertex 23.5754 52.4513 1.71067
      vertex 23.5753 52.0912 1.71067
      vertex 23.3791 52.0913 1.71001
    endloop
  endfacet
  facet normal 0.000980491 -4.41382e-07 1
    outer loop
      vertex 23.3791 52.0913 2.90986
      vertex 23.3792 52.4514 2.90986
      vertex 21.8711 52.4516 2.91134
    endloop
  endfacet
  facet normal 0.000980491 -4.41382e-07 1
    outer loop
      vertex 21.8711 52.4516 2.91134
      vertex 21.871 52.0914 2.91134
      vertex 23.3791 52.0913 2.90986
    endloop
  endfacet
  facet normal 0.772834 -0.000347928 0.634609
    outer loop
      vertex 23.5753 52.0912 2.67093
      vertex 23.5754 52.4513 2.67093
      vertex 23.3792 52.4514 2.90986
    endloop
  endfacet
  facet normal 0.772834 -0.000347902 0.634609
    outer loop
      vertex 23.3792 52.4514 2.90986
      vertex 23.3791 52.0913 2.90986
      vertex 23.5753 52.0912 2.67093
    endloop
  endfacet
  facet normal 0.000544413 1 0
    outer loop
      vertex 23.5754 52.4513 1.71067
      vertex 23.3792 52.4514 1.71001
      vertex 23.3792 52.4514 2.90986
    endloop
  endfacet
  facet normal 0.000544413 1 0
    outer loop
      vertex 23.3792 52.4514 2.90986
      vertex 23.5754 52.4513 2.67093
      vertex 23.5754 52.4513 1.71067
    endloop
  endfacet
  facet normal -0.000486083 -1 0
    outer loop
      vertex 23.3791 51.4507 1.71001
      vertex 23.5753 51.4506 1.71067
      vertex 23.5753 51.4506 2.67093
    endloop
  endfacet
  facet normal -0.000486083 -1 0
    outer loop
      vertex 23.5753 51.4506 2.67093
      vertex 23.3791 51.4507 2.90986
      vertex 23.3791 51.4507 1.71001
    endloop
  endfacet
  facet normal 1 -0.000450174 0
    outer loop
      vertex 23.5753 51.4506 1.71067
      vertex 23.5754 51.8108 1.71067
      vertex 23.5754 51.8108 2.67093
    endloop
  endfacet
  facet normal 1 -0.000450174 0
    outer loop
      vertex 23.5754 51.8108 2.67093
      vertex 23.5753 51.4506 2.67093
      vertex 23.5753 51.4506 1.71067
    endloop
  endfacet
  facet normal 0 1 0
    outer loop
      vertex 23.3792 51.8109 2.90986
      vertex 23.3792 51.8109 1.71001
      vertex 23.3328 51.8109 1.71001
    endloop
  endfacet
  facet normal 0.000112222 1 0
    outer loop
      vertex 23.3328 51.8109 2.6263
      vertex 21.8711 51.811 2.6263
      vertex 21.8711 51.811 2.91134
    endloop
  endfacet
  facet normal 0 1 0
    outer loop
      vertex 23.3792 51.8109 2.90986
      vertex 23.3328 51.8109 1.71001
      vertex 23.3328 51.8109 2.6263
    endloop
  endfacet
  facet normal 0.00010875 1 -1.78025e-05
    outer loop
      vertex 23.3328 51.8109 2.6263
      vertex 21.8711 51.811 2.91134
      vertex 23.3792 51.8109 2.90986
    endloop
  endfacet
  facet normal 0.0033491 -1.50764e-06 -0.999994
    outer loop
      vertex 23.3791 51.4507 1.71001
      vertex 23.3792 51.8109 1.71001
      vertex 23.5754 51.8108 1.71067
    endloop
  endfacet
  facet normal 0.0033491 -1.50767e-06 -0.999994
    outer loop
      vertex 23.5754 51.8108 1.71067
      vertex 23.5753 51.4506 1.71067
      vertex 23.3791 51.4507 1.71001
    endloop
  endfacet
  facet normal 0.000980491 -4.41382e-07 1
    outer loop
      vertex 23.3791 51.4507 2.90986
      vertex 23.3792 51.8109 2.90986
      vertex 21.8711 51.811 2.91134
    endloop
  endfacet
  facet normal 0.000980491 -4.41382e-07 1
    outer loop
      vertex 21.8711 51.811 2.91134
      vertex 21.871 51.4509 2.91134
      vertex 23.3791 51.4507 2.90986
    endloop
  endfacet
  facet normal 0.772834 -0.000347909 0.634609
    outer loop
      vertex 23.5753 51.4506 2.67093
      vertex 23.5754 51.8108 2.67093
      vertex 23.3792 51.8109 2.90986
    endloop
  endfacet
  facet normal 0.772834 -0.000347902 0.634609
    outer loop
      vertex 23.3792 51.8109 2.90986
      vertex 23.3791 51.4507 2.90986
      vertex 23.5753 51.4506 2.67093
    endloop
  endfacet
  facet normal 0.00052497 1 0
    outer loop
      vertex 23.5754 51.8108 1.71067
      vertex 23.3792 51.8109 1.71001
      vertex 23.3792 51.8109 2.90986
    endloop
  endfacet
  facet normal 0.00052497 1 0
    outer loop
      vertex 23.3792 51.8109 2.90986
      vertex 23.5754 51.8108 2.67093
      vertex 23.5754 51.8108 1.71067
    endloop
  endfacet
  facet normal -0.00040831 -1 0
    outer loop
      vertex 23.3791 50.836 1.71001
      vertex 23.5753 50.8359 1.71067
      vertex 23.5753 50.8359 2.67093
    endloop
  endfacet
  facet normal -0.00040831 -1 0
    outer loop
      vertex 23.5753 50.8359 2.67093
      vertex 23.3791 50.836 2.90986
      vertex 23.3791 50.836 1.71001
    endloop
  endfacet
  facet normal 1 -0.000450193 0
    outer loop
      vertex 23.5753 50.8359 1.71067
      vertex 23.5754 51.1961 1.71067
      vertex 23.5754 51.1961 2.67093
    endloop
  endfacet
  facet normal 1 -0.000450193 0
    outer loop
      vertex 23.5754 51.1961 2.67093
      vertex 23.5753 50.8359 2.67093
      vertex 23.5753 50.8359 1.71067
    endloop
  endfacet
  facet normal 0 1 0
    outer loop
      vertex 23.3792 51.1962 2.90986
      vertex 23.3792 51.1962 1.71001
      vertex 23.3615 51.1962 1.71001
    endloop
  endfacet
  facet normal 0.00011006 1 0
    outer loop
      vertex 23.3615 51.1962 2.6263
      vertex 21.8711 51.1963 2.6263
      vertex 21.8711 51.1963 2.91134
    endloop
  endfacet
  facet normal 0 1 0
    outer loop
      vertex 23.3792 51.1962 2.90986
      vertex 23.3615 51.1962 1.71001
      vertex 23.3615 51.1962 2.6263
    endloop
  endfacet
  facet normal 0.000108761 1 -6.79266e-06
    outer loop
      vertex 23.3615 51.1962 2.6263
      vertex 21.8711 51.1963 2.91134
      vertex 23.3792 51.1962 2.90986
    endloop
  endfacet
  facet normal 0.0033491 -1.50764e-06 -0.999994
    outer loop
      vertex 23.3791 50.836 1.71001
      vertex 23.3792 51.1962 1.71001
      vertex 23.5754 51.1961 1.71067
    endloop
  endfacet
  facet normal 0.0033491 -1.50774e-06 -0.999994
    outer loop
      vertex 23.5754 51.1961 1.71067
      vertex 23.5753 50.8359 1.71067
      vertex 23.3791 50.836 1.71001
    endloop
  endfacet
  facet normal 0.000980491 -4.41382e-07 1
    outer loop
      vertex 23.3791 50.836 2.90986
      vertex 23.3792 51.1962 2.90986
      vertex 21.8711 51.1963 2.91134
    endloop
  endfacet
  facet normal 0.000980491 -4.41382e-07 1
    outer loop
      vertex 21.8711 51.1963 2.91134
      vertex 21.871 50.8362 2.91134
      vertex 23.3791 50.836 2.90986
    endloop
  endfacet
  facet normal 0.772834 -0.000347924 0.634609
    outer loop
      vertex 23.5753 50.8359 2.67093
      vertex 23.5754 51.1961 2.67093
      vertex 23.3792 51.1962 2.90986
    endloop
  endfacet
  facet normal 0.772834 -0.000347902 0.634609
    outer loop
      vertex 23.3792 51.1962 2.90986
      vertex 23.3791 50.836 2.90986
      vertex 23.5753 50.8359 2.67093
    endloop
  endfacet
  facet normal 0.00052497 1 0
    outer loop
      vertex 23.5754 51.1961 1.71067
      vertex 23.3792 51.1962 1.71001
      vertex 23.3792 51.1962 2.90986
    endloop
  endfacet
  facet normal 0.00052497 1 0
    outer loop
      vertex 23.3792 51.1962 2.90986
      vertex 23.5754 51.1961 2.67093
      vertex 23.5754 51.1961 1.71067
    endloop
  endfacet
  facet normal -0.0122846 -0.00352522 0.999918
    outer loop
      vertex 21.4084 38.8815 3.83222
      vertex 21.1968 39.619 3.83222
      vertex 19.7471 39.203 3.81294
    endloop
  endfacet
  facet normal -0.0122847 -0.003526 0.999918
    outer loop
      vertex 19.7471 39.203 3.81294
      vertex 19.9588 38.4655 3.81294
      vertex 21.4084 38.8815 3.83222
    endloop
  endfacet
  facet normal 0.585325 0.167997 0.793203
    outer loop
      vertex 22.3165 39.1422 3.1069
      vertex 22.1049 39.8797 3.1069
      vertex 21.1968 39.619 3.83222
    endloop
  endfacet
  facet normal 0.585319 0.167965 0.793215
    outer loop
      vertex 21.1968 39.619 3.83222
      vertex 21.4084 38.8815 3.83222
      vertex 22.3165 39.1422 3.1069
    endloop
  endfacet
  facet normal -0.0122849 -0.00352662 0.999918
    outer loop
      vertex 21.0079 40.422 3.83222
      vertex 20.7962 41.1596 3.83222
      vertex 19.3467 40.7436 3.81294
    endloop
  endfacet
  facet normal -0.0122846 -0.00352513 0.999918
    outer loop
      vertex 19.3467 40.7436 3.81294
      vertex 19.5583 40.006 3.81294
      vertex 21.0079 40.422 3.83222
    endloop
  endfacet
  facet normal 0.585306 0.167959 0.793225
    outer loop
      vertex 21.916 40.6827 3.1069
      vertex 21.7044 41.4202 3.1069
      vertex 20.7962 41.1596 3.83222
    endloop
  endfacet
  facet normal 0.585319 0.168027 0.793201
    outer loop
      vertex 20.7962 41.1596 3.83222
      vertex 21.0079 40.422 3.83222
      vertex 21.916 40.6827 3.1069
    endloop
  endfacet
  facet normal 0 0 1
    outer loop
      vertex 23.3615 41.7511 2.6263
      vertex 23.3615 43.2295 2.6263
      vertex 20.1449 43.2295 2.6263
    endloop
  endfacet
  facet normal 0 0 1
    outer loop
      vertex 20.1449 43.2295 2.6263
      vertex 20.649 41.7511 2.6263
      vertex 23.3615 41.7511 2.6263
    endloop
  endfacet
  facet normal 0.981497 0.191478 0
    outer loop
      vertex 23.3615 51.6636 1.71001
      vertex 23.3615 51.6636 1.01277
      vertex 23.2226 52.3756 1.01277
    endloop
  endfacet
  facet normal 0.981489 0.191517 0
    outer loop
      vertex 23.2226 52.3756 1.01277
      vertex 23.0968 53.0205 1.01277
      vertex 23.0968 53.0205 2.6263
    endloop
  endfacet
  facet normal 0.981503 0.191446 0
    outer loop
      vertex 23.0968 53.0205 2.6263
      vertex 23.2078 52.4514 2.6263
      vertex 23.2078 52.4514 1.70999
    endloop
  endfacet
  facet normal 0.981466 0.191635 0
    outer loop
      vertex 23.2781 52.0913 1.71
      vertex 23.2781 52.0913 2.6263
      vertex 23.3328 51.8109 2.6263
    endloop
  endfacet
  facet normal 0.981528 0.191319 8.22243e-05
    outer loop
      vertex 23.2226 52.3756 1.01277
      vertex 23.0968 53.0205 2.6263
      vertex 23.2078 52.4514 1.70999
    endloop
  endfacet
  facet normal 0.981466 0.191635 0
    outer loop
      vertex 23.2781 52.0913 1.71
      vertex 23.3328 51.8109 2.6263
      vertex 23.3328 51.8109 1.71001
    endloop
  endfacet
  facet normal 0.981487 0.19153 5.83968e-05
    outer loop
      vertex 23.2226 52.3756 1.01277
      vertex 23.2078 52.4514 1.70999
      vertex 23.2781 52.0913 1.71
    endloop
  endfacet
  facet normal 0.981523 0.191347 -0.000139311
    outer loop
      vertex 23.3328 51.8109 1.71001
      vertex 23.3615 51.6636 1.71001
      vertex 23.2226 52.3756 1.01277
    endloop
  endfacet
  facet normal 0.981466 0.191635 0.000102877
    outer loop
      vertex 23.2226 52.3756 1.01277
      vertex 23.2781 52.0913 1.71
      vertex 23.3328 51.8109 1.71001
    endloop
  endfacet
  facet normal 0 0 -1
    outer loop
      vertex 20.0557 36.9443 1.01277
      vertex 20.2303 37.4699 1.01277
      vertex 20.2322 32.5641 1.01277
    endloop
  endfacet
  facet normal 0 0 -1
    outer loop
      vertex 20.2322 32.5641 1.01277
      vertex 20.0578 32.5719 1.01277
      vertex 20.0557 36.9443 1.01277
    endloop
  endfacet
  facet normal -0.00078954 0.999998 -0.00175423
    outer loop
      vertex 23.0968 53.0205 1.01277
      vertex 19.5118 53.0176 1.01277
      vertex 19.5118 53.0205 2.6263
    endloop
  endfacet
  facet normal 0 1 0
    outer loop
      vertex 19.5118 53.0205 2.6263
      vertex 23.0968 53.0205 2.6263
      vertex 23.0968 53.0205 1.01277
    endloop
  endfacet
  facet normal -1 0 0
    outer loop
      vertex 19.5118 52.3755 1.01277
      vertex 19.5118 51.6608 1.01277
      vertex 19.5118 51.6609 1.07734
    endloop
  endfacet
  facet normal -1 0 0
    outer loop
      vertex 19.5118 52.3755 1.01277
      vertex 19.5118 51.6609 1.07734
      vertex 19.5118 51.6648 1.07734
    endloop
  endfacet
  facet normal -1 0 0
    outer loop
      vertex 19.5118 53.0205 2.6263
      vertex 19.5118 53.0176 1.01277
      vertex 19.5118 52.3755 1.01277
    endloop
  endfacet
  facet normal -1 0 0
    outer loop
      vertex 19.5118 51.6626 2.04522
      vertex 19.5118 51.6636 2.6263
      vertex 19.5118 53.0205 2.6263
    endloop
  endfacet
  facet normal -1 0 0
    outer loop
      vertex 19.5118 52.3755 1.01277
      vertex 19.5118 51.6648 1.07734
      vertex 19.5118 51.6648 2.04522
    endloop
  endfacet
  facet normal -1 0 0
    outer loop
      vertex 19.5118 51.6648 2.04522
      vertex 19.5118 51.6626 2.04522
      vertex 19.5118 53.0205 2.6263
    endloop
  endfacet
  facet normal -1 0 0
    outer loop
      vertex 19.5118 51.6648 2.04522
      vertex 19.5118 53.0205 2.6263
      vertex 19.5118 52.3755 1.01277
    endloop
  endfacet
  facet normal 1 0 0
    outer loop
      vertex 23.3615 36.9443 1.01277
      vertex 23.3615 37.6088 1.13149
      vertex 23.3615 34.9922 1.13149
    endloop
  endfacet
  facet normal 1 0 0
    outer loop
      vertex 23.3615 34.9922 1.13149
      vertex 23.3615 32.9996 1.01277
      vertex 23.3615 36.9443 1.01277
    endloop
  endfacet
  facet normal 0 0 -1
    outer loop
      vertex 19.5118 53.0176 1.01277
      vertex 23.0968 53.0205 1.01277
      vertex 23.2226 52.3756 1.01277
    endloop
  endfacet
  facet normal 0 0 -1
    outer loop
      vertex 23.2226 52.3756 1.01277
      vertex 19.5118 52.3755 1.01277
      vertex 19.5118 53.0176 1.01277
    endloop
  endfacet
  facet normal 0 0 1
    outer loop
      vertex 23.3615 32.9996 2.6263
      vertex 23.3615 36.9443 2.6263
      vertex 22.288 36.9443 2.6263
    endloop
  endfacet
  facet normal 0 0 1
    outer loop
      vertex 22.288 36.9443 2.6263
      vertex 22.2909 32.575 2.6263
      vertex 23.3615 32.9996 2.6263
    endloop
  endfacet
  facet normal 1 0 0
    outer loop
      vertex 23.3615 43.2295 1.01277
      vertex 23.3615 43.2314 1.01277
      vertex 23.3615 43.2314 2.6263
    endloop
  endfacet
  facet normal 1 0 0
    outer loop
      vertex 23.3615 43.2314 2.6263
      vertex 23.3615 43.2295 2.6263
      vertex 23.3615 43.2295 1.01277
    endloop
  endfacet
  facet normal 0 0 1
    outer loop
      vertex 23.3615 43.2295 2.6263
      vertex 23.3615 43.2314 2.6263
      vertex 20.1449 43.2314 2.6263
    endloop
  endfacet
  facet normal 0 0 1
    outer loop
      vertex 20.1449 43.2314 2.6263
      vertex 20.1449 43.2295 2.6263
      vertex 23.3615 43.2295 2.6263
    endloop
  endfacet
  facet normal 0 0 -1
    outer loop
      vertex 19.506 32.0874 1.01277
      vertex 19.6826 32.1117 1.01277
      vertex 19.683 31.5855 1.01277
    endloop
  endfacet
  facet normal 0 0 -1
    outer loop
      vertex 19.683 31.5855 1.01277
      vertex 19.5065 31.5855 1.01277
      vertex 19.506 32.0874 1.01277
    endloop
  endfacet
  facet normal 1 0 0
    outer loop
      vertex 23.3615 41.7511 1.01277
      vertex 23.3615 43.2295 1.01277
      vertex 23.3615 43.2295 2.6263
    endloop
  endfacet
  facet normal 1 0 0
    outer loop
      vertex 23.3615 43.2295 2.6263
      vertex 23.3615 41.7511 2.6263
      vertex 23.3615 41.7511 1.01277
    endloop
  endfacet
  facet normal 0 0 1
    outer loop
      vertex 21.844 31.5855 2.6263
      vertex 21.844 32.0874 2.6263
      vertex 21.5682 32.0874 2.6263
    endloop
  endfacet
  facet normal 0 0 1
    outer loop
      vertex 21.5682 32.0874 2.6263
      vertex 21.5686 31.5855 2.6263
      vertex 21.844 31.5855 2.6263
    endloop
  endfacet
  facet normal 1 0 0
    outer loop
      vertex 21.844 31.5855 1.01277
      vertex 21.844 32.0874 1.01277
      vertex 21.844 32.0874 2.6263
    endloop
  endfacet
  facet normal 1 0 0
    outer loop
      vertex 21.844 32.0874 2.6263
      vertex 21.844 31.5855 2.6263
      vertex 21.844 31.5855 1.01277
    endloop
  endfacet
  facet normal 0 0 1
    outer loop
      vertex 21.844 32.0874 2.6263
      vertex 23.3615 32.9996 2.6263
      vertex 22.2909 32.575 2.6263
    endloop
  endfacet
  facet normal 0 0 1
    outer loop
      vertex 22.2909 32.575 2.6263
      vertex 21.5682 32.0874 2.6263
      vertex 21.844 32.0874 2.6263
    endloop
  endfacet
  facet normal 0 0 1
    outer loop
      vertex 20.5314 50.6507 1.01277
      vertex 20.3198 50.6844 1.01277
      vertex 20.3198 50.1809 1.01277
    endloop
  endfacet
  facet normal 0 0 1
    outer loop
      vertex 20.3198 50.1809 1.01277
      vertex 20.5314 50.1809 1.01277
      vertex 20.5314 50.6507 1.01277
    endloop
  endfacet
  facet normal 0.515179 -0.857083 0
    outer loop
      vertex 21.844 32.0874 1.01277
      vertex 23.3615 32.9996 1.01277
      vertex 23.3615 32.9996 2.6263
    endloop
  endfacet
  facet normal 0.515179 -0.857083 0
    outer loop
      vertex 23.3615 32.9996 2.6263
      vertex 21.844 32.0874 2.6263
      vertex 21.844 32.0874 1.01277
    endloop
  endfacet
  facet normal -1 0 0
    outer loop
      vertex 20.1449 44.3473 1.01277
      vertex 20.1449 43.2314 1.01277
      vertex 20.1449 43.2314 1.07734
    endloop
  endfacet
  facet normal -1 0 0
    outer loop
      vertex 20.1449 44.3089 1.07734
      vertex 20.1449 44.3473 1.07734
      vertex 20.1449 44.3473 1.01277
    endloop
  endfacet
  facet normal -1 0 0
    outer loop
      vertex 20.1449 43.2314 1.07734
      vertex 20.1449 44.3089 1.07734
      vertex 20.1449 44.3473 1.01277
    endloop
  endfacet
  facet normal 0 0 1
    outer loop
      vertex 23.3615 44.3473 2.6263
      vertex 22.8408 45.0016 2.6263
      vertex 22.8408 44.0199 2.6263
    endloop
  endfacet
  facet normal 0 0 1
    outer loop
      vertex 22.8408 44.0199 2.6263
      vertex 23.3615 43.2314 2.6263
      vertex 23.3615 44.3473 2.6263
    endloop
  endfacet
  facet normal 0 0 -1
    outer loop
      vertex 16.5151 40.8109 1.01277
      vertex 16.5914 41.253 1.01277
      vertex 17.2614 41.253 1.01277
    endloop
  endfacet
  facet normal 0 0 -1
    outer loop
      vertex 17.2614 41.253 1.01277
      vertex 17.2795 41.117 1.01277
      vertex 16.5151 40.8109 1.01277
    endloop
  endfacet
  facet normal 1 0 0
    outer loop
      vertex 23.3615 43.2314 1.01277
      vertex 23.3615 44.3473 1.01277
      vertex 23.3615 44.3473 2.6263
    endloop
  endfacet
  facet normal 1 0 0
    outer loop
      vertex 23.3615 44.3473 2.6263
      vertex 23.3615 43.2314 2.6263
      vertex 23.3615 43.2314 1.01277
    endloop
  endfacet
  facet normal -0.843966 0.536397 0
    outer loop
      vertex 20.1449 44.3473 1.01277
      vertex 20.1449 44.3473 1.07734
      vertex 20.5314 44.9554 1.07734
    endloop
  endfacet
  facet normal -0.843966 0.536397 0
    outer loop
      vertex 20.5314 44.9554 1.07734
      vertex 20.5314 44.9554 1.01277
      vertex 20.1449 44.3473 1.01277
    endloop
  endfacet
  facet normal 0 0 1
    outer loop
      vertex 20.5314 44.9554 2.6263
      vertex 20.9124 45.5366 2.6263
      vertex 20.9124 50.547 2.6263
    endloop
  endfacet
  facet normal 0 0 1
    outer loop
      vertex 20.9124 50.547 2.6263
      vertex 20.5314 50.6507 2.6263
      vertex 20.5314 44.9554 2.6263
    endloop
  endfacet
  facet normal 0 0 -1
    outer loop
      vertex 20.0578 32.5719 1.01277
      vertex 20.2322 32.5641 1.01277
      vertex 19.6826 32.1117 1.01277
    endloop
  endfacet
  facet normal 0 0 -1
    outer loop
      vertex 19.6826 32.1117 1.01277
      vertex 19.506 32.0874 1.01277
      vertex 20.0578 32.5719 1.01277
    endloop
  endfacet
  facet normal 1 0 0
    outer loop
      vertex 23.3615 44.9554 1.01277
      vertex 23.3615 44.9952 1.10571
      vertex 23.3615 44.4483 1.10571
    endloop
  endfacet
  facet normal 1 0 0
    outer loop
      vertex 23.3615 44.4483 1.10571
      vertex 23.3615 44.3473 1.01277
      vertex 23.3615 44.9554 1.01277
    endloop
  endfacet
  facet normal -0.703802 -0.710396 0
    outer loop
      vertex 20.5314 50.6507 1.01277
      vertex 20.5314 50.6507 1.07734
      vertex 19.5118 51.6609 1.07734
    endloop
  endfacet
  facet normal -0.703768 -0.710429 0.00104919
    outer loop
      vertex 19.5118 51.6609 1.07734
      vertex 19.5118 51.6608 1.01277
      vertex 20.5314 50.6507 1.01277
    endloop
  endfacet
  facet normal 0 0 1
    outer loop
      vertex 20.5314 50.6507 2.6263
      vertex 23.3615 50.6507 2.6263
      vertex 23.3615 50.836 2.6263
    endloop
  endfacet
  facet normal 0 0 1
    outer loop
      vertex 20.5314 50.6507 2.6263
      vertex 23.3615 50.836 2.6263
      vertex 21.871 50.8362 2.6263
    endloop
  endfacet
  facet normal 0 0 1
    outer loop
      vertex 21.8711 51.6636 2.6263
      vertex 19.5118 51.6636 2.6263
      vertex 20.5314 50.6507 2.6263
    endloop
  endfacet
  facet normal 0 0 1
    outer loop
      vertex 23.3615 51.1962 2.6263
      vertex 23.3615 51.4507 2.6263
      vertex 21.871 51.4509 2.6263
    endloop
  endfacet
  facet normal 0 0 1
    outer loop
      vertex 21.871 51.4509 2.6263
      vertex 21.8711 51.6636 2.6263
      vertex 20.5314 50.6507 2.6263
    endloop
  endfacet
  facet normal 0 0 1
    outer loop
      vertex 20.5314 50.6507 2.6263
      vertex 21.871 50.8362 2.6263
      vertex 21.8711 51.1963 2.6263
    endloop
  endfacet
  facet normal 0 0 1
    outer loop
      vertex 21.8711 51.1963 2.6263
      vertex 23.3615 51.1962 2.6263
      vertex 21.871 51.4509 2.6263
    endloop
  endfacet
  facet normal 0 0 1
    outer loop
      vertex 21.8711 51.1963 2.6263
      vertex 21.871 51.4509 2.6263
      vertex 20.5314 50.6507 2.6263
    endloop
  endfacet
  facet normal 0 0 -1
    outer loop
      vertex 14.4129 40.8109 1.01277
      vertex 14.4129 41.253 1.01277
      vertex 16.5914 41.253 1.01277
    endloop
  endfacet
  facet normal 0 0 -1
    outer loop
      vertex 16.5914 41.253 1.01277
      vertex 16.5151 40.8109 1.01277
      vertex 14.4129 40.8109 1.01277
    endloop
  endfacet
  facet normal 1 0 0
    outer loop
      vertex 23.3615 50.6507 1.01277
      vertex 23.3615 51.6636 1.01277
      vertex 23.3615 51.6636 1.71001
    endloop
  endfacet
  facet normal 1 0 0
    outer loop
      vertex 23.3615 51.4507 1.71001
      vertex 23.3615 51.4507 2.6263
      vertex 23.3615 51.1962 2.6263
    endloop
  endfacet
  facet normal 1 0 0
    outer loop
      vertex 23.3615 50.6507 1.01277
      vertex 23.3615 51.6636 1.71001
      vertex 23.3615 51.4507 1.71001
    endloop
  endfacet
  facet normal 1 0 0
    outer loop
      vertex 23.3615 50.836 2.6263
      vertex 23.3615 50.6507 2.6263
      vertex 23.3615 50.6507 1.01277
    endloop
  endfacet
  facet normal 1 0 0
    outer loop
      vertex 23.3615 50.836 1.71001
      vertex 23.3615 50.836 2.6263
      vertex 23.3615 50.6507 1.01277
    endloop
  endfacet
  facet normal 1 0 0
    outer loop
      vertex 23.3615 51.4507 1.71001
      vertex 23.3615 51.1962 2.6263
      vertex 23.3615 51.1962 1.71001
    endloop
  endfacet
  facet normal 1 0 0
    outer loop
      vertex 23.3615 51.1962 1.71001
      vertex 23.3615 50.836 1.71001
      vertex 23.3615 50.6507 1.01277
    endloop
  endfacet
  facet normal 1 0 0
    outer loop
      vertex 23.3615 50.6507 1.01277
      vertex 23.3615 51.4507 1.71001
      vertex 23.3615 51.1962 1.71001
    endloop
  endfacet
  facet normal 1 0 0
    outer loop
      vertex 23.3615 44.9554 2.6263
      vertex 23.3615 44.9952 2.18391
      vertex 23.3615 50.1168 2.18391
    endloop
  endfacet
  facet normal 1 0 0
    outer loop
      vertex 23.3615 50.1168 2.18391
      vertex 23.3615 50.6507 2.6263
      vertex 23.3615 44.9554 2.6263
    endloop
  endfacet
  facet normal 0 0 1
    outer loop
      vertex 23.3615 44.9554 1.01277
      vertex 23.7288 44.8343 1.01277
      vertex 23.7288 50.7877 1.01277
    endloop
  endfacet
  facet normal 0 0 1
    outer loop
      vertex 23.7288 50.7877 1.01277
      vertex 23.3615 50.6507 1.01277
      vertex 23.3615 44.9554 1.01277
    endloop
  endfacet
  facet normal 0 0 1
    outer loop
      vertex 23.3615 43.2314 2.6263
      vertex 22.8408 44.0199 2.6263
      vertex 20.91 44.0199 2.6263
    endloop
  endfacet
  facet normal 0 0 1
    outer loop
      vertex 20.91 44.0199 2.6263
      vertex 20.1449 43.2314 2.6263
      vertex 23.3615 43.2314 2.6263
    endloop
  endfacet
  facet normal -1 0 0
    outer loop
      vertex 20.5314 46.2667 1.01277
      vertex 20.5314 44.9554 1.01277
      vertex 20.5314 44.9554 1.07734
    endloop
  endfacet
  facet normal 0 0 0
    outer loop
      vertex 20.5314 45.1612 1.07734
      vertex 20.5314 45.2973 1.07734
      vertex 20.5314 45.614 1.07734
    endloop
  endfacet
  facet normal -1 0 0
    outer loop
      vertex 20.5314 46.2667 1.01277
      vertex 20.5314 44.9554 1.07734
      vertex 20.5314 45.1612 1.07734
    endloop
  endfacet
  facet normal -1 0 0
    outer loop
      vertex 20.5314 45.614 1.07734
      vertex 20.5314 46.2667 1.07734
      vertex 20.5314 46.2667 1.01277
    endloop
  endfacet
  facet normal -1 0 0
    outer loop
      vertex 20.5314 45.1612 1.07734
      vertex 20.5314 45.614 1.07734
      vertex 20.5314 46.2667 1.01277
    endloop
  endfacet
  facet normal 0.511243 -0.757683 0.405644
    outer loop
      vertex 22.2909 32.575 3.07654
      vertex 21.9324 32.575 3.52837
      vertex 21.2097 32.0874 3.52837
    endloop
  endfacet
  facet normal 0.511243 -0.757682 0.405646
    outer loop
      vertex 21.2097 32.0874 3.52837
      vertex 21.5682 32.0874 3.07654
      vertex 22.2909 32.575 3.07654
    endloop
  endfacet
  facet normal 0.800794 0.273016 0.533096
    outer loop
      vertex 20.8459 41.1738 3.07654
      vertex 20.649 41.7511 3.07654
      vertex 20.5647 41.1161 3.52837
    endloop
  endfacet
  facet normal 0.804057 0.261808 0.533806
    outer loop
      vertex 20.5647 41.1161 3.52837
      vertex 20.5716 41.0951 3.52837
      vertex 20.7962 41.1596 3.15841
    endloop
  endfacet
  facet normal 0.801208 0.271637 0.533178
    outer loop
      vertex 20.5647 41.1161 3.52837
      vertex 20.7962 41.1596 3.15841
      vertex 20.8459 41.1738 3.07654
    endloop
  endfacet
  facet normal 0 0 -1
    outer loop
      vertex 19.0116 41.117 1.01277
      vertex 19.1734 41.253 1.01277
      vertex 20.2303 37.4699 1.01277
    endloop
  endfacet
  facet normal 0 0 -1
    outer loop
      vertex 20.2303 37.4699 1.01277
      vertex 20.0557 36.9443 1.01277
      vertex 19.0116 41.117 1.01277
    endloop
  endfacet
  facet normal 0 0 1
    outer loop
      vertex 23.3615 50.6507 1.01277
      vertex 23.7288 50.7877 1.01277
      vertex 23.7288 51.6754 1.01277
    endloop
  endfacet
  facet normal 0 0 1
    outer loop
      vertex 23.7288 51.6754 1.01277
      vertex 23.3615 51.6636 1.01277
      vertex 23.3615 50.6507 1.01277
    endloop
  endfacet
  facet normal 0 0 1
    outer loop
      vertex 23.3615 32.9996 1.01277
      vertex 23.7288 33.0087 1.01277
      vertex 23.7288 37.4699 1.01277
    endloop
  endfacet
  facet normal 0 0 1
    outer loop
      vertex 23.7288 37.4699 1.01277
      vertex 23.3615 36.9443 1.01277
      vertex 23.3615 32.9996 1.01277
    endloop
  endfacet
  facet normal 0 0 1
    outer loop
      vertex 20.5314 44.9554 1.01277
      vertex 20.3198 44.8343 1.01277
      vertex 19.981 44.3013 1.01277
    endloop
  endfacet
  facet normal 0 0 1
    outer loop
      vertex 19.981 44.3013 1.01277
      vertex 20.1449 44.3473 1.01277
      vertex 20.5314 44.9554 1.01277
    endloop
  endfacet
  facet normal 0 0 1
    outer loop
      vertex 20.1449 43.2314 1.01277
      vertex 19.981 43.5027 1.01277
      vertex 18.9108 43.5023 1.01277
    endloop
  endfacet
  facet normal 0 0 1
    outer loop
      vertex 18.9108 43.5023 1.01277
      vertex 18.7119 43.2309 1.01277
      vertex 20.1449 43.2314 1.01277
    endloop
  endfacet
  facet normal 0.783367 0.000507485 0.62156
    outer loop
      vertex 22.288 36.9443 3.07654
      vertex 21.9295 36.9443 3.52837
      vertex 21.9324 32.575 3.52837
    endloop
  endfacet
  facet normal 0.783367 0.000507485 0.62156
    outer loop
      vertex 21.9324 32.575 3.52837
      vertex 22.2909 32.575 3.07654
      vertex 22.288 36.9443 3.07654
    endloop
  endfacet
  facet normal 0 0.477998 0.878361
    outer loop
      vertex 18.7119 43.2295 3.07654
      vertex 18.7119 42.3993 3.52837
      vertex 20.1449 42.3993 3.52837
    endloop
  endfacet
  facet normal 0 0.477998 0.878361
    outer loop
      vertex 20.1449 42.3993 3.52837
      vertex 20.1449 43.2295 3.07654
      vertex 18.7119 43.2295 3.07654
    endloop
  endfacet
  facet normal 0.783365 0.0005686 0.621562
    outer loop
      vertex 21.5682 32.0874 3.07654
      vertex 21.2097 32.0874 3.52837
      vertex 21.2101 31.5855 3.52837
    endloop
  endfacet
  facet normal 0.783331 0.000631116 0.621604
    outer loop
      vertex 21.2101 31.5855 3.52837
      vertex 21.5686 31.5855 3.07654
      vertex 21.5682 32.0874 3.07654
    endloop
  endfacet
  facet normal 1 0.000805673 0
    outer loop
      vertex 21.5682 32.0874 2.6263
      vertex 21.5682 32.0874 3.07654
      vertex 21.5686 31.5855 3.07654
    endloop
  endfacet
  facet normal 1 0.000805673 0
    outer loop
      vertex 21.5686 31.5855 3.07654
      vertex 21.5686 31.5855 2.6263
      vertex 21.5682 32.0874 2.6263
    endloop
  endfacet
  facet normal 0 1 0
    outer loop
      vertex 18.7119 43.2295 2.40892
      vertex 18.7119 43.2295 3.07654
      vertex 20.1449 43.2295 3.07654
    endloop
  endfacet
  facet normal 0 1 0
    outer loop
      vertex 20.1449 43.2295 3.07654
      vertex 20.1449 43.2295 2.6263
      vertex 18.7119 43.2295 2.40892
    endloop
  endfacet
  facet normal 1 0.000647827 0
    outer loop
      vertex 22.288 36.9443 2.6263
      vertex 22.288 36.9443 3.07654
      vertex 22.2909 32.575 3.07654
    endloop
  endfacet
  facet normal 1 0.000647827 0
    outer loop
      vertex 22.2909 32.575 3.07654
      vertex 22.2909 32.575 2.6263
      vertex 22.288 36.9443 2.6263
    endloop
  endfacet
  facet normal 0.946504 0.322693 0
    outer loop
      vertex 20.649 41.7511 3.07654
      vertex 20.8459 41.1738 3.07654
      vertex 20.8459 41.1738 2.63132
    endloop
  endfacet
  facet normal 0.946504 0.322693 0
    outer loop
      vertex 20.8459 41.1738 2.63132
      vertex 20.649 41.7511 2.6263
      vertex 20.649 41.7511 3.07654
    endloop
  endfacet
  facet normal 0.559328 -0.828946 0
    outer loop
      vertex 22.2909 32.575 2.6263
      vertex 22.2909 32.575 3.07654
      vertex 21.5682 32.0874 3.07654
    endloop
  endfacet
  facet normal 0.559328 -0.828946 0
    outer loop
      vertex 21.5682 32.0874 3.07654
      vertex 21.5682 32.0874 2.6263
      vertex 22.2909 32.575 2.6263
    endloop
  endfacet
  facet normal 0.436962 0.89948 0
    outer loop
      vertex 16.5147 43.6008 2.40892
      vertex 16.5147 43.6008 3.07654
      vertex 17.2789 43.2295 3.07654
    endloop
  endfacet
  facet normal 0.436962 0.89948 0
    outer loop
      vertex 17.2789 43.2295 3.07654
      vertex 17.2789 43.2295 2.40892
      vertex 16.5147 43.6008 2.40892
    endloop
  endfacet
  facet normal 0.481495 0.559843 0.674343
    outer loop
      vertex 16.5147 43.6008 3.07654
      vertex 16.5147 42.3993 4.07408
      vertex 17.2789 42.3993 3.52837
    endloop
  endfacet
  facet normal 0.22619 0.465609 0.855597
    outer loop
      vertex 17.2789 42.3993 3.52837
      vertex 17.2789 43.2295 3.07654
      vertex 16.5147 43.6008 3.07654
    endloop
  endfacet
  facet normal -0.000694274 1 0.000184564
    outer loop
      vertex 19.325 52.3756 0
      vertex 19.325 52.3754 1.01277
      vertex 19.5118 52.3755 1.01277
    endloop
  endfacet
  facet normal 0 1 5.64992e-05
    outer loop
      vertex 19.5118 52.3755 1.01277
      vertex 19.5117 52.3756 0
      vertex 19.325 52.3756 0
    endloop
  endfacet
  facet normal 0 1 0.000975446
    outer loop
      vertex 17.2789 43.2295 2.40892
      vertex 18.7119 43.2295 2.40892
      vertex 18.7119 43.2299 2.04522
    endloop
  endfacet
  facet normal 0 0 1
    outer loop
      vertex 18.7119 43.2299 2.04522
      vertex 17.4844 43.2298 2.04522
      vertex 17.2789 43.2298 2.04522
    endloop
  endfacet
  facet normal -7.98609e-05 1 0.000660786
    outer loop
      vertex 18.7119 43.2299 2.04522
      vertex 17.2789 43.2298 2.04522
      vertex 17.2789 43.2295 2.40892
    endloop
  endfacet
  facet normal 0 0 1
    outer loop
      vertex 18.7119 42.3993 3.52837
      vertex 17.2789 42.3993 3.52837
      vertex 17.2814 41.1161 3.52837
    endloop
  endfacet
  facet normal 0 0 1
    outer loop
      vertex 17.2814 41.1161 3.52837
      vertex 19.0268 41.1161 3.52837
      vertex 18.7119 42.3993 3.52837
    endloop
  endfacet
  facet normal 0.946493 0.322723 0
    outer loop
      vertex 20.1449 43.2295 2.6263
      vertex 20.1449 43.2295 3.07654
      vertex 20.649 41.7511 3.07654
    endloop
  endfacet
  facet normal 0.946493 0.322723 0
    outer loop
      vertex 20.649 41.7511 3.07654
      vertex 20.649 41.7511 2.6263
      vertex 20.1449 43.2295 2.6263
    endloop
  endfacet
  facet normal 0 0 1
    outer loop
      vertex 16.5147 42.3993 4.07408
      vertex 14.4129 42.3993 4.07408
      vertex 14.4129 40.8099 4.07408
    endloop
  endfacet
  facet normal 0 0 1
    outer loop
      vertex 14.4129 40.8099 4.07408
      vertex 16.5164 40.8099 4.07408
      vertex 16.5147 42.3993 4.07408
    endloop
  endfacet
  facet normal 0 0 1
    outer loop
      vertex 23.3615 43.2314 1.01277
      vertex 23.7288 42.9804 1.01277
      vertex 23.7288 44.3013 1.01277
    endloop
  endfacet
  facet normal 0 0 1
    outer loop
      vertex 23.7288 44.3013 1.01277
      vertex 23.3615 44.3473 1.01277
      vertex 23.3615 43.2314 1.01277
    endloop
  endfacet
  facet normal 0.825217 0.26998 0.496112
    outer loop
      vertex 20.1449 43.2295 3.07654
      vertex 20.1449 42.3993 3.52837
      vertex 20.5647 41.1161 3.52837
    endloop
  endfacet
  facet normal 0.800771 0.273036 0.533121
    outer loop
      vertex 20.5647 41.1161 3.52837
      vertex 20.649 41.7511 3.07654
      vertex 20.1449 43.2295 3.07654
    endloop
  endfacet
  facet normal 1 0 0
    outer loop
      vertex 23.3615 32.9996 1.01277
      vertex 23.3615 34.9922 1.13149
      vertex 23.3615 34.9922 2.20182
    endloop
  endfacet
  facet normal 1 0 0
    outer loop
      vertex 23.3615 34.9922 2.20182
      vertex 23.3615 32.9996 2.6263
      vertex 23.3615 32.9996 1.01277
    endloop
  endfacet
  facet normal 0.0170422 0.0145126 0.999749
    outer loop
      vertex 21.0827 41.2418 2.6263
      vertex 20.649 41.7511 2.6263
      vertex 20.8459 41.1738 2.63132
    endloop
  endfacet
  facet normal 0 0 1
    outer loop
      vertex 20.1449 42.3993 3.52837
      vertex 18.7119 42.3993 3.52837
      vertex 19.0268 41.1161 3.52837
    endloop
  endfacet
  facet normal 0 0 1
    outer loop
      vertex 19.0268 41.1161 3.52837
      vertex 20.5647 41.1161 3.52837
      vertex 20.1449 42.3993 3.52837
    endloop
  endfacet
  facet normal 0 0 1
    outer loop
      vertex 21.9324 32.575 3.52837
      vertex 20.0525 32.575 3.52837
      vertex 19.5105 32.0874 3.52837
    endloop
  endfacet
  facet normal 0 0 1
    outer loop
      vertex 19.5105 32.0874 3.52837
      vertex 21.2097 32.0874 3.52837
      vertex 21.9324 32.575 3.52837
    endloop
  endfacet
  facet normal 0 0 1
    outer loop
      vertex 21.9295 36.9443 3.52837
      vertex 20.0504 36.9443 3.52837
      vertex 20.0525 32.575 3.52837
    endloop
  endfacet
  facet normal 0 0 1
    outer loop
      vertex 20.0525 32.575 3.52837
      vertex 21.9324 32.575 3.52837
      vertex 21.9295 36.9443 3.52837
    endloop
  endfacet
  facet normal 0 0 1
    outer loop
      vertex 21.2097 32.0874 3.52837
      vertex 19.5105 32.0874 3.52837
      vertex 19.5108 31.5855 3.52837
    endloop
  endfacet
  facet normal 0 0 1
    outer loop
      vertex 19.5108 31.5855 3.52837
      vertex 21.2101 31.5855 3.52837
      vertex 21.2097 32.0874 3.52837
    endloop
  endfacet
  facet normal 0 0 1
    outer loop
      vertex 20.5716 41.0951 3.52837
      vertex 20.5647 41.1161 3.52837
      vertex 19.0268 41.1161 3.52837
    endloop
  endfacet
  facet normal 0 0 1
    outer loop
      vertex 20.0504 36.9443 3.52837
      vertex 21.9295 36.9443 3.52837
      vertex 21.3054 38.852 3.52837
    endloop
  endfacet
  facet normal 0 0 1
    outer loop
      vertex 20.0504 36.9443 3.52837
      vertex 21.3054 38.852 3.52837
      vertex 19.9588 38.4655 3.52837
    endloop
  endfacet
  facet normal 0 0 1
    outer loop
      vertex 19.3467 40.7436 3.52837
      vertex 20.5716 41.0951 3.52837
      vertex 19.0268 41.1161 3.52837
    endloop
  endfacet
  facet normal 0 0 1
    outer loop
      vertex 21.0667 39.5817 3.52837
      vertex 20.8103 40.3653 3.52837
      vertex 19.5583 40.006 3.52837
    endloop
  endfacet
  facet normal 0 0 1
    outer loop
      vertex 19.5583 40.006 3.52837
      vertex 19.3467 40.7436 3.52837
      vertex 19.0268 41.1161 3.52837
    endloop
  endfacet
  facet normal 0 0 1
    outer loop
      vertex 19.0268 41.1161 3.52837
      vertex 20.0504 36.9443 3.52837
      vertex 19.9588 38.4655 3.52837
    endloop
  endfacet
  facet normal 0 0 1
    outer loop
      vertex 19.7471 39.203 3.52837
      vertex 21.0667 39.5817 3.52837
      vertex 19.5583 40.006 3.52837
    endloop
  endfacet
  facet normal 0 0 1
    outer loop
      vertex 19.0268 41.1161 3.52837
      vertex 19.9588 38.4655 3.52837
      vertex 19.7471 39.203 3.52837
    endloop
  endfacet
  facet normal 0 0 1
    outer loop
      vertex 19.0268 41.1161 3.52837
      vertex 19.7471 39.203 3.52837
      vertex 19.5583 40.006 3.52837
    endloop
  endfacet
  facet normal 0 1 0
    outer loop
      vertex 17.2789 43.2295 2.40892
      vertex 17.2789 43.2295 3.07654
      vertex 18.7119 43.2295 3.07654
    endloop
  endfacet
  facet normal 0 1 0
    outer loop
      vertex 18.7119 43.2295 3.07654
      vertex 18.7119 43.2295 2.40892
      vertex 17.2789 43.2295 2.40892
    endloop
  endfacet
  facet normal 0 0.477998 0.878361
    outer loop
      vertex 17.2789 43.2295 3.07654
      vertex 17.2789 42.3993 3.52837
      vertex 18.7119 42.3993 3.52837
    endloop
  endfacet
  facet normal 0 0.477998 0.878361
    outer loop
      vertex 18.7119 42.3993 3.52837
      vertex 18.7119 43.2295 3.07654
      vertex 17.2789 43.2295 3.07654
    endloop
  endfacet
  facet normal 0.436881 0.899519 0.00059439
    outer loop
      vertex 17.2789 43.2295 2.40892
      vertex 17.2789 43.2298 2.04522
      vertex 16.5146 43.601 2.04522
    endloop
  endfacet
  facet normal 0.436962 0.89948 0.000385857
    outer loop
      vertex 16.5146 43.601 2.04522
      vertex 16.5147 43.6008 2.40892
      vertex 17.2789 43.2295 2.40892
    endloop
  endfacet
  facet normal 0.371767 -0.928326 -0.000504717
    outer loop
      vertex 16.5151 40.8109 1.01277
      vertex 17.2795 41.117 1.01277
      vertex 17.2795 41.117 1.07734
    endloop
  endfacet
  facet normal 0.371771 -0.928324 -0.000559644
    outer loop
      vertex 17.2795 41.117 1.07734
      vertex 16.5151 40.8109 1.07734
      vertex 16.5151 40.8109 1.01277
    endloop
  endfacet
  facet normal 0 -1 -0.000365227
    outer loop
      vertex 19.0268 41.1161 3.52837
      vertex 17.2814 41.1161 3.52837
      vertex 17.2802 41.1166 2.04522
    endloop
  endfacet
  facet normal 0 0 0
    outer loop
      vertex 17.2802 41.1166 2.04522
      vertex 17.5582 41.1166 2.04522
      vertex 19.0178 41.1166 2.04522
    endloop
  endfacet
  facet normal 0 -1 -0.000365227
    outer loop
      vertex 17.2802 41.1166 2.04522
      vertex 19.0178 41.1166 2.04522
      vertex 19.0268 41.1161 3.52837
    endloop
  endfacet
  facet normal -0.970079 -0.242723 0.00575603
    outer loop
      vertex 19.0268 41.1161 3.52837
      vertex 19.0178 41.1166 2.04522
      vertex 19.3645 39.7312 2.04522
    endloop
  endfacet
  facet normal -0.97009 -0.24274 -0.00147917
    outer loop
      vertex 19.3645 39.7312 2.04522
      vertex 19.6022 38.7811 2.04522
      vertex 19.6008 38.7807 3.07791
    endloop
  endfacet
  facet normal -0.971196 -0.238272 -0.00200675
    outer loop
      vertex 19.6008 38.7807 3.07791
      vertex 20.0513 36.9443 3.07791
      vertex 20.0504 36.9443 3.52837
    endloop
  endfacet
  facet normal -0.971004 -0.239055 0.00212099
    outer loop
      vertex 19.0268 41.1161 3.52837
      vertex 19.3645 39.7312 2.04522
      vertex 19.6008 38.7807 3.07791
    endloop
  endfacet
  facet normal -0.971192 -0.23829 -0.00208451
    outer loop
      vertex 19.0268 41.1161 3.52837
      vertex 19.6008 38.7807 3.07791
      vertex 20.0504 36.9443 3.52837
    endloop
  endfacet
  facet normal -0.999998 -0.000499773 -0.00206626
    outer loop
      vertex 20.0504 36.9443 3.52837
      vertex 20.0513 36.9443 3.07791
      vertex 20.0535 32.5745 3.07791
    endloop
  endfacet
  facet normal -0.999998 -0.000490671 -0.00215456
    outer loop
      vertex 20.0535 32.5745 3.07791
      vertex 20.0525 32.575 3.52837
      vertex 20.0504 36.9443 3.52837
    endloop
  endfacet
  facet normal -0.667179 0.744893 -0.00237778
    outer loop
      vertex 20.0525 32.575 3.52837
      vertex 20.0535 32.5745 3.07791
      vertex 19.5097 32.0874 3.07791
    endloop
  endfacet
  facet normal -0.668825 0.743419 0.00120073
    outer loop
      vertex 19.5097 32.0874 3.07791
      vertex 19.5105 32.0874 3.52837
      vertex 20.0525 32.575 3.52837
    endloop
  endfacet
  facet normal -0.999996 -0.00104509 0.00251061
    outer loop
      vertex 19.506 32.0874 1.01277
      vertex 19.5065 31.5855 1.01277
      vertex 19.5067 31.5855 1.07734
    endloop
  endfacet
  facet normal -0.999998 -0.0011287 0.00186081
    outer loop
      vertex 19.5067 31.5855 1.07734
      vertex 19.5061 32.0874 1.07734
      vertex 19.506 32.0874 1.01277
    endloop
  endfacet
  facet normal 0 -1 -0.000354441
    outer loop
      vertex 14.4129 40.8109 1.07734
      vertex 14.4129 40.8109 1.01277
      vertex 16.5151 40.8109 1.01277
    endloop
  endfacet
  facet normal 0 -1 -0.000354441
    outer loop
      vertex 16.5151 40.8109 1.01277
      vertex 16.5151 40.8109 1.07734
      vertex 15.7844 40.8109 1.07734
    endloop
  endfacet
  facet normal 0 -1 -0.000354441
    outer loop
      vertex 15.0061 40.8109 1.07734
      vertex 14.4129 40.8109 1.07734
      vertex 16.5151 40.8109 1.01277
    endloop
  endfacet
  facet normal 0 -1 -0.000354441
    outer loop
      vertex 16.5151 40.8109 1.01277
      vertex 15.7844 40.8109 1.07734
      vertex 15.0061 40.8109 1.07734
    endloop
  endfacet
  facet normal 0.581095 0.000650668 0.813835
    outer loop
      vertex 17.2789 42.3993 3.52837
      vertex 16.5147 42.3993 4.07408
      vertex 16.5164 40.8099 4.07408
    endloop
  endfacet
  facet normal 0.580478 0.00109754 0.814275
    outer loop
      vertex 16.5164 40.8099 4.07408
      vertex 17.2814 41.1161 3.52837
      vertex 17.2789 42.3993 3.52837
    endloop
  endfacet
  facet normal 0 0.638763 0.769403
    outer loop
      vertex 14.4129 43.6008 3.07654
      vertex 14.4129 42.3993 4.07408
      vertex 16.5147 42.3993 4.07408
    endloop
  endfacet
  facet normal 0 0.638763 0.769403
    outer loop
      vertex 16.5147 42.3993 4.07408
      vertex 16.5147 43.6008 3.07654
      vertex 14.4129 43.6008 3.07654
    endloop
  endfacet
  facet normal 0 1 0
    outer loop
      vertex 14.4129 43.6008 2.40892
      vertex 14.4129 43.6008 3.07654
      vertex 16.5147 43.6008 3.07654
    endloop
  endfacet
  facet normal 0 1 0
    outer loop
      vertex 16.5147 43.6008 3.07654
      vertex 16.5147 43.6008 2.40892
      vertex 14.4129 43.6008 2.40892
    endloop
  endfacet
  facet normal 0 1 0.000482479
    outer loop
      vertex 14.4129 43.6008 2.40892
      vertex 16.5147 43.6008 2.40892
      vertex 16.5146 43.601 2.04522
    endloop
  endfacet
  facet normal 0 0 0
    outer loop
      vertex 16.5146 43.601 2.04522
      vertex 16.2325 43.601 2.04522
      vertex 14.9911 43.601 2.04522
    endloop
  endfacet
  facet normal -0.000303491 1 0
    outer loop
      vertex 14.9911 43.601 2.04522
      vertex 14.4129 43.6008 2.04522
      vertex 14.4129 43.6008 2.40892
    endloop
  endfacet
  facet normal 0 1 0.000482479
    outer loop
      vertex 16.5146 43.601 2.04522
      vertex 14.9911 43.601 2.04522
      vertex 14.4129 43.6008 2.40892
    endloop
  endfacet
  facet normal 0 0 1
    outer loop
      vertex 23.3615 41.7511 1.01277
      vertex 23.7288 41.683 1.01277
      vertex 23.7288 42.9788 1.01277
    endloop
  endfacet
  facet normal 0 0 1
    outer loop
      vertex 23.7288 42.9788 1.01277
      vertex 23.3615 43.2295 1.01277
      vertex 23.3615 41.7511 1.01277
    endloop
  endfacet
  facet normal 0.937613 0.34768 0
    outer loop
      vertex 24.0614 32.1117 1.01277
      vertex 24.0614 32.1117 0
      vertex 23.7288 33.0087 0
    endloop
  endfacet
  facet normal 0.937613 0.34768 0
    outer loop
      vertex 23.7288 33.0087 0
      vertex 23.7288 33.0087 1.01277
      vertex 24.0614 32.1117 1.01277
    endloop
  endfacet
  facet normal -1 0 0
    outer loop
      vertex 20.3198 50.1809 1.01277
      vertex 20.3198 50.6844 1.01277
      vertex 20.3198 50.6844 0
    endloop
  endfacet
  facet normal -1 0 0
    outer loop
      vertex 20.3198 50.6844 0
      vertex 20.3198 44.8343 0
      vertex 20.3198 44.8343 1.01277
    endloop
  endfacet
  facet normal -1 0 0
    outer loop
      vertex 20.3198 44.8343 1.01277
      vertex 20.3198 46.2667 1.01277
      vertex 20.3198 46.2667 0.830595
    endloop
  endfacet
  facet normal -1 0 0
    outer loop
      vertex 20.3198 47.3374 0.830595
      vertex 20.3198 47.3374 1.01277
      vertex 20.3198 49.1103 1.01277
    endloop
  endfacet
  facet normal -1 0 0
    outer loop
      vertex 20.3198 50.6844 0
      vertex 20.3198 44.8343 1.01277
      vertex 20.3198 46.2667 0.830595
    endloop
  endfacet
  facet normal -1 0 0
    outer loop
      vertex 20.3198 47.3374 0.830595
      vertex 20.3198 49.1103 1.01277
      vertex 20.3198 49.1103 0.830595
    endloop
  endfacet
  facet normal -1 0 0
    outer loop
      vertex 20.3198 50.6844 0
      vertex 20.3198 46.2667 0.830595
      vertex 20.3198 47.3374 0.830595
    endloop
  endfacet
  facet normal -1 0 0
    outer loop
      vertex 20.3198 50.1809 0.830595
      vertex 20.3198 50.1809 1.01277
      vertex 20.3198 50.6844 0
    endloop
  endfacet
  facet normal -1 0 0
    outer loop
      vertex 20.3198 50.6844 0
      vertex 20.3198 47.3374 0.830595
      vertex 20.3198 49.1103 0.830595
    endloop
  endfacet
  facet normal -1 0 0
    outer loop
      vertex 20.3198 50.6844 0
      vertex 20.3198 49.1103 0.830595
      vertex 20.3198 50.1809 0.830595
    endloop
  endfacet
  facet normal -0.000377815 1 0
    outer loop
      vertex 19.981 43.5027 1.01277
      vertex 19.981 43.5027 0
      vertex 18.9108 43.5023 0
    endloop
  endfacet
  facet normal -0.000377815 1 0
    outer loop
      vertex 18.9108 43.5023 0
      vertex 18.9108 43.5023 1.01277
      vertex 19.981 43.5027 1.01277
    endloop
  endfacet
  facet normal -0.635567 0.772046 0
    outer loop
      vertex 20.2322 32.5641 1.01277
      vertex 20.2322 32.5641 0
      vertex 19.6826 32.1117 0
    endloop
  endfacet
  facet normal -0.635567 0.772046 0
    outer loop
      vertex 19.6826 32.1117 0
      vertex 19.6826 32.1117 1.01277
      vertex 20.2322 32.5641 1.01277
    endloop
  endfacet
  facet normal 1 0 0
    outer loop
      vertex 23.7288 50.7877 1.01277
      vertex 23.7288 50.7877 0
      vertex 23.7288 51.6754 0
    endloop
  endfacet
  facet normal 1 0 0
    outer loop
      vertex 23.7288 51.6754 0
      vertex 23.7288 51.6754 1.01277
      vertex 23.7288 50.7877 1.01277
    endloop
  endfacet
  facet normal -1 -0.000920817 0
    outer loop
      vertex 19.6826 32.1117 1.01277
      vertex 19.6826 32.1117 0
      vertex 19.683 31.5855 0
    endloop
  endfacet
  facet normal -1 -0.000920817 0
    outer loop
      vertex 19.683 31.5855 0
      vertex 19.683 31.5855 1.01277
      vertex 19.6826 32.1117 1.01277
    endloop
  endfacet
  facet normal 1 0 0
    outer loop
      vertex 23.7288 42.9804 1.01277
      vertex 23.7288 42.9804 0
      vertex 23.7288 44.3013 0
    endloop
  endfacet
  facet normal 1 0 0
    outer loop
      vertex 23.7288 44.3013 0
      vertex 23.7288 44.3013 1.01277
      vertex 23.7288 42.9804 1.01277
    endloop
  endfacet
  facet normal -0.963126 -0.269049 0
    outer loop
      vertex 19.1734 41.253 1.01277
      vertex 19.1734 41.253 0
      vertex 20.2303 37.4699 0
    endloop
  endfacet
  facet normal -0.963126 -0.269049 0
    outer loop
      vertex 20.2303 37.4699 0
      vertex 20.2303 37.4699 1.01277
      vertex 19.1734 41.253 1.01277
    endloop
  endfacet
  facet normal 0.949219 0.314616 0
    outer loop
      vertex 23.7288 51.6754 1.01277
      vertex 23.7288 51.6754 0
      vertex 23.4967 52.3756 0
    endloop
  endfacet
  facet normal 0.949219 0.314616 0
    outer loop
      vertex 23.4967 52.3756 0
      vertex 23.4967 52.3756 1.01277
      vertex 23.7288 51.6754 1.01277
    endloop
  endfacet
  facet normal 1 0 0
    outer loop
      vertex 24.0614 31.5855 1.01277
      vertex 24.0614 31.5855 0
      vertex 24.0614 32.1117 0
    endloop
  endfacet
  facet normal 1 0 0
    outer loop
      vertex 24.0614 32.1117 0
      vertex 24.0614 32.1117 1.01277
      vertex 24.0614 31.5855 1.01277
    endloop
  endfacet
  facet normal -0.705774 -0.708435 -0.00197995
    outer loop
      vertex 19.325 51.6726 1.01277
      vertex 19.325 51.6754 0
      vertex 20.3198 50.6844 0
    endloop
  endfacet
  facet normal -0.704761 -0.709445 0
    outer loop
      vertex 20.3198 50.6844 0
      vertex 20.3198 50.6844 1.01277
      vertex 19.325 51.6726 1.01277
    endloop
  endfacet
  facet normal 1 0 0
    outer loop
      vertex 23.7288 37.4699 1.01277
      vertex 23.7288 37.4699 0
      vertex 23.7288 41.683 0
    endloop
  endfacet
  facet normal 1 0 0
    outer loop
      vertex 23.7288 41.683 0
      vertex 23.7288 41.683 1.01277
      vertex 23.7288 37.4699 1.01277
    endloop
  endfacet
  facet normal 1 0 0
    outer loop
      vertex 23.7288 42.9788 1.01277
      vertex 23.7288 42.9788 0
      vertex 23.7288 42.9804 0
    endloop
  endfacet
  facet normal 1 0 0
    outer loop
      vertex 23.7288 42.9804 0
      vertex 23.7288 42.9804 1.01277
      vertex 23.7288 42.9788 1.01277
    endloop
  endfacet
  facet normal 1 0 0
    outer loop
      vertex 23.7288 44.8343 1.01277
      vertex 23.7288 44.8343 0
      vertex 23.7288 50.7877 0
    endloop
  endfacet
  facet normal 1 0 0
    outer loop
      vertex 23.7288 50.7877 0
      vertex 23.7288 50.7877 1.01277
      vertex 23.7288 44.8343 1.01277
    endloop
  endfacet
  facet normal -1 0 0
    outer loop
      vertex 19.325 52.3754 1.01277
      vertex 19.325 52.3756 0
      vertex 19.325 51.6754 0
    endloop
  endfacet
  facet normal -1 0 0
    outer loop
      vertex 19.325 51.6754 0
      vertex 19.325 51.6726 1.01277
      vertex 19.325 52.3754 1.01277
    endloop
  endfacet
  facet normal -0.000245086 1 0
    outer loop
      vertex 18.9108 43.5023 1.01277
      vertex 18.9108 43.5023 0
      vertex 17.2609 43.5019 0
    endloop
  endfacet
  facet normal -0.000245086 1 0
    outer loop
      vertex 17.2609 43.5019 0
      vertex 17.2609 43.5019 1.01277
      vertex 18.9108 43.5023 1.01277
    endloop
  endfacet
  facet normal -0.843945 0.536429 0
    outer loop
      vertex 20.3198 44.8343 1.01277
      vertex 20.3198 44.8343 0
      vertex 19.981 44.3013 0
    endloop
  endfacet
  facet normal -0.843945 0.536429 0
    outer loop
      vertex 19.981 44.3013 0
      vertex 19.981 44.3013 1.01277
      vertex 20.3198 44.8343 1.01277
    endloop
  endfacet
  facet normal 0 0 1
    outer loop
      vertex 20.1449 44.3473 1.01277
      vertex 19.981 44.3013 1.01277
      vertex 19.981 43.5027 1.01277
    endloop
  endfacet
  facet normal 0 0 1
    outer loop
      vertex 19.981 43.5027 1.01277
      vertex 20.1449 43.2314 1.01277
      vertex 20.1449 44.3473 1.01277
    endloop
  endfacet
  facet normal 0 0 1
    outer loop
      vertex 23.3615 43.2295 1.01277
      vertex 23.7288 42.9788 1.01277
      vertex 23.7288 42.9804 1.01277
    endloop
  endfacet
  facet normal 0 0 1
    outer loop
      vertex 23.7288 42.9804 1.01277
      vertex 23.3615 43.2314 1.01277
      vertex 23.3615 43.2295 1.01277
    endloop
  endfacet
  facet normal 0 0 1
    outer loop
      vertex 23.3615 44.3473 1.01277
      vertex 23.7288 44.3013 1.01277
      vertex 23.7288 44.8343 1.01277
    endloop
  endfacet
  facet normal 0 0 1
    outer loop
      vertex 23.7288 44.8343 1.01277
      vertex 23.3615 44.9554 1.01277
      vertex 23.3615 44.3473 1.01277
    endloop
  endfacet
  facet normal 0 0 1
    outer loop
      vertex 17.2789 43.2304 1.01277
      vertex 17.2609 43.5019 1.01277
      vertex 16.591 43.8271 1.01277
    endloop
  endfacet
  facet normal 0 0 1
    outer loop
      vertex 16.591 43.8271 1.01277
      vertex 16.5145 43.6015 1.01277
      vertex 17.2789 43.2304 1.01277
    endloop
  endfacet
  facet normal 0 0 1
    outer loop
      vertex 23.3615 36.9443 1.01277
      vertex 23.7288 37.4699 1.01277
      vertex 23.7288 41.683 1.01277
    endloop
  endfacet
  facet normal 0 0 1
    outer loop
      vertex 23.7288 41.683 1.01277
      vertex 23.3615 41.7511 1.01277
      vertex 23.3615 36.9443 1.01277
    endloop
  endfacet
  facet normal 0 0 1
    outer loop
      vertex 19.5118 51.6608 1.01277
      vertex 19.325 51.6726 1.01277
      vertex 20.3198 50.6844 1.01277
    endloop
  endfacet
  facet normal 0 0 1
    outer loop
      vertex 20.3198 50.6844 1.01277
      vertex 20.5314 50.6507 1.01277
      vertex 19.5118 51.6608 1.01277
    endloop
  endfacet
  facet normal 0 0 1
    outer loop
      vertex 18.7119 43.2309 1.01277
      vertex 18.9108 43.5023 1.01277
      vertex 17.2609 43.5019 1.01277
    endloop
  endfacet
  facet normal 0 0 1
    outer loop
      vertex 17.2609 43.5019 1.01277
      vertex 17.2789 43.2304 1.01277
      vertex 18.7119 43.2309 1.01277
    endloop
  endfacet
  facet normal 0 0 -1
    outer loop
      vertex 17.2795 41.117 1.01277
      vertex 17.2614 41.253 1.01277
      vertex 19.1734 41.253 1.01277
    endloop
  endfacet
  facet normal 0 0 -1
    outer loop
      vertex 19.1734 41.253 1.01277
      vertex 19.0116 41.117 1.01277
      vertex 17.2795 41.117 1.01277
    endloop
  endfacet
  facet normal 0 0 1
    outer loop
      vertex 21.844 32.0874 1.01277
      vertex 24.0614 32.1117 1.01277
      vertex 23.7288 33.0087 1.01277
    endloop
  endfacet
  facet normal 0 0 1
    outer loop
      vertex 23.7288 33.0087 1.01277
      vertex 23.3615 32.9996 1.01277
      vertex 21.844 32.0874 1.01277
    endloop
  endfacet
  facet normal -9.2519e-06 1 5.64999e-05
    outer loop
      vertex 19.5117 52.3756 0
      vertex 19.5118 52.3755 1.01277
      vertex 23.2226 52.3756 1.01277
    endloop
  endfacet
  facet normal 0 1 2.25997e-05
    outer loop
      vertex 23.2226 52.3756 1.01277
      vertex 23.2227 52.3756 0
      vertex 19.5117 52.3756 0
    endloop
  endfacet
  facet normal 0 0 1
    outer loop
      vertex 21.844 31.5855 1.01277
      vertex 24.0614 31.5855 1.01277
      vertex 24.0614 32.1117 1.01277
    endloop
  endfacet
  facet normal 0 0 1
    outer loop
      vertex 24.0614 32.1117 1.01277
      vertex 21.844 32.0874 1.01277
      vertex 21.844 31.5855 1.01277
    endloop
  endfacet
  facet normal 0 0 1
    outer loop
      vertex 16.5145 43.6015 1.01277
      vertex 16.591 43.8271 1.01277
      vertex 14.4129 43.8265 1.01277
    endloop
  endfacet
  facet normal 0 0 1
    outer loop
      vertex 14.4129 43.8265 1.01277
      vertex 14.4129 43.6008 1.01277
      vertex 16.5145 43.6015 1.01277
    endloop
  endfacet
  facet normal 0 0 -1
    outer loop
      vertex 23.7288 51.6754 0
      vertex 19.325 51.6754 0
      vertex 19.325 52.3756 0
    endloop
  endfacet
  facet normal 0 0 0
    outer loop
      vertex 19.5117 52.3756 0
      vertex 23.2227 52.3756 0
      vertex 23.4967 52.3756 0
    endloop
  endfacet
  facet normal 0 0 -1
    outer loop
      vertex 23.7288 51.6754 0
      vertex 19.325 52.3756 0
      vertex 19.5117 52.3756 0
    endloop
  endfacet
  facet normal 0 0 -1
    outer loop
      vertex 19.5117 52.3756 0
      vertex 23.4967 52.3756 0
      vertex 23.7288 51.6754 0
    endloop
  endfacet
  facet normal 0 0 -1
    outer loop
      vertex 20.2322 32.5641 0
      vertex 20.2303 37.4699 0
      vertex 20.4548 37.4699 0
    endloop
  endfacet
  facet normal 0 0 -1
    outer loop
      vertex 20.4548 37.4699 0
      vertex 20.4573 32.5641 0
      vertex 20.2322 32.5641 0
    endloop
  endfacet
  facet normal 0 0 -1
    outer loop
      vertex 17.2609 43.5019 0
      vertex 17.2614 41.253 0
      vertex 16.5914 41.253 0
    endloop
  endfacet
  facet normal 0 0 -1
    outer loop
      vertex 16.5914 41.253 0
      vertex 16.591 43.8271 0
      vertex 17.2609 43.5019 0
    endloop
  endfacet
  facet normal 0 0 -1
    outer loop
      vertex 20.3233 31.5855 0
      vertex 19.683 31.5855 0
      vertex 19.6826 32.1117 0
    endloop
  endfacet
  facet normal 0 0 -1
    outer loop
      vertex 19.6826 32.1117 0
      vertex 20.323 32.1117 0
      vertex 20.3233 31.5855 0
    endloop
  endfacet
  facet normal 0 0 -1
    outer loop
      vertex 19.6826 32.1117 0
      vertex 20.2322 32.5641 0
      vertex 20.4573 32.5641 0
    endloop
  endfacet
  facet normal 0 0 -1
    outer loop
      vertex 20.4573 32.5641 0
      vertex 20.323 32.1117 0
      vertex 19.6826 32.1117 0
    endloop
  endfacet
  facet normal 0 0 -1
    outer loop
      vertex 19.981 43.5027 0
      vertex 19.981 44.3013 0
      vertex 23.7288 44.3013 0
    endloop
  endfacet
  facet normal 0 0 -1
    outer loop
      vertex 23.7288 44.3013 0
      vertex 23.7288 42.9804 0
      vertex 19.981 43.5027 0
    endloop
  endfacet
  facet normal 0 0 -1
    outer loop
      vertex 19.981 44.3013 0
      vertex 20.3198 44.8343 0
      vertex 23.7288 44.8343 0
    endloop
  endfacet
  facet normal 0 0 -1
    outer loop
      vertex 23.7288 44.8343 0
      vertex 23.7288 44.3013 0
      vertex 19.981 44.3013 0
    endloop
  endfacet
  facet normal 0 0 -1
    outer loop
      vertex 20.3198 50.6844 0
      vertex 19.325 51.6754 0
      vertex 23.7288 51.6754 0
    endloop
  endfacet
  facet normal 0 0 -1
    outer loop
      vertex 23.7288 51.6754 0
      vertex 23.7288 50.7877 0
      vertex 20.3198 50.6844 0
    endloop
  endfacet
  facet normal 0 0 -1
    outer loop
      vertex 20.3198 44.8343 0
      vertex 20.3198 50.6844 0
      vertex 23.7288 50.7877 0
    endloop
  endfacet
  facet normal 0 0 -1
    outer loop
      vertex 23.7288 50.7877 0
      vertex 23.7288 44.8343 0
      vertex 20.3198 44.8343 0
    endloop
  endfacet
  facet normal 0 0 -1
    outer loop
      vertex 20.3099 41.253 0
      vertex 23.7288 41.683 0
      vertex 23.7288 37.4699 0
    endloop
  endfacet
  facet normal 0 0 -1
    outer loop
      vertex 23.7288 37.4699 0
      vertex 20.4548 37.4699 0
      vertex 20.3099 41.253 0
    endloop
  endfacet
  facet normal 0 0 -1
    outer loop
      vertex 20.4573 32.5641 0
      vertex 23.7288 33.0087 0
      vertex 24.0614 32.1117 0
    endloop
  endfacet
  facet normal 0 0 -1
    outer loop
      vertex 24.0614 32.1117 0
      vertex 20.323 32.1117 0
      vertex 20.4573 32.5641 0
    endloop
  endfacet
  facet normal 0 0 -1
    outer loop
      vertex 20.323 32.1117 0
      vertex 24.0614 32.1117 0
      vertex 24.0614 31.5855 0
    endloop
  endfacet
  facet normal 0 0 -1
    outer loop
      vertex 24.0614 31.5855 0
      vertex 20.3233 31.5855 0
      vertex 20.323 32.1117 0
    endloop
  endfacet
  facet normal 0 0 -1
    outer loop
      vertex 19.981 43.5027 0
      vertex 23.7288 42.9804 0
      vertex 23.7288 42.9788 0
    endloop
  endfacet
  facet normal 0 0 -1
    outer loop
      vertex 23.7288 42.9788 0
      vertex 20.309 43.1046 0
      vertex 19.981 43.5027 0
    endloop
  endfacet
  facet normal 0 0 -1
    outer loop
      vertex 20.4548 37.4699 0
      vertex 23.7288 37.4699 0
      vertex 23.7288 33.0087 0
    endloop
  endfacet
  facet normal 0 0 -1
    outer loop
      vertex 23.7288 33.0087 0
      vertex 20.4573 32.5641 0
      vertex 20.4548 37.4699 0
    endloop
  endfacet
  facet normal 0 0 -1
    outer loop
      vertex 16.5914 41.253 0
      vertex 14.4129 41.253 0
      vertex 14.4129 43.8265 0
    endloop
  endfacet
  facet normal 0 0 -1
    outer loop
      vertex 14.4129 43.8265 0
      vertex 16.591 43.8271 0
      vertex 16.5914 41.253 0
    endloop
  endfacet
  facet normal 0 0 -1
    outer loop
      vertex 20.309 43.1046 0
      vertex 23.7288 42.9788 0
      vertex 23.7288 41.683 0
    endloop
  endfacet
  facet normal 0 0 -1
    outer loop
      vertex 23.7288 41.683 0
      vertex 20.3099 41.253 0
      vertex 20.309 43.1046 0
    endloop
  endfacet
  facet normal 0 0 -1
    outer loop
      vertex 20.2303 37.4699 0
      vertex 19.1734 41.253 0
      vertex 20.3099 41.253 0
    endloop
  endfacet
  facet normal 0 0 -1
    outer loop
      vertex 20.3099 41.253 0
      vertex 20.4548 37.4699 0
      vertex 20.2303 37.4699 0
    endloop
  endfacet
  facet normal 0 0 -1
    outer loop
      vertex 19.1734 41.253 0
      vertex 17.2614 41.253 0
      vertex 17.2609 43.5019 0
    endloop
  endfacet
  facet normal 0 0 -1
    outer loop
      vertex 17.2609 43.5019 0
      vertex 18.9108 43.5023 0
      vertex 19.1734 41.253 0
    endloop
  endfacet
  facet normal 0 0 -1
    outer loop
      vertex 20.3099 41.253 0
      vertex 19.1734 41.253 0
      vertex 18.9108 43.5023 0
    endloop
  endfacet
  facet normal 0 0 -1
    outer loop
      vertex 18.9108 43.5023 0
      vertex 19.981 43.5027 0
      vertex 20.309 43.1046 0
    endloop
  endfacet
  facet normal 0 0 -1
    outer loop
      vertex 18.9108 43.5023 0
      vertex 20.309 43.1046 0
      vertex 20.3099 41.253 0
    endloop
  endfacet
  facet normal 0.436716 0.899599 0
    outer loop
      vertex 17.2609 43.5019 1.01277
      vertex 17.2609 43.5019 0
      vertex 16.591 43.8271 0
    endloop
  endfacet
  facet normal 0.436716 0.899599 0
    outer loop
      vertex 16.591 43.8271 0
      vertex 16.591 43.8271 1.01277
      vertex 17.2609 43.5019 1.01277
    endloop
  endfacet
  facet normal -1 -0.000387242 0
    outer loop
      vertex 20.2303 37.4699 1.01277
      vertex 20.2303 37.4699 0
      vertex 20.2322 32.5641 0
    endloop
  endfacet
  facet normal -1 -0.000387242 0
    outer loop
      vertex 20.2322 32.5641 0
      vertex 20.2322 32.5641 1.01277
      vertex 20.2303 37.4699 1.01277
    endloop
  endfacet
  facet normal 1 0 0
    outer loop
      vertex 23.7288 41.683 1.01277
      vertex 23.7288 41.683 0
      vertex 23.7288 42.9788 0
    endloop
  endfacet
  facet normal 1 0 0
    outer loop
      vertex 23.7288 42.9788 0
      vertex 23.7288 42.9788 1.01277
      vertex 23.7288 41.683 1.01277
    endloop
  endfacet
  facet normal 0 -1 0
    outer loop
      vertex 16.5914 41.253 1.01277
      vertex 16.5914 41.253 0
      vertex 17.2614 41.253 0
    endloop
  endfacet
  facet normal 0 -1 0
    outer loop
      vertex 17.2614 41.253 0
      vertex 17.2614 41.253 1.01277
      vertex 16.5914 41.253 1.01277
    endloop
  endfacet
  facet normal 1 0 0
    outer loop
      vertex 23.7288 33.0087 1.01277
      vertex 23.7288 33.0087 0
      vertex 23.7288 37.4699 0
    endloop
  endfacet
  facet normal 1 0 0
    outer loop
      vertex 23.7288 37.4699 0
      vertex 23.7288 37.4699 1.01277
      vertex 23.7288 33.0087 1.01277
    endloop
  endfacet
  facet normal -1 0 0
    outer loop
      vertex 19.981 44.3013 1.01277
      vertex 19.981 44.3013 0
      vertex 19.981 43.5027 0
    endloop
  endfacet
  facet normal -1 0 0
    outer loop
      vertex 19.981 43.5027 0
      vertex 19.981 43.5027 1.01277
      vertex 19.981 44.3013 1.01277
    endloop
  endfacet
  facet normal 0 -1 0
    outer loop
      vertex 14.4129 41.253 1.01277
      vertex 14.4129 41.253 0
      vertex 16.5914 41.253 0
    endloop
  endfacet
  facet normal 0 -1 0
    outer loop
      vertex 16.5914 41.253 0
      vertex 16.5914 41.253 1.01277
      vertex 14.4129 41.253 1.01277
    endloop
  endfacet
  facet normal -0.000269717 1 0
    outer loop
      vertex 16.591 43.8271 1.01277
      vertex 16.591 43.8271 0
      vertex 14.4129 43.8265 0
    endloop
  endfacet
  facet normal -0.000269717 1 0
    outer loop
      vertex 14.4129 43.8265 0
      vertex 14.4129 43.8265 1.01277
      vertex 16.591 43.8271 1.01277
    endloop
  endfacet
  facet normal 1 0 0
    outer loop
      vertex 23.7288 44.3013 1.01277
      vertex 23.7288 44.3013 0
      vertex 23.7288 44.8343 0
    endloop
  endfacet
  facet normal 1 0 0
    outer loop
      vertex 23.7288 44.8343 0
      vertex 23.7288 44.8343 1.01277
      vertex 23.7288 44.3013 1.01277
    endloop
  endfacet
  facet normal 0 1 0
    outer loop
      vertex 23.4967 52.3756 1.01277
      vertex 23.4967 52.3756 0
      vertex 23.2227 52.3756 0
    endloop
  endfacet
  facet normal -8.34992e-05 1 2.25964e-05
    outer loop
      vertex 23.2227 52.3756 0
      vertex 23.2226 52.3756 1.01277
      vertex 23.4967 52.3756 1.01277
    endloop
  endfacet
  facet normal 0 -1 0
    outer loop
      vertex 17.2614 41.253 1.01277
      vertex 17.2614 41.253 0
      vertex 19.1734 41.253 0
    endloop
  endfacet
  facet normal 0 -1 0
    outer loop
      vertex 19.1734 41.253 0
      vertex 19.1734 41.253 1.01277
      vertex 17.2614 41.253 1.01277
    endloop
  endfacet
  facet normal -0.000311448 0.999999 0.00124054
    outer loop
      vertex 20.1449 43.2314 1.01277
      vertex 18.7119 43.2309 1.01277
      vertex 18.7119 43.2308 1.07734
    endloop
  endfacet
  facet normal -0.00036735 1 0
    outer loop
      vertex 18.7119 43.2308 1.07734
      vertex 20.1449 43.2314 1.07734
      vertex 20.1449 43.2314 1.01277
    endloop
  endfacet
  facet normal 0.558003 0 0.829839
    outer loop
      vertex 23.3615 44.9952 1.10571
      vertex 22.9795 45.2349 1.3626
      vertex 22.9795 44.7447 1.3626
    endloop
  endfacet
  facet normal 0.558003 0 0.829839
    outer loop
      vertex 22.9795 44.7447 1.3626
      vertex 23.3615 44.4483 1.10571
      vertex 23.3615 44.9952 1.10571
    endloop
  endfacet
  facet normal 0.590398 0 -0.807113
    outer loop
      vertex 23.3615 44.4483 2.18391
      vertex 22.9795 44.7447 1.90445
      vertex 22.9795 45.2349 1.90445
    endloop
  endfacet
  facet normal 0.590398 0 -0.807113
    outer loop
      vertex 22.9795 45.2349 1.90445
      vertex 23.3615 44.9952 2.18391
      vertex 23.3615 44.4483 2.18391
    endloop
  endfacet
  facet normal 1 0 0
    outer loop
      vertex 23.3615 44.3473 2.6263
      vertex 23.3615 44.4483 2.18391
      vertex 23.3615 44.9952 2.18391
    endloop
  endfacet
  facet normal 1 0 0
    outer loop
      vertex 23.3615 44.9952 2.18391
      vertex 23.3615 44.9554 2.6263
      vertex 23.3615 44.3473 2.6263
    endloop
  endfacet
  facet normal 1 0 0
    outer loop
      vertex 23.3615 50.6507 2.6263
      vertex 23.3615 50.1168 2.18391
      vertex 23.3615 50.1168 1.10571
    endloop
  endfacet
  facet normal 1 0 0
    outer loop
      vertex 23.3615 50.1168 1.10571
      vertex 23.3615 50.6507 1.01277
      vertex 23.3615 50.6507 2.6263
    endloop
  endfacet
  facet normal 1 0 0
    outer loop
      vertex 23.3615 50.6507 1.01277
      vertex 23.3615 50.1168 1.10571
      vertex 23.3615 44.9952 1.10571
    endloop
  endfacet
  facet normal 1 0 0
    outer loop
      vertex 23.3615 44.9952 1.10571
      vertex 23.3615 44.9554 1.01277
      vertex 23.3615 50.6507 1.01277
    endloop
  endfacet
  facet normal 1 0 0
    outer loop
      vertex 23.3615 44.3473 1.01277
      vertex 23.3615 44.4483 1.10571
      vertex 23.3615 44.4483 2.18391
    endloop
  endfacet
  facet normal 1 0 0
    outer loop
      vertex 23.3615 44.4483 2.18391
      vertex 23.3615 44.3473 2.6263
      vertex 23.3615 44.3473 1.01277
    endloop
  endfacet
  facet normal 1 0 0
    outer loop
      vertex 22.9795 44.7447 1.3626
      vertex 22.9795 45.2349 1.3626
      vertex 22.9795 45.2349 1.90445
    endloop
  endfacet
  facet normal 1 0 0
    outer loop
      vertex 22.9795 45.2349 1.90445
      vertex 22.9795 44.7447 1.90445
      vertex 22.9795 44.7447 1.3626
    endloop
  endfacet
  facet normal 1 0 0
    outer loop
      vertex 22.9795 45.2349 1.3626
      vertex 22.9795 49.8264 1.3626
      vertex 22.9795 49.8264 1.90445
    endloop
  endfacet
  facet normal 1 0 0
    outer loop
      vertex 22.9795 49.8264 1.90445
      vertex 22.9795 45.2349 1.90445
      vertex 22.9795 45.2349 1.3626
    endloop
  endfacet
  facet normal 0.590398 0 -0.807113
    outer loop
      vertex 23.3615 44.9952 2.18391
      vertex 22.9795 45.2349 1.90445
      vertex 22.9795 49.8264 1.90445
    endloop
  endfacet
  facet normal 0.590398 0 -0.807113
    outer loop
      vertex 22.9795 49.8264 1.90445
      vertex 23.3615 50.1168 2.18391
      vertex 23.3615 44.9952 2.18391
    endloop
  endfacet
  facet normal 0.558003 0 0.829839
    outer loop
      vertex 23.3615 50.1168 1.10571
      vertex 22.9795 49.8264 1.3626
      vertex 22.9795 45.2349 1.3626
    endloop
  endfacet
  facet normal 0.558003 0 0.829839
    outer loop
      vertex 22.9795 45.2349 1.3626
      vertex 23.3615 44.9952 1.10571
      vertex 23.3615 50.1168 1.10571
    endloop
  endfacet
  facet normal 0.612914 0.790149 0
    outer loop
      vertex 23.3615 44.4483 1.10571
      vertex 22.9795 44.7447 1.3626
      vertex 22.9795 44.7447 1.90445
    endloop
  endfacet
  facet normal 0.612914 0.790149 0
    outer loop
      vertex 22.9795 44.7447 1.90445
      vertex 23.3615 44.4483 2.18391
      vertex 23.3615 44.4483 1.10571
    endloop
  endfacet
  facet normal 0.605163 -0.796102 0
    outer loop
      vertex 23.3615 50.1168 2.18391
      vertex 22.9795 49.8264 1.90445
      vertex 22.9795 49.8264 1.3626
    endloop
  endfacet
  facet normal 0.605163 -0.796102 0
    outer loop
      vertex 22.9795 49.8264 1.3626
      vertex 23.3615 50.1168 1.10571
      vertex 23.3615 50.1168 2.18391
    endloop
  endfacet
  facet normal 0.577043 0 0.816713
    outer loop
      vertex 23.3615 37.6088 1.13149
      vertex 22.9771 37.6273 1.40313
      vertex 22.9771 35.2638 1.40313
    endloop
  endfacet
  facet normal 0.577043 0 0.816713
    outer loop
      vertex 22.9771 35.2638 1.40313
      vertex 23.3615 34.9922 1.13149
      vertex 23.3615 37.6088 1.13149
    endloop
  endfacet
  facet normal 0.577044 0 -0.816713
    outer loop
      vertex 23.3615 37.6088 2.20182
      vertex 22.9771 37.6273 1.93018
      vertex 22.9771 40.5074 1.93018
    endloop
  endfacet
  facet normal 0.577044 0 -0.816713
    outer loop
      vertex 22.9771 40.5074 1.93018
      vertex 23.3615 40.7974 2.20182
      vertex 23.3615 37.6088 2.20182
    endloop
  endfacet
  facet normal 1 0 0
    outer loop
      vertex 23.3615 36.9443 2.6263
      vertex 23.3615 37.6088 2.20182
      vertex 23.3615 40.7974 2.20182
    endloop
  endfacet
  facet normal 1 0 0
    outer loop
      vertex 23.3615 40.7974 2.20182
      vertex 23.3615 41.7511 2.6263
      vertex 23.3615 36.9443 2.6263
    endloop
  endfacet
  facet normal 1 0 0
    outer loop
      vertex 23.3615 32.9996 2.6263
      vertex 23.3615 34.9922 2.20182
      vertex 23.3615 37.6088 2.20182
    endloop
  endfacet
  facet normal 1 0 0
    outer loop
      vertex 23.3615 37.6088 2.20182
      vertex 23.3615 36.9443 2.6263
      vertex 23.3615 32.9996 2.6263
    endloop
  endfacet
  facet normal 1 0 0
    outer loop
      vertex 23.3615 41.7511 1.01277
      vertex 23.3615 40.7974 1.13149
      vertex 23.3615 37.6088 1.13149
    endloop
  endfacet
  facet normal 1 0 0
    outer loop
      vertex 23.3615 37.6088 1.13149
      vertex 23.3615 36.9443 1.01277
      vertex 23.3615 41.7511 1.01277
    endloop
  endfacet
  facet normal 1 0 0
    outer loop
      vertex 23.3615 41.7511 2.6263
      vertex 23.3615 40.7974 2.20182
      vertex 23.3615 40.7974 1.13149
    endloop
  endfacet
  facet normal 1 0 0
    outer loop
      vertex 23.3615 40.7974 1.13149
      vertex 23.3615 41.7511 1.01277
      vertex 23.3615 41.7511 2.6263
    endloop
  endfacet
  facet normal 1 0 0
    outer loop
      vertex 22.9771 35.2638 1.40313
      vertex 22.9771 37.6273 1.40313
      vertex 22.9771 37.6273 1.93018
    endloop
  endfacet
  facet normal 1 0 0
    outer loop
      vertex 22.9771 37.6273 1.93018
      vertex 22.9771 35.2638 1.93018
      vertex 22.9771 35.2638 1.40313
    endloop
  endfacet
  facet normal 1 0 0
    outer loop
      vertex 22.9771 37.6273 1.40313
      vertex 22.9771 40.5074 1.40313
      vertex 22.9771 40.5074 1.93018
    endloop
  endfacet
  facet normal 1 0 0
    outer loop
      vertex 22.9771 40.5074 1.93018
      vertex 22.9771 37.6273 1.93018
      vertex 22.9771 37.6273 1.40313
    endloop
  endfacet
  facet normal 0.577044 0 -0.816713
    outer loop
      vertex 23.3615 34.9922 2.20182
      vertex 22.9771 35.2638 1.93018
      vertex 22.9771 37.6273 1.93018
    endloop
  endfacet
  facet normal 0.577044 0 -0.816713
    outer loop
      vertex 22.9771 37.6273 1.93018
      vertex 23.3615 37.6088 2.20182
      vertex 23.3615 34.9922 2.20182
    endloop
  endfacet
  facet normal 0.602219 -0.798331 0
    outer loop
      vertex 23.3615 40.7974 2.20182
      vertex 22.9771 40.5074 1.93018
      vertex 22.9771 40.5074 1.40313
    endloop
  endfacet
  facet normal 0.602219 -0.798331 0
    outer loop
      vertex 22.9771 40.5074 1.40313
      vertex 23.3615 40.7974 1.13149
      vertex 23.3615 40.7974 2.20182
    endloop
  endfacet
  facet normal 0.576973 0.816763 0
    outer loop
      vertex 23.3615 34.9922 1.13149
      vertex 22.9771 35.2638 1.40313
      vertex 22.9771 35.2638 1.93018
    endloop
  endfacet
  facet normal 0.576973 0.816763 0
    outer loop
      vertex 22.9771 35.2638 1.93018
      vertex 23.3615 34.9922 2.20182
      vertex 23.3615 34.9922 1.13149
    endloop
  endfacet
  facet normal 0.577043 0 0.816713
    outer loop
      vertex 23.3615 40.7974 1.13149
      vertex 22.9771 40.5074 1.40313
      vertex 22.9771 37.6273 1.40313
    endloop
  endfacet
  facet normal 0.577043 0 0.816713
    outer loop
      vertex 22.9771 37.6273 1.40313
      vertex 23.3615 37.6088 1.13149
      vertex 23.3615 40.7974 1.13149
    endloop
  endfacet
  facet normal 0 1 0
    outer loop
      vertex 20.9124 50.547 2.6263
      vertex 20.9124 50.547 3.1924
      vertex 22.4878 50.547 3.1924
    endloop
  endfacet
  facet normal 0 1 0
    outer loop
      vertex 22.4878 50.547 3.1924
      vertex 22.8408 50.547 2.6263
      vertex 20.9124 50.547 2.6263
    endloop
  endfacet
  facet normal 0 -1 0
    outer loop
      vertex 22.8408 44.0199 2.6263
      vertex 22.4878 44.0199 3.1924
      vertex 20.91 44.0199 3.1924
    endloop
  endfacet
  facet normal 0 -1 0
    outer loop
      vertex 20.91 44.0199 3.1924
      vertex 20.91 44.0199 2.6263
      vertex 22.8408 44.0199 2.6263
    endloop
  endfacet
  facet normal -1 0 0
    outer loop
      vertex 20.91 44.0199 2.6263
      vertex 20.91 44.0199 3.1924
      vertex 20.91 45.0016 3.1924
    endloop
  endfacet
  facet normal -1 0 0
    outer loop
      vertex 20.91 45.0016 3.1924
      vertex 20.91 45.0016 2.6263
      vertex 20.91 44.0199 2.6263
    endloop
  endfacet
  facet normal 0 0 1
    outer loop
      vertex 20.1449 44.3473 2.6263
      vertex 20.91 45.0016 2.6263
      vertex 20.9124 45.5366 2.6263
    endloop
  endfacet
  facet normal 0 0 1
    outer loop
      vertex 20.9124 45.5366 2.6263
      vertex 20.5314 44.9554 2.6263
      vertex 20.1449 44.3473 2.6263
    endloop
  endfacet
  facet normal 0 0 1
    outer loop
      vertex 23.3615 50.6507 2.6263
      vertex 22.8408 50.547 2.6263
      vertex 22.8408 45.5366 2.6263
    endloop
  endfacet
  facet normal 0 0 1
    outer loop
      vertex 22.8408 45.5366 2.6263
      vertex 23.3615 44.9554 2.6263
      vertex 23.3615 50.6507 2.6263
    endloop
  endfacet
  facet normal 0 0 1
    outer loop
      vertex 20.1449 43.2314 2.6263
      vertex 20.91 44.0199 2.6263
      vertex 20.91 45.0016 2.6263
    endloop
  endfacet
  facet normal 0 0 1
    outer loop
      vertex 20.91 45.0016 2.6263
      vertex 20.1449 44.3473 2.6263
      vertex 20.1449 43.2314 2.6263
    endloop
  endfacet
  facet normal 0 0 1
    outer loop
      vertex 20.5314 50.6507 2.6263
      vertex 20.9124 50.547 2.6263
      vertex 22.8408 50.547 2.6263
    endloop
  endfacet
  facet normal 0 0 1
    outer loop
      vertex 22.8408 50.547 2.6263
      vertex 23.3615 50.6507 2.6263
      vertex 20.5314 50.6507 2.6263
    endloop
  endfacet
  facet normal 0 0 1
    outer loop
      vertex 23.3615 44.9554 2.6263
      vertex 22.8408 45.5366 2.6263
      vertex 22.8408 45.0016 2.6263
    endloop
  endfacet
  facet normal 0 0 1
    outer loop
      vertex 22.8408 45.0016 2.6263
      vertex 23.3615 44.3473 2.6263
      vertex 23.3615 44.9554 2.6263
    endloop
  endfacet
  facet normal 0 0 1
    outer loop
      vertex 20.9124 45.5366 3.1924
      vertex 21.1734 45.5996 3.1924
      vertex 21.1734 50.1829 3.1924
    endloop
  endfacet
  facet normal 0 0 1
    outer loop
      vertex 21.1734 50.1829 3.1924
      vertex 20.9124 50.547 3.1924
      vertex 20.9124 45.5366 3.1924
    endloop
  endfacet
  facet normal 0 0 1
    outer loop
      vertex 22.4878 45.0016 3.1924
      vertex 22.2264 45.1103 3.1924
      vertex 22.2264 44.2122 3.1924
    endloop
  endfacet
  facet normal 0 0 1
    outer loop
      vertex 22.2264 44.2122 3.1924
      vertex 22.4878 44.0199 3.1924
      vertex 22.4878 45.0016 3.1924
    endloop
  endfacet
  facet normal 0 0 1
    outer loop
      vertex 20.91 45.0016 3.1924
      vertex 21.1718 45.1103 3.1924
      vertex 21.1734 45.5996 3.1924
    endloop
  endfacet
  facet normal 0 0 1
    outer loop
      vertex 21.1734 45.5996 3.1924
      vertex 20.9124 45.5366 3.1924
      vertex 20.91 45.0016 3.1924
    endloop
  endfacet
  facet normal 0.848568 0 0.529086
    outer loop
      vertex 22.8408 50.547 2.6263
      vertex 22.4878 50.547 3.1924
      vertex 22.4878 45.5366 3.1924
    endloop
  endfacet
  facet normal 0.848568 0 0.529086
    outer loop
      vertex 22.4878 45.5366 3.1924
      vertex 22.8408 45.5366 2.6263
      vertex 22.8408 50.547 2.6263
    endloop
  endfacet
  facet normal -0.99999 0.0044601 0
    outer loop
      vertex 20.91 45.0016 2.6263
      vertex 20.91 45.0016 3.1924
      vertex 20.9124 45.5366 3.1924
    endloop
  endfacet
  facet normal -0.99999 0.0044601 0
    outer loop
      vertex 20.9124 45.5366 3.1924
      vertex 20.9124 45.5366 2.6263
      vertex 20.91 45.0016 2.6263
    endloop
  endfacet
  facet normal 0.848568 0 0.529086
    outer loop
      vertex 22.8408 45.0016 2.6263
      vertex 22.4878 45.0016 3.1924
      vertex 22.4878 44.0199 3.1924
    endloop
  endfacet
  facet normal 0.848568 0 0.529086
    outer loop
      vertex 22.4878 44.0199 3.1924
      vertex 22.8408 44.0199 2.6263
      vertex 22.8408 45.0016 2.6263
    endloop
  endfacet
  facet normal -1 0 0
    outer loop
      vertex 20.9124 45.5366 2.6263
      vertex 20.9124 45.5366 3.1924
      vertex 20.9124 50.547 3.1924
    endloop
  endfacet
  facet normal -1 0 0
    outer loop
      vertex 20.9124 50.547 3.1924
      vertex 20.9124 50.547 2.6263
      vertex 20.9124 45.5366 2.6263
    endloop
  endfacet
  facet normal 0.848568 0 0.529086
    outer loop
      vertex 22.8408 45.5366 2.6263
      vertex 22.4878 45.5366 3.1924
      vertex 22.4878 45.0016 3.1924
    endloop
  endfacet
  facet normal 0.848568 0 0.529086
    outer loop
      vertex 22.4878 45.0016 3.1924
      vertex 22.8408 45.0016 2.6263
      vertex 22.8408 45.5366 2.6263
    endloop
  endfacet
  facet normal -1 0 0
    outer loop
      vertex 22.2264 50.1829 3.1924
      vertex 22.2264 50.1829 3.06353
      vertex 22.2264 45.5996 3.06353
    endloop
  endfacet
  facet normal -1 0 0
    outer loop
      vertex 22.2264 45.5996 3.06353
      vertex 22.2264 45.5996 3.1924
      vertex 22.2264 50.1829 3.1924
    endloop
  endfacet
  facet normal 0 -1 0
    outer loop
      vertex 21.1734 50.1829 3.1924
      vertex 21.1734 50.1829 3.06353
      vertex 22.2264 50.1829 3.06353
    endloop
  endfacet
  facet normal 0 -1 0
    outer loop
      vertex 22.2264 50.1829 3.06353
      vertex 22.2264 50.1829 3.1924
      vertex 21.1734 50.1829 3.1924
    endloop
  endfacet
  facet normal 0 1 0
    outer loop
      vertex 22.2264 44.2122 3.1924
      vertex 22.2264 44.2122 3.06353
      vertex 21.1718 44.2122 3.06353
    endloop
  endfacet
  facet normal 0 1 0
    outer loop
      vertex 21.1718 44.2122 3.06353
      vertex 21.1718 44.2122 3.1924
      vertex 22.2264 44.2122 3.1924
    endloop
  endfacet
  facet normal 0 0 1
    outer loop
      vertex 22.4878 45.5366 3.1924
      vertex 22.2264 45.5996 3.1924
      vertex 22.2264 45.1103 3.1924
    endloop
  endfacet
  facet normal 0 0 1
    outer loop
      vertex 22.2264 45.1103 3.1924
      vertex 22.4878 45.0016 3.1924
      vertex 22.4878 45.5366 3.1924
    endloop
  endfacet
  facet normal 0 0 1
    outer loop
      vertex 20.91 44.0199 3.1924
      vertex 21.1718 44.2122 3.1924
      vertex 21.1718 45.1103 3.1924
    endloop
  endfacet
  facet normal 0 0 1
    outer loop
      vertex 21.1718 45.1103 3.1924
      vertex 20.91 45.0016 3.1924
      vertex 20.91 44.0199 3.1924
    endloop
  endfacet
  facet normal 0 0 1
    outer loop
      vertex 22.4878 44.0199 3.1924
      vertex 22.2264 44.2122 3.1924
      vertex 21.1718 44.2122 3.1924
    endloop
  endfacet
  facet normal 0 0 1
    outer loop
      vertex 21.1718 44.2122 3.1924
      vertex 20.91 44.0199 3.1924
      vertex 22.4878 44.0199 3.1924
    endloop
  endfacet
  facet normal 0 0 1
    outer loop
      vertex 20.9124 50.547 3.1924
      vertex 21.1734 50.1829 3.1924
      vertex 22.2264 50.1829 3.1924
    endloop
  endfacet
  facet normal 0 0 1
    outer loop
      vertex 22.2264 50.1829 3.1924
      vertex 22.4878 50.547 3.1924
      vertex 20.9124 50.547 3.1924
    endloop
  endfacet
  facet normal 0 0 1
    outer loop
      vertex 22.4878 50.547 3.1924
      vertex 22.2264 50.1829 3.1924
      vertex 22.2264 45.5996 3.1924
    endloop
  endfacet
  facet normal 0 0 1
    outer loop
      vertex 22.2264 45.5996 3.1924
      vertex 22.4878 45.5366 3.1924
      vertex 22.4878 50.547 3.1924
    endloop
  endfacet
  facet normal 0 0 1
    outer loop
      vertex 22.2264 44.2122 3.06353
      vertex 22.2264 45.1103 3.06353
      vertex 21.1718 45.1103 3.06353
    endloop
  endfacet
  facet normal 0 0 1
    outer loop
      vertex 21.1718 45.1103 3.06353
      vertex 21.1718 44.2122 3.06353
      vertex 22.2264 44.2122 3.06353
    endloop
  endfacet
  facet normal 0 0 1
    outer loop
      vertex 22.2264 45.1103 3.06353
      vertex 22.2264 45.5996 3.06353
      vertex 21.1734 45.5996 3.06353
    endloop
  endfacet
  facet normal 0 0 1
    outer loop
      vertex 21.1734 45.5996 3.06353
      vertex 21.1718 45.1103 3.06353
      vertex 22.2264 45.1103 3.06353
    endloop
  endfacet
  facet normal 0 0 1
    outer loop
      vertex 22.2264 45.5996 3.06353
      vertex 22.2264 50.1829 3.06353
      vertex 21.1734 50.1829 3.06353
    endloop
  endfacet
  facet normal 0 0 1
    outer loop
      vertex 21.1734 50.1829 3.06353
      vertex 21.1734 45.5996 3.06353
      vertex 22.2264 45.5996 3.06353
    endloop
  endfacet
  facet normal 0.999995 -0.0032232 0
    outer loop
      vertex 21.1718 45.1103 3.1924
      vertex 21.1718 45.1103 3.06353
      vertex 21.1734 45.5996 3.06353
    endloop
  endfacet
  facet normal 0.999995 -0.0032232 0
    outer loop
      vertex 21.1734 45.5996 3.06353
      vertex 21.1734 45.5996 3.1924
      vertex 21.1718 45.1103 3.1924
    endloop
  endfacet
  facet normal -1 0 0
    outer loop
      vertex 22.2264 45.1103 3.1924
      vertex 22.2264 45.1103 3.06353
      vertex 22.2264 44.2122 3.06353
    endloop
  endfacet
  facet normal -1 0 0
    outer loop
      vertex 22.2264 44.2122 3.06353
      vertex 22.2264 44.2122 3.1924
      vertex 22.2264 45.1103 3.1924
    endloop
  endfacet
  facet normal 1 0 0
    outer loop
      vertex 21.1734 45.5996 3.1924
      vertex 21.1734 45.5996 3.06353
      vertex 21.1734 50.1829 3.06353
    endloop
  endfacet
  facet normal 1 0 0
    outer loop
      vertex 21.1734 50.1829 3.06353
      vertex 21.1734 50.1829 3.1924
      vertex 21.1734 45.5996 3.1924
    endloop
  endfacet
  facet normal -1 0 0
    outer loop
      vertex 22.2264 45.5996 3.1924
      vertex 22.2264 45.5996 3.06353
      vertex 22.2264 45.1103 3.06353
    endloop
  endfacet
  facet normal -1 0 0
    outer loop
      vertex 22.2264 45.1103 3.06353
      vertex 22.2264 45.1103 3.1924
      vertex 22.2264 45.5996 3.1924
    endloop
  endfacet
  facet normal 1 0 0
    outer loop
      vertex 21.1718 44.2122 3.1924
      vertex 21.1718 44.2122 3.06353
      vertex 21.1718 45.1103 3.06353
    endloop
  endfacet
  facet normal 1 0 0
    outer loop
      vertex 21.1718 45.1103 3.06353
      vertex 21.1718 45.1103 3.1924
      vertex 21.1718 44.2122 3.1924
    endloop
  endfacet
  facet normal -0.275741 0.961232 0
    outer loop
      vertex 21.1968 39.619 3.83222
      vertex 21.1968 39.619 3.34581
      vertex 21.0667 39.5817 3.52837
    endloop
  endfacet
  facet normal -0.27586 0.961198 0
    outer loop
      vertex 21.0667 39.5817 3.52837
      vertex 19.7471 39.203 3.52837
      vertex 19.7471 39.203 3.81294
    endloop
  endfacet
  facet normal -0.27585 0.961201 5.06512e-05
    outer loop
      vertex 21.0667 39.5817 3.52837
      vertex 19.7471 39.203 3.81294
      vertex 21.1968 39.619 3.83222
    endloop
  endfacet
  facet normal 0.275847 -0.961201 0
    outer loop
      vertex 19.9588 38.4655 3.81294
      vertex 19.9588 38.4655 3.52837
      vertex 21.3054 38.852 3.52837
    endloop
  endfacet
  facet normal 0.27585 -0.961201 0
    outer loop
      vertex 21.3054 38.852 3.52837
      vertex 21.4084 38.8815 3.38641
      vertex 21.4084 38.8815 3.83222
    endloop
  endfacet
  facet normal 0.275847 -0.961201 9.06495e-07
    outer loop
      vertex 21.3054 38.852 3.52837
      vertex 21.4084 38.8815 3.83222
      vertex 19.9588 38.4655 3.81294
    endloop
  endfacet
  facet normal -0.961191 -0.275884 0
    outer loop
      vertex 19.7471 39.203 3.52837
      vertex 19.9588 38.4655 3.52837
      vertex 19.9588 38.4655 3.81294
    endloop
  endfacet
  facet normal -0.961191 -0.275884 0
    outer loop
      vertex 19.9588 38.4655 3.81294
      vertex 19.7471 39.203 3.81294
      vertex 19.7471 39.203 3.52837
    endloop
  endfacet
  facet normal 0 0 1
    outer loop
      vertex 20.649 41.7511 2.6263
      vertex 21.0827 41.2418 2.6263
      vertex 21.7044 41.4202 2.6263
    endloop
  endfacet
  facet normal 0 0 1
    outer loop
      vertex 21.7044 41.4202 2.6263
      vertex 21.916 40.6827 2.6263
      vertex 23.3615 41.7511 2.6263
    endloop
  endfacet
  facet normal 0 0 1
    outer loop
      vertex 23.3615 41.7511 2.6263
      vertex 20.649 41.7511 2.6263
      vertex 21.7044 41.4202 2.6263
    endloop
  endfacet
  facet normal 0 0 1
    outer loop
      vertex 21.4832 39.7013 2.6263
      vertex 22.1049 39.8797 2.6263
      vertex 21.916 40.6827 2.6263
    endloop
  endfacet
  facet normal 0 0 1
    outer loop
      vertex 21.916 40.6827 2.6263
      vertex 21.2944 40.5043 2.6263
      vertex 21.4832 39.7013 2.6263
    endloop
  endfacet
  facet normal 0.792426 0.25921 0.552152
    outer loop
      vertex 21.0079 40.422 3.21821
      vertex 20.8103 40.3653 3.52837
      vertex 21.0667 39.5817 3.52837
    endloop
  endfacet
  facet normal -0.274621 0.961552 0.000863165
    outer loop
      vertex 21.0667 39.5817 3.52837
      vertex 21.1968 39.619 3.34581
      vertex 21.36 39.6659 3.07654
    endloop
  endfacet
  facet normal 0.800828 0.273071 0.533018
    outer loop
      vertex 21.36 39.6659 3.07654
      vertex 21.0938 40.4467 3.07654
      vertex 21.0079 40.422 3.21821
    endloop
  endfacet
  facet normal 0.786562 0.261481 0.559417
    outer loop
      vertex 21.0667 39.5817 3.52837
      vertex 21.36 39.6659 3.07654
      vertex 21.0079 40.422 3.21821
    endloop
  endfacet
  facet normal 0.758903 0.248267 0.602022
    outer loop
      vertex 21.4084 38.8815 3.38641
      vertex 21.3054 38.852 3.52837
      vertex 21.9295 36.9443 3.52837
    endloop
  endfacet
  facet normal 0.756836 0.258048 0.600509
    outer loop
      vertex 21.9295 36.9443 3.52837
      vertex 22.288 36.9443 3.07654
      vertex 21.608 38.9388 3.07654
    endloop
  endfacet
  facet normal 0.791195 0.253617 0.556497
    outer loop
      vertex 21.9295 36.9443 3.52837
      vertex 21.608 38.9388 3.07654
      vertex 21.4084 38.8815 3.38641
    endloop
  endfacet
  facet normal 0.275912 -0.961183 0
    outer loop
      vertex 20.8103 40.3653 3.52837
      vertex 21.0079 40.422 3.21821
      vertex 21.0079 40.422 3.83222
    endloop
  endfacet
  facet normal 0.275854 -0.961199 0
    outer loop
      vertex 21.0079 40.422 3.83222
      vertex 19.5583 40.006 3.81294
      vertex 19.5583 40.006 3.52837
    endloop
  endfacet
  facet normal 0.275845 -0.961202 4.70433e-05
    outer loop
      vertex 21.0079 40.422 3.83222
      vertex 19.5583 40.006 3.52837
      vertex 20.8103 40.3653 3.52837
    endloop
  endfacet
  facet normal 0.961207 0.275828 0
    outer loop
      vertex 21.7044 41.4202 2.6263
      vertex 21.7044 41.4202 3.1069
      vertex 21.916 40.6827 3.1069
    endloop
  endfacet
  facet normal 0.961207 0.275828 0
    outer loop
      vertex 21.916 40.6827 3.1069
      vertex 21.916 40.6827 2.6263
      vertex 21.7044 41.4202 2.6263
    endloop
  endfacet
  facet normal 0.275842 -0.961203 0
    outer loop
      vertex 21.4084 38.8815 3.83222
      vertex 21.4084 38.8815 3.38641
      vertex 21.608 38.9388 3.07654
    endloop
  endfacet
  facet normal 0.275914 -0.961182 0
    outer loop
      vertex 21.608 38.9388 3.07654
      vertex 21.608 38.9388 2.62814
      vertex 21.6949 38.9637 2.6263
    endloop
  endfacet
  facet normal 0.275875 -0.961193 0
    outer loop
      vertex 21.6949 38.9637 2.6263
      vertex 22.3165 39.1422 2.6263
      vertex 22.3165 39.1422 3.1069
    endloop
  endfacet
  facet normal 0.27588 -0.961192 1.07918e-05
    outer loop
      vertex 22.3165 39.1422 3.1069
      vertex 21.4084 38.8815 3.83222
      vertex 21.608 38.9388 3.07654
    endloop
  endfacet
  facet normal 0.27588 -0.961192 -6.92405e-06
    outer loop
      vertex 21.608 38.9388 3.07654
      vertex 21.6949 38.9637 2.6263
      vertex 22.3165 39.1422 3.1069
    endloop
  endfacet
  facet normal -0.961208 -0.275824 0
    outer loop
      vertex 19.5583 40.006 3.52837
      vertex 19.5583 40.006 3.81294
      vertex 19.3467 40.7436 3.81294
    endloop
  endfacet
  facet normal -0.961208 -0.275824 0
    outer loop
      vertex 19.3467 40.7436 3.81294
      vertex 19.3467 40.7436 3.52837
      vertex 19.5583 40.006 3.52837
    endloop
  endfacet
  facet normal 0.275875 -0.961194 0
    outer loop
      vertex 21.0938 40.4467 3.07654
      vertex 21.0938 40.4467 2.63055
      vertex 21.2944 40.5043 2.6263
    endloop
  endfacet
  facet normal 0.27587 -0.961195 0
    outer loop
      vertex 21.2944 40.5043 2.6263
      vertex 21.916 40.6827 2.6263
      vertex 21.916 40.6827 3.1069
    endloop
  endfacet
  facet normal 0.275864 -0.961197 0
    outer loop
      vertex 21.916 40.6827 3.1069
      vertex 21.0079 40.422 3.83222
      vertex 21.0079 40.422 3.21821
    endloop
  endfacet
  facet normal 0.275871 -0.961195 -1.84608e-06
    outer loop
      vertex 21.0938 40.4467 3.07654
      vertex 21.2944 40.5043 2.6263
      vertex 21.916 40.6827 3.1069
    endloop
  endfacet
  facet normal 0.27587 -0.961195 4.70271e-05
    outer loop
      vertex 21.916 40.6827 3.1069
      vertex 21.0079 40.422 3.21821
      vertex 21.0938 40.4467 3.07654
    endloop
  endfacet
  facet normal -0.27586 0.961198 0
    outer loop
      vertex 20.5716 41.0951 3.52837
      vertex 19.3467 40.7436 3.52837
      vertex 19.3467 40.7436 3.81294
    endloop
  endfacet
  facet normal -0.275887 0.96119 0
    outer loop
      vertex 20.7962 41.1596 3.83222
      vertex 20.7962 41.1596 3.15841
      vertex 20.5716 41.0951 3.52837
    endloop
  endfacet
  facet normal -0.275864 0.961197 -1.86548e-05
    outer loop
      vertex 19.3467 40.7436 3.81294
      vertex 20.7962 41.1596 3.83222
      vertex 20.5716 41.0951 3.52837
    endloop
  endfacet
  facet normal -0.27587 0.961195 0
    outer loop
      vertex 22.1049 39.8797 3.1069
      vertex 22.1049 39.8797 2.6263
      vertex 21.4832 39.7013 2.6263
    endloop
  endfacet
  facet normal -0.275904 0.961185 0
    outer loop
      vertex 21.4832 39.7013 2.6263
      vertex 21.36 39.6659 2.62891
      vertex 21.36 39.6659 3.07654
    endloop
  endfacet
  facet normal -0.275937 0.961176 0
    outer loop
      vertex 21.36 39.6659 3.07654
      vertex 21.1968 39.619 3.34581
      vertex 21.1968 39.619 3.83222
    endloop
  endfacet
  facet normal -0.275878 0.961193 1.15007e-05
    outer loop
      vertex 21.1968 39.619 3.83222
      vertex 22.1049 39.8797 3.1069
      vertex 21.4832 39.7013 2.6263
    endloop
  endfacet
  facet normal -0.275782 0.96122 3.62059e-05
    outer loop
      vertex 21.4832 39.7013 2.6263
      vertex 21.36 39.6659 3.07654
      vertex 21.1968 39.619 3.83222
    endloop
  endfacet
  facet normal 0.961193 0.275877 0
    outer loop
      vertex 22.3165 39.1422 2.6263
      vertex 22.1049 39.8797 2.6263
      vertex 22.1049 39.8797 3.1069
    endloop
  endfacet
  facet normal 0.961193 0.275877 0
    outer loop
      vertex 22.1049 39.8797 3.1069
      vertex 22.3165 39.1422 3.1069
      vertex 22.3165 39.1422 2.6263
    endloop
  endfacet
  facet normal -0.275865 0.961197 -0.000142146
    outer loop
      vertex 21.7044 41.4202 2.6263
      vertex 21.0827 41.2418 2.6263
      vertex 20.8459 41.1738 2.63132
    endloop
  endfacet
  facet normal -0.275531 0.961292 0
    outer loop
      vertex 20.8459 41.1738 3.07654
      vertex 20.7962 41.1596 3.15841
      vertex 20.7962 41.1596 3.83222
    endloop
  endfacet
  facet normal -0.275864 0.961197 0
    outer loop
      vertex 21.7044 41.4202 2.6263
      vertex 20.8459 41.1738 2.63132
      vertex 20.8459 41.1738 3.07654
    endloop
  endfacet
  facet normal -0.275846 0.961202 0
    outer loop
      vertex 20.7962 41.1596 3.83222
      vertex 21.7044 41.4202 3.1069
      vertex 21.7044 41.4202 2.6263
    endloop
  endfacet
  facet normal -0.275876 0.961193 -2.45384e-05
    outer loop
      vertex 20.8459 41.1738 3.07654
      vertex 20.7962 41.1596 3.83222
      vertex 21.7044 41.4202 2.6263
    endloop
  endfacet
  facet normal 0.000155054 -6.98035e-08 -1
    outer loop
      vertex 23.2078 52.4514 1.70999
      vertex 23.3792 52.4514 1.71001
      vertex 23.3791 52.0913 1.71001
    endloop
  endfacet
  facet normal 0.000155787 2.78693e-07 -1
    outer loop
      vertex 23.3791 52.0913 1.71001
      vertex 23.2781 52.0913 1.71
      vertex 23.2078 52.4514 1.70999
    endloop
  endfacet
  facet normal 0 0 -1
    outer loop
      vertex 23.3615 50.836 1.71001
      vertex 23.3615 51.1962 1.71001
      vertex 23.3792 51.1962 1.71001
    endloop
  endfacet
  facet normal 0 0 -1
    outer loop
      vertex 23.3792 51.1962 1.71001
      vertex 23.3791 50.836 1.71001
      vertex 23.3615 50.836 1.71001
    endloop
  endfacet
  facet normal -0.000110048 -1 0
    outer loop
      vertex 21.871 50.8362 2.91134
      vertex 21.871 50.8362 2.6263
      vertex 23.3615 50.836 2.6263
    endloop
  endfacet
  facet normal 0 -1 0
    outer loop
      vertex 23.3615 50.836 2.6263
      vertex 23.3615 50.836 1.71001
      vertex 23.3791 50.836 1.71001
    endloop
  endfacet
  facet normal -0.000108761 -1 6.73048e-06
    outer loop
      vertex 23.3791 50.836 2.90986
      vertex 21.871 50.8362 2.91134
      vertex 23.3615 50.836 2.6263
    endloop
  endfacet
  facet normal 0 -1 0
    outer loop
      vertex 23.3615 50.836 2.6263
      vertex 23.3791 50.836 1.71001
      vertex 23.3791 50.836 2.90986
    endloop
  endfacet
  facet normal -0.000226599 -1 0
    outer loop
      vertex 23.2781 52.0913 2.6263
      vertex 23.2781 52.0913 1.71
      vertex 23.3791 52.0913 1.71001
    endloop
  endfacet
  facet normal -0.000106238 -1 0
    outer loop
      vertex 23.3791 52.0913 2.90986
      vertex 21.871 52.0914 2.91134
      vertex 21.871 52.0914 2.6263
    endloop
  endfacet
  facet normal -0.000226599 -1 0
    outer loop
      vertex 23.2781 52.0913 2.6263
      vertex 23.3791 52.0913 1.71001
      vertex 23.3791 52.0913 2.90986
    endloop
  endfacet
  facet normal -9.75983e-05 -1 -4.59515e-05
    outer loop
      vertex 23.3791 52.0913 2.90986
      vertex 21.871 52.0914 2.6263
      vertex 23.2781 52.0913 2.6263
    endloop
  endfacet
  facet normal -1 0.000450164 0
    outer loop
      vertex 21.871 52.0914 2.6263
      vertex 21.871 52.0914 2.91134
      vertex 21.8711 52.4516 2.91134
    endloop
  endfacet
  facet normal -1 0.000450164 0
    outer loop
      vertex 21.8711 52.4516 2.91134
      vertex 21.8711 52.4516 2.6263
      vertex 21.871 52.0914 2.6263
    endloop
  endfacet
  facet normal 0.000115565 -1.38974e-05 -1
    outer loop
      vertex 23.3615 51.6636 1.71001
      vertex 23.3328 51.8109 1.71001
      vertex 23.3792 51.8109 1.71001
    endloop
  endfacet
  facet normal 0 0 -1
    outer loop
      vertex 23.3792 51.8109 1.71001
      vertex 23.3791 51.4507 1.71001
      vertex 23.3615 51.4507 1.71001
    endloop
  endfacet
  facet normal 0 0 -1
    outer loop
      vertex 23.3792 51.8109 1.71001
      vertex 23.3615 51.4507 1.71001
      vertex 23.3615 51.6636 1.71001
    endloop
  endfacet
  facet normal 0 0 1
    outer loop
      vertex 21.8711 51.811 2.6263
      vertex 23.3328 51.8109 2.6263
      vertex 23.2781 52.0913 2.6263
    endloop
  endfacet
  facet normal 0 0 1
    outer loop
      vertex 21.8711 51.811 2.6263
      vertex 23.2781 52.0913 2.6263
      vertex 21.871 52.0914 2.6263
    endloop
  endfacet
  facet normal 0 0 1
    outer loop
      vertex 19.5118 51.6636 2.6263
      vertex 21.8711 51.6636 2.6263
      vertex 21.8711 51.811 2.6263
    endloop
  endfacet
  facet normal 0 0 1
    outer loop
      vertex 23.0968 53.0205 2.6263
      vertex 19.5118 53.0205 2.6263
      vertex 19.5118 51.6636 2.6263
    endloop
  endfacet
  facet normal 0 0 1
    outer loop
      vertex 21.8711 52.4516 2.6263
      vertex 23.2078 52.4514 2.6263
      vertex 23.0968 53.0205 2.6263
    endloop
  endfacet
  facet normal 0 0 1
    outer loop
      vertex 19.5118 51.6636 2.6263
      vertex 21.8711 51.811 2.6263
      vertex 21.871 52.0914 2.6263
    endloop
  endfacet
  facet normal 0 0 1
    outer loop
      vertex 21.8711 52.4516 2.6263
      vertex 23.0968 53.0205 2.6263
      vertex 19.5118 51.6636 2.6263
    endloop
  endfacet
  facet normal 0 0 1
    outer loop
      vertex 21.871 52.0914 2.6263
      vertex 21.8711 52.4516 2.6263
      vertex 19.5118 51.6636 2.6263
    endloop
  endfacet
  facet normal -1 0.000450164 0
    outer loop
      vertex 21.8711 51.1963 2.6263
      vertex 21.871 50.8362 2.6263
      vertex 21.871 50.8362 2.91134
    endloop
  endfacet
  facet normal -1 0.000450164 0
    outer loop
      vertex 21.871 50.8362 2.91134
      vertex 21.8711 51.1963 2.91134
      vertex 21.8711 51.1963 2.6263
    endloop
  endfacet
  facet normal 0 -1 0
    outer loop
      vertex 23.3615 51.4507 2.6263
      vertex 23.3615 51.4507 1.71001
      vertex 23.3791 51.4507 1.71001
    endloop
  endfacet
  facet normal -0.000108768 -1 0
    outer loop
      vertex 23.3791 51.4507 2.90986
      vertex 21.871 51.4509 2.91134
      vertex 21.871 51.4509 2.6263
    endloop
  endfacet
  facet normal 0 -1 0
    outer loop
      vertex 23.3615 51.4507 2.6263
      vertex 23.3791 51.4507 1.71001
      vertex 23.3791 51.4507 2.90986
    endloop
  endfacet
  facet normal -0.000110048 -1 6.81013e-06
    outer loop
      vertex 23.3791 51.4507 2.90986
      vertex 21.871 51.4509 2.6263
      vertex 23.3615 51.4507 2.6263
    endloop
  endfacet
  facet normal -1 0.000385567 0
    outer loop
      vertex 21.8711 51.6636 2.6263
      vertex 21.871 51.4509 2.6263
      vertex 21.871 51.4509 2.91134
    endloop
  endfacet
  facet normal -1 0.000450164 0
    outer loop
      vertex 21.871 51.4509 2.91134
      vertex 21.8711 51.811 2.91134
      vertex 21.8711 51.811 2.6263
    endloop
  endfacet
  facet normal -1 0.000543366 0.00011776
    outer loop
      vertex 21.871 51.4509 2.91134
      vertex 21.8711 51.811 2.6263
      vertex 21.8711 51.6636 2.6263
    endloop
  endfacet
  facet normal 0 1 0
    outer loop
      vertex 20.5314 47.3374 2.29686
      vertex 20.5314 47.3374 2.04522
      vertex 18.3745 47.3374 2.04522
    endloop
  endfacet
  facet normal 0 1 0
    outer loop
      vertex 18.3745 47.3374 2.04522
      vertex 18.1449 47.3374 2.29686
      vertex 20.5314 47.3374 2.29686
    endloop
  endfacet
  facet normal 0 1 0
    outer loop
      vertex 20.3198 50.1809 1.01277
      vertex 20.3198 50.1809 0.830595
      vertex 18.1449 50.1809 0.830595
    endloop
  endfacet
  facet normal 0 1 0
    outer loop
      vertex 18.1449 50.1809 0.830595
      vertex 18.3745 50.1809 1.07734
      vertex 20.5314 50.1809 1.07734
    endloop
  endfacet
  facet normal 0 1 0
    outer loop
      vertex 20.5314 50.1809 1.07734
      vertex 20.5314 50.1809 1.01277
      vertex 20.3198 50.1809 1.01277
    endloop
  endfacet
  facet normal 0 1 0
    outer loop
      vertex 18.1449 50.1809 0.830595
      vertex 20.5314 50.1809 1.07734
      vertex 20.3198 50.1809 1.01277
    endloop
  endfacet
  facet normal 0 1 0
    outer loop
      vertex 19.5118 51.6648 1.07734
      vertex 18.3745 51.6648 1.07734
      vertex 18.3745 51.6648 2.04522
    endloop
  endfacet
  facet normal 0 1 0
    outer loop
      vertex 18.3745 51.6648 2.04522
      vertex 19.5118 51.6648 2.04522
      vertex 19.5118 51.6648 1.07734
    endloop
  endfacet
  facet normal 0 0 -1
    outer loop
      vertex 14.9911 43.601 1.07734
      vertex 14.9887 44.0486 1.07734
      vertex 16.3462 44.3089 1.07734
    endloop
  endfacet
  facet normal 0 0 -1
    outer loop
      vertex 16.3462 44.3089 1.07734
      vertex 16.2325 43.6014 1.07734
      vertex 14.9911 43.601 1.07734
    endloop
  endfacet
  facet normal 0 0 1
    outer loop
      vertex 20.5314 46.2667 2.29686
      vertex 20.5314 47.3374 2.29686
      vertex 18.1449 47.3374 2.29686
    endloop
  endfacet
  facet normal 0 0 1
    outer loop
      vertex 18.1449 47.3374 2.29686
      vertex 18.1449 46.2667 2.29686
      vertex 20.5314 46.2667 2.29686
    endloop
  endfacet
  facet normal 0 -1 -0.000310236
    outer loop
      vertex 15.7843 40.8106 2.04522
      vertex 16.5155 40.8106 2.04522
      vertex 16.5164 40.8099 4.07408
    endloop
  endfacet
  facet normal 0 -1 -0.000310236
    outer loop
      vertex 16.5164 40.8099 4.07408
      vertex 14.4129 40.8099 4.07408
      vertex 14.4129 40.8106 2.04522
    endloop
  endfacet
  facet normal 0 -1 -0.000310236
    outer loop
      vertex 15.0061 40.8106 2.04522
      vertex 15.7843 40.8106 2.04522
      vertex 16.5164 40.8099 4.07408
    endloop
  endfacet
  facet normal 0 -1 -0.000310236
    outer loop
      vertex 16.5164 40.8099 4.07408
      vertex 14.4129 40.8106 2.04522
      vertex 15.0061 40.8106 2.04522
    endloop
  endfacet
  facet normal 0.436681 0.899616 0.000425148
    outer loop
      vertex 17.2789 43.2304 1.07734
      vertex 17.2789 43.2304 1.01277
      vertex 16.5145 43.6015 1.01277
    endloop
  endfacet
  facet normal 0.436711 0.899602 -5.1661e-06
    outer loop
      vertex 16.5145 43.6015 1.01277
      vertex 16.5146 43.6015 1.07734
      vertex 17.2789 43.2304 1.07734
    endloop
  endfacet
  facet normal 0 0 -1
    outer loop
      vertex 18.7119 43.2308 1.07734
      vertex 17.4843 43.2305 1.07734
      vertex 17.4467 44.3089 1.07734
    endloop
  endfacet
  facet normal 0 0 -1
    outer loop
      vertex 17.4467 44.3089 1.07734
      vertex 20.1449 44.3089 1.07734
      vertex 20.1449 43.2314 1.07734
    endloop
  endfacet
  facet normal 0 0 -1
    outer loop
      vertex 17.4467 44.3089 1.07734
      vertex 20.1449 43.2314 1.07734
      vertex 18.7119 43.2308 1.07734
    endloop
  endfacet
  facet normal -0.704753 -0.709453 0
    outer loop
      vertex 20.5314 50.6507 2.04522
      vertex 20.5314 50.6507 2.6263
      vertex 19.5118 51.6636 2.6263
    endloop
  endfacet
  facet normal -0.704398 -0.709804 0.00123484
    outer loop
      vertex 19.5118 51.6636 2.6263
      vertex 19.5118 51.6626 2.04522
      vertex 20.5314 50.6507 2.04522
    endloop
  endfacet
  facet normal -0.843966 0.536397 0
    outer loop
      vertex 20.1449 44.3473 2.04522
      vertex 20.1449 44.3473 2.6263
      vertex 20.5314 44.9554 2.6263
    endloop
  endfacet
  facet normal -0.843966 0.536397 0
    outer loop
      vertex 20.5314 44.9554 2.6263
      vertex 20.5314 44.9554 2.04522
      vertex 20.1449 44.3473 2.04522
    endloop
  endfacet
  facet normal 0 1 0
    outer loop
      vertex 18.3745 47.3374 1.07734
      vertex 20.5314 47.3374 1.07734
      vertex 20.5314 47.3374 1.01277
    endloop
  endfacet
  facet normal 0 1 0
    outer loop
      vertex 20.3198 47.3374 1.01277
      vertex 20.3198 47.3374 0.830595
      vertex 18.1449 47.3374 0.830595
    endloop
  endfacet
  facet normal 0 1 0
    outer loop
      vertex 18.3745 47.3374 1.07734
      vertex 20.5314 47.3374 1.01277
      vertex 20.3198 47.3374 1.01277
    endloop
  endfacet
  facet normal 0 1 0
    outer loop
      vertex 18.1449 47.3374 2.29686
      vertex 18.3745 47.3374 2.04522
      vertex 18.3745 47.3374 1.07734
    endloop
  endfacet
  facet normal 0 1 0
    outer loop
      vertex 18.3745 47.3374 1.07734
      vertex 20.3198 47.3374 1.01277
      vertex 18.1449 47.3374 0.830595
    endloop
  endfacet
  facet normal 0 1 0
    outer loop
      vertex 18.1449 47.3374 0.830595
      vertex 18.1449 47.3374 2.29686
      vertex 18.3745 47.3374 1.07734
    endloop
  endfacet
  facet normal 0 0 1
    outer loop
      vertex 17.2789 43.2298 2.04522
      vertex 17.4844 43.2298 2.04522
      vertex 17.4467 44.3089 2.04522
    endloop
  endfacet
  facet normal 0 0 1
    outer loop
      vertex 17.4467 44.3089 2.04522
      vertex 16.3462 44.3089 2.04522
      vertex 16.2325 43.601 2.04522
    endloop
  endfacet
  facet normal 0 0 1
    outer loop
      vertex 16.5146 43.601 2.04522
      vertex 17.2789 43.2298 2.04522
      vertex 17.4467 44.3089 2.04522
    endloop
  endfacet
  facet normal 0 0 1
    outer loop
      vertex 17.4467 44.3089 2.04522
      vertex 16.2325 43.601 2.04522
      vertex 16.5146 43.601 2.04522
    endloop
  endfacet
  facet normal -1 0 0
    outer loop
      vertex 20.1449 44.3089 2.04522
      vertex 20.1449 43.2314 2.04522
      vertex 20.1449 43.2314 2.6263
    endloop
  endfacet
  facet normal -1 0 0
    outer loop
      vertex 20.1449 43.2314 2.6263
      vertex 20.1449 44.3473 2.6263
      vertex 20.1449 44.3473 2.04522
    endloop
  endfacet
  facet normal -1 0 0
    outer loop
      vertex 20.1449 43.2314 2.6263
      vertex 20.1449 44.3473 2.04522
      vertex 20.1449 44.3089 2.04522
    endloop
  endfacet
  facet normal 0 0 1
    outer loop
      vertex 20.5314 44.9554 2.04522
      vertex 20.5314 45.1368 2.04522
      vertex 17.4467 45.2973 2.04522
    endloop
  endfacet
  facet normal 0 0 1
    outer loop
      vertex 17.4467 45.2973 2.04522
      vertex 17.4467 44.3089 2.04522
      vertex 20.1449 44.3089 2.04522
    endloop
  endfacet
  facet normal 0 0 1
    outer loop
      vertex 20.1449 44.3473 2.04522
      vertex 20.5314 44.9554 2.04522
      vertex 17.4467 45.2973 2.04522
    endloop
  endfacet
  facet normal 0 0 1
    outer loop
      vertex 17.4467 45.2973 2.04522
      vertex 20.1449 44.3089 2.04522
      vertex 20.1449 44.3473 2.04522
    endloop
  endfacet
  facet normal 0 0 1
    outer loop
      vertex 18.0849 45.2973 2.04522
      vertex 20.5314 45.2973 2.04522
      vertex 20.5314 45.614 2.04522
    endloop
  endfacet
  facet normal 0 0 1
    outer loop
      vertex 20.5314 45.614 2.04522
      vertex 18.3745 45.614 2.04522
      vertex 18.0849 45.2973 2.04522
    endloop
  endfacet
  facet normal -1 0 0
    outer loop
      vertex 20.5314 50.6507 1.07734
      vertex 20.5314 50.6507 1.01277
      vertex 20.5314 50.1809 1.01277
    endloop
  endfacet
  facet normal -1 0 0
    outer loop
      vertex 20.5314 50.1809 1.01277
      vertex 20.5314 50.1809 1.07734
      vertex 20.5314 50.6507 1.07734
    endloop
  endfacet
  facet normal -1 0 0
    outer loop
      vertex 20.5314 49.1103 1.01277
      vertex 20.5314 47.3374 1.01277
      vertex 20.5314 47.3374 1.07734
    endloop
  endfacet
  facet normal -1 0 0
    outer loop
      vertex 20.5314 47.3374 1.07734
      vertex 20.5314 49.1103 1.07734
      vertex 20.5314 49.1103 1.01277
    endloop
  endfacet
  facet normal -1 0 0
    outer loop
      vertex 20.5314 50.6507 2.6263
      vertex 20.5314 50.6507 2.04522
      vertex 20.5314 50.1809 2.04522
    endloop
  endfacet
  facet normal -1 0 0
    outer loop
      vertex 20.5314 50.6507 2.6263
      vertex 20.5314 50.1809 2.04522
      vertex 20.5314 50.1809 2.29686
    endloop
  endfacet
  facet normal -1 0 0
    outer loop
      vertex 20.5314 45.1368 2.04522
      vertex 20.5314 44.9554 2.04522
      vertex 20.5314 44.9554 2.6263
    endloop
  endfacet
  facet normal 0 0 0
    outer loop
      vertex 20.5314 46.2667 2.04522
      vertex 20.5314 45.614 2.04522
      vertex 20.5314 45.2973 2.04522
    endloop
  endfacet
  facet normal -1 0 0
    outer loop
      vertex 20.5314 45.2973 2.04522
      vertex 20.5314 45.1368 2.04522
      vertex 20.5314 44.9554 2.6263
    endloop
  endfacet
  facet normal -1 0 0
    outer loop
      vertex 20.5314 44.9554 2.6263
      vertex 20.5314 50.6507 2.6263
      vertex 20.5314 50.1809 2.29686
    endloop
  endfacet
  facet normal -1 0 0
    outer loop
      vertex 20.5314 49.1103 2.29686
      vertex 20.5314 49.1103 2.04522
      vertex 20.5314 47.3374 2.04522
    endloop
  endfacet
  facet normal -1 0 0
    outer loop
      vertex 20.5314 44.9554 2.6263
      vertex 20.5314 50.1809 2.29686
      vertex 20.5314 49.1103 2.29686
    endloop
  endfacet
  facet normal -1 0 0
    outer loop
      vertex 20.5314 46.2667 2.04522
      vertex 20.5314 45.2973 2.04522
      vertex 20.5314 44.9554 2.6263
    endloop
  endfacet
  facet normal -1 0 0
    outer loop
      vertex 20.5314 46.2667 2.29686
      vertex 20.5314 46.2667 2.04522
      vertex 20.5314 44.9554 2.6263
    endloop
  endfacet
  facet normal -1 0 0
    outer loop
      vertex 20.5314 49.1103 2.29686
      vertex 20.5314 47.3374 2.04522
      vertex 20.5314 47.3374 2.29686
    endloop
  endfacet
  facet normal -1 0 0
    outer loop
      vertex 20.5314 47.3374 2.29686
      vertex 20.5314 46.2667 2.29686
      vertex 20.5314 44.9554 2.6263
    endloop
  endfacet
  facet normal -1 0 0
    outer loop
      vertex 20.5314 44.9554 2.6263
      vertex 20.5314 49.1103 2.29686
      vertex 20.5314 47.3374 2.29686
    endloop
  endfacet
  facet normal 0 0 1
    outer loop
      vertex 20.3198 49.1103 1.01277
      vertex 20.3198 47.3374 1.01277
      vertex 20.5314 47.3374 1.01277
    endloop
  endfacet
  facet normal 0 0 1
    outer loop
      vertex 20.5314 47.3374 1.01277
      vertex 20.5314 49.1103 1.01277
      vertex 20.3198 49.1103 1.01277
    endloop
  endfacet
  facet normal 0 0 1
    outer loop
      vertex 20.3198 46.2667 1.01277
      vertex 20.3198 44.8343 1.01277
      vertex 20.5314 44.9554 1.01277
    endloop
  endfacet
  facet normal 0 0 1
    outer loop
      vertex 20.5314 44.9554 1.01277
      vertex 20.5314 46.2667 1.01277
      vertex 20.3198 46.2667 1.01277
    endloop
  endfacet
  facet normal -0.659786 0.75145 -0.00217944
    outer loop
      vertex 20.0577 32.572 1.07734
      vertex 20.0578 32.5719 1.01277
      vertex 19.506 32.0874 1.01277
    endloop
  endfacet
  facet normal -0.660012 0.751254 0.00122816
    outer loop
      vertex 19.506 32.0874 1.01277
      vertex 19.5061 32.0874 1.07734
      vertex 20.0577 32.572 1.07734
    endloop
  endfacet
  facet normal 0 -1 0
    outer loop
      vertex 20.5314 49.1103 2.29686
      vertex 18.1449 49.1103 2.29686
      vertex 18.3745 49.1103 2.04522
    endloop
  endfacet
  facet normal 0 -1 0
    outer loop
      vertex 18.3745 49.1103 2.04522
      vertex 20.5314 49.1103 2.04522
      vertex 20.5314 49.1103 2.29686
    endloop
  endfacet
  facet normal -0.999997 -0.000490318 -0.00248108
    outer loop
      vertex 20.0555 36.9443 1.07734
      vertex 20.0557 36.9443 1.01277
      vertex 20.0578 32.5719 1.01277
    endloop
  endfacet
  facet normal -0.999998 -0.000499052 -0.00188973
    outer loop
      vertex 20.0578 32.5719 1.01277
      vertex 20.0577 32.572 1.07734
      vertex 20.0555 36.9443 1.07734
    endloop
  endfacet
  facet normal 0 0 1
    outer loop
      vertex 19.5118 51.6626 2.04522
      vertex 19.5118 51.6648 2.04522
      vertex 18.3745 51.6648 2.04522
    endloop
  endfacet
  facet normal 0 0 1
    outer loop
      vertex 18.3745 51.6648 2.04522
      vertex 18.3745 50.1809 2.04522
      vertex 20.5314 50.1809 2.04522
    endloop
  endfacet
  facet normal 0 0 1
    outer loop
      vertex 20.5314 50.1809 2.04522
      vertex 20.5314 50.6507 2.04522
      vertex 19.5118 51.6626 2.04522
    endloop
  endfacet
  facet normal 0 0 1
    outer loop
      vertex 18.3745 51.6648 2.04522
      vertex 20.5314 50.1809 2.04522
      vertex 19.5118 51.6626 2.04522
    endloop
  endfacet
  facet normal 0 0 1
    outer loop
      vertex 20.0513 36.9443 3.07791
      vertex 19.6008 38.7807 3.07791
      vertex 17.5246 38.1046 3.07791
    endloop
  endfacet
  facet normal 0 0 1
    outer loop
      vertex 17.5246 38.1046 3.07791
      vertex 17.5254 31.5855 3.07791
      vertex 19.51 31.5855 3.07791
    endloop
  endfacet
  facet normal 0 0 1
    outer loop
      vertex 19.5097 32.0874 3.07791
      vertex 20.0535 32.5745 3.07791
      vertex 20.0513 36.9443 3.07791
    endloop
  endfacet
  facet normal 0 0 1
    outer loop
      vertex 17.5246 38.1046 3.07791
      vertex 19.51 31.5855 3.07791
      vertex 19.5097 32.0874 3.07791
    endloop
  endfacet
  facet normal 0 0 1
    outer loop
      vertex 17.5246 38.1046 3.07791
      vertex 19.5097 32.0874 3.07791
      vertex 20.0513 36.9443 3.07791
    endloop
  endfacet
  facet normal 0 0 1
    outer loop
      vertex 20.1449 43.2314 2.04522
      vertex 20.1449 44.3089 2.04522
      vertex 17.4467 44.3089 2.04522
    endloop
  endfacet
  facet normal 0 0 1
    outer loop
      vertex 17.4467 44.3089 2.04522
      vertex 17.4844 43.2298 2.04522
      vertex 18.7119 43.2299 2.04522
    endloop
  endfacet
  facet normal 0 0 1
    outer loop
      vertex 17.4467 44.3089 2.04522
      vertex 18.7119 43.2299 2.04522
      vertex 20.1449 43.2314 2.04522
    endloop
  endfacet
  facet normal 0 0 1
    outer loop
      vertex 17.5582 41.1166 2.04522
      vertex 17.6066 39.7312 2.04522
      vertex 19.3645 39.7312 2.04522
    endloop
  endfacet
  facet normal 0 0 1
    outer loop
      vertex 19.3645 39.7312 2.04522
      vertex 19.0178 41.1166 2.04522
      vertex 17.5582 41.1166 2.04522
    endloop
  endfacet
  facet normal -0.999998 -0.000646058 0.00179528
    outer loop
      vertex 19.5105 32.0874 3.52837
      vertex 19.5097 32.0874 3.07791
      vertex 19.51 31.5855 3.07791
    endloop
  endfacet
  facet normal -0.999998 -0.00056245 0.00170213
    outer loop
      vertex 19.51 31.5855 3.07791
      vertex 19.5108 31.5855 3.52837
      vertex 19.5105 32.0874 3.52837
    endloop
  endfacet
  facet normal -0.00103287 0.999999 0.000975446
    outer loop
      vertex 20.1449 43.2314 2.04522
      vertex 18.7119 43.2299 2.04522
      vertex 18.7119 43.2295 2.40892
    endloop
  endfacet
  facet normal -0.149979 0 0.988689
    outer loop
      vertex 18.7119 43.2295 2.40892
      vertex 20.1449 43.2295 2.6263
      vertex 20.1449 43.2314 2.6263
    endloop
  endfacet
  facet normal -0.00128043 0.999999 0
    outer loop
      vertex 18.7119 43.2295 2.40892
      vertex 20.1449 43.2314 2.6263
      vertex 20.1449 43.2314 2.04522
    endloop
  endfacet
  facet normal -0.000295219 0.999999 0.00124054
    outer loop
      vertex 17.4843 43.2305 1.07734
      vertex 18.7119 43.2308 1.07734
      vertex 18.7119 43.2309 1.01277
    endloop
  endfacet
  facet normal -0.000327429 1 0.000472588
    outer loop
      vertex 18.7119 43.2309 1.01277
      vertex 17.2789 43.2304 1.01277
      vertex 17.2789 43.2304 1.07734
    endloop
  endfacet
  facet normal -0.000278505 0.999999 0.00155828
    outer loop
      vertex 18.7119 43.2309 1.01277
      vertex 17.2789 43.2304 1.07734
      vertex 17.4843 43.2305 1.07734
    endloop
  endfacet
  facet normal 0 0 1
    outer loop
      vertex 19.3645 39.7312 2.04522
      vertex 17.6066 39.7312 2.04522
      vertex 17.5246 38.1046 2.04522
    endloop
  endfacet
  facet normal 0 0 1
    outer loop
      vertex 17.5246 38.1046 2.04522
      vertex 19.6022 38.7811 2.04522
      vertex 19.3645 39.7312 2.04522
    endloop
  endfacet
  facet normal 0 0 1
    outer loop
      vertex 20.5314 49.1103 2.04522
      vertex 18.3745 49.1103 2.04522
      vertex 18.3745 47.3374 2.04522
    endloop
  endfacet
  facet normal 0 0 1
    outer loop
      vertex 18.3745 47.3374 2.04522
      vertex 20.5314 47.3374 2.04522
      vertex 20.5314 49.1103 2.04522
    endloop
  endfacet
  facet normal 0.371187 -0.928558 -0.000622681
    outer loop
      vertex 17.2802 41.1166 2.04522
      vertex 17.2814 41.1161 3.52837
      vertex 16.5164 40.8099 4.07408
    endloop
  endfacet
  facet normal 0.371563 -0.928408 -0.000458488
    outer loop
      vertex 16.5164 40.8099 4.07408
      vertex 16.5155 40.8106 2.04522
      vertex 17.2802 41.1166 2.04522
    endloop
  endfacet
  facet normal 0 0 1
    outer loop
      vertex 14.9911 43.601 2.04522
      vertex 14.9887 44.0486 2.04522
      vertex 14.4129 44.0486 2.04522
    endloop
  endfacet
  facet normal 0 0 1
    outer loop
      vertex 14.4129 44.0486 2.04522
      vertex 14.4129 43.6008 2.04522
      vertex 14.9911 43.601 2.04522
    endloop
  endfacet
  facet normal 0 0 1
    outer loop
      vertex 20.5314 46.2667 2.04522
      vertex 18.3745 46.2667 2.04522
      vertex 18.3745 45.614 2.04522
    endloop
  endfacet
  facet normal 0 0 1
    outer loop
      vertex 18.3745 45.614 2.04522
      vertex 20.5314 45.614 2.04522
      vertex 20.5314 46.2667 2.04522
    endloop
  endfacet
  facet normal 0 0 1
    outer loop
      vertex 16.2325 43.601 2.04522
      vertex 16.3462 44.3089 2.04522
      vertex 14.9887 44.0486 2.04522
    endloop
  endfacet
  facet normal 0 0 1
    outer loop
      vertex 14.9887 44.0486 2.04522
      vertex 14.9911 43.601 2.04522
      vertex 16.2325 43.601 2.04522
    endloop
  endfacet
  facet normal -0.000229933 1 0.00029551
    outer loop
      vertex 16.2325 43.6014 1.07734
      vertex 16.5146 43.6015 1.07734
      vertex 16.5145 43.6015 1.01277
    endloop
  endfacet
  facet normal -0.000315833 1 0
    outer loop
      vertex 16.5145 43.6015 1.01277
      vertex 14.4129 43.6008 1.01277
      vertex 14.4129 43.6008 1.07734
    endloop
  endfacet
  facet normal -0.000325722 1 -0.000122795
    outer loop
      vertex 14.9911 43.601 1.07734
      vertex 16.2325 43.6014 1.07734
      vertex 16.5145 43.6015 1.01277
    endloop
  endfacet
  facet normal -0.000303491 1 0.000401662
    outer loop
      vertex 16.5145 43.6015 1.01277
      vertex 14.4129 43.6008 1.07734
      vertex 14.9911 43.601 1.07734
    endloop
  endfacet
  facet normal 0 0 -1
    outer loop
      vertex 16.5146 43.6015 1.07734
      vertex 16.2325 43.6014 1.07734
      vertex 16.3462 44.3089 1.07734
    endloop
  endfacet
  facet normal 0 0 -1
    outer loop
      vertex 16.3462 44.3089 1.07734
      vertex 17.4467 44.3089 1.07734
      vertex 17.4843 43.2305 1.07734
    endloop
  endfacet
  facet normal 0 0 -1
    outer loop
      vertex 17.4843 43.2305 1.07734
      vertex 17.2789 43.2304 1.07734
      vertex 16.5146 43.6015 1.07734
    endloop
  endfacet
  facet normal 0 0 -1
    outer loop
      vertex 16.3462 44.3089 1.07734
      vertex 17.4843 43.2305 1.07734
      vertex 16.5146 43.6015 1.07734
    endloop
  endfacet
  facet normal 0 0 1
    outer loop
      vertex 20.5314 50.1809 2.29686
      vertex 18.1449 50.1809 2.29686
      vertex 18.1449 49.1103 2.29686
    endloop
  endfacet
  facet normal 0 0 1
    outer loop
      vertex 18.1449 49.1103 2.29686
      vertex 20.5314 49.1103 2.29686
      vertex 20.5314 50.1809 2.29686
    endloop
  endfacet
  facet normal 0 0 1
    outer loop
      vertex 19.5118 52.3755 1.01277
      vertex 19.325 52.3754 1.01277
      vertex 19.325 51.6726 1.01277
    endloop
  endfacet
  facet normal 0 0 1
    outer loop
      vertex 19.325 51.6726 1.01277
      vertex 19.5118 51.6608 1.01277
      vertex 19.5118 52.3755 1.01277
    endloop
  endfacet
  facet normal -0.970168 -0.24242 -0.00240707
    outer loop
      vertex 20.0557 36.9443 1.01277
      vertex 20.0555 36.9443 1.07734
      vertex 19.6378 38.6158 1.07734
    endloop
  endfacet
  facet normal -0.970076 -0.242743 0.0053724
    outer loop
      vertex 19.3588 39.7312 1.07734
      vertex 19.012 41.117 1.07734
      vertex 19.0116 41.117 1.01277
    endloop
  endfacet
  facet normal -0.97009 -0.242692 0.00514576
    outer loop
      vertex 20.0557 36.9443 1.01277
      vertex 19.6378 38.6158 1.07734
      vertex 19.3588 39.7312 1.07734
    endloop
  endfacet
  facet normal -0.97008 -0.242711 0.00606565
    outer loop
      vertex 19.3588 39.7312 1.07734
      vertex 19.0116 41.117 1.01277
      vertex 20.0557 36.9443 1.01277
    endloop
  endfacet
  facet normal 0 0 -1
    outer loop
      vertex 14.4129 43.6008 1.07734
      vertex 14.4129 44.0486 1.07734
      vertex 14.9887 44.0486 1.07734
    endloop
  endfacet
  facet normal 0 0 -1
    outer loop
      vertex 14.9887 44.0486 1.07734
      vertex 14.9911 43.601 1.07734
      vertex 14.4129 43.6008 1.07734
    endloop
  endfacet
  facet normal 0 -1 -0.000295367
    outer loop
      vertex 17.5582 41.117 1.07734
      vertex 17.2795 41.117 1.07734
      vertex 17.2795 41.117 1.01277
    endloop
  endfacet
  facet normal 0 -1 -0.000295367
    outer loop
      vertex 17.2795 41.117 1.01277
      vertex 19.0116 41.117 1.01277
      vertex 19.012 41.117 1.07734
    endloop
  endfacet
  facet normal 0 -1 -0.000295368
    outer loop
      vertex 17.2795 41.117 1.01277
      vertex 19.012 41.117 1.07734
      vertex 17.5582 41.117 1.07734
    endloop
  endfacet
  facet normal 0 0 1
    outer loop
      vertex 23.3615 51.6636 1.01277
      vertex 23.7288 51.6754 1.01277
      vertex 23.4967 52.3756 1.01277
    endloop
  endfacet
  facet normal 0 0 1
    outer loop
      vertex 23.4967 52.3756 1.01277
      vertex 23.2226 52.3756 1.01277
      vertex 23.3615 51.6636 1.01277
    endloop
  endfacet
  facet normal 0.0198685 0.00467103 0.999792
    outer loop
      vertex 21.0938 40.4467 2.63055
      vertex 21.36 39.6659 2.62891
      vertex 21.4832 39.7013 2.6263
    endloop
  endfacet
  facet normal 0.0198735 0.00467363 0.999792
    outer loop
      vertex 21.4832 39.7013 2.6263
      vertex 21.2944 40.5043 2.6263
      vertex 21.0938 40.4467 2.63055
    endloop
  endfacet
  facet normal 0.946488 0.322739 0
    outer loop
      vertex 21.0938 40.4467 2.63055
      vertex 21.0938 40.4467 3.07654
      vertex 21.36 39.6659 3.07654
    endloop
  endfacet
  facet normal 0.946488 0.322739 0
    outer loop
      vertex 21.36 39.6659 3.07654
      vertex 21.36 39.6659 2.62891
      vertex 21.0938 40.4467 2.63055
    endloop
  endfacet
  facet normal 0 0 1
    outer loop
      vertex 23.3615 36.9443 2.6263
      vertex 23.3615 41.7511 2.6263
      vertex 21.916 40.6827 2.6263
    endloop
  endfacet
  facet normal 0 0 1
    outer loop
      vertex 21.916 40.6827 2.6263
      vertex 22.1049 39.8797 2.6263
      vertex 22.3165 39.1422 2.6263
    endloop
  endfacet
  facet normal 0 0 1
    outer loop
      vertex 21.916 40.6827 2.6263
      vertex 22.3165 39.1422 2.6263
      vertex 23.3615 36.9443 2.6263
    endloop
  endfacet
  facet normal 0 0 1
    outer loop
      vertex 23.3615 36.9443 2.6263
      vertex 22.3165 39.1422 2.6263
      vertex 21.6949 38.9637 2.6263
    endloop
  endfacet
  facet normal 0 0 1
    outer loop
      vertex 21.6949 38.9637 2.6263
      vertex 22.288 36.9443 2.6263
      vertex 23.3615 36.9443 2.6263
    endloop
  endfacet
  facet normal 0.0195733 0.00574898 0.999792
    outer loop
      vertex 21.608 38.9388 2.62814
      vertex 22.288 36.9443 2.6263
      vertex 21.6949 38.9637 2.6263
    endloop
  endfacet
  facet normal 0.946496 0.322714 0
    outer loop
      vertex 21.608 38.9388 2.62814
      vertex 21.608 38.9388 3.07654
      vertex 22.288 36.9443 3.07654
    endloop
  endfacet
  facet normal 0.946496 0.322714 0
    outer loop
      vertex 22.288 36.9443 3.07654
      vertex 22.288 36.9443 2.6263
      vertex 21.608 38.9388 2.62814
    endloop
  endfacet
  facet normal 0 0 1
    outer loop
      vertex 18.0849 45.2973 2.04522
      vertex 17.4467 45.2973 2.04522
      vertex 20.5314 45.1368 2.04522
    endloop
  endfacet
  facet normal 0 0 1
    outer loop
      vertex 20.5314 45.1368 2.04522
      vertex 20.5314 45.2973 2.04522
      vertex 18.0849 45.2973 2.04522
    endloop
  endfacet
  facet normal 0 0 0
    outer loop
      vertex 17.4467 45.2973 1.07734
      vertex 18.0849 45.2973 1.07734
      vertex 20.5314 45.2973 1.07734
    endloop
  endfacet
  facet normal 0 0 -1
    outer loop
      vertex 20.5314 45.2973 1.07734
      vertex 20.5314 45.1612 1.07734
      vertex 17.4467 45.2973 1.07734
    endloop
  endfacet
  facet normal 1 0 0
    outer loop
      vertex 10.6809 47.3374 0.830595
      vertex 10.6809 47.3374 2.29686
      vertex 10.6809 46.2667 2.29686
    endloop
  endfacet
  facet normal 1 0 0
    outer loop
      vertex 10.6809 46.2667 2.29686
      vertex 10.6809 46.2667 0.830595
      vertex 10.6809 47.3374 0.830595
    endloop
  endfacet
  facet normal 0 -1 0
    outer loop
      vertex 8.50606 46.2667 0.830595
      vertex 10.6809 46.2667 0.830595
      vertex 10.4513 46.2667 1.07734
    endloop
  endfacet
  facet normal 0 -1 0
    outer loop
      vertex 10.4513 46.2667 1.07734
      vertex 8.29442 46.2667 1.07734
      vertex 8.29442 46.2667 1.01277
    endloop
  endfacet
  facet normal 0 -1 0
    outer loop
      vertex 8.50606 46.2667 1.01277
      vertex 8.50606 46.2667 0.830595
      vertex 10.4513 46.2667 1.07734
    endloop
  endfacet
  facet normal 0 -1 0
    outer loop
      vertex 10.4513 46.2667 1.07734
      vertex 8.29442 46.2667 1.01277
      vertex 8.50606 46.2667 1.01277
    endloop
  endfacet
  facet normal 0 0 -1
    outer loop
      vertex 10.6809 46.2667 0.830595
      vertex 8.50606 46.2667 0.830595
      vertex 8.50606 47.3374 0.830595
    endloop
  endfacet
  facet normal 0 0 -1
    outer loop
      vertex 8.50606 47.3374 0.830595
      vertex 10.6809 47.3374 0.830595
      vertex 10.6809 46.2667 0.830595
    endloop
  endfacet
  facet normal 1 0 0
    outer loop
      vertex 10.6809 50.1809 0.830595
      vertex 10.6809 50.1809 2.29686
      vertex 10.6809 49.1103 2.29686
    endloop
  endfacet
  facet normal 1 0 0
    outer loop
      vertex 10.6809 49.1103 2.29686
      vertex 10.6809 49.1103 0.830595
      vertex 10.6809 50.1809 0.830595
    endloop
  endfacet
  facet normal 0 -1 0
    outer loop
      vertex 10.6809 49.1103 0.830595
      vertex 10.6809 49.1103 2.29686
      vertex 10.4513 49.1103 2.04522
    endloop
  endfacet
  facet normal 0 -1 0
    outer loop
      vertex 10.4513 49.1103 1.07734
      vertex 8.29442 49.1103 1.07734
      vertex 8.29442 49.1103 1.01277
    endloop
  endfacet
  facet normal 0 -1 0
    outer loop
      vertex 10.6809 49.1103 0.830595
      vertex 10.4513 49.1103 2.04522
      vertex 10.4513 49.1103 1.07734
    endloop
  endfacet
  facet normal 0 -1 0
    outer loop
      vertex 8.50606 49.1103 1.01277
      vertex 8.50606 49.1103 0.830595
      vertex 10.6809 49.1103 0.830595
    endloop
  endfacet
  facet normal 0 -1 0
    outer loop
      vertex 10.4513 49.1103 1.07734
      vertex 8.29442 49.1103 1.01277
      vertex 8.50606 49.1103 1.01277
    endloop
  endfacet
  facet normal 0 -1 0
    outer loop
      vertex 10.6809 49.1103 0.830595
      vertex 10.4513 49.1103 1.07734
      vertex 8.50606 49.1103 1.01277
    endloop
  endfacet
  facet normal 0 0 -1
    outer loop
      vertex 10.6809 49.1103 0.830595
      vertex 8.50606 49.1103 0.830595
      vertex 8.50606 50.1809 0.830595
    endloop
  endfacet
  facet normal 0 0 -1
    outer loop
      vertex 8.50606 50.1809 0.830595
      vertex 10.6809 50.1809 0.830595
      vertex 10.6809 49.1103 0.830595
    endloop
  endfacet
  facet normal 0 0 -1
    outer loop
      vertex 10.4513 45.614 1.07734
      vertex 8.29442 45.614 1.07734
      vertex 8.29442 46.2667 1.07734
    endloop
  endfacet
  facet normal 0 0 -1
    outer loop
      vertex 8.29442 46.2667 1.07734
      vertex 10.4513 46.2667 1.07734
      vertex 10.4513 45.614 1.07734
    endloop
  endfacet
  facet normal 0 1 0
    outer loop
      vertex 12.4797 44.3089 2.04522
      vertex 12.4797 44.3089 1.07734
      vertex 11.3791 44.3089 1.07734
    endloop
  endfacet
  facet normal 0 1 0
    outer loop
      vertex 11.3791 44.3089 1.07734
      vertex 11.3791 44.3089 2.04522
      vertex 12.4797 44.3089 2.04522
    endloop
  endfacet
  facet normal 1 0 0
    outer loop
      vertex 11.3791 45.2973 1.07734
      vertex 11.3791 45.2973 2.04522
      vertex 11.3791 44.3089 2.04522
    endloop
  endfacet
  facet normal 1 0 0
    outer loop
      vertex 11.3791 44.3089 2.04522
      vertex 11.3791 44.3089 1.07734
      vertex 11.3791 45.2973 1.07734
    endloop
  endfacet
  facet normal 0 0 -1
    outer loop
      vertex 13.0415 40.8109 1.07734
      vertex 13.586 39.9554 1.07734
      vertex 11.2192 39.7312 1.07734
    endloop
  endfacet
  facet normal 0 0 -1
    outer loop
      vertex 11.2192 39.7312 1.07734
      vertex 11.2677 41.117 1.07734
      vertex 11.5463 41.117 1.07734
    endloop
  endfacet
  facet normal 0 0 -1
    outer loop
      vertex 12.3107 40.8109 1.07734
      vertex 13.0415 40.8109 1.07734
      vertex 11.2192 39.7312 1.07734
    endloop
  endfacet
  facet normal 0 0 -1
    outer loop
      vertex 11.2192 39.7312 1.07734
      vertex 11.5463 41.117 1.07734
      vertex 12.3107 40.8109 1.07734
    endloop
  endfacet
  facet normal 0 0 -1
    outer loop
      vertex 11.2192 39.7312 1.07734
      vertex 9.46706 39.7312 1.07734
      vertex 9.81384 41.117 1.07734
    endloop
  endfacet
  facet normal 0 0 -1
    outer loop
      vertex 9.81384 41.117 1.07734
      vertex 11.2677 41.117 1.07734
      vertex 11.2192 39.7312 1.07734
    endloop
  endfacet
  facet normal 0 0 1
    outer loop
      vertex 13.8139 39.9554 2.04522
      vertex 14.4129 39.9554 2.04522
      vertex 14.4129 40.8106 2.04522
    endloop
  endfacet
  facet normal 0 0 1
    outer loop
      vertex 14.4129 40.8106 2.04522
      vertex 13.8197 40.8106 2.04522
      vertex 13.8139 39.9554 2.04522
    endloop
  endfacet
  facet normal 0 0 -1
    outer loop
      vertex 10.2322 38.1046 1.07734
      vertex 10.2314 31.5855 1.07734
      vertex 9.31915 31.5855 1.07734
    endloop
  endfacet
  facet normal 0 0 -1
    outer loop
      vertex 9.31971 32.0874 1.07734
      vertex 8.76817 32.572 1.07734
      vertex 8.77035 36.9443 1.07734
    endloop
  endfacet
  facet normal 0 0 -1
    outer loop
      vertex 10.2322 38.1046 1.07734
      vertex 9.31915 31.5855 1.07734
      vertex 9.31971 32.0874 1.07734
    endloop
  endfacet
  facet normal 0 0 -1
    outer loop
      vertex 8.77035 36.9443 1.07734
      vertex 9.18801 38.6158 1.07734
      vertex 10.2322 38.1046 1.07734
    endloop
  endfacet
  facet normal 0 0 -1
    outer loop
      vertex 9.31971 32.0874 1.07734
      vertex 8.77035 36.9443 1.07734
      vertex 10.2322 38.1046 1.07734
    endloop
  endfacet
  facet normal 0 0 -1
    outer loop
      vertex 12.0856 31.5855 1.07734
      vertex 10.2314 31.5855 1.07734
      vertex 10.2322 38.1046 1.07734
    endloop
  endfacet
  facet normal 0 0 -1
    outer loop
      vertex 10.2322 38.1046 1.07734
      vertex 12.0886 37.0534 1.07734
      vertex 12.0856 31.5855 1.07734
    endloop
  endfacet
  facet normal 1 -0.000554635 0
    outer loop
      vertex 12.0856 31.5855 2.04522
      vertex 12.0856 31.5855 1.07734
      vertex 12.0886 37.0534 1.07734
    endloop
  endfacet
  facet normal 1 -0.000554635 0
    outer loop
      vertex 12.0886 37.0534 1.07734
      vertex 12.0886 37.0534 2.04522
      vertex 12.0856 31.5855 2.04522
    endloop
  endfacet
  facet normal 0 0 -1
    outer loop
      vertex 10.2322 38.1046 1.07734
      vertex 9.18801 38.6158 1.07734
      vertex 9.46706 39.7312 1.07734
    endloop
  endfacet
  facet normal 0 0 -1
    outer loop
      vertex 9.46706 39.7312 1.07734
      vertex 11.2192 39.7312 1.07734
      vertex 10.2322 38.1046 1.07734
    endloop
  endfacet
  facet normal 0 0 -1
    outer loop
      vertex 12.0886 37.0534 1.07734
      vertex 10.2322 38.1046 1.07734
      vertex 11.2192 39.7312 1.07734
    endloop
  endfacet
  facet normal 0 0 -1
    outer loop
      vertex 11.2192 39.7312 1.07734
      vertex 13.586 39.9554 1.07734
      vertex 12.0886 37.0534 1.07734
    endloop
  endfacet
  facet normal 0.888674 -0.45854 0
    outer loop
      vertex 12.0886 37.0534 2.04522
      vertex 12.0886 37.0534 1.07734
      vertex 13.586 39.9554 1.07734
    endloop
  endfacet
  facet normal 0.888674 -0.45854 0
    outer loop
      vertex 13.586 39.9554 1.07734
      vertex 13.586 39.9554 2.04522
      vertex 12.0886 37.0534 2.04522
    endloop
  endfacet
  facet normal 0 0 1
    outer loop
      vertex 11.3012 38.1046 2.04522
      vertex 12.0886 37.0534 2.04522
      vertex 13.586 39.9554 2.04522
    endloop
  endfacet
  facet normal 0 0 1
    outer loop
      vertex 13.586 39.9554 2.04522
      vertex 11.2192 39.7312 2.04522
      vertex 11.3012 38.1046 2.04522
    endloop
  endfacet
  facet normal 0 -1 0
    outer loop
      vertex 13.8139 39.9554 1.07734
      vertex 14.4129 39.9554 1.07734
      vertex 14.4129 39.9554 2.04522
    endloop
  endfacet
  facet normal 0 -1 0
    outer loop
      vertex 14.4129 39.9554 2.04522
      vertex 13.8139 39.9554 2.04522
      vertex 13.8139 39.9554 1.07734
    endloop
  endfacet
  facet normal 0 0 1
    outer loop
      vertex 11.3004 31.5855 2.04522
      vertex 12.0856 31.5855 2.04522
      vertex 12.0886 37.0534 2.04522
    endloop
  endfacet
  facet normal 0 0 1
    outer loop
      vertex 12.0886 37.0534 2.04522
      vertex 11.3012 38.1046 2.04522
      vertex 11.3004 31.5855 2.04522
    endloop
  endfacet
  facet normal 0 0 1
    outer loop
      vertex 11.2676 41.1166 2.04522
      vertex 11.2192 39.7312 2.04522
      vertex 13.586 39.9554 2.04522
    endloop
  endfacet
  facet normal 0 0 1
    outer loop
      vertex 13.586 39.9554 2.04522
      vertex 13.0415 40.8106 2.04522
      vertex 12.3103 40.8106 2.04522
    endloop
  endfacet
  facet normal 0 0 1
    outer loop
      vertex 12.3103 40.8106 2.04522
      vertex 11.5456 41.1166 2.04522
      vertex 11.2676 41.1166 2.04522
    endloop
  endfacet
  facet normal 0 0 1
    outer loop
      vertex 13.586 39.9554 2.04522
      vertex 12.3103 40.8106 2.04522
      vertex 11.2676 41.1166 2.04522
    endloop
  endfacet
  facet normal 0 0 -1
    outer loop
      vertex 13.8139 39.9554 1.07734
      vertex 13.586 39.9554 1.07734
      vertex 13.0415 40.8109 1.07734
    endloop
  endfacet
  facet normal 0 0 -1
    outer loop
      vertex 13.0415 40.8109 1.07734
      vertex 13.8197 40.8109 1.07734
      vertex 13.8139 39.9554 1.07734
    endloop
  endfacet
  facet normal 0.188307 0.98211 0
    outer loop
      vertex 13.8371 44.0486 2.04522
      vertex 13.8371 44.0486 1.07734
      vertex 12.4797 44.3089 1.07734
    endloop
  endfacet
  facet normal 0.188307 0.98211 0
    outer loop
      vertex 12.4797 44.3089 1.07734
      vertex 12.4797 44.3089 2.04522
      vertex 13.8371 44.0486 2.04522
    endloop
  endfacet
  facet normal 0.309631 0.950857 -4.2794e-06
    outer loop
      vertex 11.3012 38.1046 2.04522
      vertex 9.22364 38.7811 2.04522
      vertex 9.22509 38.7807 3.07791
    endloop
  endfacet
  facet normal 0.309633 0.950856 0
    outer loop
      vertex 9.22509 38.7807 3.07791
      vertex 11.3012 38.1046 3.07791
      vertex 11.3012 38.1046 2.04522
    endloop
  endfacet
  facet normal 1 -0.000124054 0
    outer loop
      vertex 11.3004 31.5855 2.04522
      vertex 11.3012 38.1046 2.04522
      vertex 11.3012 38.1046 3.07791
    endloop
  endfacet
  facet normal 1 -0.000124054 0
    outer loop
      vertex 11.3012 38.1046 3.07791
      vertex 11.3004 31.5855 3.07791
      vertex 11.3004 31.5855 2.04522
    endloop
  endfacet
  facet normal 0 1 0
    outer loop
      vertex 10.7409 45.2973 1.07734
      vertex 10.7409 45.2973 2.04522
      vertex 11.3791 45.2973 2.04522
    endloop
  endfacet
  facet normal 0 1 0
    outer loop
      vertex 11.3791 45.2973 2.04522
      vertex 11.3791 45.2973 1.07734
      vertex 10.7409 45.2973 1.07734
    endloop
  endfacet
  facet normal 0 0 -1
    outer loop
      vertex 11.3791 45.2973 1.07734
      vertex 11.3791 44.3089 1.07734
      vertex 8.68091 44.3089 1.07734
    endloop
  endfacet
  facet normal 0 0 -1
    outer loop
      vertex 8.68091 44.3473 1.07734
      vertex 8.29442 44.9554 1.07734
      vertex 8.29442 45.1612 1.07734
    endloop
  endfacet
  facet normal 0 0 -1
    outer loop
      vertex 11.3791 45.2973 1.07734
      vertex 8.68091 44.3089 1.07734
      vertex 8.68091 44.3473 1.07734
    endloop
  endfacet
  facet normal 0 0 -1
    outer loop
      vertex 8.68091 44.3473 1.07734
      vertex 8.29442 45.1612 1.07734
      vertex 11.3791 45.2973 1.07734
    endloop
  endfacet
  facet normal 0.738038 0.674759 0
    outer loop
      vertex 10.4513 45.614 1.07734
      vertex 10.4513 45.614 2.04522
      vertex 10.7409 45.2973 2.04522
    endloop
  endfacet
  facet normal 0.738038 0.674759 0
    outer loop
      vertex 10.7409 45.2973 2.04522
      vertex 10.7409 45.2973 1.07734
      vertex 10.4513 45.614 1.07734
    endloop
  endfacet
  facet normal 1 0 0
    outer loop
      vertex 10.4513 51.6648 1.07734
      vertex 10.4513 51.6648 2.04522
      vertex 10.4513 50.1809 2.04522
    endloop
  endfacet
  facet normal 1 0 0
    outer loop
      vertex 10.4513 50.1809 2.04522
      vertex 10.4513 50.1809 1.07734
      vertex 10.4513 51.6648 1.07734
    endloop
  endfacet
  facet normal 0 0 -1
    outer loop
      vertex 10.7409 45.2973 1.07734
      vertex 8.29442 45.2973 1.07734
      vertex 8.29442 45.614 1.07734
    endloop
  endfacet
  facet normal 0 0 -1
    outer loop
      vertex 8.29442 45.614 1.07734
      vertex 10.4513 45.614 1.07734
      vertex 10.7409 45.2973 1.07734
    endloop
  endfacet
  facet normal 0 1 0
    outer loop
      vertex 14.4129 44.0486 2.04522
      vertex 14.4129 44.0486 1.07734
      vertex 13.8371 44.0486 1.07734
    endloop
  endfacet
  facet normal 0 1 0
    outer loop
      vertex 13.8371 44.0486 1.07734
      vertex 13.8371 44.0486 2.04522
      vertex 14.4129 44.0486 2.04522
    endloop
  endfacet
  facet normal 0 0 -1
    outer loop
      vertex 14.4129 39.9554 1.07734
      vertex 13.8139 39.9554 1.07734
      vertex 13.8197 40.8109 1.07734
    endloop
  endfacet
  facet normal 0 0 -1
    outer loop
      vertex 13.8197 40.8109 1.07734
      vertex 14.4129 40.8109 1.07734
      vertex 14.4129 39.9554 1.07734
    endloop
  endfacet
  facet normal 0 -1 0
    outer loop
      vertex 13.586 39.9554 1.07734
      vertex 13.8139 39.9554 1.07734
      vertex 13.8139 39.9554 2.04522
    endloop
  endfacet
  facet normal 0 -1 0
    outer loop
      vertex 13.8139 39.9554 2.04522
      vertex 13.586 39.9554 2.04522
      vertex 13.586 39.9554 1.07734
    endloop
  endfacet
  facet normal 0 0 1
    outer loop
      vertex 13.586 39.9554 2.04522
      vertex 13.8139 39.9554 2.04522
      vertex 13.8197 40.8106 2.04522
    endloop
  endfacet
  facet normal 0 0 1
    outer loop
      vertex 13.8197 40.8106 2.04522
      vertex 13.0415 40.8106 2.04522
      vertex 13.586 39.9554 2.04522
    endloop
  endfacet
  facet normal 1 0 0
    outer loop
      vertex 10.4513 49.1103 1.07734
      vertex 10.4513 49.1103 2.04522
      vertex 10.4513 47.3374 2.04522
    endloop
  endfacet
  facet normal 1 0 0
    outer loop
      vertex 10.4513 47.3374 2.04522
      vertex 10.4513 47.3374 1.07734
      vertex 10.4513 49.1103 1.07734
    endloop
  endfacet
  facet normal 1 0 0
    outer loop
      vertex 10.4513 46.2667 1.07734
      vertex 10.4513 46.2667 2.04522
      vertex 10.4513 45.614 2.04522
    endloop
  endfacet
  facet normal 1 0 0
    outer loop
      vertex 10.4513 45.614 2.04522
      vertex 10.4513 45.614 1.07734
      vertex 10.4513 46.2667 1.07734
    endloop
  endfacet
  facet normal 0 0 -1
    outer loop
      vertex 10.4513 47.3374 1.07734
      vertex 8.29442 47.3374 1.07734
      vertex 8.29442 49.1103 1.07734
    endloop
  endfacet
  facet normal 0 0 -1
    outer loop
      vertex 8.29442 49.1103 1.07734
      vertex 10.4513 49.1103 1.07734
      vertex 10.4513 47.3374 1.07734
    endloop
  endfacet
  facet normal 0 0 -1
    outer loop
      vertex 10.4513 51.6648 1.07734
      vertex 10.4513 50.1809 1.07734
      vertex 8.29442 50.1809 1.07734
    endloop
  endfacet
  facet normal 0 0 -1
    outer loop
      vertex 8.29442 50.1809 1.07734
      vertex 8.29442 50.6507 1.07734
      vertex 9.31405 51.6609 1.07734
    endloop
  endfacet
  facet normal 0 0 -1
    outer loop
      vertex 9.31405 51.6609 1.07734
      vertex 9.31405 51.6648 1.07734
      vertex 10.4513 51.6648 1.07734
    endloop
  endfacet
  facet normal 0 0 -1
    outer loop
      vertex 8.29442 50.1809 1.07734
      vertex 9.31405 51.6609 1.07734
      vertex 10.4513 51.6648 1.07734
    endloop
  endfacet
  facet normal 0 1 0
    outer loop
      vertex 10.6809 50.1809 2.29686
      vertex 10.6809 50.1809 0.830595
      vertex 10.4513 50.1809 1.07734
    endloop
  endfacet
  facet normal 0 1 0
    outer loop
      vertex 10.4513 50.1809 2.04522
      vertex 8.29442 50.1809 2.04522
      vertex 8.29442 50.1809 2.29686
    endloop
  endfacet
  facet normal 0 1 0
    outer loop
      vertex 10.6809 50.1809 2.29686
      vertex 10.4513 50.1809 1.07734
      vertex 10.4513 50.1809 2.04522
    endloop
  endfacet
  facet normal 0 1 0
    outer loop
      vertex 10.4513 50.1809 2.04522
      vertex 8.29442 50.1809 2.29686
      vertex 10.6809 50.1809 2.29686
    endloop
  endfacet
  facet normal 0 -1 0
    outer loop
      vertex 10.4513 46.2667 2.04522
      vertex 10.4513 46.2667 1.07734
      vertex 10.6809 46.2667 0.830595
    endloop
  endfacet
  facet normal 0 -1 0
    outer loop
      vertex 10.6809 46.2667 2.29686
      vertex 8.29442 46.2667 2.29686
      vertex 8.29442 46.2667 2.04522
    endloop
  endfacet
  facet normal 0 -1 0
    outer loop
      vertex 10.4513 46.2667 2.04522
      vertex 10.6809 46.2667 0.830595
      vertex 10.6809 46.2667 2.29686
    endloop
  endfacet
  facet normal 0 -1 0
    outer loop
      vertex 10.6809 46.2667 2.29686
      vertex 8.29442 46.2667 2.04522
      vertex 10.4513 46.2667 2.04522
    endloop
  endfacet
  facet normal 0.000408312 -1 0
    outer loop
      vertex 5.44677 52.0913 1.71001
      vertex 5.44677 52.0913 2.90986
      vertex 5.25058 52.0912 2.67093
    endloop
  endfacet
  facet normal 0.000408312 -1 0
    outer loop
      vertex 5.25058 52.0912 2.67093
      vertex 5.25058 52.0912 1.71067
      vertex 5.44677 52.0913 1.71001
    endloop
  endfacet
  facet normal -1 -0.000448873 0
    outer loop
      vertex 5.25058 52.0912 1.71067
      vertex 5.25058 52.0912 2.67093
      vertex 5.25042 52.4513 2.67093
    endloop
  endfacet
  facet normal -1 -0.000448873 0
    outer loop
      vertex 5.25042 52.4513 2.67093
      vertex 5.25042 52.4513 1.71067
      vertex 5.25058 52.0912 1.71067
    endloop
  endfacet
  facet normal -8.89996e-05 1 0
    outer loop
      vertex 5.61806 52.4514 1.70999
      vertex 5.44661 52.4514 1.71001
      vertex 5.44661 52.4514 2.90986
    endloop
  endfacet
  facet normal -0.000106238 1 0
    outer loop
      vertex 5.44661 52.4514 2.90986
      vertex 6.9547 52.4516 2.91134
      vertex 6.9547 52.4516 2.6263
    endloop
  endfacet
  facet normal -8.89996e-05 1 0
    outer loop
      vertex 5.61806 52.4514 2.6263
      vertex 5.61806 52.4514 1.70999
      vertex 5.44661 52.4514 2.90986
    endloop
  endfacet
  facet normal -0.00010845 1 -1.17599e-05
    outer loop
      vertex 5.44661 52.4514 2.90986
      vertex 6.9547 52.4516 2.6263
      vertex 5.61806 52.4514 2.6263
    endloop
  endfacet
  facet normal -0.00334911 -1.50331e-06 -0.999994
    outer loop
      vertex 5.44677 52.0913 1.71001
      vertex 5.25058 52.0912 1.71067
      vertex 5.25042 52.4513 1.71067
    endloop
  endfacet
  facet normal -0.00334911 -1.5032e-06 -0.999994
    outer loop
      vertex 5.25042 52.4513 1.71067
      vertex 5.44661 52.4514 1.71001
      vertex 5.44677 52.0913 1.71001
    endloop
  endfacet
  facet normal -0.000980491 -4.40255e-07 1
    outer loop
      vertex 5.44677 52.0913 2.90986
      vertex 6.95486 52.0914 2.91134
      vertex 6.9547 52.4516 2.91134
    endloop
  endfacet
  facet normal -0.000980491 -4.40255e-07 1
    outer loop
      vertex 6.9547 52.4516 2.91134
      vertex 5.44661 52.4514 2.90986
      vertex 5.44677 52.0913 2.90986
    endloop
  endfacet
  facet normal -0.772835 -0.000346859 0.634607
    outer loop
      vertex 5.25058 52.0912 2.67093
      vertex 5.44677 52.0913 2.90986
      vertex 5.44661 52.4514 2.90986
    endloop
  endfacet
  facet normal -0.772835 -0.000346884 0.634607
    outer loop
      vertex 5.44661 52.4514 2.90986
      vertex 5.25042 52.4513 2.67093
      vertex 5.25058 52.0912 2.67093
    endloop
  endfacet
  facet normal -0.000544416 1 0
    outer loop
      vertex 5.25042 52.4513 1.71067
      vertex 5.25042 52.4513 2.67093
      vertex 5.44661 52.4514 2.90986
    endloop
  endfacet
  facet normal -0.000544416 1 0
    outer loop
      vertex 5.44661 52.4514 2.90986
      vertex 5.44661 52.4514 1.71001
      vertex 5.25042 52.4513 1.71067
    endloop
  endfacet
  facet normal 0.000486086 -1 0
    outer loop
      vertex 5.44677 51.4507 1.71001
      vertex 5.44677 51.4507 2.90986
      vertex 5.25058 51.4506 2.67093
    endloop
  endfacet
  facet normal 0.000486086 -1 0
    outer loop
      vertex 5.25058 51.4506 2.67093
      vertex 5.25058 51.4506 1.71067
      vertex 5.44677 51.4507 1.71001
    endloop
  endfacet
  facet normal -1 -0.00044885 0
    outer loop
      vertex 5.25058 51.4506 1.71067
      vertex 5.25058 51.4506 2.67093
      vertex 5.25042 51.8108 2.67093
    endloop
  endfacet
  facet normal -1 -0.00044885 0
    outer loop
      vertex 5.25042 51.8108 2.67093
      vertex 5.25042 51.8108 1.71067
      vertex 5.25058 51.4506 1.71067
    endloop
  endfacet
  facet normal 0 1 0
    outer loop
      vertex 5.49303 51.8109 1.71001
      vertex 5.44661 51.8109 1.71001
      vertex 5.44661 51.8109 2.90986
    endloop
  endfacet
  facet normal -0.000108768 1 0
    outer loop
      vertex 5.44661 51.8109 2.90986
      vertex 6.9547 51.811 2.91134
      vertex 6.9547 51.811 2.6263
    endloop
  endfacet
  facet normal 0 1 0
    outer loop
      vertex 5.49303 51.8109 2.6263
      vertex 5.49303 51.8109 1.71001
      vertex 5.44661 51.8109 2.90986
    endloop
  endfacet
  facet normal -0.000112222 1 -1.83712e-05
    outer loop
      vertex 5.44661 51.8109 2.90986
      vertex 6.9547 51.811 2.6263
      vertex 5.49303 51.8109 2.6263
    endloop
  endfacet
  facet normal -0.00334911 -1.50323e-06 -0.999994
    outer loop
      vertex 5.44677 51.4507 1.71001
      vertex 5.25058 51.4506 1.71067
      vertex 5.25042 51.8108 1.71067
    endloop
  endfacet
  facet normal -0.00334911 -1.5032e-06 -0.999994
    outer loop
      vertex 5.25042 51.8108 1.71067
      vertex 5.44661 51.8109 1.71001
      vertex 5.44677 51.4507 1.71001
    endloop
  endfacet
  facet normal -0.000980491 -4.40255e-07 1
    outer loop
      vertex 5.44677 51.4507 2.90986
      vertex 6.95486 51.4509 2.91134
      vertex 6.9547 51.811 2.91134
    endloop
  endfacet
  facet normal -0.000980491 -4.40255e-07 1
    outer loop
      vertex 6.9547 51.811 2.91134
      vertex 5.44661 51.8109 2.90986
      vertex 5.44677 51.4507 2.90986
    endloop
  endfacet
  facet normal -0.772835 -0.000346859 0.634607
    outer loop
      vertex 5.25058 51.4506 2.67093
      vertex 5.44677 51.4507 2.90986
      vertex 5.44661 51.8109 2.90986
    endloop
  endfacet
  facet normal -0.772835 -0.000346866 0.634607
    outer loop
      vertex 5.44661 51.8109 2.90986
      vertex 5.25042 51.8108 2.67093
      vertex 5.25058 51.4506 2.67093
    endloop
  endfacet
  facet normal -0.000524973 1 0
    outer loop
      vertex 5.25042 51.8108 1.71067
      vertex 5.25042 51.8108 2.67093
      vertex 5.44661 51.8109 2.90986
    endloop
  endfacet
  facet normal -0.000524973 1 0
    outer loop
      vertex 5.44661 51.8109 2.90986
      vertex 5.44661 51.8109 1.71001
      vertex 5.25042 51.8108 1.71067
    endloop
  endfacet
  facet normal 0.000408312 -1 0
    outer loop
      vertex 5.44677 50.836 1.71001
      vertex 5.44677 50.836 2.90986
      vertex 5.25058 50.8359 2.67093
    endloop
  endfacet
  facet normal 0.000408312 -1 0
    outer loop
      vertex 5.25058 50.8359 2.67093
      vertex 5.25058 50.8359 1.71067
      vertex 5.44677 50.836 1.71001
    endloop
  endfacet
  facet normal -1 -0.000448869 0
    outer loop
      vertex 5.25058 50.8359 1.71067
      vertex 5.25058 50.8359 2.67093
      vertex 5.25042 51.1961 2.67093
    endloop
  endfacet
  facet normal -1 -0.000448869 0
    outer loop
      vertex 5.25042 51.1961 2.67093
      vertex 5.25042 51.1961 1.71067
      vertex 5.25058 50.8359 1.71067
    endloop
  endfacet
  facet normal 0 1 0
    outer loop
      vertex 5.46432 51.1962 1.71001
      vertex 5.44661 51.1962 1.71001
      vertex 5.44661 51.1962 2.90986
    endloop
  endfacet
  facet normal -0.000108768 1 0
    outer loop
      vertex 5.44661 51.1962 2.90986
      vertex 6.9547 51.1963 2.91134
      vertex 6.9547 51.1963 2.6263
    endloop
  endfacet
  facet normal 0 1 0
    outer loop
      vertex 5.46432 51.1962 2.6263
      vertex 5.46432 51.1962 1.71001
      vertex 5.44661 51.1962 2.90986
    endloop
  endfacet
  facet normal -0.00011006 1 -6.87417e-06
    outer loop
      vertex 5.44661 51.1962 2.90986
      vertex 6.9547 51.1963 2.6263
      vertex 5.46432 51.1962 2.6263
    endloop
  endfacet
  facet normal -0.00334911 -1.50329e-06 -0.999994
    outer loop
      vertex 5.44677 50.836 1.71001
      vertex 5.25058 50.8359 1.71067
      vertex 5.25042 51.1961 1.71067
    endloop
  endfacet
  facet normal -0.00334911 -1.5032e-06 -0.999994
    outer loop
      vertex 5.25042 51.1961 1.71067
      vertex 5.44661 51.1962 1.71001
      vertex 5.44677 50.836 1.71001
    endloop
  endfacet
  facet normal -0.000980491 -4.40255e-07 1
    outer loop
      vertex 5.44677 50.836 2.90986
      vertex 6.95486 50.8362 2.91134
      vertex 6.9547 51.1963 2.91134
    endloop
  endfacet
  facet normal -0.000980491 -4.40255e-07 1
    outer loop
      vertex 6.9547 51.1963 2.91134
      vertex 5.44661 51.1962 2.90986
      vertex 5.44677 50.836 2.90986
    endloop
  endfacet
  facet normal -0.772835 -0.000346859 0.634607
    outer loop
      vertex 5.25058 50.8359 2.67093
      vertex 5.44677 50.836 2.90986
      vertex 5.44661 51.1962 2.90986
    endloop
  endfacet
  facet normal -0.772835 -0.000346881 0.634607
    outer loop
      vertex 5.44661 51.1962 2.90986
      vertex 5.25042 51.1961 2.67093
      vertex 5.25058 50.8359 2.67093
    endloop
  endfacet
  facet normal -0.000524973 1 0
    outer loop
      vertex 5.25042 51.1961 1.71067
      vertex 5.25042 51.1961 2.67093
      vertex 5.44661 51.1962 2.90986
    endloop
  endfacet
  facet normal -0.000524973 1 0
    outer loop
      vertex 5.44661 51.1962 2.90986
      vertex 5.44661 51.1962 1.71001
      vertex 5.25042 51.1961 1.71067
    endloop
  endfacet
  facet normal 0.0122847 -0.003526 0.999918
    outer loop
      vertex 7.41745 38.8815 3.83222
      vertex 8.86703 38.4655 3.81294
      vertex 9.07871 39.203 3.81294
    endloop
  endfacet
  facet normal 0.0122846 -0.00352522 0.999918
    outer loop
      vertex 9.07871 39.203 3.81294
      vertex 7.62909 39.619 3.83222
      vertex 7.41745 38.8815 3.83222
    endloop
  endfacet
  facet normal -0.585319 0.167965 0.793215
    outer loop
      vertex 6.5093 39.1422 3.1069
      vertex 7.41745 38.8815 3.83222
      vertex 7.62909 39.619 3.83222
    endloop
  endfacet
  facet normal -0.585325 0.167998 0.793203
    outer loop
      vertex 7.62909 39.619 3.83222
      vertex 6.72098 39.8797 3.1069
      vertex 6.5093 39.1422 3.1069
    endloop
  endfacet
  facet normal 0.0122846 -0.00352516 0.999918
    outer loop
      vertex 7.81793 40.422 3.83222
      vertex 9.26755 40.006 3.81294
      vertex 9.47919 40.7436 3.81294
    endloop
  endfacet
  facet normal 0.0122849 -0.00352663 0.999918
    outer loop
      vertex 9.47919 40.7436 3.81294
      vertex 8.02965 41.1596 3.83222
      vertex 7.81793 40.422 3.83222
    endloop
  endfacet
  facet normal -0.58532 0.168028 0.793201
    outer loop
      vertex 6.90982 40.6827 3.1069
      vertex 7.81793 40.422 3.83222
      vertex 8.02965 41.1596 3.83222
    endloop
  endfacet
  facet normal -0.585306 0.167959 0.793226
    outer loop
      vertex 8.02965 41.1596 3.83222
      vertex 7.12146 41.4202 3.1069
      vertex 6.90982 40.6827 3.1069
    endloop
  endfacet
  facet normal 0 0 1
    outer loop
      vertex 5.46432 41.7511 2.6263
      vertex 8.17679 41.7511 2.6263
      vertex 8.68091 43.2295 2.6263
    endloop
  endfacet
  facet normal 0 0 1
    outer loop
      vertex 8.68091 43.2295 2.6263
      vertex 5.46432 43.2295 2.6263
      vertex 5.46432 41.7511 2.6263
    endloop
  endfacet
  facet normal -0.981497 0.191478 0
    outer loop
      vertex 5.60322 52.3756 1.01277
      vertex 5.46432 51.6636 1.01277
      vertex 5.46432 51.6636 1.71001
    endloop
  endfacet
  facet normal -0.981467 0.191633 0
    outer loop
      vertex 5.49303 51.8109 1.71001
      vertex 5.49303 51.8109 2.6263
      vertex 5.54778 52.0913 2.6263
    endloop
  endfacet
  facet normal -0.981523 0.191347 -0.000139311
    outer loop
      vertex 5.60322 52.3756 1.01277
      vertex 5.46432 51.6636 1.71001
      vertex 5.49303 51.8109 1.71001
    endloop
  endfacet
  facet normal -0.98149 0.191515 0
    outer loop
      vertex 5.72905 53.0205 2.6263
      vertex 5.72905 53.0205 1.01277
      vertex 5.60322 52.3756 1.01277
    endloop
  endfacet
  facet normal -0.981503 0.191446 0
    outer loop
      vertex 5.61806 52.4514 1.70999
      vertex 5.61806 52.4514 2.6263
      vertex 5.72905 53.0205 2.6263
    endloop
  endfacet
  facet normal -0.981467 0.191633 0
    outer loop
      vertex 5.49303 51.8109 1.71001
      vertex 5.54778 52.0913 2.6263
      vertex 5.54778 52.0913 1.71
    endloop
  endfacet
  facet normal -0.981528 0.191321 8.05986e-05
    outer loop
      vertex 5.61806 52.4514 1.70999
      vertex 5.72905 53.0205 2.6263
      vertex 5.60322 52.3756 1.01277
    endloop
  endfacet
  facet normal 0.0618413 -0.0120377 0.998013
    outer loop
      vertex 5.49303 51.8109 1.71001
      vertex 5.54778 52.0913 1.71
      vertex 5.61806 52.4514 1.70999
    endloop
  endfacet
  facet normal -0.981478 0.191574 5.20196e-05
    outer loop
      vertex 5.49303 51.8109 1.71001
      vertex 5.61806 52.4514 1.70999
      vertex 5.60322 52.3756 1.01277
    endloop
  endfacet
  facet normal 0 0 -1
    outer loop
      vertex 8.77019 36.9443 1.01277
      vertex 8.76805 32.5719 1.01277
      vertex 8.59369 32.5641 1.01277
    endloop
  endfacet
  facet normal 0 0 -1
    outer loop
      vertex 8.59369 32.5641 1.01277
      vertex 8.59559 37.4699 1.01277
      vertex 8.77019 36.9443 1.01277
    endloop
  endfacet
  facet normal 0 1 0
    outer loop
      vertex 5.72905 53.0205 1.01277
      vertex 5.72905 53.0205 2.6263
      vertex 9.31405 53.0205 2.6263
    endloop
  endfacet
  facet normal 0.000789541 0.999998 -0.00175423
    outer loop
      vertex 9.31405 53.0205 2.6263
      vertex 9.31405 53.0176 1.01277
      vertex 5.72905 53.0205 1.01277
    endloop
  endfacet
  facet normal 1 0 0
    outer loop
      vertex 9.31405 51.6609 1.07734
      vertex 9.31405 51.6608 1.01277
      vertex 9.31405 52.3755 1.01277
    endloop
  endfacet
  facet normal 1 0 0
    outer loop
      vertex 9.31405 52.3755 1.01277
      vertex 9.31405 53.0176 1.01277
      vertex 9.31405 53.0205 2.6263
    endloop
  endfacet
  facet normal 1 0 0
    outer loop
      vertex 9.31405 53.0205 2.6263
      vertex 9.31405 51.6636 2.6263
      vertex 9.31405 51.6626 2.04522
    endloop
  endfacet
  facet normal 1 0 0
    outer loop
      vertex 9.31405 53.0205 2.6263
      vertex 9.31405 51.6626 2.04522
      vertex 9.31405 51.6648 2.04522
    endloop
  endfacet
  facet normal 1 0 0
    outer loop
      vertex 9.31405 51.6648 1.07734
      vertex 9.31405 51.6609 1.07734
      vertex 9.31405 52.3755 1.01277
    endloop
  endfacet
  facet normal 1 0 0
    outer loop
      vertex 9.31405 53.0205 2.6263
      vertex 9.31405 51.6648 2.04522
      vertex 9.31405 51.6648 1.07734
    endloop
  endfacet
  facet normal 1 0 0
    outer loop
      vertex 9.31405 52.3755 1.01277
      vertex 9.31405 53.0205 2.6263
      vertex 9.31405 51.6648 1.07734
    endloop
  endfacet
  facet normal -1 0 0
    outer loop
      vertex 5.46432 36.9443 1.01277
      vertex 5.46432 32.9996 1.01277
      vertex 5.46432 34.9922 1.13149
    endloop
  endfacet
  facet normal -1 0 0
    outer loop
      vertex 5.46432 34.9922 1.13149
      vertex 5.46432 37.6088 1.13149
      vertex 5.46432 36.9443 1.01277
    endloop
  endfacet
  facet normal 0 0 -1
    outer loop
      vertex 9.31405 53.0176 1.01277
      vertex 9.31405 52.3755 1.01277
      vertex 5.60322 52.3756 1.01277
    endloop
  endfacet
  facet normal 0 0 -1
    outer loop
      vertex 5.60322 52.3756 1.01277
      vertex 5.72905 53.0205 1.01277
      vertex 9.31405 53.0176 1.01277
    endloop
  endfacet
  facet normal 0 0 1
    outer loop
      vertex 5.46432 32.9996 2.6263
      vertex 6.53498 32.575 2.6263
      vertex 6.53781 36.9443 2.6263
    endloop
  endfacet
  facet normal 0 0 1
    outer loop
      vertex 6.53781 36.9443 2.6263
      vertex 5.46432 36.9443 2.6263
      vertex 5.46432 32.9996 2.6263
    endloop
  endfacet
  facet normal -1 0 0
    outer loop
      vertex 5.46432 43.2295 1.01277
      vertex 5.46432 43.2295 2.6263
      vertex 5.46432 43.2314 2.6263
    endloop
  endfacet
  facet normal -1 0 0
    outer loop
      vertex 5.46432 43.2314 2.6263
      vertex 5.46432 43.2314 1.01277
      vertex 5.46432 43.2295 1.01277
    endloop
  endfacet
  facet normal 0 0 1
    outer loop
      vertex 5.46432 43.2295 2.6263
      vertex 8.68091 43.2295 2.6263
      vertex 8.68091 43.2314 2.6263
    endloop
  endfacet
  facet normal 0 0 1
    outer loop
      vertex 8.68091 43.2314 2.6263
      vertex 5.46432 43.2314 2.6263
      vertex 5.46432 43.2295 2.6263
    endloop
  endfacet
  facet normal 0 0 -1
    outer loop
      vertex 9.31983 32.0874 1.01277
      vertex 9.31931 31.5855 1.01277
      vertex 9.14281 31.5855 1.01277
    endloop
  endfacet
  facet normal 0 0 -1
    outer loop
      vertex 9.14281 31.5855 1.01277
      vertex 9.14329 32.1117 1.01277
      vertex 9.31983 32.0874 1.01277
    endloop
  endfacet
  facet normal -1 0 0
    outer loop
      vertex 5.46432 41.7511 1.01277
      vertex 5.46432 41.7511 2.6263
      vertex 5.46432 43.2295 2.6263
    endloop
  endfacet
  facet normal -1 0 0
    outer loop
      vertex 5.46432 43.2295 2.6263
      vertex 5.46432 43.2295 1.01277
      vertex 5.46432 41.7511 1.01277
    endloop
  endfacet
  facet normal 0 0 1
    outer loop
      vertex 6.98188 31.5855 2.6263
      vertex 7.25724 31.5855 2.6263
      vertex 7.25765 32.0874 2.6263
    endloop
  endfacet
  facet normal 0 0 1
    outer loop
      vertex 7.25765 32.0874 2.6263
      vertex 6.98188 32.0874 2.6263
      vertex 6.98188 31.5855 2.6263
    endloop
  endfacet
  facet normal -1 0 0
    outer loop
      vertex 6.98188 31.5855 1.01277
      vertex 6.98188 31.5855 2.6263
      vertex 6.98188 32.0874 2.6263
    endloop
  endfacet
  facet normal -1 0 0
    outer loop
      vertex 6.98188 32.0874 2.6263
      vertex 6.98188 32.0874 1.01277
      vertex 6.98188 31.5855 1.01277
    endloop
  endfacet
  facet normal 0 0 1
    outer loop
      vertex 6.98188 32.0874 2.6263
      vertex 7.25765 32.0874 2.6263
      vertex 6.53498 32.575 2.6263
    endloop
  endfacet
  facet normal 0 0 1
    outer loop
      vertex 6.53498 32.575 2.6263
      vertex 5.46432 32.9996 2.6263
      vertex 6.98188 32.0874 2.6263
    endloop
  endfacet
  facet normal 0 0 1
    outer loop
      vertex 8.29442 50.6507 1.01277
      vertex 8.29442 50.1809 1.01277
      vertex 8.50606 50.1809 1.01277
    endloop
  endfacet
  facet normal 0 0 1
    outer loop
      vertex 8.50606 50.1809 1.01277
      vertex 8.50606 50.6844 1.01277
      vertex 8.29442 50.6507 1.01277
    endloop
  endfacet
  facet normal -0.515179 -0.857083 0
    outer loop
      vertex 6.98188 32.0874 1.01277
      vertex 6.98188 32.0874 2.6263
      vertex 5.46432 32.9996 2.6263
    endloop
  endfacet
  facet normal -0.515179 -0.857083 0
    outer loop
      vertex 5.46432 32.9996 2.6263
      vertex 5.46432 32.9996 1.01277
      vertex 6.98188 32.0874 1.01277
    endloop
  endfacet
  facet normal 1 0 0
    outer loop
      vertex 8.68091 43.2314 1.07734
      vertex 8.68091 43.2314 1.01277
      vertex 8.68091 44.3473 1.01277
    endloop
  endfacet
  facet normal 1 0 0
    outer loop
      vertex 8.68091 44.3473 1.01277
      vertex 8.68091 44.3473 1.07734
      vertex 8.68091 44.3089 1.07734
    endloop
  endfacet
  facet normal 1 0 0
    outer loop
      vertex 8.68091 44.3473 1.01277
      vertex 8.68091 44.3089 1.07734
      vertex 8.68091 43.2314 1.07734
    endloop
  endfacet
  facet normal 0 0 1
    outer loop
      vertex 5.46432 44.3473 2.6263
      vertex 5.46432 43.2314 2.6263
      vertex 5.98509 44.0199 2.6263
    endloop
  endfacet
  facet normal 0 0 1
    outer loop
      vertex 5.98509 44.0199 2.6263
      vertex 5.98509 45.0016 2.6263
      vertex 5.46432 44.3473 2.6263
    endloop
  endfacet
  facet normal 0 0 -1
    outer loop
      vertex 12.3108 40.8109 1.01277
      vertex 11.5464 41.117 1.01277
      vertex 11.5644 41.253 1.01277
    endloop
  endfacet
  facet normal 0 0 -1
    outer loop
      vertex 11.5644 41.253 1.01277
      vertex 12.2344 41.253 1.01277
      vertex 12.3108 40.8109 1.01277
    endloop
  endfacet
  facet normal -1 0 0
    outer loop
      vertex 5.46432 43.2314 1.01277
      vertex 5.46432 43.2314 2.6263
      vertex 5.46432 44.3473 2.6263
    endloop
  endfacet
  facet normal -1 0 0
    outer loop
      vertex 5.46432 44.3473 2.6263
      vertex 5.46432 44.3473 1.01277
      vertex 5.46432 43.2314 1.01277
    endloop
  endfacet
  facet normal 0.843967 0.536396 0
    outer loop
      vertex 8.68091 44.3473 1.01277
      vertex 8.29442 44.9554 1.01277
      vertex 8.29442 44.9554 1.07734
    endloop
  endfacet
  facet normal 0.843967 0.536396 0
    outer loop
      vertex 8.29442 44.9554 1.07734
      vertex 8.68091 44.3473 1.07734
      vertex 8.68091 44.3473 1.01277
    endloop
  endfacet
  facet normal 0 0 1
    outer loop
      vertex 8.29442 44.9554 2.6263
      vertex 8.29442 50.6507 2.6263
      vertex 7.91344 50.547 2.6263
    endloop
  endfacet
  facet normal 0 0 1
    outer loop
      vertex 7.91344 50.547 2.6263
      vertex 7.91344 45.5366 2.6263
      vertex 8.29442 44.9554 2.6263
    endloop
  endfacet
  facet normal 0 0 -1
    outer loop
      vertex 8.76805 32.5719 1.01277
      vertex 9.31983 32.0874 1.01277
      vertex 9.14329 32.1117 1.01277
    endloop
  endfacet
  facet normal 0 0 -1
    outer loop
      vertex 9.14329 32.1117 1.01277
      vertex 8.59369 32.5641 1.01277
      vertex 8.76805 32.5719 1.01277
    endloop
  endfacet
  facet normal -1 0 0
    outer loop
      vertex 5.46432 44.9554 1.01277
      vertex 5.46432 44.3473 1.01277
      vertex 5.46432 44.4483 1.10571
    endloop
  endfacet
  facet normal -1 0 0
    outer loop
      vertex 5.46432 44.4483 1.10571
      vertex 5.46432 44.9952 1.10571
      vertex 5.46432 44.9554 1.01277
    endloop
  endfacet
  facet normal 0.703769 -0.710428 0.00104957
    outer loop
      vertex 8.29442 50.6507 1.01277
      vertex 9.31405 51.6608 1.01277
      vertex 9.31405 51.6609 1.07734
    endloop
  endfacet
  facet normal 0.703803 -0.710395 0
    outer loop
      vertex 9.31405 51.6609 1.07734
      vertex 8.29442 50.6507 1.07734
      vertex 8.29442 50.6507 1.01277
    endloop
  endfacet
  facet normal 0 0 1
    outer loop
      vertex 5.46432 50.836 2.6263
      vertex 5.46432 50.6507 2.6263
      vertex 8.29442 50.6507 2.6263
    endloop
  endfacet
  facet normal 0 0 1
    outer loop
      vertex 8.29442 50.6507 2.6263
      vertex 9.31405 51.6636 2.6263
      vertex 6.95478 51.6636 2.6263
    endloop
  endfacet
  facet normal 0 0 1
    outer loop
      vertex 6.95486 51.4509 2.6263
      vertex 5.46432 51.4507 2.6263
      vertex 5.46432 51.1962 2.6263
    endloop
  endfacet
  facet normal 0 0 1
    outer loop
      vertex 8.29442 50.6507 2.6263
      vertex 6.95478 51.6636 2.6263
      vertex 6.95486 51.4509 2.6263
    endloop
  endfacet
  facet normal 0 0 1
    outer loop
      vertex 6.95486 50.8362 2.6263
      vertex 5.46432 50.836 2.6263
      vertex 8.29442 50.6507 2.6263
    endloop
  endfacet
  facet normal 0 0 1
    outer loop
      vertex 6.95486 51.4509 2.6263
      vertex 5.46432 51.1962 2.6263
      vertex 6.9547 51.1963 2.6263
    endloop
  endfacet
  facet normal 0 0 1
    outer loop
      vertex 6.9547 51.1963 2.6263
      vertex 6.95486 50.8362 2.6263
      vertex 8.29442 50.6507 2.6263
    endloop
  endfacet
  facet normal 0 0 1
    outer loop
      vertex 8.29442 50.6507 2.6263
      vertex 6.95486 51.4509 2.6263
      vertex 6.9547 51.1963 2.6263
    endloop
  endfacet
  facet normal 0 0 -1
    outer loop
      vertex 14.4129 40.8109 1.01277
      vertex 12.3108 40.8109 1.01277
      vertex 12.2344 41.253 1.01277
    endloop
  endfacet
  facet normal 0 0 -1
    outer loop
      vertex 12.2344 41.253 1.01277
      vertex 14.4129 41.253 1.01277
      vertex 14.4129 40.8109 1.01277
    endloop
  endfacet
  facet normal -1 0 0
    outer loop
      vertex 5.46432 50.6507 1.01277
      vertex 5.46432 50.6507 2.6263
      vertex 5.46432 50.836 2.6263
    endloop
  endfacet
  facet normal -1 0 0
    outer loop
      vertex 5.46432 50.6507 1.01277
      vertex 5.46432 50.836 2.6263
      vertex 5.46432 50.836 1.71001
    endloop
  endfacet
  facet normal -1 0 0
    outer loop
      vertex 5.46432 51.6636 1.71001
      vertex 5.46432 51.6636 1.01277
      vertex 5.46432 50.6507 1.01277
    endloop
  endfacet
  facet normal -1 0 0
    outer loop
      vertex 5.46432 51.1962 2.6263
      vertex 5.46432 51.4507 2.6263
      vertex 5.46432 51.4507 1.71001
    endloop
  endfacet
  facet normal -1 0 0
    outer loop
      vertex 5.46432 51.4507 1.71001
      vertex 5.46432 51.6636 1.71001
      vertex 5.46432 50.6507 1.01277
    endloop
  endfacet
  facet normal -1 0 0
    outer loop
      vertex 5.46432 50.6507 1.01277
      vertex 5.46432 50.836 1.71001
      vertex 5.46432 51.1962 1.71001
    endloop
  endfacet
  facet normal -1 0 0
    outer loop
      vertex 5.46432 51.1962 1.71001
      vertex 5.46432 51.1962 2.6263
      vertex 5.46432 51.4507 1.71001
    endloop
  endfacet
  facet normal -1 0 0
    outer loop
      vertex 5.46432 50.6507 1.01277
      vertex 5.46432 51.1962 1.71001
      vertex 5.46432 51.4507 1.71001
    endloop
  endfacet
  facet normal -1 0 0
    outer loop
      vertex 5.46432 44.9554 2.6263
      vertex 5.46432 50.6507 2.6263
      vertex 5.46432 50.1168 2.18391
    endloop
  endfacet
  facet normal -1 0 0
    outer loop
      vertex 5.46432 50.1168 2.18391
      vertex 5.46432 44.9952 2.18391
      vertex 5.46432 44.9554 2.6263
    endloop
  endfacet
  facet normal 0 0 1
    outer loop
      vertex 5.46432 44.9554 1.01277
      vertex 5.46432 50.6507 1.01277
      vertex 5.09704 50.7877 1.01277
    endloop
  endfacet
  facet normal 0 0 1
    outer loop
      vertex 5.09704 50.7877 1.01277
      vertex 5.09704 44.8343 1.01277
      vertex 5.46432 44.9554 1.01277
    endloop
  endfacet
  facet normal 0 0 1
    outer loop
      vertex 5.46432 43.2314 2.6263
      vertex 8.68091 43.2314 2.6263
      vertex 7.91582 44.0199 2.6263
    endloop
  endfacet
  facet normal 0 0 1
    outer loop
      vertex 7.91582 44.0199 2.6263
      vertex 5.98509 44.0199 2.6263
      vertex 5.46432 43.2314 2.6263
    endloop
  endfacet
  facet normal 1 0 0
    outer loop
      vertex 8.29442 44.9554 1.07734
      vertex 8.29442 44.9554 1.01277
      vertex 8.29442 46.2667 1.01277
    endloop
  endfacet
  facet normal 1 0 0
    outer loop
      vertex 8.29442 46.2667 1.01277
      vertex 8.29442 46.2667 1.07734
      vertex 8.29442 45.614 1.07734
    endloop
  endfacet
  facet normal 0 0 0
    outer loop
      vertex 8.29442 45.614 1.07734
      vertex 8.29442 45.2973 1.07734
      vertex 8.29442 45.1612 1.07734
    endloop
  endfacet
  facet normal 1 0 0
    outer loop
      vertex 8.29442 45.1612 1.07734
      vertex 8.29442 44.9554 1.07734
      vertex 8.29442 46.2667 1.01277
    endloop
  endfacet
  facet normal 1 0 0
    outer loop
      vertex 8.29442 46.2667 1.01277
      vertex 8.29442 45.614 1.07734
      vertex 8.29442 45.1612 1.07734
    endloop
  endfacet
  facet normal -0.511243 -0.757683 0.405645
    outer loop
      vertex 6.53498 32.575 3.07654
      vertex 7.25765 32.0874 3.07654
      vertex 7.61615 32.0874 3.52837
    endloop
  endfacet
  facet normal -0.511243 -0.757683 0.405645
    outer loop
      vertex 7.61615 32.0874 3.52837
      vertex 6.89348 32.575 3.52837
      vertex 6.53498 32.575 3.07654
    endloop
  endfacet
  facet normal -0.800795 0.273015 0.533095
    outer loop
      vertex 8.2611 41.1161 3.52837
      vertex 8.17679 41.7511 3.07654
      vertex 7.97999 41.1738 3.07654
    endloop
  endfacet
  facet normal 0.55199 0.811012 -0.193818
    outer loop
      vertex 7.97999 41.1738 3.07654
      vertex 8.02965 41.1596 3.15841
      vertex 8.25427 41.0951 3.52837
    endloop
  endfacet
  facet normal -0.804115 0.26179 0.533727
    outer loop
      vertex 7.97999 41.1738 3.07654
      vertex 8.25427 41.0951 3.52837
      vertex 8.2611 41.1161 3.52837
    endloop
  endfacet
  facet normal 0 0 -1
    outer loop
      vertex 9.8142 41.117 1.01277
      vertex 8.77019 36.9443 1.01277
      vertex 8.59559 37.4699 1.01277
    endloop
  endfacet
  facet normal 0 0 -1
    outer loop
      vertex 8.59559 37.4699 1.01277
      vertex 9.65242 41.253 1.01277
      vertex 9.8142 41.117 1.01277
    endloop
  endfacet
  facet normal 0 0 1
    outer loop
      vertex 5.46432 50.6507 1.01277
      vertex 5.46432 51.6636 1.01277
      vertex 5.09704 51.6754 1.01277
    endloop
  endfacet
  facet normal 0 0 1
    outer loop
      vertex 5.09704 51.6754 1.01277
      vertex 5.09704 50.7877 1.01277
      vertex 5.46432 50.6507 1.01277
    endloop
  endfacet
  facet normal 0 0 1
    outer loop
      vertex 5.46432 32.9996 1.01277
      vertex 5.46432 36.9443 1.01277
      vertex 5.09704 37.4699 1.01277
    endloop
  endfacet
  facet normal 0 0 1
    outer loop
      vertex 5.09704 37.4699 1.01277
      vertex 5.09704 33.0087 1.01277
      vertex 5.46432 32.9996 1.01277
    endloop
  endfacet
  facet normal 0 0 1
    outer loop
      vertex 8.29442 44.9554 1.01277
      vertex 8.68091 44.3473 1.01277
      vertex 8.84483 44.3013 1.01277
    endloop
  endfacet
  facet normal 0 0 1
    outer loop
      vertex 8.84483 44.3013 1.01277
      vertex 8.50606 44.8343 1.01277
      vertex 8.29442 44.9554 1.01277
    endloop
  endfacet
  facet normal 0 0 1
    outer loop
      vertex 8.68091 43.2314 1.01277
      vertex 10.114 43.2309 1.01277
      vertex 9.91509 43.5023 1.01277
    endloop
  endfacet
  facet normal 0 0 1
    outer loop
      vertex 9.91509 43.5023 1.01277
      vertex 8.84483 43.5027 1.01277
      vertex 8.68091 43.2314 1.01277
    endloop
  endfacet
  facet normal -0.783366 0.000507486 0.62156
    outer loop
      vertex 6.53781 36.9443 3.07654
      vertex 6.53498 32.575 3.07654
      vertex 6.89348 32.575 3.52837
    endloop
  endfacet
  facet normal -0.783366 0.000507486 0.62156
    outer loop
      vertex 6.89348 32.575 3.52837
      vertex 6.89631 36.9443 3.52837
      vertex 6.53781 36.9443 3.07654
    endloop
  endfacet
  facet normal 0 0.477998 0.878361
    outer loop
      vertex 10.1139 43.2295 3.07654
      vertex 8.68091 43.2295 3.07654
      vertex 8.68091 42.3993 3.52837
    endloop
  endfacet
  facet normal 0 0.477998 0.878361
    outer loop
      vertex 8.68091 42.3993 3.52837
      vertex 10.1139 42.3993 3.52837
      vertex 10.1139 43.2295 3.07654
    endloop
  endfacet
  facet normal -0.783332 0.00063111 0.621603
    outer loop
      vertex 7.25765 32.0874 3.07654
      vertex 7.25724 31.5855 3.07654
      vertex 7.61579 31.5855 3.52837
    endloop
  endfacet
  facet normal -0.783366 0.000568619 0.62156
    outer loop
      vertex 7.61579 31.5855 3.52837
      vertex 7.61615 32.0874 3.52837
      vertex 7.25765 32.0874 3.07654
    endloop
  endfacet
  facet normal -1 0.000805673 0
    outer loop
      vertex 7.25765 32.0874 2.6263
      vertex 7.25724 31.5855 2.6263
      vertex 7.25724 31.5855 3.07654
    endloop
  endfacet
  facet normal -1 0.000805673 0
    outer loop
      vertex 7.25724 31.5855 3.07654
      vertex 7.25765 32.0874 3.07654
      vertex 7.25765 32.0874 2.6263
    endloop
  endfacet
  facet normal 0 1 0
    outer loop
      vertex 10.1139 43.2295 2.40892
      vertex 8.68091 43.2295 2.6263
      vertex 8.68091 43.2295 3.07654
    endloop
  endfacet
  facet normal 0 1 0
    outer loop
      vertex 8.68091 43.2295 3.07654
      vertex 10.1139 43.2295 3.07654
      vertex 10.1139 43.2295 2.40892
    endloop
  endfacet
  facet normal -1 0.000647827 0
    outer loop
      vertex 6.53781 36.9443 2.6263
      vertex 6.53498 32.575 2.6263
      vertex 6.53498 32.575 3.07654
    endloop
  endfacet
  facet normal -1 0.000647827 0
    outer loop
      vertex 6.53498 32.575 3.07654
      vertex 6.53781 36.9443 3.07654
      vertex 6.53781 36.9443 2.6263
    endloop
  endfacet
  facet normal -0.946504 0.322692 0
    outer loop
      vertex 8.17679 41.7511 3.07654
      vertex 8.17679 41.7511 2.6263
      vertex 7.97999 41.1738 2.63132
    endloop
  endfacet
  facet normal -0.946504 0.322692 0
    outer loop
      vertex 7.97999 41.1738 2.63132
      vertex 7.97999 41.1738 3.07654
      vertex 8.17679 41.7511 3.07654
    endloop
  endfacet
  facet normal -0.559328 -0.828946 0
    outer loop
      vertex 6.53498 32.575 2.6263
      vertex 7.25765 32.0874 2.6263
      vertex 7.25765 32.0874 3.07654
    endloop
  endfacet
  facet normal -0.559328 -0.828946 0
    outer loop
      vertex 7.25765 32.0874 3.07654
      vertex 6.53498 32.575 3.07654
      vertex 6.53498 32.575 2.6263
    endloop
  endfacet
  facet normal -0.436962 0.89948 0
    outer loop
      vertex 12.3112 43.6008 2.40892
      vertex 11.5469 43.2295 2.40892
      vertex 11.5469 43.2295 3.07654
    endloop
  endfacet
  facet normal -0.436962 0.89948 0
    outer loop
      vertex 11.5469 43.2295 3.07654
      vertex 12.3112 43.6008 3.07654
      vertex 12.3112 43.6008 2.40892
    endloop
  endfacet
  facet normal -0.22619 0.465609 0.855597
    outer loop
      vertex 12.3112 43.6008 3.07654
      vertex 11.5469 43.2295 3.07654
      vertex 11.5469 42.3993 3.52837
    endloop
  endfacet
  facet normal -0.481495 0.559843 0.674343
    outer loop
      vertex 11.5469 42.3993 3.52837
      vertex 12.3112 42.3993 4.07408
      vertex 12.3112 43.6008 3.07654
    endloop
  endfacet
  facet normal 0 1 5.64991e-05
    outer loop
      vertex 9.50086 52.3756 0
      vertex 9.31413 52.3756 0
      vertex 9.31405 52.3755 1.01277
    endloop
  endfacet
  facet normal 0.000694274 1 0.000184564
    outer loop
      vertex 9.31405 52.3755 1.01277
      vertex 9.50086 52.3754 1.01277
      vertex 9.50086 52.3756 0
    endloop
  endfacet
  facet normal 0 1 0.000975446
    outer loop
      vertex 10.1139 43.2299 2.04522
      vertex 10.1139 43.2295 2.40892
      vertex 11.5469 43.2295 2.40892
    endloop
  endfacet
  facet normal 0.000278452 1 0.000660786
    outer loop
      vertex 11.5469 43.2295 2.40892
      vertex 11.5469 43.2298 2.04522
      vertex 11.3414 43.2298 2.04522
    endloop
  endfacet
  facet normal 4.66151e-05 1 0.000791778
    outer loop
      vertex 11.5469 43.2295 2.40892
      vertex 11.3414 43.2298 2.04522
      vertex 10.1139 43.2299 2.04522
    endloop
  endfacet
  facet normal 0 0 1
    outer loop
      vertex 10.1139 42.3993 3.52837
      vertex 9.79908 41.1161 3.52837
      vertex 11.5445 41.1161 3.52837
    endloop
  endfacet
  facet normal 0 0 1
    outer loop
      vertex 11.5445 41.1161 3.52837
      vertex 11.5469 42.3993 3.52837
      vertex 10.1139 42.3993 3.52837
    endloop
  endfacet
  facet normal -0.946493 0.322724 0
    outer loop
      vertex 8.68091 43.2295 2.6263
      vertex 8.17679 41.7511 2.6263
      vertex 8.17679 41.7511 3.07654
    endloop
  endfacet
  facet normal -0.946493 0.322724 0
    outer loop
      vertex 8.17679 41.7511 3.07654
      vertex 8.68091 43.2295 3.07654
      vertex 8.68091 43.2295 2.6263
    endloop
  endfacet
  facet normal 0 0 1
    outer loop
      vertex 12.3112 42.3993 4.07408
      vertex 12.3094 40.8099 4.07408
      vertex 14.4129 40.8099 4.07408
    endloop
  endfacet
  facet normal 0 0 1
    outer loop
      vertex 14.4129 40.8099 4.07408
      vertex 14.4129 42.3993 4.07408
      vertex 12.3112 42.3993 4.07408
    endloop
  endfacet
  facet normal 0 0 1
    outer loop
      vertex 5.46432 43.2314 1.01277
      vertex 5.46432 44.3473 1.01277
      vertex 5.09704 44.3013 1.01277
    endloop
  endfacet
  facet normal 0 0 1
    outer loop
      vertex 5.09704 44.3013 1.01277
      vertex 5.09704 42.9804 1.01277
      vertex 5.46432 43.2314 1.01277
    endloop
  endfacet
  facet normal -0.80077 0.273037 0.533121
    outer loop
      vertex 8.68091 43.2295 3.07654
      vertex 8.17679 41.7511 3.07654
      vertex 8.2611 41.1161 3.52837
    endloop
  endfacet
  facet normal -0.825217 0.269981 0.496112
    outer loop
      vertex 8.2611 41.1161 3.52837
      vertex 8.68091 42.3993 3.52837
      vertex 8.68091 43.2295 3.07654
    endloop
  endfacet
  facet normal -1 0 0
    outer loop
      vertex 5.46432 32.9996 1.01277
      vertex 5.46432 32.9996 2.6263
      vertex 5.46432 34.9922 2.20182
    endloop
  endfacet
  facet normal -1 0 0
    outer loop
      vertex 5.46432 34.9922 2.20182
      vertex 5.46432 34.9922 1.13149
      vertex 5.46432 32.9996 1.01277
    endloop
  endfacet
  facet normal -0.0170422 0.0145126 0.999749
    outer loop
      vertex 7.74312 41.2418 2.6263
      vertex 7.97999 41.1738 2.63132
      vertex 8.17679 41.7511 2.6263
    endloop
  endfacet
  facet normal 0 0 1
    outer loop
      vertex 8.68091 42.3993 3.52837
      vertex 8.2611 41.1161 3.52837
      vertex 9.79908 41.1161 3.52837
    endloop
  endfacet
  facet normal 0 0 1
    outer loop
      vertex 9.79908 41.1161 3.52837
      vertex 10.1139 42.3993 3.52837
      vertex 8.68091 42.3993 3.52837
    endloop
  endfacet
  facet normal 0 0 1
    outer loop
      vertex 6.89348 32.575 3.52837
      vertex 7.61615 32.0874 3.52837
      vertex 9.31534 32.0874 3.52837
    endloop
  endfacet
  facet normal 0 0 1
    outer loop
      vertex 9.31534 32.0874 3.52837
      vertex 8.77334 32.575 3.52837
      vertex 6.89348 32.575 3.52837
    endloop
  endfacet
  facet normal 0 0 1
    outer loop
      vertex 6.89631 36.9443 3.52837
      vertex 6.89348 32.575 3.52837
      vertex 8.77334 32.575 3.52837
    endloop
  endfacet
  facet normal 0 0 1
    outer loop
      vertex 8.77334 32.575 3.52837
      vertex 8.77549 36.9443 3.52837
      vertex 6.89631 36.9443 3.52837
    endloop
  endfacet
  facet normal 0 0 1
    outer loop
      vertex 7.61615 32.0874 3.52837
      vertex 7.61579 31.5855 3.52837
      vertex 9.31506 31.5855 3.52837
    endloop
  endfacet
  facet normal 0 0 1
    outer loop
      vertex 9.31506 31.5855 3.52837
      vertex 9.31534 32.0874 3.52837
      vertex 7.61615 32.0874 3.52837
    endloop
  endfacet
  facet normal 0 0 1
    outer loop
      vertex 9.79908 41.1161 3.52837
      vertex 8.2611 41.1161 3.52837
      vertex 8.25427 41.0951 3.52837
    endloop
  endfacet
  facet normal 0 0 1
    outer loop
      vertex 9.79908 41.1161 3.52837
      vertex 8.25427 41.0951 3.52837
      vertex 9.47919 40.7436 3.52837
    endloop
  endfacet
  facet normal 0 0 1
    outer loop
      vertex 7.5204 38.852 3.52837
      vertex 6.89631 36.9443 3.52837
      vertex 8.77549 36.9443 3.52837
    endloop
  endfacet
  facet normal 0 0 1
    outer loop
      vertex 8.86703 38.4655 3.52837
      vertex 7.5204 38.852 3.52837
      vertex 8.77549 36.9443 3.52837
    endloop
  endfacet
  facet normal 0 0 1
    outer loop
      vertex 8.77549 36.9443 3.52837
      vertex 9.79908 41.1161 3.52837
      vertex 9.47919 40.7436 3.52837
    endloop
  endfacet
  facet normal 0 0 1
    outer loop
      vertex 9.26755 40.006 3.52837
      vertex 8.0155 40.3653 3.52837
      vertex 7.75917 39.5817 3.52837
    endloop
  endfacet
  facet normal 0 0 1
    outer loop
      vertex 8.77549 36.9443 3.52837
      vertex 9.47919 40.7436 3.52837
      vertex 9.26755 40.006 3.52837
    endloop
  endfacet
  facet normal 0 0 1
    outer loop
      vertex 9.07871 39.203 3.52837
      vertex 8.86703 38.4655 3.52837
      vertex 8.77549 36.9443 3.52837
    endloop
  endfacet
  facet normal 0 0 1
    outer loop
      vertex 9.26755 40.006 3.52837
      vertex 7.75917 39.5817 3.52837
      vertex 9.07871 39.203 3.52837
    endloop
  endfacet
  facet normal 0 0 1
    outer loop
      vertex 9.26755 40.006 3.52837
      vertex 9.07871 39.203 3.52837
      vertex 8.77549 36.9443 3.52837
    endloop
  endfacet
  facet normal 0 1 0
    outer loop
      vertex 11.5469 43.2295 2.40892
      vertex 10.1139 43.2295 2.40892
      vertex 10.1139 43.2295 3.07654
    endloop
  endfacet
  facet normal 0 1 0
    outer loop
      vertex 10.1139 43.2295 3.07654
      vertex 11.5469 43.2295 3.07654
      vertex 11.5469 43.2295 2.40892
    endloop
  endfacet
  facet normal 0 0.477998 0.878361
    outer loop
      vertex 11.5469 43.2295 3.07654
      vertex 10.1139 43.2295 3.07654
      vertex 10.1139 42.3993 3.52837
    endloop
  endfacet
  facet normal 0 0.477998 0.878361
    outer loop
      vertex 10.1139 42.3993 3.52837
      vertex 11.5469 42.3993 3.52837
      vertex 11.5469 43.2295 3.07654
    endloop
  endfacet
  facet normal -0.436962 0.89948 0.000384694
    outer loop
      vertex 11.5469 43.2295 2.40892
      vertex 12.3112 43.6008 2.40892
      vertex 12.3112 43.601 2.04522
    endloop
  endfacet
  facet normal -0.436881 0.899519 0.000594346
    outer loop
      vertex 12.3112 43.601 2.04522
      vertex 11.5469 43.2298 2.04522
      vertex 11.5469 43.2295 2.40892
    endloop
  endfacet
  facet normal -0.37177 -0.928325 -0.000559635
    outer loop
      vertex 12.3108 40.8109 1.01277
      vertex 12.3107 40.8109 1.07734
      vertex 11.5463 41.117 1.07734
    endloop
  endfacet
  facet normal -0.371766 -0.928326 -0.000510284
    outer loop
      vertex 11.5463 41.117 1.07734
      vertex 11.5464 41.117 1.01277
      vertex 12.3108 40.8109 1.01277
    endloop
  endfacet
  facet normal 0 -1 -0.000365227
    outer loop
      vertex 11.5456 41.1166 2.04522
      vertex 11.5445 41.1161 3.52837
      vertex 9.79908 41.1161 3.52837
    endloop
  endfacet
  facet normal 0 -1 -0.000365227
    outer loop
      vertex 9.79908 41.1161 3.52837
      vertex 9.80801 41.1166 2.04522
      vertex 11.2676 41.1166 2.04522
    endloop
  endfacet
  facet normal 0 -1 -0.000365227
    outer loop
      vertex 9.79908 41.1161 3.52837
      vertex 11.2676 41.1166 2.04522
      vertex 11.5456 41.1166 2.04522
    endloop
  endfacet
  facet normal 0.971192 -0.23829 -0.00200664
    outer loop
      vertex 9.79908 41.1161 3.52837
      vertex 8.77549 36.9443 3.52837
      vertex 8.77456 36.9443 3.07791
    endloop
  endfacet
  facet normal 0.970091 -0.242739 -0.00147739
    outer loop
      vertex 9.22509 38.7807 3.07791
      vertex 9.22364 38.7811 2.04522
      vertex 9.46136 39.7312 2.04522
    endloop
  endfacet
  facet normal 0.971196 -0.238272 -0.0021861
    outer loop
      vertex 9.79908 41.1161 3.52837
      vertex 8.77456 36.9443 3.07791
      vertex 9.22509 38.7807 3.07791
    endloop
  endfacet
  facet normal 0.970079 -0.242723 0.00575666
    outer loop
      vertex 9.46136 39.7312 2.04522
      vertex 9.80801 41.1166 2.04522
      vertex 9.79908 41.1161 3.52837
    endloop
  endfacet
  facet normal 0.971004 -0.239055 0.00212174
    outer loop
      vertex 9.79908 41.1161 3.52837
      vertex 9.22509 38.7807 3.07791
      vertex 9.46136 39.7312 2.04522
    endloop
  endfacet
  facet normal 0.999998 -0.000490671 -0.00215244
    outer loop
      vertex 8.77549 36.9443 3.52837
      vertex 8.77334 32.575 3.52837
      vertex 8.77237 32.5745 3.07791
    endloop
  endfacet
  facet normal 0.999998 -0.000499555 -0.00206626
    outer loop
      vertex 8.77237 32.5745 3.07791
      vertex 8.77456 36.9443 3.07791
      vertex 8.77549 36.9443 3.52837
    endloop
  endfacet
  facet normal 0.668825 0.743419 0.00120073
    outer loop
      vertex 8.77334 32.575 3.52837
      vertex 9.31534 32.0874 3.52837
      vertex 9.31615 32.0874 3.07791
    endloop
  endfacet
  facet normal 0.66718 0.744893 -0.00237641
    outer loop
      vertex 9.31615 32.0874 3.07791
      vertex 8.77237 32.5745 3.07791
      vertex 8.77334 32.575 3.52837
    endloop
  endfacet
  facet normal 0.999998 -0.0011268 0.00187558
    outer loop
      vertex 9.31983 32.0874 1.01277
      vertex 9.31971 32.0874 1.07734
      vertex 9.31915 31.5855 1.07734
    endloop
  endfacet
  facet normal 0.999996 -0.00104699 0.00249585
    outer loop
      vertex 9.31915 31.5855 1.07734
      vertex 9.31931 31.5855 1.01277
      vertex 9.31983 32.0874 1.01277
    endloop
  endfacet
  facet normal 0 -1 -0.000354441
    outer loop
      vertex 12.3108 40.8109 1.01277
      vertex 14.4129 40.8109 1.01277
      vertex 14.4129 40.8109 1.07734
    endloop
  endfacet
  facet normal 0 0 0
    outer loop
      vertex 14.4129 40.8109 1.07734
      vertex 13.8197 40.8109 1.07734
      vertex 13.0415 40.8109 1.07734
    endloop
  endfacet
  facet normal 0 -1 -0.000354441
    outer loop
      vertex 13.0415 40.8109 1.07734
      vertex 12.3107 40.8109 1.07734
      vertex 12.3108 40.8109 1.01277
    endloop
  endfacet
  facet normal 0 -1 -0.000354441
    outer loop
      vertex 14.4129 40.8109 1.07734
      vertex 13.0415 40.8109 1.07734
      vertex 12.3108 40.8109 1.01277
    endloop
  endfacet
  facet normal -0.580478 0.00109754 0.814275
    outer loop
      vertex 11.5469 42.3993 3.52837
      vertex 11.5445 41.1161 3.52837
      vertex 12.3094 40.8099 4.07408
    endloop
  endfacet
  facet normal -0.581095 0.000650308 0.813835
    outer loop
      vertex 12.3094 40.8099 4.07408
      vertex 12.3112 42.3993 4.07408
      vertex 11.5469 42.3993 3.52837
    endloop
  endfacet
  facet normal 0 0.638763 0.769403
    outer loop
      vertex 14.4129 43.6008 3.07654
      vertex 12.3112 43.6008 3.07654
      vertex 12.3112 42.3993 4.07408
    endloop
  endfacet
  facet normal 0 0.638763 0.769403
    outer loop
      vertex 12.3112 42.3993 4.07408
      vertex 14.4129 42.3993 4.07408
      vertex 14.4129 43.6008 3.07654
    endloop
  endfacet
  facet normal 0 1 0
    outer loop
      vertex 14.4129 43.6008 2.40892
      vertex 12.3112 43.6008 2.40892
      vertex 12.3112 43.6008 3.07654
    endloop
  endfacet
  facet normal 0 1 0
    outer loop
      vertex 12.3112 43.6008 3.07654
      vertex 14.4129 43.6008 3.07654
      vertex 14.4129 43.6008 2.40892
    endloop
  endfacet
  facet normal 0 1 0.000482479
    outer loop
      vertex 12.3112 43.601 2.04522
      vertex 12.3112 43.6008 2.40892
      vertex 14.4129 43.6008 2.40892
    endloop
  endfacet
  facet normal 0.000303492 1 0
    outer loop
      vertex 14.4129 43.6008 2.40892
      vertex 14.4129 43.6008 2.04522
      vertex 13.8347 43.601 2.04522
    endloop
  endfacet
  facet normal 0 0 0
    outer loop
      vertex 13.8347 43.601 2.04522
      vertex 12.5934 43.601 2.04522
      vertex 12.3112 43.601 2.04522
    endloop
  endfacet
  facet normal 0 1 0.000482479
    outer loop
      vertex 14.4129 43.6008 2.40892
      vertex 13.8347 43.601 2.04522
      vertex 12.3112 43.601 2.04522
    endloop
  endfacet
  facet normal 0 0 1
    outer loop
      vertex 5.46432 41.7511 1.01277
      vertex 5.46432 43.2295 1.01277
      vertex 5.09704 42.9788 1.01277
    endloop
  endfacet
  facet normal 0 0 1
    outer loop
      vertex 5.09704 42.9788 1.01277
      vertex 5.09704 41.683 1.01277
      vertex 5.46432 41.7511 1.01277
    endloop
  endfacet
  facet normal -0.937613 0.347681 0
    outer loop
      vertex 4.76442 32.1117 1.01277
      vertex 5.09704 33.0087 1.01277
      vertex 5.09704 33.0087 0
    endloop
  endfacet
  facet normal -0.937613 0.347681 0
    outer loop
      vertex 5.09704 33.0087 0
      vertex 4.76442 32.1117 0
      vertex 4.76442 32.1117 1.01277
    endloop
  endfacet
  facet normal 1 0 0
    outer loop
      vertex 8.50606 50.6844 0
      vertex 8.50606 50.6844 1.01277
      vertex 8.50606 50.1809 1.01277
    endloop
  endfacet
  facet normal 1 0 0
    outer loop
      vertex 8.50606 50.6844 0
      vertex 8.50606 50.1809 1.01277
      vertex 8.50606 50.1809 0.830595
    endloop
  endfacet
  facet normal 1 0 0
    outer loop
      vertex 8.50606 44.8343 1.01277
      vertex 8.50606 44.8343 0
      vertex 8.50606 50.6844 0
    endloop
  endfacet
  facet normal 1 0 0
    outer loop
      vertex 8.50606 46.2667 0.830595
      vertex 8.50606 46.2667 1.01277
      vertex 8.50606 44.8343 1.01277
    endloop
  endfacet
  facet normal 1 0 0
    outer loop
      vertex 8.50606 49.1103 1.01277
      vertex 8.50606 47.3374 1.01277
      vertex 8.50606 47.3374 0.830595
    endloop
  endfacet
  facet normal 1 0 0
    outer loop
      vertex 8.50606 46.2667 0.830595
      vertex 8.50606 44.8343 1.01277
      vertex 8.50606 50.6844 0
    endloop
  endfacet
  facet normal 1 0 0
    outer loop
      vertex 8.50606 49.1103 0.830595
      vertex 8.50606 49.1103 1.01277
      vertex 8.50606 47.3374 0.830595
    endloop
  endfacet
  facet normal 1 0 0
    outer loop
      vertex 8.50606 47.3374 0.830595
      vertex 8.50606 46.2667 0.830595
      vertex 8.50606 50.6844 0
    endloop
  endfacet
  facet normal 1 0 0
    outer loop
      vertex 8.50606 50.6844 0
      vertex 8.50606 50.1809 0.830595
      vertex 8.50606 49.1103 0.830595
    endloop
  endfacet
  facet normal 1 0 0
    outer loop
      vertex 8.50606 49.1103 0.830595
      vertex 8.50606 47.3374 0.830595
      vertex 8.50606 50.6844 0
    endloop
  endfacet
  facet normal 0.000377815 1 0
    outer loop
      vertex 8.84483 43.5027 1.01277
      vertex 9.91509 43.5023 1.01277
      vertex 9.91509 43.5023 0
    endloop
  endfacet
  facet normal 0.000377815 1 0
    outer loop
      vertex 9.91509 43.5023 0
      vertex 8.84483 43.5027 0
      vertex 8.84483 43.5027 1.01277
    endloop
  endfacet
  facet normal 0.635566 0.772047 0
    outer loop
      vertex 8.59369 32.5641 1.01277
      vertex 9.14329 32.1117 1.01277
      vertex 9.14329 32.1117 0
    endloop
  endfacet
  facet normal 0.635566 0.772047 0
    outer loop
      vertex 9.14329 32.1117 0
      vertex 8.59369 32.5641 0
      vertex 8.59369 32.5641 1.01277
    endloop
  endfacet
  facet normal -1 0 0
    outer loop
      vertex 5.09704 50.7877 1.01277
      vertex 5.09704 51.6754 1.01277
      vertex 5.09704 51.6754 0
    endloop
  endfacet
  facet normal -1 0 0
    outer loop
      vertex 5.09704 51.6754 0
      vertex 5.09704 50.7877 0
      vertex 5.09704 50.7877 1.01277
    endloop
  endfacet
  facet normal 1 -0.000922629 0
    outer loop
      vertex 9.14329 32.1117 1.01277
      vertex 9.14281 31.5855 1.01277
      vertex 9.14281 31.5855 0
    endloop
  endfacet
  facet normal 1 -0.000922629 0
    outer loop
      vertex 9.14281 31.5855 0
      vertex 9.14329 32.1117 0
      vertex 9.14329 32.1117 1.01277
    endloop
  endfacet
  facet normal -1 0 0
    outer loop
      vertex 5.09704 42.9804 1.01277
      vertex 5.09704 44.3013 1.01277
      vertex 5.09704 44.3013 0
    endloop
  endfacet
  facet normal -1 0 0
    outer loop
      vertex 5.09704 44.3013 0
      vertex 5.09704 42.9804 0
      vertex 5.09704 42.9804 1.01277
    endloop
  endfacet
  facet normal 0.963126 -0.269049 0
    outer loop
      vertex 9.65242 41.253 1.01277
      vertex 8.59559 37.4699 1.01277
      vertex 8.59559 37.4699 0
    endloop
  endfacet
  facet normal 0.963126 -0.269049 0
    outer loop
      vertex 8.59559 37.4699 0
      vertex 9.65242 41.253 0
      vertex 9.65242 41.253 1.01277
    endloop
  endfacet
  facet normal -0.949219 0.314615 0
    outer loop
      vertex 5.09704 51.6754 1.01277
      vertex 5.3291 52.3756 1.01277
      vertex 5.3291 52.3756 0
    endloop
  endfacet
  facet normal -0.949219 0.314615 0
    outer loop
      vertex 5.3291 52.3756 0
      vertex 5.09704 51.6754 0
      vertex 5.09704 51.6754 1.01277
    endloop
  endfacet
  facet normal -1 0 0
    outer loop
      vertex 4.76442 31.5855 1.01277
      vertex 4.76442 32.1117 1.01277
      vertex 4.76442 32.1117 0
    endloop
  endfacet
  facet normal -1 0 0
    outer loop
      vertex 4.76442 32.1117 0
      vertex 4.76442 31.5855 0
      vertex 4.76442 31.5855 1.01277
    endloop
  endfacet
  facet normal 0.704762 -0.709444 0
    outer loop
      vertex 9.50086 51.6726 1.01277
      vertex 8.50606 50.6844 1.01277
      vertex 8.50606 50.6844 0
    endloop
  endfacet
  facet normal 0.705774 -0.708434 -0.00197994
    outer loop
      vertex 8.50606 50.6844 0
      vertex 9.50086 51.6754 0
      vertex 9.50086 51.6726 1.01277
    endloop
  endfacet
  facet normal -1 0 0
    outer loop
      vertex 5.09704 37.4699 1.01277
      vertex 5.09704 41.683 1.01277
      vertex 5.09704 41.683 0
    endloop
  endfacet
  facet normal -1 0 0
    outer loop
      vertex 5.09704 41.683 0
      vertex 5.09704 37.4699 0
      vertex 5.09704 37.4699 1.01277
    endloop
  endfacet
  facet normal -1 0 0
    outer loop
      vertex 5.09704 42.9788 1.01277
      vertex 5.09704 42.9804 1.01277
      vertex 5.09704 42.9804 0
    endloop
  endfacet
  facet normal -1 0 0
    outer loop
      vertex 5.09704 42.9804 0
      vertex 5.09704 42.9788 0
      vertex 5.09704 42.9788 1.01277
    endloop
  endfacet
  facet normal -1 0 0
    outer loop
      vertex 5.09704 44.8343 1.01277
      vertex 5.09704 50.7877 1.01277
      vertex 5.09704 50.7877 0
    endloop
  endfacet
  facet normal -1 0 0
    outer loop
      vertex 5.09704 50.7877 0
      vertex 5.09704 44.8343 0
      vertex 5.09704 44.8343 1.01277
    endloop
  endfacet
  facet normal 1 0 0
    outer loop
      vertex 9.50086 52.3754 1.01277
      vertex 9.50086 51.6726 1.01277
      vertex 9.50086 51.6754 0
    endloop
  endfacet
  facet normal 1 0 0
    outer loop
      vertex 9.50086 51.6754 0
      vertex 9.50086 52.3756 0
      vertex 9.50086 52.3754 1.01277
    endloop
  endfacet
  facet normal 0.000245086 1 0
    outer loop
      vertex 9.91509 43.5023 1.01277
      vertex 11.5649 43.5019 1.01277
      vertex 11.5649 43.5019 0
    endloop
  endfacet
  facet normal 0.000245086 1 0
    outer loop
      vertex 11.5649 43.5019 0
      vertex 9.91509 43.5023 0
      vertex 9.91509 43.5023 1.01277
    endloop
  endfacet
  facet normal 0.843945 0.536429 0
    outer loop
      vertex 8.50606 44.8343 1.01277
      vertex 8.84483 44.3013 1.01277
      vertex 8.84483 44.3013 0
    endloop
  endfacet
  facet normal 0.843945 0.536429 0
    outer loop
      vertex 8.84483 44.3013 0
      vertex 8.50606 44.8343 0
      vertex 8.50606 44.8343 1.01277
    endloop
  endfacet
  facet normal 0 0 1
    outer loop
      vertex 8.68091 44.3473 1.01277
      vertex 8.68091 43.2314 1.01277
      vertex 8.84483 43.5027 1.01277
    endloop
  endfacet
  facet normal 0 0 1
    outer loop
      vertex 8.84483 43.5027 1.01277
      vertex 8.84483 44.3013 1.01277
      vertex 8.68091 44.3473 1.01277
    endloop
  endfacet
  facet normal 0 0 1
    outer loop
      vertex 5.46432 43.2295 1.01277
      vertex 5.46432 43.2314 1.01277
      vertex 5.09704 42.9804 1.01277
    endloop
  endfacet
  facet normal 0 0 1
    outer loop
      vertex 5.09704 42.9804 1.01277
      vertex 5.09704 42.9788 1.01277
      vertex 5.46432 43.2295 1.01277
    endloop
  endfacet
  facet normal 0 0 1
    outer loop
      vertex 5.46432 44.3473 1.01277
      vertex 5.46432 44.9554 1.01277
      vertex 5.09704 44.8343 1.01277
    endloop
  endfacet
  facet normal 0 0 1
    outer loop
      vertex 5.09704 44.8343 1.01277
      vertex 5.09704 44.3013 1.01277
      vertex 5.46432 44.3473 1.01277
    endloop
  endfacet
  facet normal 0 0 1
    outer loop
      vertex 11.547 43.2304 1.01277
      vertex 12.3113 43.6015 1.01277
      vertex 12.2348 43.8271 1.01277
    endloop
  endfacet
  facet normal 0 0 1
    outer loop
      vertex 12.2348 43.8271 1.01277
      vertex 11.5649 43.5019 1.01277
      vertex 11.547 43.2304 1.01277
    endloop
  endfacet
  facet normal 0 0 1
    outer loop
      vertex 5.46432 36.9443 1.01277
      vertex 5.46432 41.7511 1.01277
      vertex 5.09704 41.683 1.01277
    endloop
  endfacet
  facet normal 0 0 1
    outer loop
      vertex 5.09704 41.683 1.01277
      vertex 5.09704 37.4699 1.01277
      vertex 5.46432 36.9443 1.01277
    endloop
  endfacet
  facet normal 0 0 1
    outer loop
      vertex 9.31405 51.6608 1.01277
      vertex 8.29442 50.6507 1.01277
      vertex 8.50606 50.6844 1.01277
    endloop
  endfacet
  facet normal 0 0 1
    outer loop
      vertex 8.50606 50.6844 1.01277
      vertex 9.50086 51.6726 1.01277
      vertex 9.31405 51.6608 1.01277
    endloop
  endfacet
  facet normal 0 0 1
    outer loop
      vertex 10.114 43.2309 1.01277
      vertex 11.547 43.2304 1.01277
      vertex 11.5649 43.5019 1.01277
    endloop
  endfacet
  facet normal 0 0 1
    outer loop
      vertex 11.5649 43.5019 1.01277
      vertex 9.91509 43.5023 1.01277
      vertex 10.114 43.2309 1.01277
    endloop
  endfacet
  facet normal 0 0 -1
    outer loop
      vertex 11.5464 41.117 1.01277
      vertex 9.8142 41.117 1.01277
      vertex 9.65242 41.253 1.01277
    endloop
  endfacet
  facet normal 0 0 -1
    outer loop
      vertex 9.65242 41.253 1.01277
      vertex 11.5644 41.253 1.01277
      vertex 11.5464 41.117 1.01277
    endloop
  endfacet
  facet normal 0 0 1
    outer loop
      vertex 6.98188 32.0874 1.01277
      vertex 5.46432 32.9996 1.01277
      vertex 5.09704 33.0087 1.01277
    endloop
  endfacet
  facet normal 0 0 1
    outer loop
      vertex 5.09704 33.0087 1.01277
      vertex 4.76442 32.1117 1.01277
      vertex 6.98188 32.0874 1.01277
    endloop
  endfacet
  facet normal 0 1 2.25997e-05
    outer loop
      vertex 9.31413 52.3756 0
      vertex 5.60318 52.3756 0
      vertex 5.60322 52.3756 1.01277
    endloop
  endfacet
  facet normal 9.25191e-06 1 5.64999e-05
    outer loop
      vertex 5.60322 52.3756 1.01277
      vertex 9.31405 52.3755 1.01277
      vertex 9.31413 52.3756 0
    endloop
  endfacet
  facet normal 0 0 1
    outer loop
      vertex 6.98188 31.5855 1.01277
      vertex 6.98188 32.0874 1.01277
      vertex 4.76442 32.1117 1.01277
    endloop
  endfacet
  facet normal 0 0 1
    outer loop
      vertex 4.76442 32.1117 1.01277
      vertex 4.76442 31.5855 1.01277
      vertex 6.98188 31.5855 1.01277
    endloop
  endfacet
  facet normal 0 0 1
    outer loop
      vertex 12.3113 43.6015 1.01277
      vertex 14.4129 43.6008 1.01277
      vertex 14.4129 43.8265 1.01277
    endloop
  endfacet
  facet normal 0 0 1
    outer loop
      vertex 14.4129 43.8265 1.01277
      vertex 12.2348 43.8271 1.01277
      vertex 12.3113 43.6015 1.01277
    endloop
  endfacet
  facet normal 0 0 -1
    outer loop
      vertex 9.50086 52.3756 0
      vertex 9.50086 51.6754 0
      vertex 5.09704 51.6754 0
    endloop
  endfacet
  facet normal 0 0 -1
    outer loop
      vertex 5.09704 51.6754 0
      vertex 5.3291 52.3756 0
      vertex 5.60318 52.3756 0
    endloop
  endfacet
  facet normal 0 0 -1
    outer loop
      vertex 9.31413 52.3756 0
      vertex 9.50086 52.3756 0
      vertex 5.09704 51.6754 0
    endloop
  endfacet
  facet normal 0 0 -1
    outer loop
      vertex 5.09704 51.6754 0
      vertex 5.60318 52.3756 0
      vertex 9.31413 52.3756 0
    endloop
  endfacet
  facet normal 0 0 -1
    outer loop
      vertex 8.59369 32.5641 0
      vertex 8.36858 32.5641 0
      vertex 8.37109 37.4699 0
    endloop
  endfacet
  facet normal 0 0 -1
    outer loop
      vertex 8.37109 37.4699 0
      vertex 8.59559 37.4699 0
      vertex 8.59369 32.5641 0
    endloop
  endfacet
  facet normal 0 0 -1
    outer loop
      vertex 11.5649 43.5019 0
      vertex 12.2348 43.8271 0
      vertex 12.2344 41.253 0
    endloop
  endfacet
  facet normal 0 0 -1
    outer loop
      vertex 12.2344 41.253 0
      vertex 11.5644 41.253 0
      vertex 11.5649 43.5019 0
    endloop
  endfacet
  facet normal 0 0 -1
    outer loop
      vertex 8.5025 31.5855 0
      vertex 8.50283 32.1117 0
      vertex 9.14329 32.1117 0
    endloop
  endfacet
  facet normal 0 0 -1
    outer loop
      vertex 9.14329 32.1117 0
      vertex 9.14281 31.5855 0
      vertex 8.5025 31.5855 0
    endloop
  endfacet
  facet normal 0 0 -1
    outer loop
      vertex 9.14329 32.1117 0
      vertex 8.50283 32.1117 0
      vertex 8.36858 32.5641 0
    endloop
  endfacet
  facet normal 0 0 -1
    outer loop
      vertex 8.36858 32.5641 0
      vertex 8.59369 32.5641 0
      vertex 9.14329 32.1117 0
    endloop
  endfacet
  facet normal 0 0 -1
    outer loop
      vertex 8.84483 43.5027 0
      vertex 5.09704 42.9804 0
      vertex 5.09704 44.3013 0
    endloop
  endfacet
  facet normal 0 0 -1
    outer loop
      vertex 5.09704 44.3013 0
      vertex 8.84483 44.3013 0
      vertex 8.84483 43.5027 0
    endloop
  endfacet
  facet normal 0 0 -1
    outer loop
      vertex 8.84483 44.3013 0
      vertex 5.09704 44.3013 0
      vertex 5.09704 44.8343 0
    endloop
  endfacet
  facet normal 0 0 -1
    outer loop
      vertex 5.09704 44.8343 0
      vertex 8.50606 44.8343 0
      vertex 8.84483 44.3013 0
    endloop
  endfacet
  facet normal 0 0 -1
    outer loop
      vertex 8.50606 50.6844 0
      vertex 5.09704 50.7877 0
      vertex 5.09704 51.6754 0
    endloop
  endfacet
  facet normal 0 0 -1
    outer loop
      vertex 5.09704 51.6754 0
      vertex 9.50086 51.6754 0
      vertex 8.50606 50.6844 0
    endloop
  endfacet
  facet normal 0 0 -1
    outer loop
      vertex 8.50606 44.8343 0
      vertex 5.09704 44.8343 0
      vertex 5.09704 50.7877 0
    endloop
  endfacet
  facet normal 0 0 -1
    outer loop
      vertex 5.09704 50.7877 0
      vertex 8.50606 50.6844 0
      vertex 8.50606 44.8343 0
    endloop
  endfacet
  facet normal 0 0 -1
    outer loop
      vertex 8.51593 41.253 0
      vertex 8.37109 37.4699 0
      vertex 5.09704 37.4699 0
    endloop
  endfacet
  facet normal 0 0 -1
    outer loop
      vertex 5.09704 37.4699 0
      vertex 5.09704 41.683 0
      vertex 8.51593 41.253 0
    endloop
  endfacet
  facet normal 0 0 -1
    outer loop
      vertex 8.36858 32.5641 0
      vertex 8.50283 32.1117 0
      vertex 4.76442 32.1117 0
    endloop
  endfacet
  facet normal 0 0 -1
    outer loop
      vertex 4.76442 32.1117 0
      vertex 5.09704 33.0087 0
      vertex 8.36858 32.5641 0
    endloop
  endfacet
  facet normal 0 0 -1
    outer loop
      vertex 8.50283 32.1117 0
      vertex 8.5025 31.5855 0
      vertex 4.76442 31.5855 0
    endloop
  endfacet
  facet normal 0 0 -1
    outer loop
      vertex 4.76442 31.5855 0
      vertex 4.76442 32.1117 0
      vertex 8.50283 32.1117 0
    endloop
  endfacet
  facet normal 0 0 -1
    outer loop
      vertex 8.84483 43.5027 0
      vertex 8.51686 43.1046 0
      vertex 5.09704 42.9788 0
    endloop
  endfacet
  facet normal 0 0 -1
    outer loop
      vertex 5.09704 42.9788 0
      vertex 5.09704 42.9804 0
      vertex 8.84483 43.5027 0
    endloop
  endfacet
  facet normal 0 0 -1
    outer loop
      vertex 8.37109 37.4699 0
      vertex 8.36858 32.5641 0
      vertex 5.09704 33.0087 0
    endloop
  endfacet
  facet normal 0 0 -1
    outer loop
      vertex 5.09704 33.0087 0
      vertex 5.09704 37.4699 0
      vertex 8.37109 37.4699 0
    endloop
  endfacet
  facet normal 0 0 -1
    outer loop
      vertex 12.2344 41.253 0
      vertex 12.2348 43.8271 0
      vertex 14.4129 43.8265 0
    endloop
  endfacet
  facet normal 0 0 -1
    outer loop
      vertex 14.4129 43.8265 0
      vertex 14.4129 41.253 0
      vertex 12.2344 41.253 0
    endloop
  endfacet
  facet normal 0 0 -1
    outer loop
      vertex 8.51686 43.1046 0
      vertex 8.51593 41.253 0
      vertex 5.09704 41.683 0
    endloop
  endfacet
  facet normal 0 0 -1
    outer loop
      vertex 5.09704 41.683 0
      vertex 5.09704 42.9788 0
      vertex 8.51686 43.1046 0
    endloop
  endfacet
  facet normal 0 0 -1
    outer loop
      vertex 8.59559 37.4699 0
      vertex 8.37109 37.4699 0
      vertex 8.51593 41.253 0
    endloop
  endfacet
  facet normal 0 0 -1
    outer loop
      vertex 8.51593 41.253 0
      vertex 9.65242 41.253 0
      vertex 8.59559 37.4699 0
    endloop
  endfacet
  facet normal 0 0 -1
    outer loop
      vertex 9.65242 41.253 0
      vertex 9.91509 43.5023 0
      vertex 11.5649 43.5019 0
    endloop
  endfacet
  facet normal 0 0 -1
    outer loop
      vertex 11.5649 43.5019 0
      vertex 11.5644 41.253 0
      vertex 9.65242 41.253 0
    endloop
  endfacet
  facet normal 0 0 -1
    outer loop
      vertex 9.91509 43.5023 0
      vertex 9.65242 41.253 0
      vertex 8.51593 41.253 0
    endloop
  endfacet
  facet normal 0 0 -1
    outer loop
      vertex 8.51593 41.253 0
      vertex 8.51686 43.1046 0
      vertex 8.84483 43.5027 0
    endloop
  endfacet
  facet normal 0 0 -1
    outer loop
      vertex 8.51593 41.253 0
      vertex 8.84483 43.5027 0
      vertex 9.91509 43.5023 0
    endloop
  endfacet
  facet normal -0.436716 0.8996 0
    outer loop
      vertex 11.5649 43.5019 1.01277
      vertex 12.2348 43.8271 1.01277
      vertex 12.2348 43.8271 0
    endloop
  endfacet
  facet normal -0.436716 0.8996 0
    outer loop
      vertex 12.2348 43.8271 0
      vertex 11.5649 43.5019 0
      vertex 11.5649 43.5019 1.01277
    endloop
  endfacet
  facet normal 1 -0.000387437 0
    outer loop
      vertex 8.59559 37.4699 1.01277
      vertex 8.59369 32.5641 1.01277
      vertex 8.59369 32.5641 0
    endloop
  endfacet
  facet normal 1 -0.000387437 0
    outer loop
      vertex 8.59369 32.5641 0
      vertex 8.59559 37.4699 0
      vertex 8.59559 37.4699 1.01277
    endloop
  endfacet
  facet normal -1 0 0
    outer loop
      vertex 5.09704 41.683 1.01277
      vertex 5.09704 42.9788 1.01277
      vertex 5.09704 42.9788 0
    endloop
  endfacet
  facet normal -1 0 0
    outer loop
      vertex 5.09704 42.9788 0
      vertex 5.09704 41.683 0
      vertex 5.09704 41.683 1.01277
    endloop
  endfacet
  facet normal 0 -1 0
    outer loop
      vertex 12.2344 41.253 1.01277
      vertex 11.5644 41.253 1.01277
      vertex 11.5644 41.253 0
    endloop
  endfacet
  facet normal 0 -1 0
    outer loop
      vertex 11.5644 41.253 0
      vertex 12.2344 41.253 0
      vertex 12.2344 41.253 1.01277
    endloop
  endfacet
  facet normal -1 0 0
    outer loop
      vertex 5.09704 33.0087 1.01277
      vertex 5.09704 37.4699 1.01277
      vertex 5.09704 37.4699 0
    endloop
  endfacet
  facet normal -1 0 0
    outer loop
      vertex 5.09704 37.4699 0
      vertex 5.09704 33.0087 0
      vertex 5.09704 33.0087 1.01277
    endloop
  endfacet
  facet normal 1 0 0
    outer loop
      vertex 8.84483 44.3013 1.01277
      vertex 8.84483 43.5027 1.01277
      vertex 8.84483 43.5027 0
    endloop
  endfacet
  facet normal 1 0 0
    outer loop
      vertex 8.84483 43.5027 0
      vertex 8.84483 44.3013 0
      vertex 8.84483 44.3013 1.01277
    endloop
  endfacet
  facet normal 0 -1 0
    outer loop
      vertex 14.4129 41.253 1.01277
      vertex 12.2344 41.253 1.01277
      vertex 12.2344 41.253 0
    endloop
  endfacet
  facet normal 0 -1 0
    outer loop
      vertex 12.2344 41.253 0
      vertex 14.4129 41.253 0
      vertex 14.4129 41.253 1.01277
    endloop
  endfacet
  facet normal 0.000269717 1 0
    outer loop
      vertex 12.2348 43.8271 1.01277
      vertex 14.4129 43.8265 1.01277
      vertex 14.4129 43.8265 0
    endloop
  endfacet
  facet normal 0.000269717 1 0
    outer loop
      vertex 14.4129 43.8265 0
      vertex 12.2348 43.8271 0
      vertex 12.2348 43.8271 1.01277
    endloop
  endfacet
  facet normal -1 0 0
    outer loop
      vertex 5.09704 44.3013 1.01277
      vertex 5.09704 44.8343 1.01277
      vertex 5.09704 44.8343 0
    endloop
  endfacet
  facet normal -1 0 0
    outer loop
      vertex 5.09704 44.8343 0
      vertex 5.09704 44.3013 0
      vertex 5.09704 44.3013 1.01277
    endloop
  endfacet
  facet normal 8.34987e-05 1 2.25963e-05
    outer loop
      vertex 5.3291 52.3756 1.01277
      vertex 5.60322 52.3756 1.01277
      vertex 5.60318 52.3756 0
    endloop
  endfacet
  facet normal 0 1 0
    outer loop
      vertex 5.60318 52.3756 0
      vertex 5.3291 52.3756 0
      vertex 5.3291 52.3756 1.01277
    endloop
  endfacet
  facet normal 0 -1 0
    outer loop
      vertex 11.5644 41.253 1.01277
      vertex 9.65242 41.253 1.01277
      vertex 9.65242 41.253 0
    endloop
  endfacet
  facet normal 0 -1 0
    outer loop
      vertex 9.65242 41.253 0
      vertex 11.5644 41.253 0
      vertex 11.5644 41.253 1.01277
    endloop
  endfacet
  facet normal 0.00036735 1 0
    outer loop
      vertex 8.68091 43.2314 1.01277
      vertex 8.68091 43.2314 1.07734
      vertex 10.114 43.2308 1.07734
    endloop
  endfacet
  facet normal 0.000311448 0.999999 0.00124054
    outer loop
      vertex 10.114 43.2308 1.07734
      vertex 10.114 43.2309 1.01277
      vertex 8.68091 43.2314 1.01277
    endloop
  endfacet
  facet normal -0.558004 0 0.829838
    outer loop
      vertex 5.46432 44.9952 1.10571
      vertex 5.46432 44.4483 1.10571
      vertex 5.84636 44.7447 1.3626
    endloop
  endfacet
  facet normal -0.558004 0 0.829839
    outer loop
      vertex 5.84636 44.7447 1.3626
      vertex 5.84636 45.2349 1.3626
      vertex 5.46432 44.9952 1.10571
    endloop
  endfacet
  facet normal -0.590399 0 -0.807112
    outer loop
      vertex 5.46432 44.4483 2.18391
      vertex 5.46432 44.9952 2.18391
      vertex 5.84636 45.2349 1.90445
    endloop
  endfacet
  facet normal -0.590399 0 -0.807112
    outer loop
      vertex 5.84636 45.2349 1.90445
      vertex 5.84636 44.7447 1.90445
      vertex 5.46432 44.4483 2.18391
    endloop
  endfacet
  facet normal -1 0 0
    outer loop
      vertex 5.46432 44.3473 2.6263
      vertex 5.46432 44.9554 2.6263
      vertex 5.46432 44.9952 2.18391
    endloop
  endfacet
  facet normal -1 0 0
    outer loop
      vertex 5.46432 44.9952 2.18391
      vertex 5.46432 44.4483 2.18391
      vertex 5.46432 44.3473 2.6263
    endloop
  endfacet
  facet normal -1 0 0
    outer loop
      vertex 5.46432 50.6507 2.6263
      vertex 5.46432 50.6507 1.01277
      vertex 5.46432 50.1168 1.10571
    endloop
  endfacet
  facet normal -1 0 0
    outer loop
      vertex 5.46432 50.1168 1.10571
      vertex 5.46432 50.1168 2.18391
      vertex 5.46432 50.6507 2.6263
    endloop
  endfacet
  facet normal -1 0 0
    outer loop
      vertex 5.46432 50.6507 1.01277
      vertex 5.46432 44.9554 1.01277
      vertex 5.46432 44.9952 1.10571
    endloop
  endfacet
  facet normal -1 0 0
    outer loop
      vertex 5.46432 44.9952 1.10571
      vertex 5.46432 50.1168 1.10571
      vertex 5.46432 50.6507 1.01277
    endloop
  endfacet
  facet normal -1 0 0
    outer loop
      vertex 5.46432 44.3473 1.01277
      vertex 5.46432 44.3473 2.6263
      vertex 5.46432 44.4483 2.18391
    endloop
  endfacet
  facet normal -1 0 0
    outer loop
      vertex 5.46432 44.4483 2.18391
      vertex 5.46432 44.4483 1.10571
      vertex 5.46432 44.3473 1.01277
    endloop
  endfacet
  facet normal -1 0 0
    outer loop
      vertex 5.84636 44.7447 1.3626
      vertex 5.84636 44.7447 1.90445
      vertex 5.84636 45.2349 1.90445
    endloop
  endfacet
  facet normal -1 0 0
    outer loop
      vertex 5.84636 45.2349 1.90445
      vertex 5.84636 45.2349 1.3626
      vertex 5.84636 44.7447 1.3626
    endloop
  endfacet
  facet normal -1 0 0
    outer loop
      vertex 5.84636 45.2349 1.3626
      vertex 5.84636 45.2349 1.90445
      vertex 5.84636 49.8264 1.90445
    endloop
  endfacet
  facet normal -1 0 0
    outer loop
      vertex 5.84636 49.8264 1.90445
      vertex 5.84636 49.8264 1.3626
      vertex 5.84636 45.2349 1.3626
    endloop
  endfacet
  facet normal -0.590399 0 -0.807112
    outer loop
      vertex 5.46432 44.9952 2.18391
      vertex 5.46432 50.1168 2.18391
      vertex 5.84636 49.8264 1.90445
    endloop
  endfacet
  facet normal -0.590399 0 -0.807112
    outer loop
      vertex 5.84636 49.8264 1.90445
      vertex 5.84636 45.2349 1.90445
      vertex 5.46432 44.9952 2.18391
    endloop
  endfacet
  facet normal -0.558004 0 0.829838
    outer loop
      vertex 5.46432 50.1168 1.10571
      vertex 5.46432 44.9952 1.10571
      vertex 5.84636 45.2349 1.3626
    endloop
  endfacet
  facet normal -0.558004 0 0.829838
    outer loop
      vertex 5.84636 45.2349 1.3626
      vertex 5.84636 49.8264 1.3626
      vertex 5.46432 50.1168 1.10571
    endloop
  endfacet
  facet normal -0.612915 0.790149 0
    outer loop
      vertex 5.46432 44.4483 1.10571
      vertex 5.46432 44.4483 2.18391
      vertex 5.84636 44.7447 1.90445
    endloop
  endfacet
  facet normal -0.612915 0.790149 0
    outer loop
      vertex 5.84636 44.7447 1.90445
      vertex 5.84636 44.7447 1.3626
      vertex 5.46432 44.4483 1.10571
    endloop
  endfacet
  facet normal -0.605164 -0.796101 0
    outer loop
      vertex 5.46432 50.1168 2.18391
      vertex 5.46432 50.1168 1.10571
      vertex 5.84636 49.8264 1.3626
    endloop
  endfacet
  facet normal -0.605164 -0.796101 0
    outer loop
      vertex 5.84636 49.8264 1.3626
      vertex 5.84636 49.8264 1.90445
      vertex 5.46432 50.1168 2.18391
    endloop
  endfacet
  facet normal -0.577044 0 0.816713
    outer loop
      vertex 5.46432 37.6088 1.13149
      vertex 5.46432 34.9922 1.13149
      vertex 5.84878 35.2638 1.40313
    endloop
  endfacet
  facet normal -0.577044 0 0.816713
    outer loop
      vertex 5.84878 35.2638 1.40313
      vertex 5.84878 37.6273 1.40313
      vertex 5.46432 37.6088 1.13149
    endloop
  endfacet
  facet normal -0.577045 0 -0.816713
    outer loop
      vertex 5.46432 37.6088 2.20182
      vertex 5.46432 40.7974 2.20182
      vertex 5.84878 40.5074 1.93018
    endloop
  endfacet
  facet normal -0.577045 0 -0.816713
    outer loop
      vertex 5.84878 40.5074 1.93018
      vertex 5.84878 37.6273 1.93018
      vertex 5.46432 37.6088 2.20182
    endloop
  endfacet
  facet normal -1 0 0
    outer loop
      vertex 5.46432 36.9443 2.6263
      vertex 5.46432 41.7511 2.6263
      vertex 5.46432 40.7974 2.20182
    endloop
  endfacet
  facet normal -1 0 0
    outer loop
      vertex 5.46432 40.7974 2.20182
      vertex 5.46432 37.6088 2.20182
      vertex 5.46432 36.9443 2.6263
    endloop
  endfacet
  facet normal -1 0 0
    outer loop
      vertex 5.46432 32.9996 2.6263
      vertex 5.46432 36.9443 2.6263
      vertex 5.46432 37.6088 2.20182
    endloop
  endfacet
  facet normal -1 0 0
    outer loop
      vertex 5.46432 37.6088 2.20182
      vertex 5.46432 34.9922 2.20182
      vertex 5.46432 32.9996 2.6263
    endloop
  endfacet
  facet normal -1 0 0
    outer loop
      vertex 5.46432 41.7511 1.01277
      vertex 5.46432 36.9443 1.01277
      vertex 5.46432 37.6088 1.13149
    endloop
  endfacet
  facet normal -1 0 0
    outer loop
      vertex 5.46432 37.6088 1.13149
      vertex 5.46432 40.7974 1.13149
      vertex 5.46432 41.7511 1.01277
    endloop
  endfacet
  facet normal -1 0 0
    outer loop
      vertex 5.46432 41.7511 2.6263
      vertex 5.46432 41.7511 1.01277
      vertex 5.46432 40.7974 1.13149
    endloop
  endfacet
  facet normal -1 0 0
    outer loop
      vertex 5.46432 40.7974 1.13149
      vertex 5.46432 40.7974 2.20182
      vertex 5.46432 41.7511 2.6263
    endloop
  endfacet
  facet normal -1 0 0
    outer loop
      vertex 5.84878 35.2638 1.40313
      vertex 5.84878 35.2638 1.93018
      vertex 5.84878 37.6273 1.93018
    endloop
  endfacet
  facet normal -1 0 0
    outer loop
      vertex 5.84878 37.6273 1.93018
      vertex 5.84878 37.6273 1.40313
      vertex 5.84878 35.2638 1.40313
    endloop
  endfacet
  facet normal -1 0 0
    outer loop
      vertex 5.84878 37.6273 1.40313
      vertex 5.84878 37.6273 1.93018
      vertex 5.84878 40.5074 1.93018
    endloop
  endfacet
  facet normal -1 0 0
    outer loop
      vertex 5.84878 40.5074 1.93018
      vertex 5.84878 40.5074 1.40313
      vertex 5.84878 37.6273 1.40313
    endloop
  endfacet
  facet normal -0.577045 0 -0.816713
    outer loop
      vertex 5.46432 34.9922 2.20182
      vertex 5.46432 37.6088 2.20182
      vertex 5.84878 37.6273 1.93018
    endloop
  endfacet
  facet normal -0.577045 0 -0.816713
    outer loop
      vertex 5.84878 37.6273 1.93018
      vertex 5.84878 35.2638 1.93018
      vertex 5.46432 34.9922 2.20182
    endloop
  endfacet
  facet normal -0.60222 -0.79833 0
    outer loop
      vertex 5.46432 40.7974 2.20182
      vertex 5.46432 40.7974 1.13149
      vertex 5.84878 40.5074 1.40313
    endloop
  endfacet
  facet normal -0.60222 -0.79833 0
    outer loop
      vertex 5.84878 40.5074 1.40313
      vertex 5.84878 40.5074 1.93018
      vertex 5.46432 40.7974 2.20182
    endloop
  endfacet
  facet normal -0.576974 0.816762 0
    outer loop
      vertex 5.46432 34.9922 1.13149
      vertex 5.46432 34.9922 2.20182
      vertex 5.84878 35.2638 1.93018
    endloop
  endfacet
  facet normal -0.576974 0.816762 0
    outer loop
      vertex 5.84878 35.2638 1.93018
      vertex 5.84878 35.2638 1.40313
      vertex 5.46432 34.9922 1.13149
    endloop
  endfacet
  facet normal -0.577044 0 0.816713
    outer loop
      vertex 5.46432 40.7974 1.13149
      vertex 5.46432 37.6088 1.13149
      vertex 5.84878 37.6273 1.40313
    endloop
  endfacet
  facet normal -0.577044 0 0.816713
    outer loop
      vertex 5.84878 37.6273 1.40313
      vertex 5.84878 40.5074 1.40313
      vertex 5.46432 40.7974 1.13149
    endloop
  endfacet
  facet normal 0 1 0
    outer loop
      vertex 7.91344 50.547 2.6263
      vertex 5.98509 50.547 2.6263
      vertex 6.33806 50.547 3.1924
    endloop
  endfacet
  facet normal 0 1 0
    outer loop
      vertex 6.33806 50.547 3.1924
      vertex 7.91344 50.547 3.1924
      vertex 7.91344 50.547 2.6263
    endloop
  endfacet
  facet normal 0 -1 0
    outer loop
      vertex 5.98509 44.0199 2.6263
      vertex 7.91582 44.0199 2.6263
      vertex 7.91582 44.0199 3.1924
    endloop
  endfacet
  facet normal 0 -1 0
    outer loop
      vertex 7.91582 44.0199 3.1924
      vertex 6.33806 44.0199 3.1924
      vertex 5.98509 44.0199 2.6263
    endloop
  endfacet
  facet normal 1 0 0
    outer loop
      vertex 7.91582 44.0199 2.6263
      vertex 7.91582 45.0016 2.6263
      vertex 7.91582 45.0016 3.1924
    endloop
  endfacet
  facet normal 1 0 0
    outer loop
      vertex 7.91582 45.0016 3.1924
      vertex 7.91582 44.0199 3.1924
      vertex 7.91582 44.0199 2.6263
    endloop
  endfacet
  facet normal 0 0 1
    outer loop
      vertex 8.68091 44.3473 2.6263
      vertex 8.29442 44.9554 2.6263
      vertex 7.91344 45.5366 2.6263
    endloop
  endfacet
  facet normal 0 0 1
    outer loop
      vertex 7.91344 45.5366 2.6263
      vertex 7.91582 45.0016 2.6263
      vertex 8.68091 44.3473 2.6263
    endloop
  endfacet
  facet normal 0 0 1
    outer loop
      vertex 5.46432 50.6507 2.6263
      vertex 5.46432 44.9554 2.6263
      vertex 5.98509 45.5366 2.6263
    endloop
  endfacet
  facet normal 0 0 1
    outer loop
      vertex 5.98509 45.5366 2.6263
      vertex 5.98509 50.547 2.6263
      vertex 5.46432 50.6507 2.6263
    endloop
  endfacet
  facet normal 0 0 1
    outer loop
      vertex 8.68091 43.2314 2.6263
      vertex 8.68091 44.3473 2.6263
      vertex 7.91582 45.0016 2.6263
    endloop
  endfacet
  facet normal 0 0 1
    outer loop
      vertex 7.91582 45.0016 2.6263
      vertex 7.91582 44.0199 2.6263
      vertex 8.68091 43.2314 2.6263
    endloop
  endfacet
  facet normal 0 0 1
    outer loop
      vertex 8.29442 50.6507 2.6263
      vertex 5.46432 50.6507 2.6263
      vertex 5.98509 50.547 2.6263
    endloop
  endfacet
  facet normal 0 0 1
    outer loop
      vertex 5.98509 50.547 2.6263
      vertex 7.91344 50.547 2.6263
      vertex 8.29442 50.6507 2.6263
    endloop
  endfacet
  facet normal 0 0 1
    outer loop
      vertex 5.46432 44.9554 2.6263
      vertex 5.46432 44.3473 2.6263
      vertex 5.98509 45.0016 2.6263
    endloop
  endfacet
  facet normal 0 0 1
    outer loop
      vertex 5.98509 45.0016 2.6263
      vertex 5.98509 45.5366 2.6263
      vertex 5.46432 44.9554 2.6263
    endloop
  endfacet
  facet normal 0 0 1
    outer loop
      vertex 7.91344 45.5366 3.1924
      vertex 7.91344 50.547 3.1924
      vertex 7.65246 50.1829 3.1924
    endloop
  endfacet
  facet normal 0 0 1
    outer loop
      vertex 7.65246 50.1829 3.1924
      vertex 7.65246 45.5996 3.1924
      vertex 7.91344 45.5366 3.1924
    endloop
  endfacet
  facet normal 0 0 1
    outer loop
      vertex 6.33806 45.0016 3.1924
      vertex 6.33806 44.0199 3.1924
      vertex 6.59943 44.2122 3.1924
    endloop
  endfacet
  facet normal 0 0 1
    outer loop
      vertex 6.59943 44.2122 3.1924
      vertex 6.59943 45.1103 3.1924
      vertex 6.33806 45.0016 3.1924
    endloop
  endfacet
  facet normal 0 0 1
    outer loop
      vertex 7.91582 45.0016 3.1924
      vertex 7.91344 45.5366 3.1924
      vertex 7.65246 45.5996 3.1924
    endloop
  endfacet
  facet normal 0 0 1
    outer loop
      vertex 7.65246 45.5996 3.1924
      vertex 7.65404 45.1103 3.1924
      vertex 7.91582 45.0016 3.1924
    endloop
  endfacet
  facet normal -0.848569 0 0.529085
    outer loop
      vertex 5.98509 50.547 2.6263
      vertex 5.98509 45.5366 2.6263
      vertex 6.33806 45.5366 3.1924
    endloop
  endfacet
  facet normal -0.848569 0 0.529085
    outer loop
      vertex 6.33806 45.5366 3.1924
      vertex 6.33806 50.547 3.1924
      vertex 5.98509 50.547 2.6263
    endloop
  endfacet
  facet normal 0.99999 0.0044601 0
    outer loop
      vertex 7.91582 45.0016 2.6263
      vertex 7.91344 45.5366 2.6263
      vertex 7.91344 45.5366 3.1924
    endloop
  endfacet
  facet normal 0.99999 0.0044601 0
    outer loop
      vertex 7.91344 45.5366 3.1924
      vertex 7.91582 45.0016 3.1924
      vertex 7.91582 45.0016 2.6263
    endloop
  endfacet
  facet normal -0.848569 0 0.529085
    outer loop
      vertex 5.98509 45.0016 2.6263
      vertex 5.98509 44.0199 2.6263
      vertex 6.33806 44.0199 3.1924
    endloop
  endfacet
  facet normal -0.848569 0 0.529085
    outer loop
      vertex 6.33806 44.0199 3.1924
      vertex 6.33806 45.0016 3.1924
      vertex 5.98509 45.0016 2.6263
    endloop
  endfacet
  facet normal 1 0 0
    outer loop
      vertex 7.91344 45.5366 2.6263
      vertex 7.91344 50.547 2.6263
      vertex 7.91344 50.547 3.1924
    endloop
  endfacet
  facet normal 1 0 0
    outer loop
      vertex 7.91344 50.547 3.1924
      vertex 7.91344 45.5366 3.1924
      vertex 7.91344 45.5366 2.6263
    endloop
  endfacet
  facet normal -0.848569 0 0.529085
    outer loop
      vertex 5.98509 45.5366 2.6263
      vertex 5.98509 45.0016 2.6263
      vertex 6.33806 45.0016 3.1924
    endloop
  endfacet
  facet normal -0.848569 0 0.529085
    outer loop
      vertex 6.33806 45.0016 3.1924
      vertex 6.33806 45.5366 3.1924
      vertex 5.98509 45.5366 2.6263
    endloop
  endfacet
  facet normal 1 0 0
    outer loop
      vertex 6.59943 50.1829 3.1924
      vertex 6.59943 45.5996 3.1924
      vertex 6.59943 45.5996 3.06353
    endloop
  endfacet
  facet normal 1 0 0
    outer loop
      vertex 6.59943 45.5996 3.06353
      vertex 6.59943 50.1829 3.06353
      vertex 6.59943 50.1829 3.1924
    endloop
  endfacet
  facet normal 0 -1 0
    outer loop
      vertex 7.65246 50.1829 3.1924
      vertex 6.59943 50.1829 3.1924
      vertex 6.59943 50.1829 3.06353
    endloop
  endfacet
  facet normal 0 -1 0
    outer loop
      vertex 6.59943 50.1829 3.06353
      vertex 7.65246 50.1829 3.06353
      vertex 7.65246 50.1829 3.1924
    endloop
  endfacet
  facet normal 0 1 0
    outer loop
      vertex 6.59943 44.2122 3.1924
      vertex 7.65404 44.2122 3.1924
      vertex 7.65404 44.2122 3.06353
    endloop
  endfacet
  facet normal 0 1 0
    outer loop
      vertex 7.65404 44.2122 3.06353
      vertex 6.59943 44.2122 3.06353
      vertex 6.59943 44.2122 3.1924
    endloop
  endfacet
  facet normal 0 0 1
    outer loop
      vertex 6.33806 45.5366 3.1924
      vertex 6.33806 45.0016 3.1924
      vertex 6.59943 45.1103 3.1924
    endloop
  endfacet
  facet normal 0 0 1
    outer loop
      vertex 6.59943 45.1103 3.1924
      vertex 6.59943 45.5996 3.1924
      vertex 6.33806 45.5366 3.1924
    endloop
  endfacet
  facet normal 0 0 1
    outer loop
      vertex 7.91582 44.0199 3.1924
      vertex 7.91582 45.0016 3.1924
      vertex 7.65404 45.1103 3.1924
    endloop
  endfacet
  facet normal 0 0 1
    outer loop
      vertex 7.65404 45.1103 3.1924
      vertex 7.65404 44.2122 3.1924
      vertex 7.91582 44.0199 3.1924
    endloop
  endfacet
  facet normal 0 0 1
    outer loop
      vertex 6.33806 44.0199 3.1924
      vertex 7.91582 44.0199 3.1924
      vertex 7.65404 44.2122 3.1924
    endloop
  endfacet
  facet normal 0 0 1
    outer loop
      vertex 7.65404 44.2122 3.1924
      vertex 6.59943 44.2122 3.1924
      vertex 6.33806 44.0199 3.1924
    endloop
  endfacet
  facet normal 0 0 1
    outer loop
      vertex 7.91344 50.547 3.1924
      vertex 6.33806 50.547 3.1924
      vertex 6.59943 50.1829 3.1924
    endloop
  endfacet
  facet normal 0 0 1
    outer loop
      vertex 6.59943 50.1829 3.1924
      vertex 7.65246 50.1829 3.1924
      vertex 7.91344 50.547 3.1924
    endloop
  endfacet
  facet normal 0 0 1
    outer loop
      vertex 6.33806 50.547 3.1924
      vertex 6.33806 45.5366 3.1924
      vertex 6.59943 45.5996 3.1924
    endloop
  endfacet
  facet normal 0 0 1
    outer loop
      vertex 6.59943 45.5996 3.1924
      vertex 6.59943 50.1829 3.1924
      vertex 6.33806 50.547 3.1924
    endloop
  endfacet
  facet normal 0 0 1
    outer loop
      vertex 6.59943 44.2122 3.06353
      vertex 7.65404 44.2122 3.06353
      vertex 7.65404 45.1103 3.06353
    endloop
  endfacet
  facet normal 0 0 1
    outer loop
      vertex 7.65404 45.1103 3.06353
      vertex 6.59943 45.1103 3.06353
      vertex 6.59943 44.2122 3.06353
    endloop
  endfacet
  facet normal 0 0 1
    outer loop
      vertex 6.59943 45.1103 3.06353
      vertex 7.65404 45.1103 3.06353
      vertex 7.65246 45.5996 3.06353
    endloop
  endfacet
  facet normal 0 0 1
    outer loop
      vertex 7.65246 45.5996 3.06353
      vertex 6.59943 45.5996 3.06353
      vertex 6.59943 45.1103 3.06353
    endloop
  endfacet
  facet normal 0 0 1
    outer loop
      vertex 6.59943 45.5996 3.06353
      vertex 7.65246 45.5996 3.06353
      vertex 7.65246 50.1829 3.06353
    endloop
  endfacet
  facet normal 0 0 1
    outer loop
      vertex 7.65246 50.1829 3.06353
      vertex 6.59943 50.1829 3.06353
      vertex 6.59943 45.5996 3.06353
    endloop
  endfacet
  facet normal -0.999995 -0.00322223 0
    outer loop
      vertex 7.65404 45.1103 3.1924
      vertex 7.65246 45.5996 3.1924
      vertex 7.65246 45.5996 3.06353
    endloop
  endfacet
  facet normal -0.999995 -0.00322223 0
    outer loop
      vertex 7.65246 45.5996 3.06353
      vertex 7.65404 45.1103 3.06353
      vertex 7.65404 45.1103 3.1924
    endloop
  endfacet
  facet normal 1 0 0
    outer loop
      vertex 6.59943 45.1103 3.1924
      vertex 6.59943 44.2122 3.1924
      vertex 6.59943 44.2122 3.06353
    endloop
  endfacet
  facet normal 1 0 0
    outer loop
      vertex 6.59943 44.2122 3.06353
      vertex 6.59943 45.1103 3.06353
      vertex 6.59943 45.1103 3.1924
    endloop
  endfacet
  facet normal -1 0 0
    outer loop
      vertex 7.65246 45.5996 3.1924
      vertex 7.65246 50.1829 3.1924
      vertex 7.65246 50.1829 3.06353
    endloop
  endfacet
  facet normal -1 0 0
    outer loop
      vertex 7.65246 50.1829 3.06353
      vertex 7.65246 45.5996 3.06353
      vertex 7.65246 45.5996 3.1924
    endloop
  endfacet
  facet normal 1 0 0
    outer loop
      vertex 6.59943 45.5996 3.1924
      vertex 6.59943 45.1103 3.1924
      vertex 6.59943 45.1103 3.06353
    endloop
  endfacet
  facet normal 1 0 0
    outer loop
      vertex 6.59943 45.1103 3.06353
      vertex 6.59943 45.5996 3.06353
      vertex 6.59943 45.5996 3.1924
    endloop
  endfacet
  facet normal -1 0 0
    outer loop
      vertex 7.65404 44.2122 3.1924
      vertex 7.65404 45.1103 3.1924
      vertex 7.65404 45.1103 3.06353
    endloop
  endfacet
  facet normal -1 0 0
    outer loop
      vertex 7.65404 45.1103 3.06353
      vertex 7.65404 44.2122 3.06353
      vertex 7.65404 44.2122 3.1924
    endloop
  endfacet
  facet normal 0.27574 0.961232 0
    outer loop
      vertex 7.75917 39.5817 3.52837
      vertex 7.62909 39.619 3.34581
      vertex 7.62909 39.619 3.83222
    endloop
  endfacet
  facet normal 0.27585 0.961201 0
    outer loop
      vertex 7.62909 39.619 3.83222
      vertex 9.07871 39.203 3.81294
      vertex 9.07871 39.203 3.52837
    endloop
  endfacet
  facet normal 0.275861 0.961198 5.58366e-05
    outer loop
      vertex 7.62909 39.619 3.83222
      vertex 9.07871 39.203 3.52837
      vertex 7.75917 39.5817 3.52837
    endloop
  endfacet
  facet normal -0.275847 -0.961201 0
    outer loop
      vertex 7.5204 38.852 3.52837
      vertex 8.86703 38.4655 3.52837
      vertex 8.86703 38.4655 3.81294
    endloop
  endfacet
  facet normal -0.275849 -0.961201 0
    outer loop
      vertex 7.41745 38.8815 3.83222
      vertex 7.41745 38.8815 3.38641
      vertex 7.5204 38.852 3.52837
    endloop
  endfacet
  facet normal -0.275848 -0.961201 3.91998e-07
    outer loop
      vertex 8.86703 38.4655 3.81294
      vertex 7.41745 38.8815 3.83222
      vertex 7.5204 38.852 3.52837
    endloop
  endfacet
  facet normal 0.961191 -0.275884 0
    outer loop
      vertex 9.07871 39.203 3.52837
      vertex 9.07871 39.203 3.81294
      vertex 8.86703 38.4655 3.81294
    endloop
  endfacet
  facet normal 0.961191 -0.275884 0
    outer loop
      vertex 8.86703 38.4655 3.81294
      vertex 8.86703 38.4655 3.52837
      vertex 9.07871 39.203 3.52837
    endloop
  endfacet
  facet normal 0 0 1
    outer loop
      vertex 5.46432 41.7511 2.6263
      vertex 6.90982 40.6827 2.6263
      vertex 7.12146 41.4202 2.6263
    endloop
  endfacet
  facet normal 0 0 1
    outer loop
      vertex 7.12146 41.4202 2.6263
      vertex 7.74312 41.2418 2.6263
      vertex 8.17679 41.7511 2.6263
    endloop
  endfacet
  facet normal 0 0 1
    outer loop
      vertex 5.46432 41.7511 2.6263
      vertex 7.12146 41.4202 2.6263
      vertex 8.17679 41.7511 2.6263
    endloop
  endfacet
  facet normal 0 0 1
    outer loop
      vertex 7.34264 39.7013 2.6263
      vertex 7.53148 40.5043 2.6263
      vertex 6.90982 40.6827 2.6263
    endloop
  endfacet
  facet normal 0 0 1
    outer loop
      vertex 6.90982 40.6827 2.6263
      vertex 6.72098 39.8797 2.6263
      vertex 7.34264 39.7013 2.6263
    endloop
  endfacet
  facet normal -0.792425 0.25921 0.552154
    outer loop
      vertex 7.75917 39.5817 3.52837
      vertex 8.0155 40.3653 3.52837
      vertex 7.81793 40.422 3.21821
    endloop
  endfacet
  facet normal -0.800829 0.27307 0.533015
    outer loop
      vertex 7.81793 40.422 3.21821
      vertex 7.73204 40.4467 3.07654
      vertex 7.46581 39.6659 3.07654
    endloop
  endfacet
  facet normal 0.274611 0.961555 0.000870511
    outer loop
      vertex 7.46581 39.6659 3.07654
      vertex 7.62909 39.619 3.34581
      vertex 7.75917 39.5817 3.52837
    endloop
  endfacet
  facet normal -0.786563 0.261481 0.559417
    outer loop
      vertex 7.81793 40.422 3.21821
      vertex 7.46581 39.6659 3.07654
      vertex 7.75917 39.5817 3.52837
    endloop
  endfacet
  facet normal -0.758902 0.248266 0.602023
    outer loop
      vertex 6.89631 36.9443 3.52837
      vertex 7.5204 38.852 3.52837
      vertex 7.41745 38.8815 3.38641
    endloop
  endfacet
  facet normal -0.786575 0.268188 0.556215
    outer loop
      vertex 7.41745 38.8815 3.38641
      vertex 7.21786 38.9388 3.07654
      vertex 6.53781 36.9443 3.07654
    endloop
  endfacet
  facet normal -0.758843 0.248256 0.602102
    outer loop
      vertex 7.41745 38.8815 3.38641
      vertex 6.53781 36.9443 3.07654
      vertex 6.89631 36.9443 3.52837
    endloop
  endfacet
  facet normal -0.275911 -0.961183 0
    outer loop
      vertex 7.81793 40.422 3.83222
      vertex 7.81793 40.422 3.21821
      vertex 8.0155 40.3653 3.52837
    endloop
  endfacet
  facet normal -0.275846 -0.961202 0
    outer loop
      vertex 8.0155 40.3653 3.52837
      vertex 9.26755 40.006 3.52837
      vertex 9.26755 40.006 3.81294
    endloop
  endfacet
  facet normal -0.275854 -0.9612 4.01004e-05
    outer loop
      vertex 8.0155 40.3653 3.52837
      vertex 9.26755 40.006 3.81294
      vertex 7.81793 40.422 3.83222
    endloop
  endfacet
  facet normal -0.961207 0.275827 0
    outer loop
      vertex 7.12146 41.4202 2.6263
      vertex 6.90982 40.6827 2.6263
      vertex 6.90982 40.6827 3.1069
    endloop
  endfacet
  facet normal -0.961207 0.275827 0
    outer loop
      vertex 6.90982 40.6827 3.1069
      vertex 7.12146 41.4202 3.1069
      vertex 7.12146 41.4202 2.6263
    endloop
  endfacet
  facet normal -0.275842 -0.961203 0
    outer loop
      vertex 7.21786 38.9388 3.07654
      vertex 7.41745 38.8815 3.38641
      vertex 7.41745 38.8815 3.83222
    endloop
  endfacet
  facet normal -0.275872 -0.961194 0
    outer loop
      vertex 7.41745 38.8815 3.83222
      vertex 6.5093 39.1422 3.1069
      vertex 6.5093 39.1422 2.6263
    endloop
  endfacet
  facet normal -0.275875 -0.961192 -0.00193596
    outer loop
      vertex 6.5093 39.1422 2.6263
      vertex 7.13096 38.9637 2.6263
      vertex 7.21786 38.9388 2.62814
    endloop
  endfacet
  facet normal -0.275888 -0.96119 1.31633e-05
    outer loop
      vertex 7.21786 38.9388 3.07654
      vertex 7.41745 38.8815 3.83222
      vertex 6.5093 39.1422 2.6263
    endloop
  endfacet
  facet normal -0.27588 -0.961192 0
    outer loop
      vertex 6.5093 39.1422 2.6263
      vertex 7.21786 38.9388 2.62814
      vertex 7.21786 38.9388 3.07654
    endloop
  endfacet
  facet normal 0.961207 -0.275826 0
    outer loop
      vertex 9.26755 40.006 3.52837
      vertex 9.47919 40.7436 3.52837
      vertex 9.47919 40.7436 3.81294
    endloop
  endfacet
  facet normal 0.961207 -0.275826 0
    outer loop
      vertex 9.47919 40.7436 3.81294
      vertex 9.26755 40.006 3.81294
      vertex 9.26755 40.006 3.52837
    endloop
  endfacet
  facet normal -0.275875 -0.961194 0
    outer loop
      vertex 7.53148 40.5043 2.6263
      vertex 7.73204 40.4467 2.63055
      vertex 7.73204 40.4467 3.07654
    endloop
  endfacet
  facet normal -0.275799 -0.961215 0
    outer loop
      vertex 7.73204 40.4467 3.07654
      vertex 7.81793 40.422 3.21821
      vertex 7.81793 40.422 3.83222
    endloop
  endfacet
  facet normal -0.275865 -0.961197 0
    outer loop
      vertex 7.81793 40.422 3.83222
      vertex 6.90982 40.6827 3.1069
      vertex 6.90982 40.6827 2.6263
    endloop
  endfacet
  facet normal -0.27587 -0.961195 -2.40507e-06
    outer loop
      vertex 6.90982 40.6827 2.6263
      vertex 7.53148 40.5043 2.6263
      vertex 7.73204 40.4467 3.07654
    endloop
  endfacet
  facet normal -0.275876 -0.961193 9.44557e-06
    outer loop
      vertex 7.73204 40.4467 3.07654
      vertex 7.81793 40.422 3.83222
      vertex 6.90982 40.6827 2.6263
    endloop
  endfacet
  facet normal 0.27586 0.961198 0
    outer loop
      vertex 9.47919 40.7436 3.81294
      vertex 9.47919 40.7436 3.52837
      vertex 8.25427 41.0951 3.52837
    endloop
  endfacet
  facet normal 0.275887 0.96119 0
    outer loop
      vertex 8.25427 41.0951 3.52837
      vertex 8.02965 41.1596 3.15841
      vertex 8.02965 41.1596 3.83222
    endloop
  endfacet
  facet normal 0.275864 0.961197 -1.8819e-05
    outer loop
      vertex 8.25427 41.0951 3.52837
      vertex 8.02965 41.1596 3.83222
      vertex 9.47919 40.7436 3.81294
    endloop
  endfacet
  facet normal 0.27587 0.961195 0
    outer loop
      vertex 7.34264 39.7013 2.6263
      vertex 6.72098 39.8797 2.6263
      vertex 6.72098 39.8797 3.1069
    endloop
  endfacet
  facet normal 0.275887 0.96119 0
    outer loop
      vertex 6.72098 39.8797 3.1069
      vertex 7.62909 39.619 3.83222
      vertex 7.62909 39.619 3.34581
    endloop
  endfacet
  facet normal 0.275903 0.961185 0
    outer loop
      vertex 7.46581 39.6659 3.07654
      vertex 7.46581 39.6659 2.62891
      vertex 7.34264 39.7013 2.6263
    endloop
  endfacet
  facet normal 0.275877 0.961193 3.97252e-05
    outer loop
      vertex 6.72098 39.8797 3.1069
      vertex 7.62909 39.619 3.34581
      vertex 7.46581 39.6659 3.07654
    endloop
  endfacet
  facet normal 0.275876 0.961193 8.10984e-06
    outer loop
      vertex 6.72098 39.8797 3.1069
      vertex 7.46581 39.6659 3.07654
      vertex 7.34264 39.7013 2.6263
    endloop
  endfacet
  facet normal -0.961193 0.275877 0
    outer loop
      vertex 6.5093 39.1422 2.6263
      vertex 6.5093 39.1422 3.1069
      vertex 6.72098 39.8797 3.1069
    endloop
  endfacet
  facet normal -0.961193 0.275877 0
    outer loop
      vertex 6.72098 39.8797 3.1069
      vertex 6.72098 39.8797 2.6263
      vertex 6.5093 39.1422 2.6263
    endloop
  endfacet
  facet normal 0.275865 0.961196 -0.000167365
    outer loop
      vertex 7.97999 41.1738 2.63132
      vertex 7.74312 41.2418 2.6263
      vertex 7.12146 41.4202 2.6263
    endloop
  endfacet
  facet normal 0.275845 0.961202 0
    outer loop
      vertex 7.12146 41.4202 2.6263
      vertex 7.12146 41.4202 3.1069
      vertex 8.02965 41.1596 3.83222
    endloop
  endfacet
  facet normal 0.275531 0.961292 0
    outer loop
      vertex 8.02965 41.1596 3.83222
      vertex 8.02965 41.1596 3.15841
      vertex 7.97999 41.1738 3.07654
    endloop
  endfacet
  facet normal 0.275864 0.961197 0
    outer loop
      vertex 7.97999 41.1738 3.07654
      vertex 7.97999 41.1738 2.63132
      vertex 7.12146 41.4202 2.6263
    endloop
  endfacet
  facet normal 0.275875 0.961193 -2.45341e-05
    outer loop
      vertex 7.12146 41.4202 2.6263
      vertex 8.02965 41.1596 3.83222
      vertex 7.97999 41.1738 3.07654
    endloop
  endfacet
  facet normal -0.000155785 2.78196e-07 -1
    outer loop
      vertex 5.61806 52.4514 1.70999
      vertex 5.54778 52.0913 1.71
      vertex 5.44677 52.0913 1.71001
    endloop
  endfacet
  facet normal -0.000155054 -6.95945e-08 -1
    outer loop
      vertex 5.44677 52.0913 1.71001
      vertex 5.44661 52.4514 1.71001
      vertex 5.61806 52.4514 1.70999
    endloop
  endfacet
  facet normal 0 0 -1
    outer loop
      vertex 5.46432 50.836 1.71001
      vertex 5.44677 50.836 1.71001
      vertex 5.44661 51.1962 1.71001
    endloop
  endfacet
  facet normal 0 0 -1
    outer loop
      vertex 5.44661 51.1962 1.71001
      vertex 5.46432 51.1962 1.71001
      vertex 5.46432 50.836 1.71001
    endloop
  endfacet
  facet normal 0.000110048 -1 0
    outer loop
      vertex 5.46432 50.836 2.6263
      vertex 6.95486 50.8362 2.6263
      vertex 6.95486 50.8362 2.91134
    endloop
  endfacet
  facet normal 0 -1 0
    outer loop
      vertex 5.44677 50.836 2.90986
      vertex 5.44677 50.836 1.71001
      vertex 5.46432 50.836 1.71001
    endloop
  endfacet
  facet normal 0.000108761 -1 6.73103e-06
    outer loop
      vertex 5.46432 50.836 2.6263
      vertex 6.95486 50.8362 2.91134
      vertex 5.44677 50.836 2.90986
    endloop
  endfacet
  facet normal 0 -1 0
    outer loop
      vertex 5.44677 50.836 2.90986
      vertex 5.46432 50.836 1.71001
      vertex 5.46432 50.836 2.6263
    endloop
  endfacet
  facet normal 0.000226597 -1 0
    outer loop
      vertex 5.44677 52.0913 1.71001
      vertex 5.54778 52.0913 1.71
      vertex 5.54778 52.0913 2.6263
    endloop
  endfacet
  facet normal 9.75983e-05 -1 0
    outer loop
      vertex 5.54778 52.0913 2.6263
      vertex 6.95486 52.0914 2.6263
      vertex 6.95486 52.0914 2.91134
    endloop
  endfacet
  facet normal 0.000226597 -1 0
    outer loop
      vertex 5.44677 52.0913 2.90986
      vertex 5.44677 52.0913 1.71001
      vertex 5.54778 52.0913 2.6263
    endloop
  endfacet
  facet normal 0.00010628 -1 -4.28584e-05
    outer loop
      vertex 5.54778 52.0913 2.6263
      vertex 6.95486 52.0914 2.91134
      vertex 5.44677 52.0913 2.90986
    endloop
  endfacet
  facet normal 1 0.00044884 0
    outer loop
      vertex 6.95486 52.0914 2.6263
      vertex 6.9547 52.4516 2.6263
      vertex 6.9547 52.4516 2.91134
    endloop
  endfacet
  facet normal 1 0.00044884 0
    outer loop
      vertex 6.9547 52.4516 2.91134
      vertex 6.95486 52.0914 2.91134
      vertex 6.95486 52.0914 2.6263
    endloop
  endfacet
  facet normal -0.000115562 -1.38979e-05 -1
    outer loop
      vertex 5.44661 51.8109 1.71001
      vertex 5.49303 51.8109 1.71001
      vertex 5.46432 51.6636 1.71001
    endloop
  endfacet
  facet normal 0 0 -1
    outer loop
      vertex 5.46432 51.6636 1.71001
      vertex 5.46432 51.4507 1.71001
      vertex 5.44677 51.4507 1.71001
    endloop
  endfacet
  facet normal 0 0 -1
    outer loop
      vertex 5.46432 51.6636 1.71001
      vertex 5.44677 51.4507 1.71001
      vertex 5.44661 51.8109 1.71001
    endloop
  endfacet
  facet normal 0 0 1
    outer loop
      vertex 5.54778 52.0913 2.6263
      vertex 5.49303 51.8109 2.6263
      vertex 6.9547 51.811 2.6263
    endloop
  endfacet
  facet normal 0 0 1
    outer loop
      vertex 6.9547 51.811 2.6263
      vertex 6.95478 51.6636 2.6263
      vertex 9.31405 51.6636 2.6263
    endloop
  endfacet
  facet normal 0 0 1
    outer loop
      vertex 9.31405 51.6636 2.6263
      vertex 9.31405 53.0205 2.6263
      vertex 5.72905 53.0205 2.6263
    endloop
  endfacet
  facet normal 0 0 1
    outer loop
      vertex 5.72905 53.0205 2.6263
      vertex 5.61806 52.4514 2.6263
      vertex 6.9547 52.4516 2.6263
    endloop
  endfacet
  facet normal 0 0 1
    outer loop
      vertex 6.95486 52.0914 2.6263
      vertex 5.54778 52.0913 2.6263
      vertex 6.9547 51.811 2.6263
    endloop
  endfacet
  facet normal 0 0 1
    outer loop
      vertex 9.31405 51.6636 2.6263
      vertex 5.72905 53.0205 2.6263
      vertex 6.9547 52.4516 2.6263
    endloop
  endfacet
  facet normal 0 0 1
    outer loop
      vertex 6.95486 52.0914 2.6263
      vertex 6.9547 51.811 2.6263
      vertex 9.31405 51.6636 2.6263
    endloop
  endfacet
  facet normal 0 0 1
    outer loop
      vertex 9.31405 51.6636 2.6263
      vertex 6.9547 52.4516 2.6263
      vertex 6.95486 52.0914 2.6263
    endloop
  endfacet
  facet normal 1 0.00044884 0
    outer loop
      vertex 6.9547 51.1963 2.6263
      vertex 6.9547 51.1963 2.91134
      vertex 6.95486 50.8362 2.91134
    endloop
  endfacet
  facet normal 1 0.00044884 0
    outer loop
      vertex 6.95486 50.8362 2.91134
      vertex 6.95486 50.8362 2.6263
      vertex 6.9547 51.1963 2.6263
    endloop
  endfacet
  facet normal 0 -1 0
    outer loop
      vertex 5.44677 51.4507 1.71001
      vertex 5.46432 51.4507 1.71001
      vertex 5.46432 51.4507 2.6263
    endloop
  endfacet
  facet normal 0.000110048 -1 0
    outer loop
      vertex 5.46432 51.4507 2.6263
      vertex 6.95486 51.4509 2.6263
      vertex 6.95486 51.4509 2.91134
    endloop
  endfacet
  facet normal 0 -1 0
    outer loop
      vertex 5.44677 51.4507 2.90986
      vertex 5.44677 51.4507 1.71001
      vertex 5.46432 51.4507 2.6263
    endloop
  endfacet
  facet normal 0.000108761 -1 6.73103e-06
    outer loop
      vertex 5.46432 51.4507 2.6263
      vertex 6.95486 51.4509 2.91134
      vertex 5.44677 51.4507 2.90986
    endloop
  endfacet
  facet normal 1 0.000378842 0
    outer loop
      vertex 6.95486 51.4509 2.91134
      vertex 6.95486 51.4509 2.6263
      vertex 6.95478 51.6636 2.6263
    endloop
  endfacet
  facet normal 1 0.000549834 0
    outer loop
      vertex 6.95478 51.6636 2.6263
      vertex 6.9547 51.811 2.6263
      vertex 6.9547 51.811 2.91134
    endloop
  endfacet
  facet normal 1 0.00044884 5.22371e-05
    outer loop
      vertex 6.95478 51.6636 2.6263
      vertex 6.9547 51.811 2.91134
      vertex 6.95486 51.4509 2.91134
    endloop
  endfacet
  facet normal 0 1 0
    outer loop
      vertex 8.29442 47.3374 2.29686
      vertex 10.6809 47.3374 2.29686
      vertex 10.4513 47.3374 2.04522
    endloop
  endfacet
  facet normal 0 1 0
    outer loop
      vertex 10.4513 47.3374 2.04522
      vertex 8.29442 47.3374 2.04522
      vertex 8.29442 47.3374 2.29686
    endloop
  endfacet
  facet normal 0 1 0
    outer loop
      vertex 10.6809 50.1809 0.830595
      vertex 8.50606 50.1809 0.830595
      vertex 8.50606 50.1809 1.01277
    endloop
  endfacet
  facet normal 0 1 0
    outer loop
      vertex 8.50606 50.1809 1.01277
      vertex 8.29442 50.1809 1.01277
      vertex 8.29442 50.1809 1.07734
    endloop
  endfacet
  facet normal 0 1 0
    outer loop
      vertex 8.29442 50.1809 1.07734
      vertex 10.4513 50.1809 1.07734
      vertex 10.6809 50.1809 0.830595
    endloop
  endfacet
  facet normal 0 1 0
    outer loop
      vertex 8.50606 50.1809 1.01277
      vertex 8.29442 50.1809 1.07734
      vertex 10.6809 50.1809 0.830595
    endloop
  endfacet
  facet normal 0 1 0
    outer loop
      vertex 9.31405 51.6648 1.07734
      vertex 9.31405 51.6648 2.04522
      vertex 10.4513 51.6648 2.04522
    endloop
  endfacet
  facet normal 0 1 0
    outer loop
      vertex 10.4513 51.6648 2.04522
      vertex 10.4513 51.6648 1.07734
      vertex 9.31405 51.6648 1.07734
    endloop
  endfacet
  facet normal 0 0 -1
    outer loop
      vertex 13.8347 43.601 1.07734
      vertex 12.5933 43.6014 1.07734
      vertex 12.4797 44.3089 1.07734
    endloop
  endfacet
  facet normal 0 0 -1
    outer loop
      vertex 12.4797 44.3089 1.07734
      vertex 13.8371 44.0486 1.07734
      vertex 13.8347 43.601 1.07734
    endloop
  endfacet
  facet normal 0 0 1
    outer loop
      vertex 8.29442 46.2667 2.29686
      vertex 10.6809 46.2667 2.29686
      vertex 10.6809 47.3374 2.29686
    endloop
  endfacet
  facet normal 0 0 1
    outer loop
      vertex 10.6809 47.3374 2.29686
      vertex 8.29442 47.3374 2.29686
      vertex 8.29442 46.2667 2.29686
    endloop
  endfacet
  facet normal 0 -1 -0.000310236
    outer loop
      vertex 12.3094 40.8099 4.07408
      vertex 12.3103 40.8106 2.04522
      vertex 13.0415 40.8106 2.04522
    endloop
  endfacet
  facet normal 0 -1 -0.000310236
    outer loop
      vertex 13.8197 40.8106 2.04522
      vertex 14.4129 40.8106 2.04522
      vertex 14.4129 40.8099 4.07408
    endloop
  endfacet
  facet normal 0 -1 -0.000310236
    outer loop
      vertex 12.3094 40.8099 4.07408
      vertex 13.0415 40.8106 2.04522
      vertex 13.8197 40.8106 2.04522
    endloop
  endfacet
  facet normal 0 -1 -0.000310236
    outer loop
      vertex 13.8197 40.8106 2.04522
      vertex 14.4129 40.8099 4.07408
      vertex 12.3094 40.8099 4.07408
    endloop
  endfacet
  facet normal -0.43671 0.899602 -1.14072e-05
    outer loop
      vertex 11.547 43.2304 1.07734
      vertex 12.3113 43.6015 1.07734
      vertex 12.3113 43.6015 1.01277
    endloop
  endfacet
  facet normal -0.43668 0.899617 0.000425309
    outer loop
      vertex 12.3113 43.6015 1.01277
      vertex 11.547 43.2304 1.01277
      vertex 11.547 43.2304 1.07734
    endloop
  endfacet
  facet normal 0 0 -1
    outer loop
      vertex 11.3791 44.3089 1.07734
      vertex 11.3415 43.2305 1.07734
      vertex 10.114 43.2308 1.07734
    endloop
  endfacet
  facet normal 0 0 -1
    outer loop
      vertex 10.114 43.2308 1.07734
      vertex 8.68091 43.2314 1.07734
      vertex 8.68091 44.3089 1.07734
    endloop
  endfacet
  facet normal 0 0 -1
    outer loop
      vertex 10.114 43.2308 1.07734
      vertex 8.68091 44.3089 1.07734
      vertex 11.3791 44.3089 1.07734
    endloop
  endfacet
  facet normal 0.704398 -0.709804 0.00123492
    outer loop
      vertex 8.29442 50.6507 2.04522
      vertex 9.31405 51.6626 2.04522
      vertex 9.31405 51.6636 2.6263
    endloop
  endfacet
  facet normal 0.704753 -0.709453 0
    outer loop
      vertex 9.31405 51.6636 2.6263
      vertex 8.29442 50.6507 2.6263
      vertex 8.29442 50.6507 2.04522
    endloop
  endfacet
  facet normal 0.843967 0.536396 0
    outer loop
      vertex 8.68091 44.3473 2.04522
      vertex 8.29442 44.9554 2.04522
      vertex 8.29442 44.9554 2.6263
    endloop
  endfacet
  facet normal 0.843967 0.536396 0
    outer loop
      vertex 8.29442 44.9554 2.6263
      vertex 8.68091 44.3473 2.6263
      vertex 8.68091 44.3473 2.04522
    endloop
  endfacet
  facet normal 0 1 0
    outer loop
      vertex 8.29442 47.3374 1.01277
      vertex 8.29442 47.3374 1.07734
      vertex 10.4513 47.3374 1.07734
    endloop
  endfacet
  facet normal 0 1 0
    outer loop
      vertex 10.4513 47.3374 1.07734
      vertex 10.4513 47.3374 2.04522
      vertex 10.6809 47.3374 2.29686
    endloop
  endfacet
  facet normal 0 1 0
    outer loop
      vertex 10.6809 47.3374 0.830595
      vertex 8.50606 47.3374 0.830595
      vertex 8.50606 47.3374 1.01277
    endloop
  endfacet
  facet normal 0 1 0
    outer loop
      vertex 8.50606 47.3374 1.01277
      vertex 8.29442 47.3374 1.01277
      vertex 10.4513 47.3374 1.07734
    endloop
  endfacet
  facet normal 0 1 0
    outer loop
      vertex 10.4513 47.3374 1.07734
      vertex 10.6809 47.3374 2.29686
      vertex 10.6809 47.3374 0.830595
    endloop
  endfacet
  facet normal 0 1 0
    outer loop
      vertex 10.4513 47.3374 1.07734
      vertex 10.6809 47.3374 0.830595
      vertex 8.50606 47.3374 1.01277
    endloop
  endfacet
  facet normal 0 0 1
    outer loop
      vertex 11.3791 44.3089 2.04522
      vertex 11.3414 43.2298 2.04522
      vertex 11.5469 43.2298 2.04522
    endloop
  endfacet
  facet normal 0 0 1
    outer loop
      vertex 12.3112 43.601 2.04522
      vertex 12.5934 43.601 2.04522
      vertex 12.4797 44.3089 2.04522
    endloop
  endfacet
  facet normal 0 0 1
    outer loop
      vertex 11.3791 44.3089 2.04522
      vertex 11.5469 43.2298 2.04522
      vertex 12.3112 43.601 2.04522
    endloop
  endfacet
  facet normal 0 0 1
    outer loop
      vertex 12.3112 43.601 2.04522
      vertex 12.4797 44.3089 2.04522
      vertex 11.3791 44.3089 2.04522
    endloop
  endfacet
  facet normal 1 0 0
    outer loop
      vertex 8.68091 43.2314 2.6263
      vertex 8.68091 43.2314 2.04522
      vertex 8.68091 44.3089 2.04522
    endloop
  endfacet
  facet normal 1 0 0
    outer loop
      vertex 8.68091 44.3089 2.04522
      vertex 8.68091 44.3473 2.04522
      vertex 8.68091 44.3473 2.6263
    endloop
  endfacet
  facet normal 1 0 0
    outer loop
      vertex 8.68091 44.3089 2.04522
      vertex 8.68091 44.3473 2.6263
      vertex 8.68091 43.2314 2.6263
    endloop
  endfacet
  facet normal 0 0 1
    outer loop
      vertex 11.3791 45.2973 2.04522
      vertex 8.29442 45.1368 2.04522
      vertex 8.29442 44.9554 2.04522
    endloop
  endfacet
  facet normal 0 0 1
    outer loop
      vertex 8.68091 44.3473 2.04522
      vertex 8.68091 44.3089 2.04522
      vertex 11.3791 44.3089 2.04522
    endloop
  endfacet
  facet normal 0 0 1
    outer loop
      vertex 11.3791 45.2973 2.04522
      vertex 8.29442 44.9554 2.04522
      vertex 8.68091 44.3473 2.04522
    endloop
  endfacet
  facet normal 0 0 1
    outer loop
      vertex 8.68091 44.3473 2.04522
      vertex 11.3791 44.3089 2.04522
      vertex 11.3791 45.2973 2.04522
    endloop
  endfacet
  facet normal 0 0 1
    outer loop
      vertex 10.7409 45.2973 2.04522
      vertex 10.4513 45.614 2.04522
      vertex 8.29442 45.614 2.04522
    endloop
  endfacet
  facet normal 0 0 1
    outer loop
      vertex 8.29442 45.614 2.04522
      vertex 8.29442 45.2973 2.04522
      vertex 10.7409 45.2973 2.04522
    endloop
  endfacet
  facet normal 1 0 0
    outer loop
      vertex 8.29442 50.6507 1.07734
      vertex 8.29442 50.1809 1.07734
      vertex 8.29442 50.1809 1.01277
    endloop
  endfacet
  facet normal 1 0 0
    outer loop
      vertex 8.29442 50.1809 1.01277
      vertex 8.29442 50.6507 1.01277
      vertex 8.29442 50.6507 1.07734
    endloop
  endfacet
  facet normal 1 0 0
    outer loop
      vertex 8.29442 49.1103 1.01277
      vertex 8.29442 49.1103 1.07734
      vertex 8.29442 47.3374 1.07734
    endloop
  endfacet
  facet normal 1 0 0
    outer loop
      vertex 8.29442 47.3374 1.07734
      vertex 8.29442 47.3374 1.01277
      vertex 8.29442 49.1103 1.01277
    endloop
  endfacet
  facet normal 1 0 0
    outer loop
      vertex 8.29442 44.9554 2.6263
      vertex 8.29442 44.9554 2.04522
      vertex 8.29442 45.1368 2.04522
    endloop
  endfacet
  facet normal 0 0 0
    outer loop
      vertex 8.29442 45.2973 2.04522
      vertex 8.29442 45.614 2.04522
      vertex 8.29442 46.2667 2.04522
    endloop
  endfacet
  facet normal 1 0 0
    outer loop
      vertex 8.29442 44.9554 2.6263
      vertex 8.29442 45.1368 2.04522
      vertex 8.29442 45.2973 2.04522
    endloop
  endfacet
  facet normal 1 0 0
    outer loop
      vertex 8.29442 50.1809 2.04522
      vertex 8.29442 50.6507 2.04522
      vertex 8.29442 50.6507 2.6263
    endloop
  endfacet
  facet normal 1 0 0
    outer loop
      vertex 8.29442 50.1809 2.29686
      vertex 8.29442 50.1809 2.04522
      vertex 8.29442 50.6507 2.6263
    endloop
  endfacet
  facet normal 1 0 0
    outer loop
      vertex 8.29442 44.9554 2.6263
      vertex 8.29442 45.2973 2.04522
      vertex 8.29442 46.2667 2.04522
    endloop
  endfacet
  facet normal 1 0 0
    outer loop
      vertex 8.29442 44.9554 2.6263
      vertex 8.29442 46.2667 2.04522
      vertex 8.29442 46.2667 2.29686
    endloop
  endfacet
  facet normal 1 0 0
    outer loop
      vertex 8.29442 50.1809 2.29686
      vertex 8.29442 50.6507 2.6263
      vertex 8.29442 44.9554 2.6263
    endloop
  endfacet
  facet normal 1 0 0
    outer loop
      vertex 8.29442 47.3374 2.04522
      vertex 8.29442 49.1103 2.04522
      vertex 8.29442 49.1103 2.29686
    endloop
  endfacet
  facet normal 1 0 0
    outer loop
      vertex 8.29442 49.1103 2.29686
      vertex 8.29442 50.1809 2.29686
      vertex 8.29442 44.9554 2.6263
    endloop
  endfacet
  facet normal 1 0 0
    outer loop
      vertex 8.29442 44.9554 2.6263
      vertex 8.29442 46.2667 2.29686
      vertex 8.29442 47.3374 2.29686
    endloop
  endfacet
  facet normal 1 0 0
    outer loop
      vertex 8.29442 47.3374 2.29686
      vertex 8.29442 47.3374 2.04522
      vertex 8.29442 49.1103 2.29686
    endloop
  endfacet
  facet normal 1 0 0
    outer loop
      vertex 8.29442 44.9554 2.6263
      vertex 8.29442 47.3374 2.29686
      vertex 8.29442 49.1103 2.29686
    endloop
  endfacet
  facet normal 0 0 1
    outer loop
      vertex 8.50606 49.1103 1.01277
      vertex 8.29442 49.1103 1.01277
      vertex 8.29442 47.3374 1.01277
    endloop
  endfacet
  facet normal 0 0 1
    outer loop
      vertex 8.29442 47.3374 1.01277
      vertex 8.50606 47.3374 1.01277
      vertex 8.50606 49.1103 1.01277
    endloop
  endfacet
  facet normal 0 0 1
    outer loop
      vertex 8.50606 46.2667 1.01277
      vertex 8.29442 46.2667 1.01277
      vertex 8.29442 44.9554 1.01277
    endloop
  endfacet
  facet normal 0 0 1
    outer loop
      vertex 8.29442 44.9554 1.01277
      vertex 8.50606 44.8343 1.01277
      vertex 8.50606 46.2667 1.01277
    endloop
  endfacet
  facet normal 0.660012 0.751254 0.00123776
    outer loop
      vertex 8.76817 32.572 1.07734
      vertex 9.31971 32.0874 1.07734
      vertex 9.31983 32.0874 1.01277
    endloop
  endfacet
  facet normal 0.659786 0.75145 -0.00216962
    outer loop
      vertex 9.31983 32.0874 1.01277
      vertex 8.76805 32.5719 1.01277
      vertex 8.76817 32.572 1.07734
    endloop
  endfacet
  facet normal 0 -1 0
    outer loop
      vertex 8.29442 49.1103 2.29686
      vertex 8.29442 49.1103 2.04522
      vertex 10.4513 49.1103 2.04522
    endloop
  endfacet
  facet normal 0 -1 0
    outer loop
      vertex 10.4513 49.1103 2.04522
      vertex 10.6809 49.1103 2.29686
      vertex 8.29442 49.1103 2.29686
    endloop
  endfacet
  facet normal 0.999998 -0.000499489 -0.00187496
    outer loop
      vertex 8.77035 36.9443 1.07734
      vertex 8.76817 32.572 1.07734
      vertex 8.76805 32.5719 1.01277
    endloop
  endfacet
  facet normal 0.999997 -0.0004901 -0.00251062
    outer loop
      vertex 8.76805 32.5719 1.01277
      vertex 8.77019 36.9443 1.01277
      vertex 8.77035 36.9443 1.07734
    endloop
  endfacet
  facet normal 0 0 1
    outer loop
      vertex 10.4513 51.6648 2.04522
      vertex 9.31405 51.6648 2.04522
      vertex 9.31405 51.6626 2.04522
    endloop
  endfacet
  facet normal 0 0 1
    outer loop
      vertex 9.31405 51.6626 2.04522
      vertex 8.29442 50.6507 2.04522
      vertex 8.29442 50.1809 2.04522
    endloop
  endfacet
  facet normal 0 0 1
    outer loop
      vertex 8.29442 50.1809 2.04522
      vertex 10.4513 50.1809 2.04522
      vertex 10.4513 51.6648 2.04522
    endloop
  endfacet
  facet normal 0 0 1
    outer loop
      vertex 9.31405 51.6626 2.04522
      vertex 8.29442 50.1809 2.04522
      vertex 10.4513 51.6648 2.04522
    endloop
  endfacet
  facet normal 0 0 1
    outer loop
      vertex 11.3012 38.1046 3.07791
      vertex 9.22509 38.7807 3.07791
      vertex 8.77456 36.9443 3.07791
    endloop
  endfacet
  facet normal 0 0 1
    outer loop
      vertex 8.77456 36.9443 3.07791
      vertex 8.77237 32.5745 3.07791
      vertex 9.31615 32.0874 3.07791
    endloop
  endfacet
  facet normal 0 0 1
    outer loop
      vertex 9.31615 32.0874 3.07791
      vertex 9.31583 31.5855 3.07791
      vertex 11.3004 31.5855 3.07791
    endloop
  endfacet
  facet normal 0 0 1
    outer loop
      vertex 11.3004 31.5855 3.07791
      vertex 11.3012 38.1046 3.07791
      vertex 8.77456 36.9443 3.07791
    endloop
  endfacet
  facet normal 0 0 1
    outer loop
      vertex 8.77456 36.9443 3.07791
      vertex 9.31615 32.0874 3.07791
      vertex 11.3004 31.5855 3.07791
    endloop
  endfacet
  facet normal 0 0 1
    outer loop
      vertex 11.3791 44.3089 2.04522
      vertex 8.68091 44.3089 2.04522
      vertex 8.68091 43.2314 2.04522
    endloop
  endfacet
  facet normal 0 0 1
    outer loop
      vertex 8.68091 43.2314 2.04522
      vertex 10.1139 43.2299 2.04522
      vertex 11.3414 43.2298 2.04522
    endloop
  endfacet
  facet normal 0 0 1
    outer loop
      vertex 8.68091 43.2314 2.04522
      vertex 11.3414 43.2298 2.04522
      vertex 11.3791 44.3089 2.04522
    endloop
  endfacet
  facet normal 0 0 1
    outer loop
      vertex 11.2676 41.1166 2.04522
      vertex 9.80801 41.1166 2.04522
      vertex 9.46136 39.7312 2.04522
    endloop
  endfacet
  facet normal 0 0 1
    outer loop
      vertex 9.46136 39.7312 2.04522
      vertex 11.2192 39.7312 2.04522
      vertex 11.2676 41.1166 2.04522
    endloop
  endfacet
  facet normal 0.999998 -0.00056435 0.00170636
    outer loop
      vertex 9.31534 32.0874 3.52837
      vertex 9.31506 31.5855 3.52837
      vertex 9.31583 31.5855 3.07791
    endloop
  endfacet
  facet normal 0.999998 -0.000644157 0.00179528
    outer loop
      vertex 9.31583 31.5855 3.07791
      vertex 9.31615 32.0874 3.07791
      vertex 9.31534 32.0874 3.52837
    endloop
  endfacet
  facet normal 0.00103287 0.999999 0.000975446
    outer loop
      vertex 10.1139 43.2295 2.40892
      vertex 10.1139 43.2299 2.04522
      vertex 8.68091 43.2314 2.04522
    endloop
  endfacet
  facet normal 1 0 0
    outer loop
      vertex 8.68091 43.2314 2.04522
      vertex 8.68091 43.2314 2.6263
      vertex 8.68091 43.2295 2.6263
    endloop
  endfacet
  facet normal 0.000479006 0.999995 0.00315769
    outer loop
      vertex 8.68091 43.2314 2.04522
      vertex 8.68091 43.2295 2.6263
      vertex 10.1139 43.2295 2.40892
    endloop
  endfacet
  facet normal 0.000295219 0.999999 0.00124054
    outer loop
      vertex 10.114 43.2309 1.01277
      vertex 10.114 43.2308 1.07734
      vertex 11.3415 43.2305 1.07734
    endloop
  endfacet
  facet normal 0.000278508 1 0.000472588
    outer loop
      vertex 11.3415 43.2305 1.07734
      vertex 11.547 43.2304 1.07734
      vertex 11.547 43.2304 1.01277
    endloop
  endfacet
  facet normal 0.00032743 1 0.000628239
    outer loop
      vertex 11.3415 43.2305 1.07734
      vertex 11.547 43.2304 1.01277
      vertex 10.114 43.2309 1.01277
    endloop
  endfacet
  facet normal 0 0 1
    outer loop
      vertex 9.46136 39.7312 2.04522
      vertex 9.22364 38.7811 2.04522
      vertex 11.3012 38.1046 2.04522
    endloop
  endfacet
  facet normal 0 0 1
    outer loop
      vertex 11.3012 38.1046 2.04522
      vertex 11.2192 39.7312 2.04522
      vertex 9.46136 39.7312 2.04522
    endloop
  endfacet
  facet normal 0 0 1
    outer loop
      vertex 8.29442 49.1103 2.04522
      vertex 8.29442 47.3374 2.04522
      vertex 10.4513 47.3374 2.04522
    endloop
  endfacet
  facet normal 0 0 1
    outer loop
      vertex 10.4513 47.3374 2.04522
      vertex 10.4513 49.1103 2.04522
      vertex 8.29442 49.1103 2.04522
    endloop
  endfacet
  facet normal -0.371563 -0.928408 -0.000458317
    outer loop
      vertex 11.5456 41.1166 2.04522
      vertex 12.3103 40.8106 2.04522
      vertex 12.3094 40.8099 4.07408
    endloop
  endfacet
  facet normal -0.371187 -0.928558 -0.000622449
    outer loop
      vertex 12.3094 40.8099 4.07408
      vertex 11.5445 41.1161 3.52837
      vertex 11.5456 41.1166 2.04522
    endloop
  endfacet
  facet normal 0 0 1
    outer loop
      vertex 13.8347 43.601 2.04522
      vertex 14.4129 43.6008 2.04522
      vertex 14.4129 44.0486 2.04522
    endloop
  endfacet
  facet normal 0 0 1
    outer loop
      vertex 14.4129 44.0486 2.04522
      vertex 13.8371 44.0486 2.04522
      vertex 13.8347 43.601 2.04522
    endloop
  endfacet
  facet normal 0 0 1
    outer loop
      vertex 8.29442 46.2667 2.04522
      vertex 8.29442 45.614 2.04522
      vertex 10.4513 45.614 2.04522
    endloop
  endfacet
  facet normal 0 0 1
    outer loop
      vertex 10.4513 45.614 2.04522
      vertex 10.4513 46.2667 2.04522
      vertex 8.29442 46.2667 2.04522
    endloop
  endfacet
  facet normal 0 0 1
    outer loop
      vertex 12.5934 43.601 2.04522
      vertex 13.8347 43.601 2.04522
      vertex 13.8371 44.0486 2.04522
    endloop
  endfacet
  facet normal 0 0 1
    outer loop
      vertex 13.8371 44.0486 2.04522
      vertex 12.4797 44.3089 2.04522
      vertex 12.5934 43.601 2.04522
    endloop
  endfacet
  facet normal 0.000229932 1 0.000295514
    outer loop
      vertex 12.3113 43.6015 1.01277
      vertex 12.3113 43.6015 1.07734
      vertex 12.5933 43.6014 1.07734
    endloop
  endfacet
  facet normal 0.000303492 1 0
    outer loop
      vertex 13.8347 43.601 1.07734
      vertex 14.4129 43.6008 1.07734
      vertex 14.4129 43.6008 1.01277
    endloop
  endfacet
  facet normal 0.000325722 1 -0.0001228
    outer loop
      vertex 12.3113 43.6015 1.01277
      vertex 12.5933 43.6014 1.07734
      vertex 13.8347 43.601 1.07734
    endloop
  endfacet
  facet normal 0.000315833 1 0.0001105
    outer loop
      vertex 13.8347 43.601 1.07734
      vertex 14.4129 43.6008 1.01277
      vertex 12.3113 43.6015 1.01277
    endloop
  endfacet
  facet normal 0 0 -1
    outer loop
      vertex 12.4797 44.3089 1.07734
      vertex 12.5933 43.6014 1.07734
      vertex 12.3113 43.6015 1.07734
    endloop
  endfacet
  facet normal 0 0 -1
    outer loop
      vertex 12.3113 43.6015 1.07734
      vertex 11.547 43.2304 1.07734
      vertex 11.3415 43.2305 1.07734
    endloop
  endfacet
  facet normal 0 0 -1
    outer loop
      vertex 11.3415 43.2305 1.07734
      vertex 11.3791 44.3089 1.07734
      vertex 12.4797 44.3089 1.07734
    endloop
  endfacet
  facet normal 0 0 -1
    outer loop
      vertex 12.3113 43.6015 1.07734
      vertex 11.3415 43.2305 1.07734
      vertex 12.4797 44.3089 1.07734
    endloop
  endfacet
  facet normal 0 0 1
    outer loop
      vertex 8.29442 50.1809 2.29686
      vertex 8.29442 49.1103 2.29686
      vertex 10.6809 49.1103 2.29686
    endloop
  endfacet
  facet normal 0 0 1
    outer loop
      vertex 10.6809 49.1103 2.29686
      vertex 10.6809 50.1809 2.29686
      vertex 8.29442 50.1809 2.29686
    endloop
  endfacet
  facet normal 0 0 1
    outer loop
      vertex 9.31405 52.3755 1.01277
      vertex 9.31405 51.6608 1.01277
      vertex 9.50086 51.6726 1.01277
    endloop
  endfacet
  facet normal 0 0 1
    outer loop
      vertex 9.50086 51.6726 1.01277
      vertex 9.50086 52.3754 1.01277
      vertex 9.31405 52.3755 1.01277
    endloop
  endfacet
  facet normal 0.970168 -0.24242 -0.00243603
    outer loop
      vertex 9.18801 38.6158 1.07734
      vertex 8.77035 36.9443 1.07734
      vertex 8.77019 36.9443 1.01277
    endloop
  endfacet
  facet normal 0.970083 -0.242713 0.00540068
    outer loop
      vertex 8.77019 36.9443 1.01277
      vertex 9.8142 41.117 1.01277
      vertex 9.81384 41.117 1.07734
    endloop
  endfacet
  facet normal 0.970089 -0.242693 0.00515299
    outer loop
      vertex 9.46706 39.7312 1.07734
      vertex 9.18801 38.6158 1.07734
      vertex 8.77019 36.9443 1.01277
    endloop
  endfacet
  facet normal 0.970064 -0.242738 0.00737331
    outer loop
      vertex 8.77019 36.9443 1.01277
      vertex 9.81384 41.117 1.07734
      vertex 9.46706 39.7312 1.07734
    endloop
  endfacet
  facet normal 0 0 -1
    outer loop
      vertex 14.4129 43.6008 1.07734
      vertex 13.8347 43.601 1.07734
      vertex 13.8371 44.0486 1.07734
    endloop
  endfacet
  facet normal 0 0 -1
    outer loop
      vertex 13.8371 44.0486 1.07734
      vertex 14.4129 44.0486 1.07734
      vertex 14.4129 43.6008 1.07734
    endloop
  endfacet
  facet normal 0 -1 -0.000295368
    outer loop
      vertex 11.5464 41.117 1.01277
      vertex 11.5463 41.117 1.07734
      vertex 11.2677 41.117 1.07734
    endloop
  endfacet
  facet normal 0 -1 -0.000295367
    outer loop
      vertex 11.2677 41.117 1.07734
      vertex 9.81384 41.117 1.07734
      vertex 9.8142 41.117 1.01277
    endloop
  endfacet
  facet normal 0 -1 -0.000295368
    outer loop
      vertex 11.2677 41.117 1.07734
      vertex 9.8142 41.117 1.01277
      vertex 11.5464 41.117 1.01277
    endloop
  endfacet
  facet normal 0 0 1
    outer loop
      vertex 5.46432 51.6636 1.01277
      vertex 5.60322 52.3756 1.01277
      vertex 5.3291 52.3756 1.01277
    endloop
  endfacet
  facet normal 0 0 1
    outer loop
      vertex 5.3291 52.3756 1.01277
      vertex 5.09704 51.6754 1.01277
      vertex 5.46432 51.6636 1.01277
    endloop
  endfacet
  facet normal -0.0198735 0.00467363 0.999792
    outer loop
      vertex 7.73204 40.4467 2.63055
      vertex 7.53148 40.5043 2.6263
      vertex 7.34264 39.7013 2.6263
    endloop
  endfacet
  facet normal -0.0198684 0.00467099 0.999792
    outer loop
      vertex 7.34264 39.7013 2.6263
      vertex 7.46581 39.6659 2.62891
      vertex 7.73204 40.4467 2.63055
    endloop
  endfacet
  facet normal -0.946488 0.322738 0
    outer loop
      vertex 7.73204 40.4467 2.63055
      vertex 7.46581 39.6659 2.62891
      vertex 7.46581 39.6659 3.07654
    endloop
  endfacet
  facet normal -0.946488 0.322738 0
    outer loop
      vertex 7.46581 39.6659 3.07654
      vertex 7.73204 40.4467 3.07654
      vertex 7.73204 40.4467 2.63055
    endloop
  endfacet
  facet normal 0 0 1
    outer loop
      vertex 6.90982 40.6827 2.6263
      vertex 5.46432 41.7511 2.6263
      vertex 5.46432 36.9443 2.6263
    endloop
  endfacet
  facet normal 0 0 1
    outer loop
      vertex 5.46432 36.9443 2.6263
      vertex 6.5093 39.1422 2.6263
      vertex 6.72098 39.8797 2.6263
    endloop
  endfacet
  facet normal 0 0 1
    outer loop
      vertex 5.46432 36.9443 2.6263
      vertex 6.72098 39.8797 2.6263
      vertex 6.90982 40.6827 2.6263
    endloop
  endfacet
  facet normal 0 0 1
    outer loop
      vertex 5.46432 36.9443 2.6263
      vertex 6.53781 36.9443 2.6263
      vertex 7.13096 38.9637 2.6263
    endloop
  endfacet
  facet normal 0 0 1
    outer loop
      vertex 7.13096 38.9637 2.6263
      vertex 6.5093 39.1422 2.6263
      vertex 5.46432 36.9443 2.6263
    endloop
  endfacet
  facet normal -0.0195733 0.00574898 0.999792
    outer loop
      vertex 7.21786 38.9388 2.62814
      vertex 7.13096 38.9637 2.6263
      vertex 6.53781 36.9443 2.6263
    endloop
  endfacet
  facet normal -0.946496 0.322714 0
    outer loop
      vertex 7.21786 38.9388 2.62814
      vertex 6.53781 36.9443 2.6263
      vertex 6.53781 36.9443 3.07654
    endloop
  endfacet
  facet normal -0.946496 0.322714 0
    outer loop
      vertex 6.53781 36.9443 3.07654
      vertex 7.21786 38.9388 3.07654
      vertex 7.21786 38.9388 2.62814
    endloop
  endfacet
  facet normal 0 0 1
    outer loop
      vertex 10.7409 45.2973 2.04522
      vertex 8.29442 45.2973 2.04522
      vertex 8.29442 45.1368 2.04522
    endloop
  endfacet
  facet normal 0 0 1
    outer loop
      vertex 8.29442 45.1368 2.04522
      vertex 11.3791 45.2973 2.04522
      vertex 10.7409 45.2973 2.04522
    endloop
  endfacet
  facet normal 0 0 -1
    outer loop
      vertex 11.3791 45.2973 1.07734
      vertex 8.29442 45.1612 1.07734
      vertex 8.29442 45.2973 1.07734
    endloop
  endfacet
  facet normal 0 0 0
    outer loop
      vertex 8.29442 45.2973 1.07734
      vertex 10.7409 45.2973 1.07734
      vertex 11.3791 45.2973 1.07734
    endloop
  endfacet
endsolid SMAC Docking Platform.stl
