solid SMAC Gun.stl
  facet normal 0 0 -1
    outer loop
      vertex 54.0066 35.7489 4.05594
      vertex 56.5619 35.7489 4.05594
      vertex 56.5619 33.9809 4.05594
    endloop
  endfacet
  facet normal 0 0 -1
    outer loop
      vertex 56.5619 33.9809 4.05594
      vertex 54.0066 33.9809 4.05594
      vertex 54.0066 35.7489 4.05594
    endloop
  endfacet
  facet normal 0 1 0
    outer loop
      vertex 54.0066 33.9809 4.05594
      vertex 56.5619 33.9809 4.05594
      vertex 56.5765 33.9809 4.02549
    endloop
  endfacet
  facet normal 0 1 0
    outer loop
      vertex 56.5765 33.9809 4.02549
      vertex 56.5765 33.9809 3.09658
      vertex 53.992 33.9809 3.09658
    endloop
  endfacet
  facet normal 0 1 0
    outer loop
      vertex 53.992 33.9809 3.09658
      vertex 53.9919 33.9809 4.02549
      vertex 54.0066 33.9809 4.05594
    endloop
  endfacet
  facet normal 0 1 0
    outer loop
      vertex 56.5765 33.9809 4.02549
      vertex 53.992 33.9809 3.09658
      vertex 54.0066 33.9809 4.05594
    endloop
  endfacet
  facet normal 0 -1 0
    outer loop
      vertex 56.5619 35.7489 4.05594
      vertex 54.0066 35.7489 4.05594
      vertex 53.9919 35.7489 4.02549
    endloop
  endfacet
  facet normal 0 -1 0
    outer loop
      vertex 53.9919 35.7489 4.02549
      vertex 53.992 35.7489 3.09658
      vertex 56.5765 35.7489 3.09658
    endloop
  endfacet
  facet normal 0 -1 0
    outer loop
      vertex 56.5765 35.7489 3.09658
      vertex 56.5765 35.7489 4.02549
      vertex 56.5619 35.7489 4.05594
    endloop
  endfacet
  facet normal 0 -1 0
    outer loop
      vertex 53.9919 35.7489 4.02549
      vertex 56.5765 35.7489 3.09658
      vertex 56.5619 35.7489 4.05594
    endloop
  endfacet
  facet normal -0.90149 0 -0.432801
    outer loop
      vertex 56.5619 35.7489 4.05594
      vertex 56.5765 35.7489 4.02549
      vertex 56.5765 33.9809 4.02549
    endloop
  endfacet
  facet normal -0.90149 0 -0.432801
    outer loop
      vertex 56.5765 33.9809 4.02549
      vertex 56.5619 33.9809 4.05594
      vertex 56.5619 35.7489 4.05594
    endloop
  endfacet
  facet normal 0 0 -1
    outer loop
      vertex 54.0066 29.8144 4.05594
      vertex 56.5619 29.8144 4.05594
      vertex 56.5619 28.0464 4.05594
    endloop
  endfacet
  facet normal 0 0 -1
    outer loop
      vertex 56.5619 28.0464 4.05594
      vertex 54.0066 28.0464 4.05594
      vertex 54.0066 29.8144 4.05594
    endloop
  endfacet
  facet normal 0 1 0
    outer loop
      vertex 54.0066 28.0464 4.05594
      vertex 56.5619 28.0464 4.05594
      vertex 56.5765 28.0464 4.02549
    endloop
  endfacet
  facet normal 0 1 0
    outer loop
      vertex 56.5765 28.0464 4.02549
      vertex 56.5765 28.0464 3.09658
      vertex 53.992 28.0464 3.09658
    endloop
  endfacet
  facet normal 0 1 0
    outer loop
      vertex 53.992 28.0464 3.09658
      vertex 53.9919 28.0464 4.02549
      vertex 54.0066 28.0464 4.05594
    endloop
  endfacet
  facet normal 0 1 0
    outer loop
      vertex 56.5765 28.0464 4.02549
      vertex 53.992 28.0464 3.09658
      vertex 54.0066 28.0464 4.05594
    endloop
  endfacet
  facet normal 0 -1 0
    outer loop
      vertex 56.5619 29.8144 4.05594
      vertex 54.0066 29.8144 4.05594
      vertex 53.9919 29.8144 4.02549
    endloop
  endfacet
  facet normal 0 -1 0
    outer loop
      vertex 53.9919 29.8144 4.02549
      vertex 53.992 29.8144 3.09658
      vertex 56.5765 29.8144 3.09658
    endloop
  endfacet
  facet normal 0 -1 0
    outer loop
      vertex 56.5765 29.8144 3.09658
      vertex 56.5765 29.8144 4.02549
      vertex 56.5619 29.8144 4.05594
    endloop
  endfacet
  facet normal 0 -1 0
    outer loop
      vertex 53.9919 29.8144 4.02549
      vertex 56.5765 29.8144 3.09658
      vertex 56.5619 29.8144 4.05594
    endloop
  endfacet
  facet normal -0.90149 0 -0.432801
    outer loop
      vertex 56.5619 29.8144 4.05594
      vertex 56.5765 29.8144 4.02549
      vertex 56.5765 28.0464 4.02549
    endloop
  endfacet
  facet normal -0.90149 0 -0.432801
    outer loop
      vertex 56.5765 28.0464 4.02549
      vertex 56.5619 28.0464 4.05594
      vertex 56.5619 29.8144 4.05594
    endloop
  endfacet
  facet normal 0 0 -1
    outer loop
      vertex 55.2842 57.6813 0.046243
      vertex 52.9938 57.6813 0.046243
      vertex 52.9938 58.4872 0.046243
    endloop
  endfacet
  facet normal 0 0 -1
    outer loop
      vertex 52.9938 58.4872 0.046243
      vertex 55.2842 58.4872 0.046243
      vertex 55.2842 57.6813 0.046243
    endloop
  endfacet
  facet normal 0 -0.592373 -0.805664
    outer loop
      vertex 55.2842 58.4872 0.046243
      vertex 52.9938 58.4872 0.046243
      vertex 52.9938 58.4905 0.0438168
    endloop
  endfacet
  facet normal -8.93967e-06 -0.596393 -0.802693
    outer loop
      vertex 52.9938 58.4905 0.0438168
      vertex 55.2842 58.4905 0.0438168
      vertex 55.2842 58.4872 0.046243
    endloop
  endfacet
  facet normal 0 0 -1
    outer loop
      vertex 55.2842 57.6813 0.046243
      vertex 55.2842 58.4872 0.046243
      vertex 57.5746 58.4872 0.046243
    endloop
  endfacet
  facet normal 0 0 -1
    outer loop
      vertex 57.5746 58.4872 0.046243
      vertex 57.5746 57.6813 0.046243
      vertex 55.2842 57.6813 0.046243
    endloop
  endfacet
  facet normal 8.93967e-06 -0.596393 -0.802693
    outer loop
      vertex 55.2842 58.4872 0.046243
      vertex 55.2842 58.4905 0.0438168
      vertex 57.5746 58.4905 0.0438168
    endloop
  endfacet
  facet normal 0 -0.592373 -0.805664
    outer loop
      vertex 57.5746 58.4905 0.0438168
      vertex 57.5746 58.4872 0.046243
      vertex 55.2842 58.4872 0.046243
    endloop
  endfacet
  facet normal 0.999061 -0.0433371 0
    outer loop
      vertex 56.819 47.117 3.31184
      vertex 56.819 47.117 4.10636
      vertex 56.7834 46.2958 4.10836
    endloop
  endfacet
  facet normal 0.999061 -0.0433371 0
    outer loop
      vertex 56.7834 46.2958 4.10836
      vertex 56.7834 46.2958 3.31384
      vertex 56.819 47.117 3.31184
    endloop
  endfacet
  facet normal 0 -0.0024373 -0.999997
    outer loop
      vertex 56.819 47.117 4.10636
      vertex 57.0437 47.117 4.10636
      vertex 57.0437 46.2958 4.10836
    endloop
  endfacet
  facet normal 0 -0.0024373 -0.999997
    outer loop
      vertex 57.0437 46.2958 4.10836
      vertex 56.7834 46.2958 4.10836
      vertex 56.819 47.117 4.10636
    endloop
  endfacet
  facet normal 0 -1 0
    outer loop
      vertex 56.819 47.117 4.10636
      vertex 56.819 47.117 3.31184
      vertex 57.0437 47.117 3.31184
    endloop
  endfacet
  facet normal 0 -1 0
    outer loop
      vertex 57.0437 47.117 3.31184
      vertex 57.0437 47.117 4.10636
      vertex 56.819 47.117 4.10636
    endloop
  endfacet
  facet normal 0 0.00243759 0.999997
    outer loop
      vertex 56.7834 46.2958 3.31384
      vertex 57.0437 46.2958 3.31384
      vertex 57.0437 47.117 3.31184
    endloop
  endfacet
  facet normal 0 0.00243759 0.999997
    outer loop
      vertex 57.0437 47.117 3.31184
      vertex 56.819 47.117 3.31184
      vertex 56.7834 46.2958 3.31384
    endloop
  endfacet
  facet normal -1 0 0
    outer loop
      vertex 54.2865 32.951 8.21704
      vertex 54.2865 32.3578 8.21704
      vertex 54.2865 32.3578 8.95257
    endloop
  endfacet
  facet normal -1 0 0
    outer loop
      vertex 54.2865 32.3578 8.95257
      vertex 54.2865 32.951 8.95257
      vertex 54.2865 32.951 8.21704
    endloop
  endfacet
  facet normal 1 0 0
    outer loop
      vertex 56.282 32.951 8.95257
      vertex 56.282 32.3578 8.95257
      vertex 56.282 32.3578 8.21704
    endloop
  endfacet
  facet normal 1 0 0
    outer loop
      vertex 56.282 32.3578 8.21704
      vertex 56.282 32.951 8.21704
      vertex 56.282 32.951 8.95257
    endloop
  endfacet
  facet normal 0 -1 0
    outer loop
      vertex 56.282 32.3578 8.95257
      vertex 56.0128 32.3578 9.10718
      vertex 56.0128 32.3578 8.06244
    endloop
  endfacet
  facet normal 0 -1 0
    outer loop
      vertex 56.0128 32.3578 8.06244
      vertex 56.282 32.3578 8.21704
      vertex 56.282 32.3578 8.95257
    endloop
  endfacet
  facet normal -6.03667e-05 1 -1.82567e-05
    outer loop
      vertex 54.2865 32.951 8.95257
      vertex 54.5557 32.9511 9.10718
      vertex 54.5557 32.951 8.06244
    endloop
  endfacet
  facet normal 0 1 0
    outer loop
      vertex 54.5557 32.951 8.06244
      vertex 54.2865 32.951 8.21704
      vertex 54.2865 32.951 8.95257
    endloop
  endfacet
  facet normal 0.498023 0 -0.867164
    outer loop
      vertex 56.282 32.951 8.21704
      vertex 56.282 32.3578 8.21704
      vertex 56.0128 32.3578 8.06244
    endloop
  endfacet
  facet normal 0.498023 0 -0.867164
    outer loop
      vertex 56.0128 32.3578 8.06244
      vertex 56.0128 32.951 8.06244
      vertex 56.282 32.951 8.21704
    endloop
  endfacet
  facet normal -0.498021 0 0.867165
    outer loop
      vertex 54.2865 32.951 8.95257
      vertex 54.2865 32.3578 8.95257
      vertex 54.5557 32.3578 9.10718
    endloop
  endfacet
  facet normal -0.498021 0 0.867165
    outer loop
      vertex 54.5557 32.3578 9.10718
      vertex 54.5557 32.9511 9.10718
      vertex 54.2865 32.951 8.95257
    endloop
  endfacet
  facet normal -1 0 0
    outer loop
      vertex 54.2865 28.6998 8.21704
      vertex 54.2865 28.1066 8.21704
      vertex 54.2865 28.1066 8.95257
    endloop
  endfacet
  facet normal -1 0 0
    outer loop
      vertex 54.2865 28.1066 8.95257
      vertex 54.2865 28.6998 8.95257
      vertex 54.2865 28.6998 8.21704
    endloop
  endfacet
  facet normal 1 0 0
    outer loop
      vertex 56.282 28.6998 8.95257
      vertex 56.282 28.1066 8.95257
      vertex 56.282 28.1066 8.21704
    endloop
  endfacet
  facet normal 1 0 0
    outer loop
      vertex 56.282 28.1066 8.21704
      vertex 56.282 28.6998 8.21704
      vertex 56.282 28.6998 8.95257
    endloop
  endfacet
  facet normal 0 -1 0
    outer loop
      vertex 56.282 28.1066 8.95257
      vertex 56.0128 28.1066 9.10718
      vertex 56.0128 28.1066 8.06244
    endloop
  endfacet
  facet normal 0 -1 0
    outer loop
      vertex 56.0128 28.1066 8.06244
      vertex 56.282 28.1066 8.21704
      vertex 56.282 28.1066 8.95257
    endloop
  endfacet
  facet normal 0 1 0
    outer loop
      vertex 54.2865 28.6998 8.95257
      vertex 54.5557 28.6998 9.10718
      vertex 54.5557 28.6998 8.06244
    endloop
  endfacet
  facet normal 0 1 0
    outer loop
      vertex 54.5557 28.6998 8.06244
      vertex 54.2865 28.6998 8.21704
      vertex 54.2865 28.6998 8.95257
    endloop
  endfacet
  facet normal 0.498023 0 -0.867164
    outer loop
      vertex 56.282 28.6998 8.21704
      vertex 56.282 28.1066 8.21704
      vertex 56.0128 28.1066 8.06244
    endloop
  endfacet
  facet normal 0.498023 0 -0.867164
    outer loop
      vertex 56.0128 28.1066 8.06244
      vertex 56.0128 28.6998 8.06244
      vertex 56.282 28.6998 8.21704
    endloop
  endfacet
  facet normal -0.498021 0 0.867165
    outer loop
      vertex 54.2865 28.6998 8.95257
      vertex 54.2865 28.1066 8.95257
      vertex 54.5557 28.1066 9.10718
    endloop
  endfacet
  facet normal -0.498021 0 0.867165
    outer loop
      vertex 54.5557 28.1066 9.10718
      vertex 54.5557 28.6998 9.10718
      vertex 54.2865 28.6998 8.95257
    endloop
  endfacet
  facet normal -1 0 0
    outer loop
      vertex 54.2865 37.2066 8.21704
      vertex 54.2865 36.6134 8.21704
      vertex 54.2865 36.6134 8.95257
    endloop
  endfacet
  facet normal -1 0 0
    outer loop
      vertex 54.2865 36.6134 8.95257
      vertex 54.2865 37.2066 8.95257
      vertex 54.2865 37.2066 8.21704
    endloop
  endfacet
  facet normal 1 0 0
    outer loop
      vertex 56.282 37.2066 8.95257
      vertex 56.282 36.6134 8.95257
      vertex 56.282 36.6134 8.21704
    endloop
  endfacet
  facet normal 1 0 0
    outer loop
      vertex 56.282 36.6134 8.21704
      vertex 56.282 37.2066 8.21704
      vertex 56.282 37.2066 8.95257
    endloop
  endfacet
  facet normal 0 -1 0
    outer loop
      vertex 56.282 36.6134 8.95257
      vertex 56.0128 36.6134 9.10718
      vertex 56.0128 36.6134 8.06244
    endloop
  endfacet
  facet normal 0 -1 0
    outer loop
      vertex 56.0128 36.6134 8.06244
      vertex 56.282 36.6134 8.21704
      vertex 56.282 36.6134 8.95257
    endloop
  endfacet
  facet normal 0 1 0
    outer loop
      vertex 54.2865 37.2066 8.95257
      vertex 54.5557 37.2066 9.10718
      vertex 54.5557 37.2066 8.06244
    endloop
  endfacet
  facet normal 0 1 0
    outer loop
      vertex 54.5557 37.2066 8.06244
      vertex 54.2865 37.2066 8.21704
      vertex 54.2865 37.2066 8.95257
    endloop
  endfacet
  facet normal 0.498023 0 -0.867164
    outer loop
      vertex 56.282 37.2066 8.21704
      vertex 56.282 36.6134 8.21704
      vertex 56.0128 36.6134 8.06244
    endloop
  endfacet
  facet normal 0.498023 0 -0.867164
    outer loop
      vertex 56.0128 36.6134 8.06244
      vertex 56.0128 37.2066 8.06244
      vertex 56.282 37.2066 8.21704
    endloop
  endfacet
  facet normal -0.498021 0 0.867165
    outer loop
      vertex 54.2865 37.2066 8.95257
      vertex 54.2865 36.6134 8.95257
      vertex 54.5557 36.6134 9.10718
    endloop
  endfacet
  facet normal -0.498021 0 0.867165
    outer loop
      vertex 54.5557 36.6134 9.10718
      vertex 54.5557 37.2066 9.10718
      vertex 54.2865 37.2066 8.95257
    endloop
  endfacet
  facet normal -1 0 0
    outer loop
      vertex 54.2865 20.1318 8.21704
      vertex 54.2865 19.5386 8.21704
      vertex 54.2865 19.5386 8.95257
    endloop
  endfacet
  facet normal -1 0 0
    outer loop
      vertex 54.2865 19.5386 8.95257
      vertex 54.2865 20.1318 8.95257
      vertex 54.2865 20.1318 8.21704
    endloop
  endfacet
  facet normal 1 0 0
    outer loop
      vertex 56.282 20.1318 8.95257
      vertex 56.282 19.5386 8.95257
      vertex 56.282 19.5386 8.21704
    endloop
  endfacet
  facet normal 1 0 0
    outer loop
      vertex 56.282 19.5386 8.21704
      vertex 56.282 20.1318 8.21704
      vertex 56.282 20.1318 8.95257
    endloop
  endfacet
  facet normal 0 -1 0
    outer loop
      vertex 56.282 19.5386 8.95257
      vertex 56.0128 19.5386 9.10718
      vertex 56.0128 19.5386 8.06244
    endloop
  endfacet
  facet normal 0 -1 0
    outer loop
      vertex 56.0128 19.5386 8.06244
      vertex 56.282 19.5386 8.21704
      vertex 56.282 19.5386 8.95257
    endloop
  endfacet
  facet normal 0 1 0
    outer loop
      vertex 54.2865 20.1318 8.95257
      vertex 54.5557 20.1318 9.10718
      vertex 54.5557 20.1318 8.06244
    endloop
  endfacet
  facet normal 0 1 0
    outer loop
      vertex 54.5557 20.1318 8.06244
      vertex 54.2865 20.1318 8.21704
      vertex 54.2865 20.1318 8.95257
    endloop
  endfacet
  facet normal 0.498023 0 -0.867164
    outer loop
      vertex 56.282 20.1318 8.21704
      vertex 56.282 19.5386 8.21704
      vertex 56.0128 19.5386 8.06244
    endloop
  endfacet
  facet normal 0.498023 0 -0.867164
    outer loop
      vertex 56.0128 19.5386 8.06244
      vertex 56.0128 20.1318 8.06244
      vertex 56.282 20.1318 8.21704
    endloop
  endfacet
  facet normal -0.498021 0 0.867165
    outer loop
      vertex 54.2865 20.1318 8.95257
      vertex 54.2865 19.5386 8.95257
      vertex 54.5557 19.5386 9.10718
    endloop
  endfacet
  facet normal -0.498021 0 0.867165
    outer loop
      vertex 54.5557 19.5386 9.10718
      vertex 54.5557 20.1318 9.10718
      vertex 54.2865 20.1318 8.95257
    endloop
  endfacet
  facet normal -1 0 0
    outer loop
      vertex 54.2865 15.8806 8.21704
      vertex 54.2865 15.2874 8.21704
      vertex 54.2865 15.2874 8.95257
    endloop
  endfacet
  facet normal -1 0 0
    outer loop
      vertex 54.2865 15.2874 8.95257
      vertex 54.2865 15.8806 8.95257
      vertex 54.2865 15.8806 8.21704
    endloop
  endfacet
  facet normal 1 0 0
    outer loop
      vertex 56.282 15.8806 8.95257
      vertex 56.282 15.2874 8.95257
      vertex 56.282 15.2874 8.21704
    endloop
  endfacet
  facet normal 1 0 0
    outer loop
      vertex 56.282 15.2874 8.21704
      vertex 56.282 15.8806 8.21704
      vertex 56.282 15.8806 8.95257
    endloop
  endfacet
  facet normal 0 -1 0
    outer loop
      vertex 56.282 15.2874 8.95257
      vertex 56.0128 15.2874 9.10718
      vertex 56.0128 15.2874 8.06244
    endloop
  endfacet
  facet normal 0 -1 0
    outer loop
      vertex 56.0128 15.2874 8.06244
      vertex 56.282 15.2874 8.21704
      vertex 56.282 15.2874 8.95257
    endloop
  endfacet
  facet normal 0 1 0
    outer loop
      vertex 54.2865 15.8806 8.95257
      vertex 54.5557 15.8806 9.10718
      vertex 54.5557 15.8806 8.06244
    endloop
  endfacet
  facet normal 0 1 0
    outer loop
      vertex 54.5557 15.8806 8.06244
      vertex 54.2865 15.8806 8.21704
      vertex 54.2865 15.8806 8.95257
    endloop
  endfacet
  facet normal 0.498023 0 -0.867164
    outer loop
      vertex 56.282 15.8806 8.21704
      vertex 56.282 15.2874 8.21704
      vertex 56.0128 15.2874 8.06244
    endloop
  endfacet
  facet normal 0.498023 0 -0.867164
    outer loop
      vertex 56.0128 15.2874 8.06244
      vertex 56.0128 15.8806 8.06244
      vertex 56.282 15.8806 8.21704
    endloop
  endfacet
  facet normal -0.498021 0 0.867165
    outer loop
      vertex 54.2865 15.8806 8.95257
      vertex 54.2865 15.2874 8.95257
      vertex 54.5557 15.2874 9.10718
    endloop
  endfacet
  facet normal -0.498021 0 0.867165
    outer loop
      vertex 54.5557 15.2874 9.10718
      vertex 54.5557 15.8806 9.10718
      vertex 54.2865 15.8806 8.95257
    endloop
  endfacet
  facet normal -1 0 0
    outer loop
      vertex 54.2865 24.3874 8.21704
      vertex 54.2865 23.7942 8.21704
      vertex 54.2865 23.7942 8.95257
    endloop
  endfacet
  facet normal -1 0 0
    outer loop
      vertex 54.2865 23.7942 8.95257
      vertex 54.2865 24.3874 8.95257
      vertex 54.2865 24.3874 8.21704
    endloop
  endfacet
  facet normal 1 0 0
    outer loop
      vertex 56.282 24.3874 8.95257
      vertex 56.282 23.7942 8.95257
      vertex 56.282 23.7942 8.21704
    endloop
  endfacet
  facet normal 1 0 0
    outer loop
      vertex 56.282 23.7942 8.21704
      vertex 56.282 24.3874 8.21704
      vertex 56.282 24.3874 8.95257
    endloop
  endfacet
  facet normal 0 -1 0
    outer loop
      vertex 56.282 23.7942 8.95257
      vertex 56.0128 23.7942 9.10718
      vertex 56.0128 23.7942 8.06244
    endloop
  endfacet
  facet normal 0 -1 0
    outer loop
      vertex 56.0128 23.7942 8.06244
      vertex 56.282 23.7942 8.21704
      vertex 56.282 23.7942 8.95257
    endloop
  endfacet
  facet normal 0 1 0
    outer loop
      vertex 54.2865 24.3874 8.95257
      vertex 54.5557 24.3874 9.10718
      vertex 54.5557 24.3874 8.06244
    endloop
  endfacet
  facet normal 0 1 0
    outer loop
      vertex 54.5557 24.3874 8.06244
      vertex 54.2865 24.3874 8.21704
      vertex 54.2865 24.3874 8.95257
    endloop
  endfacet
  facet normal 0.498023 0 -0.867164
    outer loop
      vertex 56.282 24.3874 8.21704
      vertex 56.282 23.7942 8.21704
      vertex 56.0128 23.7942 8.06244
    endloop
  endfacet
  facet normal 0.498023 0 -0.867164
    outer loop
      vertex 56.0128 23.7942 8.06244
      vertex 56.0128 24.3874 8.06244
      vertex 56.282 24.3874 8.21704
    endloop
  endfacet
  facet normal -0.498021 0 0.867165
    outer loop
      vertex 54.2865 24.3874 8.95257
      vertex 54.2865 23.7942 8.95257
      vertex 54.5557 23.7942 9.10718
    endloop
  endfacet
  facet normal -0.498021 0 0.867165
    outer loop
      vertex 54.5557 23.7942 9.10718
      vertex 54.5557 24.3874 9.10718
      vertex 54.2865 24.3874 8.95257
    endloop
  endfacet
  facet normal -1 0 0
    outer loop
      vertex 54.2865 45.7917 8.21704
      vertex 54.2865 45.1985 8.21704
      vertex 54.2865 45.1985 8.95257
    endloop
  endfacet
  facet normal -1 0 0
    outer loop
      vertex 54.2865 45.1985 8.95257
      vertex 54.2865 45.7917 8.95257
      vertex 54.2865 45.7917 8.21704
    endloop
  endfacet
  facet normal 1 0 0
    outer loop
      vertex 56.282 45.7917 8.95257
      vertex 56.282 45.1985 8.95257
      vertex 56.282 45.1985 8.21704
    endloop
  endfacet
  facet normal 1 0 0
    outer loop
      vertex 56.282 45.1985 8.21704
      vertex 56.282 45.7917 8.21704
      vertex 56.282 45.7917 8.95257
    endloop
  endfacet
  facet normal 0 -1 0
    outer loop
      vertex 56.282 45.1985 8.95257
      vertex 56.0128 45.1985 9.10718
      vertex 56.0128 45.1985 8.06244
    endloop
  endfacet
  facet normal 0 -1 0
    outer loop
      vertex 56.0128 45.1985 8.06244
      vertex 56.282 45.1985 8.21704
      vertex 56.282 45.1985 8.95257
    endloop
  endfacet
  facet normal 0 1 0
    outer loop
      vertex 54.2865 45.7917 8.95257
      vertex 54.5557 45.7917 9.10718
      vertex 54.5557 45.7917 8.06244
    endloop
  endfacet
  facet normal 0 1 0
    outer loop
      vertex 54.5557 45.7917 8.06244
      vertex 54.2865 45.7917 8.21704
      vertex 54.2865 45.7917 8.95257
    endloop
  endfacet
  facet normal 0.498023 0 -0.867164
    outer loop
      vertex 56.282 45.7917 8.21704
      vertex 56.282 45.1985 8.21704
      vertex 56.0128 45.1985 8.06244
    endloop
  endfacet
  facet normal 0.498023 0 -0.867164
    outer loop
      vertex 56.0128 45.1985 8.06244
      vertex 56.0128 45.7917 8.06244
      vertex 56.282 45.7917 8.21704
    endloop
  endfacet
  facet normal -0.498021 0 0.867165
    outer loop
      vertex 54.2865 45.7917 8.95257
      vertex 54.2865 45.1985 8.95257
      vertex 54.5557 45.1985 9.10718
    endloop
  endfacet
  facet normal -0.498021 0 0.867165
    outer loop
      vertex 54.5557 45.1985 9.10718
      vertex 54.5557 45.7917 9.10718
      vertex 54.2865 45.7917 8.95257
    endloop
  endfacet
  facet normal -1 0 0
    outer loop
      vertex 54.2865 41.5405 8.21704
      vertex 54.2865 40.9473 8.21704
      vertex 54.2865 40.9473 8.95257
    endloop
  endfacet
  facet normal -1 0 0
    outer loop
      vertex 54.2865 40.9473 8.95257
      vertex 54.2865 41.5405 8.95257
      vertex 54.2865 41.5405 8.21704
    endloop
  endfacet
  facet normal 1 0 0
    outer loop
      vertex 56.282 41.5405 8.95257
      vertex 56.282 40.9473 8.95257
      vertex 56.282 40.9473 8.21704
    endloop
  endfacet
  facet normal 1 0 0
    outer loop
      vertex 56.282 40.9473 8.21704
      vertex 56.282 41.5405 8.21704
      vertex 56.282 41.5405 8.95257
    endloop
  endfacet
  facet normal 0 -1 0
    outer loop
      vertex 56.282 40.9473 8.95257
      vertex 56.0128 40.9473 9.10718
      vertex 56.0128 40.9473 8.06244
    endloop
  endfacet
  facet normal 0 -1 0
    outer loop
      vertex 56.0128 40.9473 8.06244
      vertex 56.282 40.9473 8.21704
      vertex 56.282 40.9473 8.95257
    endloop
  endfacet
  facet normal 0 1 0
    outer loop
      vertex 54.2865 41.5405 8.95257
      vertex 54.5557 41.5405 9.10718
      vertex 54.5557 41.5405 8.06244
    endloop
  endfacet
  facet normal 0 1 0
    outer loop
      vertex 54.5557 41.5405 8.06244
      vertex 54.2865 41.5405 8.21704
      vertex 54.2865 41.5405 8.95257
    endloop
  endfacet
  facet normal 0.498023 0 -0.867164
    outer loop
      vertex 56.282 41.5405 8.21704
      vertex 56.282 40.9473 8.21704
      vertex 56.0128 40.9473 8.06244
    endloop
  endfacet
  facet normal 0.498023 0 -0.867164
    outer loop
      vertex 56.0128 40.9473 8.06244
      vertex 56.0128 41.5405 8.06244
      vertex 56.282 41.5405 8.21704
    endloop
  endfacet
  facet normal -0.498021 0 0.867165
    outer loop
      vertex 54.2865 41.5405 8.95257
      vertex 54.2865 40.9473 8.95257
      vertex 54.5557 40.9473 9.10718
    endloop
  endfacet
  facet normal -0.498021 0 0.867165
    outer loop
      vertex 54.5557 40.9473 9.10718
      vertex 54.5557 41.5405 9.10718
      vertex 54.2865 41.5405 8.95257
    endloop
  endfacet
  facet normal -1 0 0
    outer loop
      vertex 54.2865 50.0473 8.21704
      vertex 54.2865 49.4541 8.21704
      vertex 54.2865 49.4541 8.95257
    endloop
  endfacet
  facet normal -1 0 0
    outer loop
      vertex 54.2865 49.4541 8.95257
      vertex 54.2865 50.0473 8.95257
      vertex 54.2865 50.0473 8.21704
    endloop
  endfacet
  facet normal 1 0 0
    outer loop
      vertex 56.282 50.0473 8.95257
      vertex 56.282 49.4541 8.95257
      vertex 56.282 49.4541 8.21704
    endloop
  endfacet
  facet normal 1 0 0
    outer loop
      vertex 56.282 49.4541 8.21704
      vertex 56.282 50.0473 8.21704
      vertex 56.282 50.0473 8.95257
    endloop
  endfacet
  facet normal 0 -1 0
    outer loop
      vertex 56.282 49.4541 8.95257
      vertex 56.0128 49.4541 9.10718
      vertex 56.0128 49.4541 8.06244
    endloop
  endfacet
  facet normal 0 -1 0
    outer loop
      vertex 56.0128 49.4541 8.06244
      vertex 56.282 49.4541 8.21704
      vertex 56.282 49.4541 8.95257
    endloop
  endfacet
  facet normal 0 1 0
    outer loop
      vertex 54.2865 50.0473 8.95257
      vertex 54.5557 50.0473 9.10718
      vertex 54.5557 50.0473 8.06244
    endloop
  endfacet
  facet normal 0 1 0
    outer loop
      vertex 54.5557 50.0473 8.06244
      vertex 54.2865 50.0473 8.21704
      vertex 54.2865 50.0473 8.95257
    endloop
  endfacet
  facet normal 0.498023 0 -0.867164
    outer loop
      vertex 56.282 50.0473 8.21704
      vertex 56.282 49.4541 8.21704
      vertex 56.0128 49.4541 8.06244
    endloop
  endfacet
  facet normal 0.498023 0 -0.867164
    outer loop
      vertex 56.0128 49.4541 8.06244
      vertex 56.0128 50.0473 8.06244
      vertex 56.282 50.0473 8.21704
    endloop
  endfacet
  facet normal -0.498021 0 0.867165
    outer loop
      vertex 54.2865 50.0473 8.95257
      vertex 54.2865 49.4541 8.95257
      vertex 54.5557 49.4541 9.10718
    endloop
  endfacet
  facet normal -0.498021 0 0.867165
    outer loop
      vertex 54.5557 49.4541 9.10718
      vertex 54.5557 50.0473 9.10718
      vertex 54.2865 50.0473 8.95257
    endloop
  endfacet
  facet normal -1 0 0
    outer loop
      vertex 54.2865 62.881 8.21704
      vertex 54.2865 62.2878 8.21704
      vertex 54.2865 62.2878 8.95257
    endloop
  endfacet
  facet normal -1 0 0
    outer loop
      vertex 54.2865 62.2878 8.95257
      vertex 54.2865 62.881 8.95257
      vertex 54.2865 62.881 8.21704
    endloop
  endfacet
  facet normal 1 0 0
    outer loop
      vertex 56.282 62.881 8.95257
      vertex 56.282 62.2878 8.95257
      vertex 56.282 62.2878 8.21704
    endloop
  endfacet
  facet normal 1 0 0
    outer loop
      vertex 56.282 62.2878 8.21704
      vertex 56.282 62.881 8.21704
      vertex 56.282 62.881 8.95257
    endloop
  endfacet
  facet normal 0 -1 0
    outer loop
      vertex 56.282 62.2878 8.95257
      vertex 56.0128 62.2878 9.10718
      vertex 56.0128 62.2878 8.91828
    endloop
  endfacet
  facet normal 0 -1 0
    outer loop
      vertex 56.2019 62.2878 8.91828
      vertex 56.2013 62.2878 8.17068
      vertex 56.282 62.2878 8.21704
    endloop
  endfacet
  facet normal 0 -1 0
    outer loop
      vertex 56.282 62.2878 8.95257
      vertex 56.0128 62.2878 8.91828
      vertex 56.2019 62.2878 8.91828
    endloop
  endfacet
  facet normal 0 -1 0
    outer loop
      vertex 56.282 62.2878 8.95257
      vertex 56.2019 62.2878 8.91828
      vertex 56.282 62.2878 8.21704
    endloop
  endfacet
  facet normal 0 1 0
    outer loop
      vertex 54.2865 62.881 8.95257
      vertex 54.5557 62.881 9.10718
      vertex 54.5557 62.881 8.91828
    endloop
  endfacet
  facet normal 0 1 0
    outer loop
      vertex 54.3665 62.881 8.91828
      vertex 54.3672 62.881 8.17068
      vertex 54.2865 62.881 8.21704
    endloop
  endfacet
  facet normal 0 1 0
    outer loop
      vertex 54.2865 62.881 8.95257
      vertex 54.5557 62.881 8.91828
      vertex 54.3665 62.881 8.91828
    endloop
  endfacet
  facet normal 0 1 0
    outer loop
      vertex 54.2865 62.881 8.95257
      vertex 54.3665 62.881 8.91828
      vertex 54.2865 62.881 8.21704
    endloop
  endfacet
  facet normal 0.498075 0 -0.867134
    outer loop
      vertex 56.282 62.881 8.21704
      vertex 56.282 62.2878 8.21704
      vertex 56.2013 62.2878 8.17068
    endloop
  endfacet
  facet normal 0.498075 0 -0.867134
    outer loop
      vertex 56.2013 62.2878 8.17068
      vertex 56.2013 62.881 8.17068
      vertex 56.282 62.881 8.21704
    endloop
  endfacet
  facet normal -0.498021 0 0.867165
    outer loop
      vertex 54.2865 62.881 8.95257
      vertex 54.2865 62.2878 8.95257
      vertex 54.5557 62.2878 9.10718
    endloop
  endfacet
  facet normal -0.498021 0 0.867165
    outer loop
      vertex 54.5557 62.2878 9.10718
      vertex 54.5557 62.881 9.10718
      vertex 54.2865 62.881 8.95257
    endloop
  endfacet
  facet normal -1 0 0
    outer loop
      vertex 54.2865 54.3174 8.21704
      vertex 54.2865 53.7242 8.21704
      vertex 54.2865 53.7242 8.95257
    endloop
  endfacet
  facet normal -1 0 0
    outer loop
      vertex 54.2865 53.7242 8.95257
      vertex 54.2865 54.3174 8.95257
      vertex 54.2865 54.3174 8.21704
    endloop
  endfacet
  facet normal 1 0 0
    outer loop
      vertex 56.282 54.3174 8.95257
      vertex 56.282 53.7242 8.95257
      vertex 56.282 53.7242 8.21704
    endloop
  endfacet
  facet normal 1 0 0
    outer loop
      vertex 56.282 53.7242 8.21704
      vertex 56.282 54.3174 8.21704
      vertex 56.282 54.3174 8.95257
    endloop
  endfacet
  facet normal 0 -1 0
    outer loop
      vertex 56.282 53.7242 8.95257
      vertex 56.0128 53.7242 9.10718
      vertex 56.0128 53.7242 8.06244
    endloop
  endfacet
  facet normal 0 -1 0
    outer loop
      vertex 56.0128 53.7242 8.06244
      vertex 56.282 53.7242 8.21704
      vertex 56.282 53.7242 8.95257
    endloop
  endfacet
  facet normal 0 1 0
    outer loop
      vertex 54.2865 54.3174 8.95257
      vertex 54.5557 54.3174 9.10718
      vertex 54.5557 54.3174 8.06244
    endloop
  endfacet
  facet normal 0 1 0
    outer loop
      vertex 54.5557 54.3174 8.06244
      vertex 54.2865 54.3174 8.21704
      vertex 54.2865 54.3174 8.95257
    endloop
  endfacet
  facet normal 0.498023 0 -0.867164
    outer loop
      vertex 56.282 54.3174 8.21704
      vertex 56.282 53.7242 8.21704
      vertex 56.0128 53.7242 8.06244
    endloop
  endfacet
  facet normal 0.498023 0 -0.867164
    outer loop
      vertex 56.0128 53.7242 8.06244
      vertex 56.0128 54.3174 8.06244
      vertex 56.282 54.3174 8.21704
    endloop
  endfacet
  facet normal -0.498021 0 0.867165
    outer loop
      vertex 54.2865 54.3174 8.95257
      vertex 54.2865 53.7242 8.95257
      vertex 54.5557 53.7242 9.10718
    endloop
  endfacet
  facet normal -0.498021 0 0.867165
    outer loop
      vertex 54.5557 53.7242 9.10718
      vertex 54.5557 54.3174 9.10718
      vertex 54.2865 54.3174 8.95257
    endloop
  endfacet
  facet normal -1 0 0
    outer loop
      vertex 54.2865 75.7217 8.21704
      vertex 54.2865 75.1285 8.21704
      vertex 54.2865 75.1285 8.95257
    endloop
  endfacet
  facet normal -1 0 0
    outer loop
      vertex 54.2865 75.1285 8.95257
      vertex 54.2865 75.7217 8.95257
      vertex 54.2865 75.7217 8.21704
    endloop
  endfacet
  facet normal 1 0 0
    outer loop
      vertex 56.282 75.7217 8.95257
      vertex 56.282 75.1285 8.95257
      vertex 56.282 75.1285 8.21704
    endloop
  endfacet
  facet normal 1 0 0
    outer loop
      vertex 56.282 75.1285 8.21704
      vertex 56.282 75.7217 8.21704
      vertex 56.282 75.7217 8.95257
    endloop
  endfacet
  facet normal 0 -1 0
    outer loop
      vertex 56.282 75.1285 8.95257
      vertex 56.0128 75.1285 9.10718
      vertex 56.0128 75.1285 8.06244
    endloop
  endfacet
  facet normal 0 -1 0
    outer loop
      vertex 56.0128 75.1285 8.06244
      vertex 56.282 75.1285 8.21704
      vertex 56.282 75.1285 8.95257
    endloop
  endfacet
  facet normal 0 1 0
    outer loop
      vertex 54.2865 75.7217 8.95257
      vertex 54.5557 75.7217 9.10718
      vertex 54.5557 75.7217 8.06244
    endloop
  endfacet
  facet normal 0 1 0
    outer loop
      vertex 54.5557 75.7217 8.06244
      vertex 54.2865 75.7217 8.21704
      vertex 54.2865 75.7217 8.95257
    endloop
  endfacet
  facet normal 0.498023 0 -0.867164
    outer loop
      vertex 56.282 75.7217 8.21704
      vertex 56.282 75.1285 8.21704
      vertex 56.0128 75.1285 8.06244
    endloop
  endfacet
  facet normal 0.498023 0 -0.867164
    outer loop
      vertex 56.0128 75.1285 8.06244
      vertex 56.0128 75.7217 8.06244
      vertex 56.282 75.7217 8.21704
    endloop
  endfacet
  facet normal -0.498021 0 0.867165
    outer loop
      vertex 54.2865 75.7217 8.95257
      vertex 54.2865 75.1285 8.95257
      vertex 54.5557 75.1285 9.10718
    endloop
  endfacet
  facet normal -0.498021 0 0.867165
    outer loop
      vertex 54.5557 75.1285 9.10718
      vertex 54.5557 75.7217 9.10718
      vertex 54.2865 75.7217 8.95257
    endloop
  endfacet
  facet normal -1 0 0
    outer loop
      vertex 54.2865 71.4705 8.21704
      vertex 54.2865 70.8773 8.21704
      vertex 54.2865 70.8773 8.95257
    endloop
  endfacet
  facet normal -1 0 0
    outer loop
      vertex 54.2865 70.8773 8.95257
      vertex 54.2865 71.4705 8.95257
      vertex 54.2865 71.4705 8.21704
    endloop
  endfacet
  facet normal 1 0 0
    outer loop
      vertex 56.282 71.4705 8.95257
      vertex 56.282 70.8773 8.95257
      vertex 56.282 70.8773 8.21704
    endloop
  endfacet
  facet normal 1 0 0
    outer loop
      vertex 56.282 70.8773 8.21704
      vertex 56.282 71.4705 8.21704
      vertex 56.282 71.4705 8.95257
    endloop
  endfacet
  facet normal 0 -1 0
    outer loop
      vertex 56.282 70.8773 8.95257
      vertex 56.0128 70.8773 9.10718
      vertex 56.0128 70.8773 8.06244
    endloop
  endfacet
  facet normal 0 -1 0
    outer loop
      vertex 56.0128 70.8773 8.06244
      vertex 56.282 70.8773 8.21704
      vertex 56.282 70.8773 8.95257
    endloop
  endfacet
  facet normal 0 1 0
    outer loop
      vertex 54.2865 71.4705 8.95257
      vertex 54.5557 71.4705 9.10718
      vertex 54.5557 71.4705 8.06244
    endloop
  endfacet
  facet normal 0 1 0
    outer loop
      vertex 54.5557 71.4705 8.06244
      vertex 54.2865 71.4705 8.21704
      vertex 54.2865 71.4705 8.95257
    endloop
  endfacet
  facet normal 0.498023 0 -0.867164
    outer loop
      vertex 56.282 71.4705 8.21704
      vertex 56.282 70.8773 8.21704
      vertex 56.0128 70.8773 8.06244
    endloop
  endfacet
  facet normal 0.498023 0 -0.867164
    outer loop
      vertex 56.0128 70.8773 8.06244
      vertex 56.0128 71.4705 8.06244
      vertex 56.282 71.4705 8.21704
    endloop
  endfacet
  facet normal -0.498021 0 0.867165
    outer loop
      vertex 54.2865 71.4705 8.95257
      vertex 54.2865 70.8773 8.95257
      vertex 54.5557 70.8773 9.10718
    endloop
  endfacet
  facet normal -0.498021 0 0.867165
    outer loop
      vertex 54.5557 70.8773 9.10718
      vertex 54.5557 71.4705 9.10718
      vertex 54.2865 71.4705 8.95257
    endloop
  endfacet
  facet normal -1 0 0
    outer loop
      vertex 54.2865 79.9773 8.21704
      vertex 54.2865 79.3841 8.21704
      vertex 54.2865 79.3841 8.95257
    endloop
  endfacet
  facet normal -1 0 0
    outer loop
      vertex 54.2865 79.3841 8.95257
      vertex 54.2865 79.9773 8.95257
      vertex 54.2865 79.9773 8.21704
    endloop
  endfacet
  facet normal 1 0 0
    outer loop
      vertex 56.282 79.9773 8.95257
      vertex 56.282 79.3841 8.95257
      vertex 56.282 79.3841 8.21704
    endloop
  endfacet
  facet normal 1 0 0
    outer loop
      vertex 56.282 79.3841 8.21704
      vertex 56.282 79.9773 8.21704
      vertex 56.282 79.9773 8.95257
    endloop
  endfacet
  facet normal 0 -1 0
    outer loop
      vertex 56.282 79.3841 8.95257
      vertex 56.0128 79.3841 9.10718
      vertex 56.0128 79.3841 8.06244
    endloop
  endfacet
  facet normal 0 -1 0
    outer loop
      vertex 56.0128 79.3841 8.06244
      vertex 56.282 79.3841 8.21704
      vertex 56.282 79.3841 8.95257
    endloop
  endfacet
  facet normal 0 1 0
    outer loop
      vertex 54.2865 79.9773 8.95257
      vertex 54.5557 79.9773 9.10718
      vertex 54.5557 79.9773 8.06244
    endloop
  endfacet
  facet normal 0 1 0
    outer loop
      vertex 54.5557 79.9773 8.06244
      vertex 54.2865 79.9773 8.21704
      vertex 54.2865 79.9773 8.95257
    endloop
  endfacet
  facet normal 0.498023 0 -0.867164
    outer loop
      vertex 56.282 79.9773 8.21704
      vertex 56.282 79.3841 8.21704
      vertex 56.0128 79.3841 8.06244
    endloop
  endfacet
  facet normal 0.498023 0 -0.867164
    outer loop
      vertex 56.0128 79.3841 8.06244
      vertex 56.0128 79.9773 8.06244
      vertex 56.282 79.9773 8.21704
    endloop
  endfacet
  facet normal -0.498021 0 0.867165
    outer loop
      vertex 54.2865 79.9773 8.95257
      vertex 54.2865 79.3841 8.95257
      vertex 54.5557 79.3841 9.10718
    endloop
  endfacet
  facet normal -0.498021 0 0.867165
    outer loop
      vertex 54.5557 79.3841 9.10718
      vertex 54.5557 79.9773 9.10718
      vertex 54.2865 79.9773 8.95257
    endloop
  endfacet
  facet normal 0 0.609905 0.792475
    outer loop
      vertex 54.5557 84.4396 6.70529
      vertex 54.5557 81.0555 9.3098
      vertex 56.0128 81.0555 9.3098
    endloop
  endfacet
  facet normal 0 0.609905 0.792475
    outer loop
      vertex 56.0128 81.0555 9.3098
      vertex 56.0128 84.4396 6.70529
      vertex 55.2842 84.4396 6.70529
    endloop
  endfacet
  facet normal 0 0.609905 0.792475
    outer loop
      vertex 56.0128 81.0555 9.3098
      vertex 55.2842 84.4396 6.70529
      vertex 54.5557 84.4396 6.70529
    endloop
  endfacet
  facet normal -1 0 0
    outer loop
      vertex 54.5557 14.1002 9.3098
      vertex 54.5557 14.4147 7.85264
      vertex 54.5557 13.2947 6.74348
    endloop
  endfacet
  facet normal -1 0 0
    outer loop
      vertex 54.5557 13.2947 6.74348
      vertex 54.5557 11.5089 6.74348
      vertex 54.5557 14.1002 9.3098
    endloop
  endfacet
  facet normal 0 0.703671 -0.710526
    outer loop
      vertex 54.5557 13.2947 6.74348
      vertex 54.5557 14.4147 7.85264
      vertex 56.0128 14.4147 7.85264
    endloop
  endfacet
  facet normal 0 0.703671 -0.710526
    outer loop
      vertex 56.0128 14.4147 7.85264
      vertex 56.0128 13.2947 6.74348
      vertex 55.2842 13.2947 6.74348
    endloop
  endfacet
  facet normal 0 0.703671 -0.710526
    outer loop
      vertex 56.0128 14.4147 7.85264
      vertex 55.2842 13.2947 6.74348
      vertex 54.5557 13.2947 6.74348
    endloop
  endfacet
  facet normal 0 -0.703682 0.710515
    outer loop
      vertex 56.0128 11.5089 6.74348
      vertex 56.0128 14.1002 9.3098
      vertex 54.5557 14.1002 9.3098
    endloop
  endfacet
  facet normal 0 -0.703682 0.710515
    outer loop
      vertex 54.5557 14.1002 9.3098
      vertex 54.5557 11.5089 6.74348
      vertex 55.2842 11.5089 6.74348
    endloop
  endfacet
  facet normal 0 -0.703682 0.710515
    outer loop
      vertex 54.5557 14.1002 9.3098
      vertex 55.2842 11.5089 6.74348
      vertex 56.0128 11.5089 6.74348
    endloop
  endfacet
  facet normal 1 0 0
    outer loop
      vertex 56.0128 14.4147 7.85264
      vertex 56.0128 14.1002 9.3098
      vertex 56.0128 11.5089 6.74348
    endloop
  endfacet
  facet normal 1 0 0
    outer loop
      vertex 56.0128 11.5089 6.74348
      vertex 56.0128 13.2947 6.74348
      vertex 56.0128 14.4147 7.85264
    endloop
  endfacet
  facet normal -1 0 0
    outer loop
      vertex 54.5557 81.1389 7.85264
      vertex 54.5557 81.0555 9.3098
      vertex 54.5557 84.4396 6.70529
    endloop
  endfacet
  facet normal -1 0 0
    outer loop
      vertex 54.5557 84.4396 6.70529
      vertex 54.5557 82.5772 6.70529
      vertex 54.5557 81.1389 7.85264
    endloop
  endfacet
  facet normal 1 0 0
    outer loop
      vertex 56.0128 81.0555 9.3098
      vertex 56.0128 81.1389 7.85264
      vertex 56.0128 82.5772 6.70529
    endloop
  endfacet
  facet normal 1 0 0
    outer loop
      vertex 56.0128 82.5772 6.70529
      vertex 56.0128 84.4396 6.70529
      vertex 56.0128 81.0555 9.3098
    endloop
  endfacet
  facet normal 0 -0.623598 -0.781745
    outer loop
      vertex 56.0128 82.5772 6.70529
      vertex 56.0128 81.1389 7.85264
      vertex 54.5557 81.1389 7.85264
    endloop
  endfacet
  facet normal 0 -0.623598 -0.781745
    outer loop
      vertex 54.5557 81.1389 7.85264
      vertex 54.5557 82.5772 6.70529
      vertex 55.2842 82.5772 6.70529
    endloop
  endfacet
  facet normal 0 -0.623598 -0.781745
    outer loop
      vertex 54.5557 81.1389 7.85264
      vertex 55.2842 82.5772 6.70529
      vertex 56.0128 82.5772 6.70529
    endloop
  endfacet
  facet normal -1 0 0
    outer loop
      vertex 54.5557 75.1285 8.06244
      vertex 54.5557 81.1389 7.85264
      vertex 54.5557 66.7399 7.85264
    endloop
  endfacet
  facet normal -1 0 0
    outer loop
      vertex 54.5557 66.7399 7.85264
      vertex 54.5557 70.8773 8.06244
      vertex 54.5557 71.4705 8.06244
    endloop
  endfacet
  facet normal -1 0 0
    outer loop
      vertex 54.5557 71.4705 9.10718
      vertex 54.5557 66.7399 9.3098
      vertex 54.5557 81.0555 9.3098
    endloop
  endfacet
  facet normal -1 0 0
    outer loop
      vertex 54.5557 75.1285 8.06244
      vertex 54.5557 66.7399 7.85264
      vertex 54.5557 71.4705 8.06244
    endloop
  endfacet
  facet normal -1 0 0
    outer loop
      vertex 54.5557 81.0555 9.3098
      vertex 54.5557 75.7217 9.10718
      vertex 54.5557 75.1285 9.10718
    endloop
  endfacet
  facet normal -1 0 0
    outer loop
      vertex 54.5557 75.1285 9.10718
      vertex 54.5557 75.1285 8.06244
      vertex 54.5557 71.4705 8.06244
    endloop
  endfacet
  facet normal -1 0 0
    outer loop
      vertex 54.5557 71.4705 9.10718
      vertex 54.5557 81.0555 9.3098
      vertex 54.5557 75.1285 9.10718
    endloop
  endfacet
  facet normal -1 0 0
    outer loop
      vertex 54.5557 71.4705 8.06244
      vertex 54.5557 71.4705 9.10718
      vertex 54.5557 75.1285 9.10718
    endloop
  endfacet
  facet normal 0 0 1
    outer loop
      vertex 56.0128 81.0555 9.3098
      vertex 54.5557 81.0555 9.3098
      vertex 54.5557 66.7399 9.3098
    endloop
  endfacet
  facet normal 0 0 1
    outer loop
      vertex 55.2842 66.7399 9.3098
      vertex 56.0128 66.7399 9.3098
      vertex 56.0128 81.0555 9.3098
    endloop
  endfacet
  facet normal 0 0 1
    outer loop
      vertex 54.5557 66.7399 9.3098
      vertex 55.2842 66.7399 9.3098
      vertex 56.0128 81.0555 9.3098
    endloop
  endfacet
  facet normal 1 0 0
    outer loop
      vertex 56.0128 81.0555 9.3098
      vertex 56.0128 79.3841 9.10718
      vertex 56.0128 79.9773 9.10718
    endloop
  endfacet
  facet normal 1 0 0
    outer loop
      vertex 56.0128 79.9773 9.10718
      vertex 56.0128 79.9773 8.06244
      vertex 56.0128 81.1389 7.85264
    endloop
  endfacet
  facet normal 1 0 0
    outer loop
      vertex 56.0128 81.0555 9.3098
      vertex 56.0128 79.9773 9.10718
      vertex 56.0128 81.1389 7.85264
    endloop
  endfacet
  facet normal 0 0 -1
    outer loop
      vertex 54.5557 81.1389 7.85264
      vertex 56.0128 81.1389 7.85264
      vertex 56.0128 66.7399 7.85264
    endloop
  endfacet
  facet normal 0 0 -1
    outer loop
      vertex 55.2842 66.7399 7.85264
      vertex 54.5557 66.7399 7.85264
      vertex 54.5557 81.1389 7.85264
    endloop
  endfacet
  facet normal 0 0 -1
    outer loop
      vertex 56.0128 66.7399 7.85264
      vertex 55.2842 66.7399 7.85264
      vertex 54.5557 81.1389 7.85264
    endloop
  endfacet
  facet normal 0 0 1
    outer loop
      vertex 55.581 27.017 6.8006
      vertex 55.7383 27.017 6.8006
      vertex 55.7383 28.3182 6.8006
    endloop
  endfacet
  facet normal 0 0 1
    outer loop
      vertex 55.7383 28.3182 6.8006
      vertex 55.581 28.3182 6.8006
      vertex 55.581 27.017 6.8006
    endloop
  endfacet
  facet normal 0 0.75047 -0.660904
    outer loop
      vertex 55.581 27.017 6.8006
      vertex 55.581 27.6556 7.52575
      vertex 55.7383 27.6556 7.52575
    endloop
  endfacet
  facet normal 0 0.75047 -0.660904
    outer loop
      vertex 55.7383 27.6556 7.52575
      vertex 55.7383 27.017 6.8006
      vertex 55.581 27.017 6.8006
    endloop
  endfacet
  facet normal 0 0 -1
    outer loop
      vertex 55.581 29.8327 7.52575
      vertex 55.7383 29.8327 7.52575
      vertex 55.7383 28.1881 7.52575
    endloop
  endfacet
  facet normal 0 0 -1
    outer loop
      vertex 55.7383 28.1881 7.52575
      vertex 55.581 28.1881 7.52575
      vertex 55.581 29.8327 7.52575
    endloop
  endfacet
  facet normal 0 -0.750472 0.660902
    outer loop
      vertex 55.581 29.8327 7.52575
      vertex 55.581 29.1941 6.8006
      vertex 55.7383 29.1941 6.8006
    endloop
  endfacet
  facet normal 0 -0.750472 0.660902
    outer loop
      vertex 55.7383 29.1941 6.8006
      vertex 55.7383 29.8327 7.52575
      vertex 55.581 29.8327 7.52575
    endloop
  endfacet
  facet normal 0 0.750462 -0.660913
    outer loop
      vertex 55.581 29.612 6.8006
      vertex 55.581 30.2506 7.52575
      vertex 55.7383 30.2506 7.52575
    endloop
  endfacet
  facet normal 0 0.750462 -0.660913
    outer loop
      vertex 55.7383 30.2506 7.52575
      vertex 55.7383 29.612 6.8006
      vertex 55.581 29.612 6.8006
    endloop
  endfacet
  facet normal 0 0 1
    outer loop
      vertex 54.9875 27.017 6.8006
      vertex 54.9875 28.3182 6.8006
      vertex 54.8302 28.3182 6.8006
    endloop
  endfacet
  facet normal 0 0 1
    outer loop
      vertex 54.8302 28.3182 6.8006
      vertex 54.8302 27.017 6.8006
      vertex 54.9875 27.017 6.8006
    endloop
  endfacet
  facet normal 0 0.75047 -0.660904
    outer loop
      vertex 54.9875 27.017 6.8006
      vertex 54.8302 27.017 6.8006
      vertex 54.8302 27.6556 7.52575
    endloop
  endfacet
  facet normal 0 0.75047 -0.660904
    outer loop
      vertex 54.8302 27.6556 7.52575
      vertex 54.9875 27.6556 7.52575
      vertex 54.9875 27.017 6.8006
    endloop
  endfacet
  facet normal 0 0 -1
    outer loop
      vertex 54.9875 29.8327 7.52575
      vertex 54.9875 28.1881 7.52575
      vertex 54.8302 28.1881 7.52575
    endloop
  endfacet
  facet normal 0 0 -1
    outer loop
      vertex 54.8302 28.1881 7.52575
      vertex 54.8302 29.8327 7.52575
      vertex 54.9875 29.8327 7.52575
    endloop
  endfacet
  facet normal 0 -0.750472 0.660902
    outer loop
      vertex 54.9875 29.8327 7.52575
      vertex 54.8302 29.8327 7.52575
      vertex 54.8302 29.1941 6.8006
    endloop
  endfacet
  facet normal 0 -0.750472 0.660902
    outer loop
      vertex 54.8302 29.1941 6.8006
      vertex 54.9875 29.1941 6.8006
      vertex 54.9875 29.8327 7.52575
    endloop
  endfacet
  facet normal 0 0 1
    outer loop
      vertex 54.8302 29.612 6.8006
      vertex 54.9875 29.612 6.8006
      vertex 54.9875 30.9132 6.8006
    endloop
  endfacet
  facet normal 0 0 1
    outer loop
      vertex 54.9875 30.9132 6.8006
      vertex 54.8302 30.9132 6.8006
      vertex 54.8302 30.5236 6.8006
    endloop
  endfacet
  facet normal 0 0 1
    outer loop
      vertex 54.9875 30.9132 6.8006
      vertex 54.8302 30.5236 6.8006
      vertex 54.8302 29.612 6.8006
    endloop
  endfacet
  facet normal 0 0.750462 -0.660913
    outer loop
      vertex 54.9875 29.612 6.8006
      vertex 54.8302 29.612 6.8006
      vertex 54.8302 30.2506 7.52575
    endloop
  endfacet
  facet normal 0 0.750462 -0.660913
    outer loop
      vertex 54.8302 30.2506 7.52575
      vertex 54.9875 30.2506 7.52575
      vertex 54.9875 29.612 6.8006
    endloop
  endfacet
  facet normal 0 -0.750453 -0.660923
    outer loop
      vertex 55.7383 27.6795 7.52575
      vertex 55.581 27.6795 7.52575
      vertex 55.581 28.3182 6.8006
    endloop
  endfacet
  facet normal 0 -0.750453 -0.660923
    outer loop
      vertex 55.581 28.3182 6.8006
      vertex 55.7383 28.3182 6.8006
      vertex 55.7383 27.6795 7.52575
    endloop
  endfacet
  facet normal 0 0 -1
    outer loop
      vertex 55.7383 27.6556 7.52575
      vertex 55.581 27.6556 7.52575
      vertex 55.581 27.6795 7.52575
    endloop
  endfacet
  facet normal 0 0 -1
    outer loop
      vertex 55.581 27.6795 7.52575
      vertex 55.7383 27.6795 7.52575
      vertex 55.7383 27.6556 7.52575
    endloop
  endfacet
  facet normal 0 -0.750453 -0.660924
    outer loop
      vertex 55.7383 30.2745 7.52575
      vertex 55.581 30.2745 7.52575
      vertex 55.581 30.9132 6.8006
    endloop
  endfacet
  facet normal 0 -0.750453 -0.660924
    outer loop
      vertex 55.581 30.9132 6.8006
      vertex 55.7383 30.9132 6.8006
      vertex 55.7383 30.2745 7.52575
    endloop
  endfacet
  facet normal 0 0.750478 0.660896
    outer loop
      vertex 54.8302 28.1881 7.52575
      vertex 54.9875 28.1881 7.52575
      vertex 54.9875 28.8267 6.8006
    endloop
  endfacet
  facet normal 0 0.750478 0.660896
    outer loop
      vertex 54.9875 28.8267 6.8006
      vertex 54.8302 28.8267 6.8006
      vertex 54.8302 28.1881 7.52575
    endloop
  endfacet
  facet normal 0 0 1
    outer loop
      vertex 55.7383 29.1941 6.8006
      vertex 55.581 29.1941 6.8006
      vertex 55.581 28.8267 6.8006
    endloop
  endfacet
  facet normal 0 0 1
    outer loop
      vertex 55.581 28.8267 6.8006
      vertex 55.7383 28.8267 6.8006
      vertex 55.7383 29.1941 6.8006
    endloop
  endfacet
  facet normal 0 0 -1
    outer loop
      vertex 55.7383 30.2506 7.52575
      vertex 55.581 30.2506 7.52575
      vertex 55.581 30.2745 7.52575
    endloop
  endfacet
  facet normal 0 0 -1
    outer loop
      vertex 55.581 30.2745 7.52575
      vertex 55.7383 30.2745 7.52575
      vertex 55.7383 30.2506 7.52575
    endloop
  endfacet
  facet normal 0 0.750478 0.660896
    outer loop
      vertex 55.7383 28.8267 6.8006
      vertex 55.581 28.8267 6.8006
      vertex 55.581 28.1881 7.52575
    endloop
  endfacet
  facet normal 0 0.750478 0.660896
    outer loop
      vertex 55.581 28.1881 7.52575
      vertex 55.7383 28.1881 7.52575
      vertex 55.7383 28.8267 6.8006
    endloop
  endfacet
  facet normal 1 0 0
    outer loop
      vertex 55.7383 29.97 6.74348
      vertex 55.7383 29.1941 6.8006
      vertex 55.7383 28.8267 6.8006
    endloop
  endfacet
  facet normal 1 0 0
    outer loop
      vertex 55.7383 28.8267 6.8006
      vertex 55.7383 28.1881 7.52575
      vertex 55.7383 27.6795 7.52575
    endloop
  endfacet
  facet normal 1 0 0
    outer loop
      vertex 55.7383 28.3182 6.8006
      vertex 55.7383 27.017 6.8006
      vertex 55.7383 26.8889 6.74348
    endloop
  endfacet
  facet normal 1 0 0
    outer loop
      vertex 55.7383 28.8267 6.8006
      vertex 55.7383 27.6795 7.52575
      vertex 55.7383 28.3182 6.8006
    endloop
  endfacet
  facet normal 1 0 0
    outer loop
      vertex 55.7383 26.8889 6.74348
      vertex 55.7383 29.97 6.74348
      vertex 55.7383 28.8267 6.8006
    endloop
  endfacet
  facet normal 1 0 0
    outer loop
      vertex 55.7383 28.8267 6.8006
      vertex 55.7383 28.3182 6.8006
      vertex 55.7383 26.8889 6.74348
    endloop
  endfacet
  facet normal 0 0 -1
    outer loop
      vertex 54.8302 30.2745 7.52575
      vertex 54.9875 30.2745 7.52575
      vertex 54.9875 30.2506 7.52575
    endloop
  endfacet
  facet normal 0 0 -1
    outer loop
      vertex 54.9875 30.2506 7.52575
      vertex 54.8302 30.2506 7.52575
      vertex 54.8302 30.2745 7.52575
    endloop
  endfacet
  facet normal 0 0 -1
    outer loop
      vertex 54.8302 27.6795 7.52575
      vertex 54.9875 27.6795 7.52575
      vertex 54.9875 27.6556 7.52575
    endloop
  endfacet
  facet normal 0 0 -1
    outer loop
      vertex 54.9875 27.6556 7.52575
      vertex 54.8302 27.6556 7.52575
      vertex 54.8302 27.6795 7.52575
    endloop
  endfacet
  facet normal 0 -0.750453 -0.660924
    outer loop
      vertex 54.8302 30.9132 6.8006
      vertex 54.9875 30.9132 6.8006
      vertex 54.9875 30.2745 7.52575
    endloop
  endfacet
  facet normal 0 -0.750453 -0.660924
    outer loop
      vertex 54.9875 30.2745 7.52575
      vertex 54.8302 30.2745 7.52575
      vertex 54.8302 30.9132 6.8006
    endloop
  endfacet
  facet normal 0 -0.750453 -0.660923
    outer loop
      vertex 54.8302 28.3182 6.8006
      vertex 54.9875 28.3182 6.8006
      vertex 54.9875 27.6795 7.52575
    endloop
  endfacet
  facet normal 0 -0.750453 -0.660923
    outer loop
      vertex 54.9875 27.6795 7.52575
      vertex 54.8302 27.6795 7.52575
      vertex 54.8302 28.3182 6.8006
    endloop
  endfacet
  facet normal 0 0 1
    outer loop
      vertex 55.581 30.9132 6.8006
      vertex 55.581 29.612 6.8006
      vertex 55.7383 29.612 6.8006
    endloop
  endfacet
  facet normal 0 0 0
    outer loop
      vertex 55.7383 29.612 6.8006
      vertex 55.7383 30.5236 6.8006
      vertex 55.7383 30.9132 6.8006
    endloop
  endfacet
  facet normal 0 0 1
    outer loop
      vertex 55.7383 29.612 6.8006
      vertex 55.7383 30.9132 6.8006
      vertex 55.581 30.9132 6.8006
    endloop
  endfacet
  facet normal 0 0 1
    outer loop
      vertex 54.8302 29.1941 6.8006
      vertex 54.8302 28.8267 6.8006
      vertex 54.9875 28.8267 6.8006
    endloop
  endfacet
  facet normal 0 0 1
    outer loop
      vertex 54.9875 28.8267 6.8006
      vertex 54.9875 29.1941 6.8006
      vertex 54.8302 29.1941 6.8006
    endloop
  endfacet
  facet normal -1 0 0
    outer loop
      vertex 54.8302 28.8267 6.8006
      vertex 54.8302 29.1941 6.8006
      vertex 54.8302 29.97 6.74348
    endloop
  endfacet
  facet normal -1 0 0
    outer loop
      vertex 54.8302 29.97 6.74348
      vertex 54.8302 26.8889 6.74348
      vertex 54.8302 27.017 6.8006
    endloop
  endfacet
  facet normal -1 0 0
    outer loop
      vertex 54.8302 28.3182 6.8006
      vertex 54.8302 27.6795 7.52575
      vertex 54.8302 28.1881 7.52575
    endloop
  endfacet
  facet normal -1 0 0
    outer loop
      vertex 54.8302 29.97 6.74348
      vertex 54.8302 27.017 6.8006
      vertex 54.8302 28.3182 6.8006
    endloop
  endfacet
  facet normal -1 0 0
    outer loop
      vertex 54.8302 28.3182 6.8006
      vertex 54.8302 28.1881 7.52575
      vertex 54.8302 28.8267 6.8006
    endloop
  endfacet
  facet normal -1 0 0
    outer loop
      vertex 54.8302 29.97 6.74348
      vertex 54.8302 28.3182 6.8006
      vertex 54.8302 28.8267 6.8006
    endloop
  endfacet
  facet normal 1 0 0
    outer loop
      vertex 55.581 46.4715 7.52575
      vertex 55.581 45.8328 6.8006
      vertex 55.581 47.134 6.8006
    endloop
  endfacet
  facet normal 1 0 0
    outer loop
      vertex 55.581 47.134 6.8006
      vertex 55.581 46.4954 7.52575
      vertex 55.581 46.4715 7.52575
    endloop
  endfacet
  facet normal 0 0 1
    outer loop
      vertex 55.581 45.8328 6.8006
      vertex 55.7383 45.8328 6.8006
      vertex 55.7383 47.134 6.8006
    endloop
  endfacet
  facet normal 0 0 1
    outer loop
      vertex 55.7383 47.134 6.8006
      vertex 55.581 47.134 6.8006
      vertex 55.581 45.8328 6.8006
    endloop
  endfacet
  facet normal 0 0.750462 -0.660913
    outer loop
      vertex 55.581 45.8328 6.8006
      vertex 55.581 46.4715 7.52575
      vertex 55.7383 46.4715 7.52575
    endloop
  endfacet
  facet normal 0 0.750462 -0.660913
    outer loop
      vertex 55.7383 46.4715 7.52575
      vertex 55.7383 45.8328 6.8006
      vertex 55.581 45.8328 6.8006
    endloop
  endfacet
  facet normal 1 0 0
    outer loop
      vertex 55.581 48.0099 6.8006
      vertex 55.581 48.6485 7.52575
      vertex 55.581 47.0039 7.52575
    endloop
  endfacet
  facet normal 1 0 0
    outer loop
      vertex 55.581 47.0039 7.52575
      vertex 55.581 47.6426 6.8006
      vertex 55.581 48.0099 6.8006
    endloop
  endfacet
  facet normal 0 0 -1
    outer loop
      vertex 55.581 48.6485 7.52575
      vertex 55.7383 48.6485 7.52575
      vertex 55.7383 47.0039 7.52575
    endloop
  endfacet
  facet normal 0 0 -1
    outer loop
      vertex 55.7383 47.0039 7.52575
      vertex 55.581 47.0039 7.52575
      vertex 55.581 48.6485 7.52575
    endloop
  endfacet
  facet normal 0 -0.750462 0.660913
    outer loop
      vertex 55.581 48.6485 7.52575
      vertex 55.581 48.0099 6.8006
      vertex 55.7383 48.0099 6.8006
    endloop
  endfacet
  facet normal 0 -0.750462 0.660913
    outer loop
      vertex 55.7383 48.0099 6.8006
      vertex 55.7383 48.6485 7.52575
      vertex 55.581 48.6485 7.52575
    endloop
  endfacet
  facet normal 1 0 0
    outer loop
      vertex 55.581 49.0665 7.52575
      vertex 55.581 48.4278 6.8006
      vertex 55.581 49.729 6.8006
    endloop
  endfacet
  facet normal 1 0 0
    outer loop
      vertex 55.581 49.729 6.8006
      vertex 55.581 49.0904 7.52575
      vertex 55.581 49.0665 7.52575
    endloop
  endfacet
  facet normal 0 0.75046 -0.660915
    outer loop
      vertex 55.581 48.4278 6.8006
      vertex 55.581 49.0665 7.52575
      vertex 55.7383 49.0665 7.52575
    endloop
  endfacet
  facet normal 0 0.75046 -0.660915
    outer loop
      vertex 55.7383 49.0665 7.52575
      vertex 55.7383 48.4278 6.8006
      vertex 55.581 48.4278 6.8006
    endloop
  endfacet
  facet normal -1 0 0
    outer loop
      vertex 54.9875 46.4715 7.52575
      vertex 54.9875 46.4954 7.52575
      vertex 54.9875 47.134 6.8006
    endloop
  endfacet
  facet normal -1 0 0
    outer loop
      vertex 54.9875 47.134 6.8006
      vertex 54.9875 45.8328 6.8006
      vertex 54.9875 46.4715 7.52575
    endloop
  endfacet
  facet normal 0 0 1
    outer loop
      vertex 54.9875 45.8328 6.8006
      vertex 54.9875 47.134 6.8006
      vertex 54.8302 47.134 6.8006
    endloop
  endfacet
  facet normal 0 0 1
    outer loop
      vertex 54.8302 47.134 6.8006
      vertex 54.8302 45.8328 6.8006
      vertex 54.9875 45.8328 6.8006
    endloop
  endfacet
  facet normal -1 0 0
    outer loop
      vertex 54.9875 48.0099 6.8006
      vertex 54.9875 47.6426 6.8006
      vertex 54.9875 47.0039 7.52575
    endloop
  endfacet
  facet normal -1 0 0
    outer loop
      vertex 54.9875 47.0039 7.52575
      vertex 54.9875 48.6485 7.52575
      vertex 54.9875 48.0099 6.8006
    endloop
  endfacet
  facet normal 0 0 -1
    outer loop
      vertex 54.9875 48.6485 7.52575
      vertex 54.9875 47.0039 7.52575
      vertex 54.8302 47.0039 7.52575
    endloop
  endfacet
  facet normal 0 0 -1
    outer loop
      vertex 54.8302 47.0039 7.52575
      vertex 54.8302 48.6485 7.52575
      vertex 54.9875 48.6485 7.52575
    endloop
  endfacet
  facet normal 0 -0.750462 0.660913
    outer loop
      vertex 54.9875 48.6485 7.52575
      vertex 54.8302 48.6485 7.52575
      vertex 54.8302 48.0099 6.8006
    endloop
  endfacet
  facet normal 0 -0.750462 0.660913
    outer loop
      vertex 54.8302 48.0099 6.8006
      vertex 54.9875 48.0099 6.8006
      vertex 54.9875 48.6485 7.52575
    endloop
  endfacet
  facet normal -1 0 0
    outer loop
      vertex 54.9875 49.0665 7.52575
      vertex 54.9875 49.0904 7.52575
      vertex 54.9875 49.729 6.8006
    endloop
  endfacet
  facet normal -1 0 0
    outer loop
      vertex 54.9875 49.729 6.8006
      vertex 54.9875 48.4278 6.8006
      vertex 54.9875 49.0665 7.52575
    endloop
  endfacet
  facet normal 0 0 1
    outer loop
      vertex 54.8302 48.4278 6.8006
      vertex 54.9875 48.4278 6.8006
      vertex 54.9875 49.729 6.8006
    endloop
  endfacet
  facet normal 0 0 1
    outer loop
      vertex 54.9875 49.729 6.8006
      vertex 54.8302 49.729 6.8006
      vertex 54.8302 49.3394 6.8006
    endloop
  endfacet
  facet normal 0 0 1
    outer loop
      vertex 54.9875 49.729 6.8006
      vertex 54.8302 49.3394 6.8006
      vertex 54.8302 48.4278 6.8006
    endloop
  endfacet
  facet normal 0 0.75046 -0.660915
    outer loop
      vertex 54.9875 48.4278 6.8006
      vertex 54.8302 48.4278 6.8006
      vertex 54.8302 49.0665 7.52575
    endloop
  endfacet
  facet normal 0 0.75046 -0.660915
    outer loop
      vertex 54.8302 49.0665 7.52575
      vertex 54.9875 49.0665 7.52575
      vertex 54.9875 48.4278 6.8006
    endloop
  endfacet
  facet normal 0 -0.75048 -0.660893
    outer loop
      vertex 55.7383 46.4954 7.52575
      vertex 55.581 46.4954 7.52575
      vertex 55.581 47.134 6.8006
    endloop
  endfacet
  facet normal 0 -0.75048 -0.660893
    outer loop
      vertex 55.581 47.134 6.8006
      vertex 55.7383 47.134 6.8006
      vertex 55.7383 46.4954 7.52575
    endloop
  endfacet
  facet normal 0 0 -1
    outer loop
      vertex 55.7383 46.4715 7.52575
      vertex 55.581 46.4715 7.52575
      vertex 55.581 46.4954 7.52575
    endloop
  endfacet
  facet normal 0 0 -1
    outer loop
      vertex 55.581 46.4954 7.52575
      vertex 55.7383 46.4954 7.52575
      vertex 55.7383 46.4715 7.52575
    endloop
  endfacet
  facet normal 0 -0.750478 -0.660896
    outer loop
      vertex 55.7383 49.0904 7.52575
      vertex 55.581 49.0904 7.52575
      vertex 55.581 49.729 6.8006
    endloop
  endfacet
  facet normal 0 -0.750478 -0.660896
    outer loop
      vertex 55.581 49.729 6.8006
      vertex 55.7383 49.729 6.8006
      vertex 55.7383 49.0904 7.52575
    endloop
  endfacet
  facet normal 0 0 1
    outer loop
      vertex 54.8302 47.6426 6.8006
      vertex 54.9875 47.6426 6.8006
      vertex 54.9875 48.0099 6.8006
    endloop
  endfacet
  facet normal 0 0 1
    outer loop
      vertex 54.9875 48.0099 6.8006
      vertex 54.8302 48.0099 6.8006
      vertex 54.8302 47.6426 6.8006
    endloop
  endfacet
  facet normal 0 0.750462 0.660913
    outer loop
      vertex 54.8302 47.0039 7.52575
      vertex 54.9875 47.0039 7.52575
      vertex 54.9875 47.6426 6.8006
    endloop
  endfacet
  facet normal 0 0.750462 0.660913
    outer loop
      vertex 54.9875 47.6426 6.8006
      vertex 54.8302 47.6426 6.8006
      vertex 54.8302 47.0039 7.52575
    endloop
  endfacet
  facet normal 0 0 1
    outer loop
      vertex 55.7383 48.0099 6.8006
      vertex 55.581 48.0099 6.8006
      vertex 55.581 47.6426 6.8006
    endloop
  endfacet
  facet normal 0 0 1
    outer loop
      vertex 55.581 47.6426 6.8006
      vertex 55.7383 47.6426 6.8006
      vertex 55.7383 48.0099 6.8006
    endloop
  endfacet
  facet normal 0 0 -1
    outer loop
      vertex 55.7383 49.0665 7.52575
      vertex 55.581 49.0665 7.52575
      vertex 55.581 49.0904 7.52575
    endloop
  endfacet
  facet normal 0 0 -1
    outer loop
      vertex 55.581 49.0904 7.52575
      vertex 55.7383 49.0904 7.52575
      vertex 55.7383 49.0665 7.52575
    endloop
  endfacet
  facet normal 0 0.750462 0.660913
    outer loop
      vertex 55.7383 47.6426 6.8006
      vertex 55.581 47.6426 6.8006
      vertex 55.581 47.0039 7.52575
    endloop
  endfacet
  facet normal 0 0.750462 0.660913
    outer loop
      vertex 55.581 47.0039 7.52575
      vertex 55.7383 47.0039 7.52575
      vertex 55.7383 47.6426 6.8006
    endloop
  endfacet
  facet normal 1 0 0
    outer loop
      vertex 55.7383 48.7858 6.74348
      vertex 55.7383 48.0099 6.8006
      vertex 55.7383 47.6426 6.8006
    endloop
  endfacet
  facet normal 1 0 0
    outer loop
      vertex 55.7383 47.6426 6.8006
      vertex 55.7383 47.0039 7.52575
      vertex 55.7383 46.4954 7.52575
    endloop
  endfacet
  facet normal 1 0 0
    outer loop
      vertex 55.7383 47.134 6.8006
      vertex 55.7383 45.8328 6.8006
      vertex 55.7383 45.7047 6.74348
    endloop
  endfacet
  facet normal 1 0 0
    outer loop
      vertex 55.7383 47.6426 6.8006
      vertex 55.7383 46.4954 7.52575
      vertex 55.7383 47.134 6.8006
    endloop
  endfacet
  facet normal 1 0 0
    outer loop
      vertex 55.7383 45.7047 6.74348
      vertex 55.7383 48.7858 6.74348
      vertex 55.7383 47.6426 6.8006
    endloop
  endfacet
  facet normal 1 0 0
    outer loop
      vertex 55.7383 47.6426 6.8006
      vertex 55.7383 47.134 6.8006
      vertex 55.7383 45.7047 6.74348
    endloop
  endfacet
  facet normal 0 -0.75048 -0.660893
    outer loop
      vertex 54.8302 47.134 6.8006
      vertex 54.9875 47.134 6.8006
      vertex 54.9875 46.4954 7.52575
    endloop
  endfacet
  facet normal 0 -0.75048 -0.660893
    outer loop
      vertex 54.9875 46.4954 7.52575
      vertex 54.8302 46.4954 7.52575
      vertex 54.8302 47.134 6.8006
    endloop
  endfacet
  facet normal 0 0 1
    outer loop
      vertex 55.581 49.729 6.8006
      vertex 55.581 48.4278 6.8006
      vertex 55.7383 48.4278 6.8006
    endloop
  endfacet
  facet normal 0 0 1
    outer loop
      vertex 55.7383 49.3394 6.8006
      vertex 55.7383 49.729 6.8006
      vertex 55.581 49.729 6.8006
    endloop
  endfacet
  facet normal 0 0 1
    outer loop
      vertex 55.7383 48.4278 6.8006
      vertex 55.7383 49.3394 6.8006
      vertex 55.581 49.729 6.8006
    endloop
  endfacet
  facet normal 0 0 1
    outer loop
      vertex 54.5557 56.1901 7.85264
      vertex 55.2842 56.1901 7.85264
      vertex 56.0128 56.1901 7.85264
    endloop
  endfacet
  facet normal 0 0 -1
    outer loop
      vertex 56.0128 56.1901 7.85264
      vertex 55.7383 45.4745 7.85264
      vertex 55.7383 49.9405 7.85264
    endloop
  endfacet
  facet normal 0 0 -1
    outer loop
      vertex 55.7383 50.1804 7.85264
      vertex 54.8302 50.1804 7.85264
      vertex 54.5557 56.1901 7.85264
    endloop
  endfacet
  facet normal 0 0 -1
    outer loop
      vertex 56.0128 56.1901 7.85264
      vertex 55.7383 49.9405 7.85264
      vertex 55.7383 50.1804 7.85264
    endloop
  endfacet
  facet normal 0 0 -1
    outer loop
      vertex 56.0128 56.1901 7.85264
      vertex 55.7383 50.1804 7.85264
      vertex 54.5557 56.1901 7.85264
    endloop
  endfacet
  facet normal -0.9099 0 -0.414828
    outer loop
      vertex 54.7871 21.8531 2.12088
      vertex 54.7871 21.16 2.12088
      vertex 54.4055 21.16 2.95786
    endloop
  endfacet
  facet normal -0.9099 0 -0.414828
    outer loop
      vertex 54.4055 21.16 2.95786
      vertex 54.4055 21.8531 2.95786
      vertex 54.7871 21.8531 2.12088
    endloop
  endfacet
  facet normal 0 0 -1
    outer loop
      vertex 55.7814 21.8531 2.12088
      vertex 55.7814 21.16 2.12088
      vertex 54.7871 21.16 2.12088
    endloop
  endfacet
  facet normal 0 0 -1
    outer loop
      vertex 54.7871 21.16 2.12088
      vertex 54.7871 21.8531 2.12088
      vertex 55.7814 21.8531 2.12088
    endloop
  endfacet
  facet normal -0.9099 0 -0.414828
    outer loop
      vertex 54.4055 20.4155 2.95786
      vertex 54.7871 20.4155 2.12088
      vertex 54.7871 19.7225 2.12088
    endloop
  endfacet
  facet normal -0.909902 -1.47211e-05 -0.414823
    outer loop
      vertex 54.7871 19.7225 2.12088
      vertex 54.5071 19.7225 2.735
      vertex 54.4055 20.0764 2.95786
    endloop
  endfacet
  facet normal -0.9099 0 -0.414828
    outer loop
      vertex 54.7871 19.7225 2.12088
      vertex 54.4055 20.0764 2.95786
      vertex 54.4055 20.4155 2.95786
    endloop
  endfacet
  facet normal 0 0 -1
    outer loop
      vertex 55.7814 20.4155 2.12088
      vertex 55.7814 19.7225 2.12088
      vertex 54.7871 19.7225 2.12088
    endloop
  endfacet
  facet normal 0 0 -1
    outer loop
      vertex 54.7871 19.7225 2.12088
      vertex 54.7871 20.4155 2.12088
      vertex 55.7814 20.4155 2.12088
    endloop
  endfacet
  facet normal -0.9099 0 -0.414828
    outer loop
      vertex 54.7871 26.4211 2.12088
      vertex 54.7871 25.7281 2.12088
      vertex 54.4055 25.7281 2.95786
    endloop
  endfacet
  facet normal -0.9099 0 -0.414828
    outer loop
      vertex 54.4055 25.7281 2.95786
      vertex 54.4055 26.4211 2.95786
      vertex 54.7871 26.4211 2.12088
    endloop
  endfacet
  facet normal 0 0 -1
    outer loop
      vertex 55.7814 26.4211 2.12088
      vertex 55.7814 25.7281 2.12088
      vertex 54.7871 25.7281 2.12088
    endloop
  endfacet
  facet normal 0 0 -1
    outer loop
      vertex 54.7871 25.7281 2.12088
      vertex 54.7871 26.4211 2.12088
      vertex 55.7814 26.4211 2.12088
    endloop
  endfacet
  facet normal -0.9099 0 -0.414828
    outer loop
      vertex 54.7871 24.8963 2.12088
      vertex 54.7871 24.2033 2.12088
      vertex 54.4055 24.2033 2.95786
    endloop
  endfacet
  facet normal -0.9099 0 -0.414828
    outer loop
      vertex 54.4055 24.2033 2.95786
      vertex 54.4055 24.8963 2.95786
      vertex 54.7871 24.8963 2.12088
    endloop
  endfacet
  facet normal 0 0 -1
    outer loop
      vertex 55.7814 24.8963 2.12088
      vertex 55.7814 24.2033 2.12088
      vertex 54.7871 24.2033 2.12088
    endloop
  endfacet
  facet normal 0 0 -1
    outer loop
      vertex 54.7871 24.2033 2.12088
      vertex 54.7871 24.8963 2.12088
      vertex 55.7814 24.8963 2.12088
    endloop
  endfacet
  facet normal -0.9099 0 -0.414828
    outer loop
      vertex 54.7871 23.3628 2.12088
      vertex 54.7871 22.6698 2.12088
      vertex 54.4055 22.6698 2.95786
    endloop
  endfacet
  facet normal -0.9099 0 -0.414828
    outer loop
      vertex 54.4055 22.6698 2.95786
      vertex 54.4055 23.3628 2.95786
      vertex 54.7871 23.3628 2.12088
    endloop
  endfacet
  facet normal 0 0 -1
    outer loop
      vertex 55.7814 23.3628 2.12088
      vertex 55.7814 22.6698 2.12088
      vertex 54.7871 22.6698 2.12088
    endloop
  endfacet
  facet normal 0 0 -1
    outer loop
      vertex 54.7871 22.6698 2.12088
      vertex 54.7871 23.3628 2.12088
      vertex 55.7814 23.3628 2.12088
    endloop
  endfacet
  facet normal -0.9099 0 -0.414828
    outer loop
      vertex 54.7871 38.3173 2.12088
      vertex 54.7871 37.6242 2.12088
      vertex 54.4055 37.6242 2.95786
    endloop
  endfacet
  facet normal -0.9099 0 -0.414828
    outer loop
      vertex 54.4055 37.6242 2.95786
      vertex 54.4055 38.3173 2.95786
      vertex 54.7871 38.3173 2.12088
    endloop
  endfacet
  facet normal 0 0 -1
    outer loop
      vertex 55.7814 38.3173 2.12088
      vertex 55.7814 37.6242 2.12088
      vertex 54.7871 37.6242 2.12088
    endloop
  endfacet
  facet normal 0 0 -1
    outer loop
      vertex 54.7871 37.6242 2.12088
      vertex 54.7871 38.3173 2.12088
      vertex 55.7814 38.3173 2.12088
    endloop
  endfacet
  facet normal -0.9099 0 -0.414828
    outer loop
      vertex 54.7871 36.8796 2.12088
      vertex 54.7871 36.1866 2.12088
      vertex 54.4055 36.1866 2.95786
    endloop
  endfacet
  facet normal -0.9099 0 -0.414828
    outer loop
      vertex 54.4055 36.1866 2.95786
      vertex 54.4055 36.8796 2.95786
      vertex 54.7871 36.8796 2.12088
    endloop
  endfacet
  facet normal 0 0 -1
    outer loop
      vertex 55.7814 36.8796 2.12088
      vertex 55.7814 36.1866 2.12088
      vertex 54.7871 36.1866 2.12088
    endloop
  endfacet
  facet normal 0 0 -1
    outer loop
      vertex 54.7871 36.1866 2.12088
      vertex 54.7871 36.8796 2.12088
      vertex 55.7814 36.8796 2.12088
    endloop
  endfacet
  facet normal -0.9099 0 -0.414829
    outer loop
      vertex 54.7871 42.8853 2.12088
      vertex 54.7871 42.1923 2.12088
      vertex 54.4055 42.1923 2.95786
    endloop
  endfacet
  facet normal -0.9099 0 -0.414829
    outer loop
      vertex 54.4055 42.1923 2.95786
      vertex 54.4055 42.8853 2.95786
      vertex 54.7871 42.8853 2.12088
    endloop
  endfacet
  facet normal 0 0 -1
    outer loop
      vertex 55.7814 42.8853 2.12088
      vertex 55.7814 42.1923 2.12088
      vertex 54.7871 42.1923 2.12088
    endloop
  endfacet
  facet normal 0 0 -1
    outer loop
      vertex 54.7871 42.1923 2.12088
      vertex 54.7871 42.8853 2.12088
      vertex 55.7814 42.8853 2.12088
    endloop
  endfacet
  facet normal -0.9099 0 -0.414829
    outer loop
      vertex 54.7871 41.3605 2.12088
      vertex 54.7871 40.6674 2.12088
      vertex 54.4055 40.6674 2.95786
    endloop
  endfacet
  facet normal -0.9099 0 -0.414829
    outer loop
      vertex 54.4055 40.6674 2.95786
      vertex 54.4055 41.3605 2.95786
      vertex 54.7871 41.3605 2.12088
    endloop
  endfacet
  facet normal 0 0 -1
    outer loop
      vertex 55.7814 41.3605 2.12088
      vertex 55.7814 40.6674 2.12088
      vertex 54.7871 40.6674 2.12088
    endloop
  endfacet
  facet normal 0 0 -1
    outer loop
      vertex 54.7871 40.6674 2.12088
      vertex 54.7871 41.3605 2.12088
      vertex 55.7814 41.3605 2.12088
    endloop
  endfacet
  facet normal -0.9099 0 -0.414828
    outer loop
      vertex 54.7871 39.827 2.12088
      vertex 54.7871 39.134 2.12088
      vertex 54.4055 39.134 2.95786
    endloop
  endfacet
  facet normal -0.9099 0 -0.414828
    outer loop
      vertex 54.4055 39.134 2.95786
      vertex 54.4055 39.827 2.95786
      vertex 54.7871 39.827 2.12088
    endloop
  endfacet
  facet normal 0 0 -1
    outer loop
      vertex 55.7814 39.827 2.12088
      vertex 55.7814 39.134 2.12088
      vertex 54.7871 39.134 2.12088
    endloop
  endfacet
  facet normal 0 0 -1
    outer loop
      vertex 54.7871 39.134 2.12088
      vertex 54.7871 39.827 2.12088
      vertex 55.7814 39.827 2.12088
    endloop
  endfacet
  facet normal -0.9099 0 -0.414829
    outer loop
      vertex 54.7871 27.9583 2.12088
      vertex 54.7871 27.2653 2.12088
      vertex 54.4055 27.2653 2.95786
    endloop
  endfacet
  facet normal -0.9099 0 -0.414829
    outer loop
      vertex 54.4055 27.2653 2.95786
      vertex 54.4055 27.9583 2.95786
      vertex 54.7871 27.9583 2.12088
    endloop
  endfacet
  facet normal 0 0 -1
    outer loop
      vertex 55.7814 27.9583 2.12088
      vertex 55.7814 27.2653 2.12088
      vertex 54.7871 27.2653 2.12088
    endloop
  endfacet
  facet normal 0 0 -1
    outer loop
      vertex 54.7871 27.2653 2.12088
      vertex 54.7871 27.9583 2.12088
      vertex 55.7814 27.9583 2.12088
    endloop
  endfacet
  facet normal -0.9099 0 -0.414829
    outer loop
      vertex 54.7871 33.964 2.12088
      vertex 54.7871 33.2709 2.12088
      vertex 54.4055 33.2709 2.95786
    endloop
  endfacet
  facet normal -0.9099 0 -0.414829
    outer loop
      vertex 54.4055 33.2709 2.95786
      vertex 54.4055 33.964 2.95786
      vertex 54.7871 33.964 2.12088
    endloop
  endfacet
  facet normal 0 0 -1
    outer loop
      vertex 55.7814 33.964 2.12088
      vertex 55.7814 33.2709 2.12088
      vertex 54.7871 33.2709 2.12088
    endloop
  endfacet
  facet normal 0 0 -1
    outer loop
      vertex 54.7871 33.2709 2.12088
      vertex 54.7871 33.964 2.12088
      vertex 55.7814 33.964 2.12088
    endloop
  endfacet
  facet normal -0.9099 0 -0.414828
    outer loop
      vertex 54.7871 32.4392 2.12088
      vertex 54.7871 31.7461 2.12088
      vertex 54.4055 31.7461 2.95786
    endloop
  endfacet
  facet normal -0.9099 0 -0.414828
    outer loop
      vertex 54.4055 31.7461 2.95786
      vertex 54.4055 32.4392 2.95786
      vertex 54.7871 32.4392 2.12088
    endloop
  endfacet
  facet normal 0 0 -1
    outer loop
      vertex 55.7814 32.4392 2.12088
      vertex 55.7814 31.7461 2.12088
      vertex 54.7871 31.7461 2.12088
    endloop
  endfacet
  facet normal 0 0 -1
    outer loop
      vertex 54.7871 31.7461 2.12088
      vertex 54.7871 32.4392 2.12088
      vertex 55.7814 32.4392 2.12088
    endloop
  endfacet
  facet normal -0.9099 0 -0.414829
    outer loop
      vertex 54.7871 30.9057 2.12088
      vertex 54.7871 30.2127 2.12088
      vertex 54.4055 30.2127 2.95786
    endloop
  endfacet
  facet normal -0.9099 0 -0.414829
    outer loop
      vertex 54.4055 30.2127 2.95786
      vertex 54.4055 30.9057 2.95786
      vertex 54.7871 30.9057 2.12088
    endloop
  endfacet
  facet normal 0 0 -1
    outer loop
      vertex 55.7814 30.9057 2.12088
      vertex 55.7814 30.2127 2.12088
      vertex 54.7871 30.2127 2.12088
    endloop
  endfacet
  facet normal 0 0 -1
    outer loop
      vertex 54.7871 30.2127 2.12088
      vertex 54.7871 30.9057 2.12088
      vertex 55.7814 30.9057 2.12088
    endloop
  endfacet
  facet normal 0 -1 0
    outer loop
      vertex 57.0437 45.7494 2.96207
      vertex 56.5765 45.7494 2.96207
      vertex 56.5765 45.7494 2.95697
    endloop
  endfacet
  facet normal 0 -1 0
    outer loop
      vertex 56.5765 45.7494 2.95697
      vertex 56.1212 45.7494 2.05649
      vertex 56.5631 45.7494 2.05649
    endloop
  endfacet
  facet normal 0 -1 0
    outer loop
      vertex 57.0437 45.7494 2.96207
      vertex 56.5765 45.7494 2.95697
      vertex 56.5631 45.7494 2.05649
    endloop
  endfacet
  facet normal 0 -1 0
    outer loop
      vertex 57.0437 45.7494 5.0432
      vertex 56.5765 45.7494 5.0432
      vertex 56.5765 45.7494 2.96207
    endloop
  endfacet
  facet normal 0 -1 0
    outer loop
      vertex 56.5765 45.7494 2.96207
      vertex 57.0437 45.7494 2.96207
      vertex 57.0437 45.7494 5.0432
    endloop
  endfacet
  facet normal 0 -0.721274 0.69265
    outer loop
      vertex 57.0437 46.5399 5.86637
      vertex 56.5765 46.5399 5.86637
      vertex 56.5765 45.7494 5.0432
    endloop
  endfacet
  facet normal 0 -0.721274 0.69265
    outer loop
      vertex 56.5765 45.7494 5.0432
      vertex 57.0437 45.7494 5.0432
      vertex 57.0437 46.5399 5.86637
    endloop
  endfacet
  facet normal 1 0 0
    outer loop
      vertex 56.3796 9.86139 2.95542
      vertex 56.3796 9.86139 4.27437
      vertex 56.3796 9.5173 4.27437
    endloop
  endfacet
  facet normal 1 0 0
    outer loop
      vertex 56.3796 9.5173 4.27437
      vertex 56.3796 9.5173 2.95542
      vertex 56.3796 9.86139 2.95542
    endloop
  endfacet
  facet normal 0 0 -1
    outer loop
      vertex 56.3796 9.86139 4.27437
      vertex 56.5765 9.86139 4.27437
      vertex 56.5765 9.5173 4.27437
    endloop
  endfacet
  facet normal 0 0 -1
    outer loop
      vertex 56.5765 9.5173 4.27437
      vertex 56.3796 9.5173 4.27437
      vertex 56.3796 9.86139 4.27437
    endloop
  endfacet
  facet normal 0 -1 0
    outer loop
      vertex 56.5765 9.86139 2.95542
      vertex 56.3796 9.86139 2.95542
      vertex 56.1135 9.86139 2.47407
    endloop
  endfacet
  facet normal 0 -1 0
    outer loop
      vertex 56.1135 9.86139 2.47407
      vertex 56.331 9.86139 2.47407
      vertex 56.5765 9.86139 2.95455
    endloop
  endfacet
  facet normal 0 -1 0
    outer loop
      vertex 56.1135 9.86139 2.47407
      vertex 56.5765 9.86139 2.95455
      vertex 56.5765 9.86139 2.95542
    endloop
  endfacet
  facet normal 0 -1 0
    outer loop
      vertex 56.3796 9.86139 4.27437
      vertex 56.3796 9.86139 2.95542
      vertex 56.5765 9.86139 2.95542
    endloop
  endfacet
  facet normal 0 -1 0
    outer loop
      vertex 56.5765 9.86139 2.95542
      vertex 56.5765 9.86139 4.27437
      vertex 56.3796 9.86139 4.27437
    endloop
  endfacet
  facet normal 0.875196 0 -0.483769
    outer loop
      vertex 56.1135 9.86139 2.47407
      vertex 56.3796 9.86139 2.95542
      vertex 56.3796 9.5173 2.95542
    endloop
  endfacet
  facet normal 0.875196 0 -0.483769
    outer loop
      vertex 56.3796 9.5173 2.95542
      vertex 56.1135 9.5173 2.47407
      vertex 56.1135 9.86139 2.47407
    endloop
  endfacet
  facet normal 1 0 0
    outer loop
      vertex 56.3796 10.5353 2.95542
      vertex 56.3796 10.5353 4.27437
      vertex 56.3796 10.1912 4.27437
    endloop
  endfacet
  facet normal 1 0 0
    outer loop
      vertex 56.3796 10.1912 4.27437
      vertex 56.3796 10.1912 2.95542
      vertex 56.3796 10.5353 2.95542
    endloop
  endfacet
  facet normal 0 0 -1
    outer loop
      vertex 56.3796 10.5353 4.27437
      vertex 56.5765 10.5353 4.27437
      vertex 56.5765 10.1912 4.27437
    endloop
  endfacet
  facet normal 0 0 -1
    outer loop
      vertex 56.5765 10.1912 4.27437
      vertex 56.3796 10.1912 4.27437
      vertex 56.3796 10.5353 4.27437
    endloop
  endfacet
  facet normal 0 -1 0
    outer loop
      vertex 56.5765 10.5353 2.95542
      vertex 56.3796 10.5353 2.95542
      vertex 56.1135 10.5353 2.47407
    endloop
  endfacet
  facet normal 0 -1 0
    outer loop
      vertex 56.1135 10.5353 2.47407
      vertex 56.331 10.5353 2.47407
      vertex 56.5765 10.5353 2.95477
    endloop
  endfacet
  facet normal 0 -1 0
    outer loop
      vertex 56.1135 10.5353 2.47407
      vertex 56.5765 10.5353 2.95477
      vertex 56.5765 10.5353 2.95542
    endloop
  endfacet
  facet normal 0 -1 0
    outer loop
      vertex 56.3796 10.5353 4.27437
      vertex 56.3796 10.5353 2.95542
      vertex 56.5765 10.5353 2.95542
    endloop
  endfacet
  facet normal 0 -1 0
    outer loop
      vertex 56.5765 10.5353 2.95542
      vertex 56.5765 10.5353 4.27437
      vertex 56.3796 10.5353 4.27437
    endloop
  endfacet
  facet normal 0.875196 0 -0.483769
    outer loop
      vertex 56.1135 10.5353 2.47407
      vertex 56.3796 10.5353 2.95542
      vertex 56.3796 10.1912 2.95542
    endloop
  endfacet
  facet normal 0.875196 0 -0.483769
    outer loop
      vertex 56.3796 10.1912 2.95542
      vertex 56.1135 10.1912 2.47407
      vertex 56.1135 10.5353 2.47407
    endloop
  endfacet
  facet normal 1 0 0
    outer loop
      vertex 56.3796 11.2055 2.95542
      vertex 56.3796 11.2055 4.27437
      vertex 56.3796 10.8615 4.27437
    endloop
  endfacet
  facet normal 1 0 0
    outer loop
      vertex 56.3796 10.8615 4.27437
      vertex 56.3796 10.8615 2.95542
      vertex 56.3796 11.2055 2.95542
    endloop
  endfacet
  facet normal 0 0 -1
    outer loop
      vertex 56.3796 11.2055 4.27437
      vertex 56.5765 11.2055 4.27437
      vertex 56.5765 10.8615 4.27437
    endloop
  endfacet
  facet normal 0 0 -1
    outer loop
      vertex 56.5765 10.8615 4.27437
      vertex 56.3796 10.8615 4.27437
      vertex 56.3796 11.2055 4.27437
    endloop
  endfacet
  facet normal 0 -1 0
    outer loop
      vertex 56.3796 11.2055 2.95542
      vertex 56.1135 11.2055 2.47407
      vertex 56.331 11.2055 2.47407
    endloop
  endfacet
  facet normal 0 -1 0
    outer loop
      vertex 56.331 11.2055 2.47407
      vertex 56.5765 11.2055 2.95499
      vertex 56.3796 11.2055 2.95542
    endloop
  endfacet
  facet normal -5.30054e-08 -1 -2.45838e-05
    outer loop
      vertex 56.3796 11.2055 4.27437
      vertex 56.3796 11.2055 2.95542
      vertex 56.5765 11.2055 2.95499
    endloop
  endfacet
  facet normal 0 -1 -2.45759e-05
    outer loop
      vertex 56.5765 11.2055 2.95499
      vertex 56.5765 11.2055 4.27437
      vertex 56.3796 11.2055 4.27437
    endloop
  endfacet
  facet normal 0.875196 0 -0.483769
    outer loop
      vertex 56.1135 11.2055 2.47407
      vertex 56.3796 11.2055 2.95542
      vertex 56.3796 10.8615 2.95542
    endloop
  endfacet
  facet normal 0.875196 0 -0.483769
    outer loop
      vertex 56.3796 10.8615 2.95542
      vertex 56.1135 10.8615 2.47407
      vertex 56.1135 11.2055 2.47407
    endloop
  endfacet
  facet normal 0.749447 0 0.662065
    outer loop
      vertex 56.399 24.5077 6.16792
      vertex 56.0219 24.5077 6.59478
      vertex 56.0219 24.1719 6.59478
    endloop
  endfacet
  facet normal 0.749447 0 0.662065
    outer loop
      vertex 56.0219 24.1719 6.59478
      vertex 56.399 24.1719 6.16792
      vertex 56.399 24.5077 6.16792
    endloop
  endfacet
  facet normal 1 0 0
    outer loop
      vertex 56.399 24.5077 4.56618
      vertex 56.399 24.5077 6.16792
      vertex 56.399 24.1719 6.16792
    endloop
  endfacet
  facet normal 1 0 0
    outer loop
      vertex 56.399 24.1719 6.16792
      vertex 56.399 24.1719 4.56618
      vertex 56.399 24.5077 4.56618
    endloop
  endfacet
  facet normal 0 -1 0
    outer loop
      vertex 56.2036 24.5077 6.59478
      vertex 56.0219 24.5077 6.59478
      vertex 56.399 24.5077 6.16792
    endloop
  endfacet
  facet normal 0 -1 0
    outer loop
      vertex 56.399 24.5077 6.16792
      vertex 56.5765 24.5077 6.16792
      vertex 56.5765 24.5077 6.1699
    endloop
  endfacet
  facet normal 0 -1 0
    outer loop
      vertex 56.399 24.5077 6.16792
      vertex 56.5765 24.5077 6.1699
      vertex 56.2036 24.5077 6.59478
    endloop
  endfacet
  facet normal 0 1 0
    outer loop
      vertex 56.0219 24.1719 6.59478
      vertex 55.2842 24.1719 6.59478
      vertex 55.2842 24.1719 6.74348
    endloop
  endfacet
  facet normal 0 1 0
    outer loop
      vertex 55.2842 24.1719 6.74348
      vertex 56.0219 24.1719 6.74348
      vertex 56.0219 24.1719 6.59478
    endloop
  endfacet
  facet normal 0 -1 0
    outer loop
      vertex 56.399 24.5077 2.96292
      vertex 56.399 24.5077 2.95786
      vertex 56.5765 24.5077 2.95786
    endloop
  endfacet
  facet normal 0 -1 0
    outer loop
      vertex 56.5765 24.5077 2.95786
      vertex 56.5765 24.5077 2.96292
      vertex 56.399 24.5077 2.96292
    endloop
  endfacet
  facet normal 0 -1 0
    outer loop
      vertex 56.399 24.5077 4.24898
      vertex 56.399 24.5077 2.96292
      vertex 56.5765 24.5077 2.96292
    endloop
  endfacet
  facet normal 0 -1 0
    outer loop
      vertex 56.5765 24.5077 2.96292
      vertex 56.5765 24.5077 4.24898
      vertex 56.399 24.5077 4.24898
    endloop
  endfacet
  facet normal 0 0 1
    outer loop
      vertex 56.0219 24.5077 6.59478
      vertex 55.2842 24.5077 6.59478
      vertex 55.2842 24.1719 6.59478
    endloop
  endfacet
  facet normal 0 0 1
    outer loop
      vertex 55.2842 24.1719 6.59478
      vertex 56.0219 24.1719 6.59478
      vertex 56.0219 24.5077 6.59478
    endloop
  endfacet
  facet normal 0.749447 0 0.662065
    outer loop
      vertex 56.399 21.5908 6.16792
      vertex 56.0219 21.5908 6.59478
      vertex 56.0219 21.255 6.59478
    endloop
  endfacet
  facet normal 0.749447 0 0.662065
    outer loop
      vertex 56.0219 21.255 6.59478
      vertex 56.399 21.255 6.16792
      vertex 56.399 21.5908 6.16792
    endloop
  endfacet
  facet normal 1 0 0
    outer loop
      vertex 56.399 21.5908 4.56618
      vertex 56.399 21.5908 6.16792
      vertex 56.399 21.255 6.16792
    endloop
  endfacet
  facet normal 1 0 0
    outer loop
      vertex 56.399 21.255 6.16792
      vertex 56.399 21.255 4.56618
      vertex 56.399 21.5908 4.56618
    endloop
  endfacet
  facet normal 0 -1 0
    outer loop
      vertex 56.2036 21.5908 6.59478
      vertex 56.0219 21.5908 6.59478
      vertex 56.399 21.5908 6.16792
    endloop
  endfacet
  facet normal 0 -1 0
    outer loop
      vertex 56.399 21.5908 6.16792
      vertex 56.5765 21.5908 6.16792
      vertex 56.5765 21.5908 6.1699
    endloop
  endfacet
  facet normal 0 -1 0
    outer loop
      vertex 56.399 21.5908 6.16792
      vertex 56.5765 21.5908 6.1699
      vertex 56.2036 21.5908 6.59478
    endloop
  endfacet
  facet normal 0 1 0
    outer loop
      vertex 56.0219 21.255 6.59478
      vertex 55.2842 21.255 6.59478
      vertex 55.2842 21.255 6.74348
    endloop
  endfacet
  facet normal 0 1 0
    outer loop
      vertex 55.2842 21.255 6.74348
      vertex 56.0219 21.255 6.74348
      vertex 56.0219 21.255 6.59478
    endloop
  endfacet
  facet normal 0 -1 0
    outer loop
      vertex 56.399 21.5908 2.96292
      vertex 56.399 21.5908 2.95786
      vertex 56.5765 21.5908 2.95786
    endloop
  endfacet
  facet normal 0 -1 0
    outer loop
      vertex 56.5765 21.5908 2.95786
      vertex 56.5765 21.5908 2.96292
      vertex 56.399 21.5908 2.96292
    endloop
  endfacet
  facet normal 0 -1 0
    outer loop
      vertex 56.399 21.5908 4.24898
      vertex 56.399 21.5908 2.96292
      vertex 56.5765 21.5908 2.96292
    endloop
  endfacet
  facet normal 0 -1 0
    outer loop
      vertex 56.5765 21.5908 2.96292
      vertex 56.5765 21.5908 4.24898
      vertex 56.399 21.5908 4.24898
    endloop
  endfacet
  facet normal 0 0 1
    outer loop
      vertex 56.0219 21.5908 6.59478
      vertex 55.2842 21.5908 6.59478
      vertex 55.2842 21.255 6.59478
    endloop
  endfacet
  facet normal 0 0 1
    outer loop
      vertex 55.2842 21.255 6.59478
      vertex 56.0219 21.255 6.59478
      vertex 56.0219 21.5908 6.59478
    endloop
  endfacet
  facet normal 0 -1 0
    outer loop
      vertex 56.399 24.5077 6.16792
      vertex 56.399 24.5077 4.56618
      vertex 56.5765 24.5077 4.56618
    endloop
  endfacet
  facet normal 0 -1 0
    outer loop
      vertex 56.5765 24.5077 4.56618
      vertex 56.5765 24.5077 6.16792
      vertex 56.399 24.5077 6.16792
    endloop
  endfacet
  facet normal 1 0 0
    outer loop
      vertex 56.399 24.5077 4.24898
      vertex 56.399 24.5077 4.56618
      vertex 56.399 24.1719 4.56618
    endloop
  endfacet
  facet normal 1 0 0
    outer loop
      vertex 56.399 24.1719 4.56618
      vertex 56.399 24.1719 4.24898
      vertex 56.399 24.5077 4.24898
    endloop
  endfacet
  facet normal 0 -1 0
    outer loop
      vertex 56.399 21.5908 6.16792
      vertex 56.399 21.5908 4.56618
      vertex 56.5765 21.5908 4.56618
    endloop
  endfacet
  facet normal 0 -1 0
    outer loop
      vertex 56.5765 21.5908 4.56618
      vertex 56.5765 21.5908 6.16792
      vertex 56.399 21.5908 6.16792
    endloop
  endfacet
  facet normal 1 0 0
    outer loop
      vertex 56.399 21.5908 4.24898
      vertex 56.399 21.5908 4.56618
      vertex 56.399 21.255 4.56618
    endloop
  endfacet
  facet normal 1 0 0
    outer loop
      vertex 56.399 21.255 4.56618
      vertex 56.399 21.255 4.24898
      vertex 56.399 21.5908 4.24898
    endloop
  endfacet
  facet normal 1 0 0
    outer loop
      vertex 56.399 21.5908 2.96292
      vertex 56.399 21.5908 4.24898
      vertex 56.399 21.255 4.24898
    endloop
  endfacet
  facet normal 1 0 0
    outer loop
      vertex 56.399 21.255 4.24898
      vertex 56.399 21.255 2.96292
      vertex 56.399 21.5908 2.96292
    endloop
  endfacet
  facet normal 1 0 0
    outer loop
      vertex 56.399 24.5077 2.96292
      vertex 56.399 24.5077 4.24898
      vertex 56.399 24.1719 4.24898
    endloop
  endfacet
  facet normal 1 0 0
    outer loop
      vertex 56.399 24.1719 4.24898
      vertex 56.399 24.1719 2.96292
      vertex 56.399 24.5077 2.96292
    endloop
  endfacet
  facet normal 0 -1 0
    outer loop
      vertex 56.399 24.5077 4.56618
      vertex 56.399 24.5077 4.24898
      vertex 56.5765 24.5077 4.24898
    endloop
  endfacet
  facet normal 0 -1 0
    outer loop
      vertex 56.5765 24.5077 4.24898
      vertex 56.5765 24.5077 4.56618
      vertex 56.399 24.5077 4.56618
    endloop
  endfacet
  facet normal 0 1 0
    outer loop
      vertex 56.399 24.1719 4.24898
      vertex 56.399 24.1719 4.56618
      vertex 56.5765 24.1719 4.56618
    endloop
  endfacet
  facet normal 0 1 0
    outer loop
      vertex 56.5765 24.1719 4.56618
      vertex 56.5765 24.1719 4.24898
      vertex 56.399 24.1719 4.24898
    endloop
  endfacet
  facet normal 0 -1 0
    outer loop
      vertex 55.9808 17.7227 2.12294
      vertex 55.2842 17.7227 2.12294
      vertex 55.2842 17.7227 2.02968
    endloop
  endfacet
  facet normal 0 -1 0
    outer loop
      vertex 55.2842 17.7227 2.02968
      vertex 55.9808 17.7227 2.02968
      vertex 55.9808 17.7227 2.12294
    endloop
  endfacet
  facet normal 0 -1 0
    outer loop
      vertex 55.9808 17.7227 2.12294
      vertex 55.9808 17.7227 2.02968
      vertex 56.1039 17.7227 2.02968
    endloop
  endfacet
  facet normal 0 -1 0
    outer loop
      vertex 56.1039 17.7227 2.02968
      vertex 56.1515 17.7227 2.12294
      vertex 55.9808 17.7227 2.12294
    endloop
  endfacet
  facet normal 0.749447 0 0.662065
    outer loop
      vertex 56.399 17.7227 6.16792
      vertex 56.0219 17.7227 6.59478
      vertex 56.0219 17.3869 6.59478
    endloop
  endfacet
  facet normal 0.749447 0 0.662065
    outer loop
      vertex 56.0219 17.3869 6.59478
      vertex 56.399 17.3869 6.16792
      vertex 56.399 17.7227 6.16792
    endloop
  endfacet
  facet normal 1 0 0
    outer loop
      vertex 56.399 17.7227 4.56618
      vertex 56.399 17.7227 6.16792
      vertex 56.399 17.3869 6.16792
    endloop
  endfacet
  facet normal 1 0 0
    outer loop
      vertex 56.399 17.3869 6.16792
      vertex 56.399 17.3869 4.56618
      vertex 56.399 17.7227 4.56618
    endloop
  endfacet
  facet normal 0 -1 0
    outer loop
      vertex 56.2039 17.7227 6.59478
      vertex 56.0219 17.7227 6.59478
      vertex 56.399 17.7227 6.16792
    endloop
  endfacet
  facet normal 0 -1 0
    outer loop
      vertex 56.399 17.7227 6.16792
      vertex 56.5765 17.7227 6.16792
      vertex 56.5765 17.7227 6.17121
    endloop
  endfacet
  facet normal 0 -1 0
    outer loop
      vertex 56.399 17.7227 6.16792
      vertex 56.5765 17.7227 6.17121
      vertex 56.2039 17.7227 6.59478
    endloop
  endfacet
  facet normal 0 1 0
    outer loop
      vertex 56.0219 17.3869 6.59478
      vertex 55.2842 17.3869 6.59478
      vertex 55.2842 17.3869 6.74348
    endloop
  endfacet
  facet normal 0 1 0
    outer loop
      vertex 55.2842 17.3869 6.74348
      vertex 56.0219 17.3869 6.74348
      vertex 56.0219 17.3869 6.59478
    endloop
  endfacet
  facet normal 0 -1 0
    outer loop
      vertex 56.5765 17.7227 2.96292
      vertex 56.399 17.7227 2.96292
      vertex 55.9808 17.7227 2.12294
    endloop
  endfacet
  facet normal 0 -1 0
    outer loop
      vertex 55.9808 17.7227 2.12294
      vertex 56.1515 17.7227 2.12294
      vertex 56.5765 17.7227 2.95709
    endloop
  endfacet
  facet normal 0 -1 0
    outer loop
      vertex 55.9808 17.7227 2.12294
      vertex 56.5765 17.7227 2.95709
      vertex 56.5765 17.7227 2.96292
    endloop
  endfacet
  facet normal 0 -1 0
    outer loop
      vertex 56.399 17.7227 4.24898
      vertex 56.399 17.7227 2.96292
      vertex 56.5765 17.7227 2.96292
    endloop
  endfacet
  facet normal 0 -1 0
    outer loop
      vertex 56.5765 17.7227 2.96292
      vertex 56.5765 17.7227 4.24898
      vertex 56.399 17.7227 4.24898
    endloop
  endfacet
  facet normal 0.895158 0 -0.44575
    outer loop
      vertex 55.9808 17.7227 2.12294
      vertex 56.399 17.7227 2.96292
      vertex 56.399 17.3869 2.96292
    endloop
  endfacet
  facet normal 0.895158 0 -0.44575
    outer loop
      vertex 56.399 17.3869 2.96292
      vertex 55.9808 17.3869 2.12294
      vertex 55.9808 17.7227 2.12294
    endloop
  endfacet
  facet normal 0 0 -1
    outer loop
      vertex 55.9808 17.3869 2.12294
      vertex 55.2842 17.3869 2.12294
      vertex 55.2842 17.7227 2.12294
    endloop
  endfacet
  facet normal 0 0 -1
    outer loop
      vertex 55.2842 17.7227 2.12294
      vertex 55.9808 17.7227 2.12294
      vertex 55.9808 17.3869 2.12294
    endloop
  endfacet
  facet normal 0 0 1
    outer loop
      vertex 56.0219 17.7227 6.59478
      vertex 55.2842 17.7227 6.59478
      vertex 55.2842 17.3869 6.59478
    endloop
  endfacet
  facet normal 0 0 1
    outer loop
      vertex 55.2842 17.3869 6.59478
      vertex 56.0219 17.3869 6.59478
      vertex 56.0219 17.7227 6.59478
    endloop
  endfacet
  facet normal 0 -1 0
    outer loop
      vertex 55.9808 14.8059 2.12294
      vertex 55.2842 14.8059 2.12294
      vertex 55.2842 14.8059 2.02968
    endloop
  endfacet
  facet normal 0 -1 0
    outer loop
      vertex 55.2842 14.8059 2.02968
      vertex 55.9808 14.8059 2.02968
      vertex 55.9808 14.8059 2.12294
    endloop
  endfacet
  facet normal 0 -1 0
    outer loop
      vertex 55.9808 14.8059 2.12294
      vertex 55.9808 14.8059 2.02968
      vertex 56.1039 14.8059 2.02968
    endloop
  endfacet
  facet normal 0 -1 0
    outer loop
      vertex 56.1039 14.8059 2.02968
      vertex 56.1515 14.8059 2.12294
      vertex 55.9808 14.8059 2.12294
    endloop
  endfacet
  facet normal 0.749447 0 0.662065
    outer loop
      vertex 56.399 14.8059 6.16792
      vertex 56.0219 14.8059 6.59478
      vertex 56.0219 14.4701 6.59478
    endloop
  endfacet
  facet normal 0.749447 0 0.662065
    outer loop
      vertex 56.0219 14.4701 6.59478
      vertex 56.399 14.4701 6.16792
      vertex 56.399 14.8059 6.16792
    endloop
  endfacet
  facet normal 1 0 0
    outer loop
      vertex 56.399 14.8059 4.56618
      vertex 56.399 14.8059 6.16792
      vertex 56.399 14.4701 6.16792
    endloop
  endfacet
  facet normal 1 0 0
    outer loop
      vertex 56.399 14.4701 6.16792
      vertex 56.399 14.4701 4.56618
      vertex 56.399 14.8059 4.56618
    endloop
  endfacet
  facet normal 0 -1 0
    outer loop
      vertex 56.2039 14.8059 6.59478
      vertex 56.0219 14.8059 6.59478
      vertex 56.399 14.8059 6.16792
    endloop
  endfacet
  facet normal 0 -1 0
    outer loop
      vertex 56.399 14.8059 6.16792
      vertex 56.5765 14.8059 6.16792
      vertex 56.5765 14.8059 6.17121
    endloop
  endfacet
  facet normal 0 -1 0
    outer loop
      vertex 56.399 14.8059 6.16792
      vertex 56.5765 14.8059 6.17121
      vertex 56.2039 14.8059 6.59478
    endloop
  endfacet
  facet normal 0 1 0
    outer loop
      vertex 56.0219 14.4701 6.59478
      vertex 55.2842 14.4701 6.59478
      vertex 55.2842 14.4701 6.74348
    endloop
  endfacet
  facet normal 0 1 0
    outer loop
      vertex 55.2842 14.4701 6.74348
      vertex 56.0219 14.4701 6.74348
      vertex 56.0219 14.4701 6.59478
    endloop
  endfacet
  facet normal 0 -1 0
    outer loop
      vertex 56.5765 14.8059 2.96292
      vertex 56.399 14.8059 2.96292
      vertex 55.9808 14.8059 2.12294
    endloop
  endfacet
  facet normal 0 -1 0
    outer loop
      vertex 55.9808 14.8059 2.12294
      vertex 56.1515 14.8059 2.12294
      vertex 56.5765 14.8059 2.95614
    endloop
  endfacet
  facet normal 0 -1 0
    outer loop
      vertex 55.9808 14.8059 2.12294
      vertex 56.5765 14.8059 2.95614
      vertex 56.5765 14.8059 2.96292
    endloop
  endfacet
  facet normal 0 -1 0
    outer loop
      vertex 56.399 14.8059 4.24898
      vertex 56.399 14.8059 2.96292
      vertex 56.5765 14.8059 2.96292
    endloop
  endfacet
  facet normal 0 -1 0
    outer loop
      vertex 56.5765 14.8059 2.96292
      vertex 56.5765 14.8059 4.24898
      vertex 56.399 14.8059 4.24898
    endloop
  endfacet
  facet normal 0.895158 0 -0.44575
    outer loop
      vertex 55.9808 14.8059 2.12294
      vertex 56.399 14.8059 2.96292
      vertex 56.399 14.4701 2.96292
    endloop
  endfacet
  facet normal 0.895158 0 -0.44575
    outer loop
      vertex 56.399 14.4701 2.96292
      vertex 55.9808 14.4701 2.12294
      vertex 55.9808 14.8059 2.12294
    endloop
  endfacet
  facet normal 0 0 -1
    outer loop
      vertex 55.9808 14.4701 2.12294
      vertex 55.2842 14.4701 2.12294
      vertex 55.2842 14.8059 2.12294
    endloop
  endfacet
  facet normal 0 0 -1
    outer loop
      vertex 55.2842 14.8059 2.12294
      vertex 55.9808 14.8059 2.12294
      vertex 55.9808 14.4701 2.12294
    endloop
  endfacet
  facet normal 0 0 1
    outer loop
      vertex 56.0219 14.8059 6.59478
      vertex 55.2842 14.8059 6.59478
      vertex 55.2842 14.4701 6.59478
    endloop
  endfacet
  facet normal 0 0 1
    outer loop
      vertex 55.2842 14.4701 6.59478
      vertex 56.0219 14.4701 6.59478
      vertex 56.0219 14.8059 6.59478
    endloop
  endfacet
  facet normal 0 -1 0
    outer loop
      vertex 56.399 17.7227 6.16792
      vertex 56.399 17.7227 4.56618
      vertex 56.5765 17.7227 4.56618
    endloop
  endfacet
  facet normal 0 -1 0
    outer loop
      vertex 56.5765 17.7227 4.56618
      vertex 56.5765 17.7227 6.16792
      vertex 56.399 17.7227 6.16792
    endloop
  endfacet
  facet normal 1 0 0
    outer loop
      vertex 56.399 17.7227 4.24898
      vertex 56.399 17.7227 4.56618
      vertex 56.399 17.3869 4.56618
    endloop
  endfacet
  facet normal 1 0 0
    outer loop
      vertex 56.399 17.3869 4.56618
      vertex 56.399 17.3869 4.24898
      vertex 56.399 17.7227 4.24898
    endloop
  endfacet
  facet normal 0 -1 0
    outer loop
      vertex 56.399 14.8059 6.16792
      vertex 56.399 14.8059 4.56618
      vertex 56.5765 14.8059 4.56618
    endloop
  endfacet
  facet normal 0 -1 0
    outer loop
      vertex 56.5765 14.8059 4.56618
      vertex 56.5765 14.8059 6.16792
      vertex 56.399 14.8059 6.16792
    endloop
  endfacet
  facet normal 1 0 0
    outer loop
      vertex 56.399 14.8059 4.24898
      vertex 56.399 14.8059 4.56618
      vertex 56.399 14.4701 4.56618
    endloop
  endfacet
  facet normal 1 0 0
    outer loop
      vertex 56.399 14.4701 4.56618
      vertex 56.399 14.4701 4.24898
      vertex 56.399 14.8059 4.24898
    endloop
  endfacet
  facet normal 1 0 0
    outer loop
      vertex 56.399 14.8059 2.96292
      vertex 56.399 14.8059 4.24898
      vertex 56.399 14.4701 4.24898
    endloop
  endfacet
  facet normal 1 0 0
    outer loop
      vertex 56.399 14.4701 4.24898
      vertex 56.399 14.4701 2.96292
      vertex 56.399 14.8059 2.96292
    endloop
  endfacet
  facet normal 0 0 -1
    outer loop
      vertex 56.399 17.3869 4.56618
      vertex 56.5765 17.3869 4.56618
      vertex 56.5765 14.8059 4.56618
    endloop
  endfacet
  facet normal 0 0 -1
    outer loop
      vertex 56.5765 14.8059 4.56618
      vertex 56.399 14.8059 4.56618
      vertex 56.399 17.3869 4.56618
    endloop
  endfacet
  facet normal 1 0 0
    outer loop
      vertex 56.399 17.7227 2.96292
      vertex 56.399 17.7227 4.24898
      vertex 56.399 17.3869 4.24898
    endloop
  endfacet
  facet normal 1 0 0
    outer loop
      vertex 56.399 17.3869 4.24898
      vertex 56.399 17.3869 2.96292
      vertex 56.399 17.7227 2.96292
    endloop
  endfacet
  facet normal 1 0 0
    outer loop
      vertex 56.399 17.3869 4.24898
      vertex 56.399 17.3869 4.56618
      vertex 56.399 14.8059 4.56618
    endloop
  endfacet
  facet normal 1 0 0
    outer loop
      vertex 56.399 14.8059 4.56618
      vertex 56.399 14.8059 4.24898
      vertex 56.399 17.3869 4.24898
    endloop
  endfacet
  facet normal 0 -1 0
    outer loop
      vertex 56.399 17.7227 4.56618
      vertex 56.399 17.7227 4.24898
      vertex 56.5765 17.7227 4.24898
    endloop
  endfacet
  facet normal 0 -1 0
    outer loop
      vertex 56.5765 17.7227 4.24898
      vertex 56.5765 17.7227 4.56618
      vertex 56.399 17.7227 4.56618
    endloop
  endfacet
  facet normal 0 0 1
    outer loop
      vertex 56.399 14.8059 4.24898
      vertex 56.5765 14.8059 4.24898
      vertex 56.5765 17.3869 4.24898
    endloop
  endfacet
  facet normal 0 0 1
    outer loop
      vertex 56.5765 17.3869 4.24898
      vertex 56.399 17.3869 4.24898
      vertex 56.399 14.8059 4.24898
    endloop
  endfacet
  facet normal 1 0 0
    outer loop
      vertex 56.16 41.0495 4.65372
      vertex 56.16 39.4201 5.66848
      vertex 56.16 39.402 5.66848
    endloop
  endfacet
  facet normal 1 0 0
    outer loop
      vertex 56.16 39.402 5.66848
      vertex 56.16 37.7725 4.65372
      vertex 56.16 41.0495 4.65372
    endloop
  endfacet
  facet normal 0 0 -1
    outer loop
      vertex 56.16 39.4201 5.66848
      vertex 56.5765 39.4201 5.66848
      vertex 56.5765 39.402 5.66848
    endloop
  endfacet
  facet normal 0 0 -1
    outer loop
      vertex 56.5765 39.402 5.66848
      vertex 56.16 39.402 5.66848
      vertex 56.16 39.4201 5.66848
    endloop
  endfacet
  facet normal 0 -0.528635 -0.848849
    outer loop
      vertex 56.16 39.4201 5.66848
      vertex 56.16 41.0495 4.65372
      vertex 56.5765 41.0495 4.65372
    endloop
  endfacet
  facet normal 0 -0.528635 -0.848849
    outer loop
      vertex 56.5765 41.0495 4.65372
      vertex 56.5765 39.4201 5.66848
      vertex 56.16 39.4201 5.66848
    endloop
  endfacet
  facet normal 1 0 0
    outer loop
      vertex 56.16 40.1324 5.66848
      vertex 56.16 41.7619 4.65372
      vertex 56.16 41.78 4.65372
    endloop
  endfacet
  facet normal 1 0 0
    outer loop
      vertex 56.16 41.78 4.65372
      vertex 56.16 43.4094 5.66848
      vertex 56.16 40.1324 5.66848
    endloop
  endfacet
  facet normal 0 0 1
    outer loop
      vertex 56.16 41.7619 4.65372
      vertex 56.5765 41.7619 4.65372
      vertex 56.5765 41.78 4.65372
    endloop
  endfacet
  facet normal 0 0 1
    outer loop
      vertex 56.5765 41.78 4.65372
      vertex 56.16 41.78 4.65372
      vertex 56.16 41.7619 4.65372
    endloop
  endfacet
  facet normal 0 0.528628 0.848854
    outer loop
      vertex 56.16 41.7619 4.65372
      vertex 56.16 40.1324 5.66848
      vertex 56.5765 40.1324 5.66848
    endloop
  endfacet
  facet normal 0 0.528628 0.848854
    outer loop
      vertex 56.5765 40.1324 5.66848
      vertex 56.5765 41.7619 4.65372
      vertex 56.16 41.7619 4.65372
    endloop
  endfacet
  facet normal 1 0 0
    outer loop
      vertex 56.16 35.459 5.66848
      vertex 56.16 37.0884 4.65372
      vertex 56.16 37.1065 4.65372
    endloop
  endfacet
  facet normal 1 0 0
    outer loop
      vertex 56.16 37.1065 4.65372
      vertex 56.16 38.736 5.66848
      vertex 56.16 35.459 5.66848
    endloop
  endfacet
  facet normal 0 0 1
    outer loop
      vertex 56.16 37.0884 4.65372
      vertex 56.5765 37.0884 4.65372
      vertex 56.5765 37.1065 4.65372
    endloop
  endfacet
  facet normal 0 0 1
    outer loop
      vertex 56.5765 37.1065 4.65372
      vertex 56.16 37.1065 4.65372
      vertex 56.16 37.0884 4.65372
    endloop
  endfacet
  facet normal 0 0.528635 0.848849
    outer loop
      vertex 56.16 37.0884 4.65372
      vertex 56.16 35.459 5.66848
      vertex 56.5765 35.459 5.66848
    endloop
  endfacet
  facet normal 0 0.528635 0.848849
    outer loop
      vertex 56.5765 35.459 5.66848
      vertex 56.5765 37.0884 4.65372
      vertex 56.16 37.0884 4.65372
    endloop
  endfacet
  facet normal 1 0 0
    outer loop
      vertex 56.16 36.3761 4.65372
      vertex 56.16 34.7466 5.66848
      vertex 56.16 34.7285 5.66848
    endloop
  endfacet
  facet normal 1 0 0
    outer loop
      vertex 56.16 34.7285 5.66848
      vertex 56.16 33.0991 4.65372
      vertex 56.16 36.3761 4.65372
    endloop
  endfacet
  facet normal 0 0 -1
    outer loop
      vertex 56.16 34.7466 5.66848
      vertex 56.5765 34.7466 5.66848
      vertex 56.5765 34.7285 5.66848
    endloop
  endfacet
  facet normal 0 0 -1
    outer loop
      vertex 56.5765 34.7285 5.66848
      vertex 56.16 34.7285 5.66848
      vertex 56.16 34.7466 5.66848
    endloop
  endfacet
  facet normal 0 -0.528635 -0.848849
    outer loop
      vertex 56.16 34.7466 5.66848
      vertex 56.16 36.3761 4.65372
      vertex 56.5765 36.3761 4.65372
    endloop
  endfacet
  facet normal 0 -0.528635 -0.848849
    outer loop
      vertex 56.5765 36.3761 4.65372
      vertex 56.5765 34.7466 5.66848
      vertex 56.16 34.7466 5.66848
    endloop
  endfacet
  facet normal 0 0 -1
    outer loop
      vertex 56.5309 81.8765 3.93178
      vertex 56.7722 81.8765 3.93178
      vertex 56.7722 81.5194 3.93178
    endloop
  endfacet
  facet normal 0 0 -1
    outer loop
      vertex 56.7722 81.5194 3.93178
      vertex 56.5309 81.5194 3.93178
      vertex 56.5309 81.8765 3.93178
    endloop
  endfacet
  facet normal 0 -1 0
    outer loop
      vertex 56.5309 81.8765 3.93178
      vertex 56.5309 81.8765 3.60437
      vertex 56.7722 81.8765 3.60437
    endloop
  endfacet
  facet normal 0 -1 0
    outer loop
      vertex 56.7722 81.8765 3.60437
      vertex 56.7722 81.8765 3.93178
      vertex 56.5309 81.8765 3.93178
    endloop
  endfacet
  facet normal 1 0 0
    outer loop
      vertex 56.5309 79.4753 5.90402
      vertex 56.5309 79.4753 6.26106
      vertex 56.5309 79.1183 6.26106
    endloop
  endfacet
  facet normal 1 0 0
    outer loop
      vertex 56.5309 79.1183 6.26106
      vertex 56.5309 79.1183 5.90402
      vertex 56.5309 79.4753 5.90402
    endloop
  endfacet
  facet normal 0 0 -1
    outer loop
      vertex 56.5309 79.4753 6.26106
      vertex 56.7722 79.4753 6.26106
      vertex 56.7722 79.1183 6.26106
    endloop
  endfacet
  facet normal 0 0 -1
    outer loop
      vertex 56.7722 79.1183 6.26106
      vertex 56.5309 79.1183 6.26106
      vertex 56.5309 79.4753 6.26106
    endloop
  endfacet
  facet normal 0 -1 0
    outer loop
      vertex 56.5309 79.4753 6.26106
      vertex 56.5309 79.4753 5.90402
      vertex 56.7722 79.4753 5.90402
    endloop
  endfacet
  facet normal 0 -1 0
    outer loop
      vertex 56.7722 79.4753 5.90402
      vertex 56.7722 79.4753 6.26106
      vertex 56.5309 79.4753 6.26106
    endloop
  endfacet
  facet normal 1 0 0
    outer loop
      vertex 56.5309 81.8765 5.90402
      vertex 56.5309 81.8765 6.26106
      vertex 56.5309 81.5194 6.26106
    endloop
  endfacet
  facet normal 1 0 0
    outer loop
      vertex 56.5309 81.5194 6.26106
      vertex 56.5309 81.5194 5.90402
      vertex 56.5309 81.8765 5.90402
    endloop
  endfacet
  facet normal 0 0 -1
    outer loop
      vertex 56.5309 81.8765 6.26106
      vertex 56.7722 81.8765 6.26106
      vertex 56.7722 81.5194 6.26106
    endloop
  endfacet
  facet normal 0 0 -1
    outer loop
      vertex 56.7722 81.5194 6.26106
      vertex 56.5309 81.5194 6.26106
      vertex 56.5309 81.8765 6.26106
    endloop
  endfacet
  facet normal 0 -1 0
    outer loop
      vertex 56.5309 81.8765 6.26106
      vertex 56.5309 81.8765 5.90402
      vertex 56.7722 81.8765 5.90402
    endloop
  endfacet
  facet normal 0 -1 0
    outer loop
      vertex 56.7722 81.8765 5.90402
      vertex 56.7722 81.8765 6.26106
      vertex 56.5309 81.8765 6.26106
    endloop
  endfacet
  facet normal 0 0 -1
    outer loop
      vertex 56.5309 79.4753 3.93178
      vertex 56.7722 79.4753 3.93178
      vertex 56.7722 79.1183 3.93178
    endloop
  endfacet
  facet normal 0 0 -1
    outer loop
      vertex 56.7722 79.1183 3.93178
      vertex 56.5309 79.1183 3.93178
      vertex 56.5309 79.4753 3.93178
    endloop
  endfacet
  facet normal 0 -1 0
    outer loop
      vertex 56.5309 79.4753 3.93178
      vertex 56.5309 79.4753 3.60437
      vertex 56.7722 79.4753 3.60437
    endloop
  endfacet
  facet normal 0 -1 0
    outer loop
      vertex 56.7722 79.4753 3.60437
      vertex 56.7722 79.4753 3.93178
      vertex 56.5309 79.4753 3.93178
    endloop
  endfacet
  facet normal 1 0 0
    outer loop
      vertex 56.5309 78.2975 3.57475
      vertex 56.5309 78.2975 3.93178
      vertex 56.5309 77.9404 3.93178
    endloop
  endfacet
  facet normal 1 0 0
    outer loop
      vertex 56.5309 77.9404 3.93178
      vertex 56.5309 77.9404 3.57475
      vertex 56.5309 78.2975 3.57475
    endloop
  endfacet
  facet normal 0 0 -1
    outer loop
      vertex 56.5309 78.2975 3.93178
      vertex 56.7722 78.2975 3.93178
      vertex 56.7722 77.9404 3.93178
    endloop
  endfacet
  facet normal 0 0 -1
    outer loop
      vertex 56.7722 77.9404 3.93178
      vertex 56.5309 77.9404 3.93178
      vertex 56.5309 78.2975 3.93178
    endloop
  endfacet
  facet normal 0 -1 0
    outer loop
      vertex 56.5309 78.2975 3.93178
      vertex 56.5309 78.2975 3.57475
      vertex 56.7722 78.2975 3.57475
    endloop
  endfacet
  facet normal 0 -1 0
    outer loop
      vertex 56.7722 78.2975 3.57475
      vertex 56.7722 78.2975 3.93178
      vertex 56.5309 78.2975 3.93178
    endloop
  endfacet
  facet normal 1 0 0
    outer loop
      vertex 56.5309 75.8963 5.90402
      vertex 56.5309 75.8963 6.26106
      vertex 56.5309 75.5393 6.26106
    endloop
  endfacet
  facet normal 1 0 0
    outer loop
      vertex 56.5309 75.5393 6.26106
      vertex 56.5309 75.5393 5.90402
      vertex 56.5309 75.8963 5.90402
    endloop
  endfacet
  facet normal 0 0 -1
    outer loop
      vertex 56.5309 75.8963 6.26106
      vertex 56.7722 75.8963 6.26106
      vertex 56.7722 75.5393 6.26106
    endloop
  endfacet
  facet normal 0 0 -1
    outer loop
      vertex 56.7722 75.5393 6.26106
      vertex 56.5309 75.5393 6.26106
      vertex 56.5309 75.8963 6.26106
    endloop
  endfacet
  facet normal 0 -1 0
    outer loop
      vertex 56.5309 75.8963 6.26106
      vertex 56.5309 75.8963 5.90402
      vertex 56.7722 75.8963 5.90402
    endloop
  endfacet
  facet normal 0 -1 0
    outer loop
      vertex 56.7722 75.8963 5.90402
      vertex 56.7722 75.8963 6.26106
      vertex 56.5309 75.8963 6.26106
    endloop
  endfacet
  facet normal 1 0 0
    outer loop
      vertex 56.5309 78.2975 5.90402
      vertex 56.5309 78.2975 6.26106
      vertex 56.5309 77.9404 6.26106
    endloop
  endfacet
  facet normal 1 0 0
    outer loop
      vertex 56.5309 77.9404 6.26106
      vertex 56.5309 77.9404 5.90402
      vertex 56.5309 78.2975 5.90402
    endloop
  endfacet
  facet normal 0 0 -1
    outer loop
      vertex 56.5309 78.2975 6.26106
      vertex 56.7722 78.297 6.26106
      vertex 56.7722 77.9404 6.26106
    endloop
  endfacet
  facet normal 0 0 -1
    outer loop
      vertex 56.7722 77.9404 6.26106
      vertex 56.5309 77.9404 6.26106
      vertex 56.5309 78.2975 6.26106
    endloop
  endfacet
  facet normal 0 -1 0
    outer loop
      vertex 56.5309 78.2975 6.26106
      vertex 56.5309 78.2975 5.90402
      vertex 56.7722 78.2975 5.90402
    endloop
  endfacet
  facet normal -0.00186528 -0.999997 -0.00126071
    outer loop
      vertex 56.7722 78.2975 5.90402
      vertex 56.7722 78.297 6.26106
      vertex 56.5309 78.2975 6.26106
    endloop
  endfacet
  facet normal 1 0 0
    outer loop
      vertex 56.5309 75.8963 3.57475
      vertex 56.5309 75.8963 3.93178
      vertex 56.5309 75.5393 3.93178
    endloop
  endfacet
  facet normal 1 0 0
    outer loop
      vertex 56.5309 75.5393 3.93178
      vertex 56.5309 75.5393 3.57475
      vertex 56.5309 75.8963 3.57475
    endloop
  endfacet
  facet normal 0 0 -1
    outer loop
      vertex 56.5309 75.8963 3.93178
      vertex 56.7722 75.8963 3.93178
      vertex 56.7722 75.5393 3.93178
    endloop
  endfacet
  facet normal 0 0 -1
    outer loop
      vertex 56.7722 75.5393 3.93178
      vertex 56.5309 75.5393 3.93178
      vertex 56.5309 75.8963 3.93178
    endloop
  endfacet
  facet normal 0 -1 0
    outer loop
      vertex 56.5309 75.8963 3.93178
      vertex 56.5309 75.8963 3.57475
      vertex 56.7722 75.8963 3.57475
    endloop
  endfacet
  facet normal 0 -1 0
    outer loop
      vertex 56.7722 75.8963 3.57475
      vertex 56.7722 75.8963 3.93178
      vertex 56.5309 75.8963 3.93178
    endloop
  endfacet
  facet normal 0 0 -1
    outer loop
      vertex 56.5309 85.3995 3.93178
      vertex 56.7722 85.3995 3.93178
      vertex 56.7722 85.0425 3.93178
    endloop
  endfacet
  facet normal 0 0 -1
    outer loop
      vertex 56.7722 85.0425 3.93178
      vertex 56.5309 85.0425 3.93178
      vertex 56.5309 85.3995 3.93178
    endloop
  endfacet
  facet normal 0 -1 0
    outer loop
      vertex 56.5309 85.3995 3.93178
      vertex 56.5309 85.3995 3.60437
      vertex 56.7722 85.3995 3.60437
    endloop
  endfacet
  facet normal 0 -1 0
    outer loop
      vertex 56.7722 85.3995 3.60437
      vertex 56.7722 85.3995 3.93178
      vertex 56.5309 85.3995 3.93178
    endloop
  endfacet
  facet normal 1 0 0
    outer loop
      vertex 56.5309 82.9984 5.90402
      vertex 56.5309 82.9984 6.26106
      vertex 56.5309 82.6414 6.26106
    endloop
  endfacet
  facet normal 1 0 0
    outer loop
      vertex 56.5309 82.6414 6.26106
      vertex 56.5309 82.6414 5.90402
      vertex 56.5309 82.9984 5.90402
    endloop
  endfacet
  facet normal 0 0 -1
    outer loop
      vertex 56.5309 82.9984 6.26106
      vertex 56.7722 82.9984 6.26106
      vertex 56.7722 82.6414 6.26106
    endloop
  endfacet
  facet normal 0 0 -1
    outer loop
      vertex 56.7722 82.6414 6.26106
      vertex 56.5309 82.6414 6.26106
      vertex 56.5309 82.9984 6.26106
    endloop
  endfacet
  facet normal 0 -1 0
    outer loop
      vertex 56.5309 82.9984 6.26106
      vertex 56.5309 82.9984 5.90402
      vertex 56.7722 82.9984 5.90402
    endloop
  endfacet
  facet normal 0 -1 0
    outer loop
      vertex 56.7722 82.9984 5.90402
      vertex 56.7722 82.9984 6.26106
      vertex 56.5309 82.9984 6.26106
    endloop
  endfacet
  facet normal 1 0 0
    outer loop
      vertex 56.5309 85.3995 5.90402
      vertex 56.5309 85.3995 6.26106
      vertex 56.5309 85.0425 6.26106
    endloop
  endfacet
  facet normal 1 0 0
    outer loop
      vertex 56.5309 85.0425 6.26106
      vertex 56.5309 85.0425 5.90402
      vertex 56.5309 85.3995 5.90402
    endloop
  endfacet
  facet normal 0 0 -1
    outer loop
      vertex 56.5309 85.3995 6.26106
      vertex 56.7722 85.3995 6.26106
      vertex 56.7722 85.0425 6.26106
    endloop
  endfacet
  facet normal 0 0 -1
    outer loop
      vertex 56.7722 85.0425 6.26106
      vertex 56.5309 85.0425 6.26106
      vertex 56.5309 85.3995 6.26106
    endloop
  endfacet
  facet normal 0 -1 0
    outer loop
      vertex 56.5309 85.3995 6.26106
      vertex 56.5309 85.3995 5.90402
      vertex 56.7722 85.3995 5.90402
    endloop
  endfacet
  facet normal 0 -1 0
    outer loop
      vertex 56.7722 85.3995 5.90402
      vertex 56.7722 85.3995 6.26106
      vertex 56.5309 85.3995 6.26106
    endloop
  endfacet
  facet normal 0 0 -1
    outer loop
      vertex 56.5309 82.9984 3.93178
      vertex 56.7722 82.9984 3.93178
      vertex 56.7722 82.6414 3.93178
    endloop
  endfacet
  facet normal 0 0 -1
    outer loop
      vertex 56.7722 82.6414 3.93178
      vertex 56.5309 82.6414 3.93178
      vertex 56.5309 82.9984 3.93178
    endloop
  endfacet
  facet normal 0 -1 0
    outer loop
      vertex 56.5309 82.9984 3.93178
      vertex 56.5309 82.9984 3.60437
      vertex 56.7722 82.9984 3.60437
    endloop
  endfacet
  facet normal 0 -1 0
    outer loop
      vertex 56.7722 82.9984 3.60437
      vertex 56.7722 82.9984 3.93178
      vertex 56.5309 82.9984 3.93178
    endloop
  endfacet
  facet normal 1 0 0
    outer loop
      vertex 56.5309 74.7558 3.57475
      vertex 56.5309 74.7558 3.93178
      vertex 56.5309 74.3987 3.93178
    endloop
  endfacet
  facet normal 1 0 0
    outer loop
      vertex 56.5309 74.3987 3.93178
      vertex 56.5309 74.3987 3.57475
      vertex 56.5309 74.7558 3.57475
    endloop
  endfacet
  facet normal 0 0 -1
    outer loop
      vertex 56.5309 74.7558 3.93178
      vertex 56.7722 74.7558 3.93178
      vertex 56.7722 74.3987 3.93178
    endloop
  endfacet
  facet normal 0 0 -1
    outer loop
      vertex 56.7722 74.3987 3.93178
      vertex 56.5309 74.3987 3.93178
      vertex 56.5309 74.7558 3.93178
    endloop
  endfacet
  facet normal 0 -1 0
    outer loop
      vertex 56.5309 74.7558 3.93178
      vertex 56.5309 74.7558 3.57475
      vertex 56.7722 74.7558 3.57475
    endloop
  endfacet
  facet normal 0 -1 0
    outer loop
      vertex 56.7722 74.7558 3.57475
      vertex 56.7722 74.7558 3.93178
      vertex 56.5309 74.7558 3.93178
    endloop
  endfacet
  facet normal 1 0 0
    outer loop
      vertex 56.5309 72.3546 5.90402
      vertex 56.5309 72.3546 6.26106
      vertex 56.5309 71.9976 6.26106
    endloop
  endfacet
  facet normal 1 0 0
    outer loop
      vertex 56.5309 71.9976 6.26106
      vertex 56.5309 71.9976 5.90402
      vertex 56.5309 72.3546 5.90402
    endloop
  endfacet
  facet normal 0 0 -1
    outer loop
      vertex 56.5309 72.3546 6.26106
      vertex 56.7722 72.3546 6.26106
      vertex 56.7722 71.9976 6.26106
    endloop
  endfacet
  facet normal 0 0 -1
    outer loop
      vertex 56.7722 71.9976 6.26106
      vertex 56.5309 71.9976 6.26106
      vertex 56.5309 72.3546 6.26106
    endloop
  endfacet
  facet normal 0 -1 0
    outer loop
      vertex 56.5309 72.3546 6.26106
      vertex 56.5309 72.3546 5.90402
      vertex 56.7722 72.3546 5.90402
    endloop
  endfacet
  facet normal 0 -1 0
    outer loop
      vertex 56.7722 72.3546 5.90402
      vertex 56.7722 72.3546 6.26106
      vertex 56.5309 72.3546 6.26106
    endloop
  endfacet
  facet normal 1 0 0
    outer loop
      vertex 56.5309 74.7558 5.90402
      vertex 56.5309 74.7558 6.26106
      vertex 56.5309 74.3987 6.26106
    endloop
  endfacet
  facet normal 1 0 0
    outer loop
      vertex 56.5309 74.3987 6.26106
      vertex 56.5309 74.3987 5.90402
      vertex 56.5309 74.7558 5.90402
    endloop
  endfacet
  facet normal 0 0 -1
    outer loop
      vertex 56.5309 74.7558 6.26106
      vertex 56.7722 74.7558 6.26106
      vertex 56.7722 74.3987 6.26106
    endloop
  endfacet
  facet normal 0 0 -1
    outer loop
      vertex 56.7722 74.3987 6.26106
      vertex 56.5309 74.3987 6.26106
      vertex 56.5309 74.7558 6.26106
    endloop
  endfacet
  facet normal 0 -1 0
    outer loop
      vertex 56.5309 74.7558 6.26106
      vertex 56.5309 74.7558 5.90402
      vertex 56.7722 74.7558 5.90402
    endloop
  endfacet
  facet normal 0 -1 0
    outer loop
      vertex 56.7722 74.7558 5.90402
      vertex 56.7722 74.7558 6.26106
      vertex 56.5309 74.7558 6.26106
    endloop
  endfacet
  facet normal 1 0 0
    outer loop
      vertex 56.5309 72.3546 3.57475
      vertex 56.5309 72.3546 3.93178
      vertex 56.5309 71.9976 3.93178
    endloop
  endfacet
  facet normal 1 0 0
    outer loop
      vertex 56.5309 71.9976 3.93178
      vertex 56.5309 71.9976 3.57475
      vertex 56.5309 72.3546 3.57475
    endloop
  endfacet
  facet normal 0 0 -1
    outer loop
      vertex 56.5309 72.3546 3.93178
      vertex 56.7722 72.3546 3.93178
      vertex 56.7722 71.9976 3.93178
    endloop
  endfacet
  facet normal 0 0 -1
    outer loop
      vertex 56.7722 71.9976 3.93178
      vertex 56.5309 71.9976 3.93178
      vertex 56.5309 72.3546 3.93178
    endloop
  endfacet
  facet normal 0 -1 0
    outer loop
      vertex 56.5309 72.3546 3.93178
      vertex 56.5309 72.3546 3.57475
      vertex 56.7722 72.3546 3.57475
    endloop
  endfacet
  facet normal 0 -1 0
    outer loop
      vertex 56.7722 72.3546 3.57475
      vertex 56.7722 72.3546 3.93178
      vertex 56.5309 72.3546 3.93178
    endloop
  endfacet
  facet normal 1 0 0
    outer loop
      vertex 56.5309 71.1954 3.57475
      vertex 56.5309 71.1954 3.93178
      vertex 56.5309 70.8384 3.93178
    endloop
  endfacet
  facet normal 1 0 0
    outer loop
      vertex 56.5309 70.8384 3.93178
      vertex 56.5309 70.8384 3.57475
      vertex 56.5309 71.1954 3.57475
    endloop
  endfacet
  facet normal 0 0 -1
    outer loop
      vertex 56.5309 71.1954 3.93178
      vertex 56.7722 71.1954 3.93178
      vertex 56.7722 70.8384 3.93178
    endloop
  endfacet
  facet normal 0 0 -1
    outer loop
      vertex 56.7722 70.8384 3.93178
      vertex 56.5309 70.8384 3.93178
      vertex 56.5309 71.1954 3.93178
    endloop
  endfacet
  facet normal 0 -1 0
    outer loop
      vertex 56.5309 71.1954 3.93178
      vertex 56.5309 71.1954 3.57475
      vertex 56.7722 71.1954 3.57475
    endloop
  endfacet
  facet normal 0 -1 0
    outer loop
      vertex 56.7722 71.1954 3.57475
      vertex 56.7722 71.1954 3.93178
      vertex 56.5309 71.1954 3.93178
    endloop
  endfacet
  facet normal 1 0 0
    outer loop
      vertex 56.5309 68.7943 5.90402
      vertex 56.5309 68.7943 6.26106
      vertex 56.5309 68.4372 6.26106
    endloop
  endfacet
  facet normal 1 0 0
    outer loop
      vertex 56.5309 68.4372 6.26106
      vertex 56.5309 68.4372 5.90402
      vertex 56.5309 68.7943 5.90402
    endloop
  endfacet
  facet normal 0 0 -1
    outer loop
      vertex 56.5309 68.7943 6.26106
      vertex 56.7722 68.7943 6.26106
      vertex 56.7722 68.4372 6.26106
    endloop
  endfacet
  facet normal 0 0 -1
    outer loop
      vertex 56.7722 68.4372 6.26106
      vertex 56.5309 68.4372 6.26106
      vertex 56.5309 68.7943 6.26106
    endloop
  endfacet
  facet normal 0 -1 0
    outer loop
      vertex 56.5309 68.7943 6.26106
      vertex 56.5309 68.7943 5.90402
      vertex 56.7722 68.7943 5.90402
    endloop
  endfacet
  facet normal 0 -1 0
    outer loop
      vertex 56.7722 68.7943 5.90402
      vertex 56.7722 68.7943 6.26106
      vertex 56.5309 68.7943 6.26106
    endloop
  endfacet
  facet normal 1 0 0
    outer loop
      vertex 56.5309 71.1954 5.90402
      vertex 56.5309 71.1954 6.26106
      vertex 56.5309 70.8384 6.26106
    endloop
  endfacet
  facet normal 1 0 0
    outer loop
      vertex 56.5309 70.8384 6.26106
      vertex 56.5309 70.8384 5.90402
      vertex 56.5309 71.1954 5.90402
    endloop
  endfacet
  facet normal 0 0 -1
    outer loop
      vertex 56.5309 71.1954 6.26106
      vertex 56.7722 71.1954 6.26106
      vertex 56.7722 70.8384 6.26106
    endloop
  endfacet
  facet normal 0 0 -1
    outer loop
      vertex 56.7722 70.8384 6.26106
      vertex 56.5309 70.8384 6.26106
      vertex 56.5309 71.1954 6.26106
    endloop
  endfacet
  facet normal 0 -1 0
    outer loop
      vertex 56.5309 71.1954 6.26106
      vertex 56.5309 71.1954 5.90402
      vertex 56.7722 71.1954 5.90402
    endloop
  endfacet
  facet normal 0 -1 0
    outer loop
      vertex 56.7722 71.1954 5.90402
      vertex 56.7722 71.1954 6.26106
      vertex 56.5309 71.1954 6.26106
    endloop
  endfacet
  facet normal 1 0 0
    outer loop
      vertex 56.5309 68.7943 3.57475
      vertex 56.5309 68.7943 3.93178
      vertex 56.5309 68.4372 3.93178
    endloop
  endfacet
  facet normal 1 0 0
    outer loop
      vertex 56.5309 68.4372 3.93178
      vertex 56.5309 68.4372 3.57475
      vertex 56.5309 68.7943 3.57475
    endloop
  endfacet
  facet normal 0 0 -1
    outer loop
      vertex 56.5309 68.7943 3.93178
      vertex 56.7722 68.7943 3.93178
      vertex 56.7722 68.4372 3.93178
    endloop
  endfacet
  facet normal 0 0 -1
    outer loop
      vertex 56.7722 68.4372 3.93178
      vertex 56.5309 68.4372 3.93178
      vertex 56.5309 68.7943 3.93178
    endloop
  endfacet
  facet normal 0 -1 0
    outer loop
      vertex 56.5309 68.7943 3.93178
      vertex 56.5309 68.7943 3.57475
      vertex 56.7722 68.7943 3.57475
    endloop
  endfacet
  facet normal 0 -1 0
    outer loop
      vertex 56.7722 68.7943 3.57475
      vertex 56.7722 68.7943 3.93178
      vertex 56.5309 68.7943 3.93178
    endloop
  endfacet
  facet normal 0 0 1
    outer loop
      vertex 56.0731 44.3605 6.74348
      vertex 55.2842 44.3605 6.74348
      vertex 55.2842 43.3008 6.74348
    endloop
  endfacet
  facet normal 0 0 1
    outer loop
      vertex 55.2842 43.3008 6.74348
      vertex 56.0731 43.3008 6.74348
      vertex 56.0731 44.3605 6.74348
    endloop
  endfacet
  facet normal 1 0 0
    outer loop
      vertex 56.5765 56.1901 5.86637
      vertex 56.5765 56.1901 6.17916
      vertex 56.5765 44.3605 6.17916
    endloop
  endfacet
  facet normal 1 0 0
    outer loop
      vertex 56.5765 44.3605 6.17916
      vertex 56.5765 44.3605 2.95752
      vertex 56.5765 45.7494 2.95697
    endloop
  endfacet
  facet normal 1 0 0
    outer loop
      vertex 56.5765 44.3605 6.17916
      vertex 56.5765 45.7494 2.95697
      vertex 56.5765 45.7494 2.96207
    endloop
  endfacet
  facet normal 1 0 0
    outer loop
      vertex 56.5765 46.5399 5.86637
      vertex 56.5765 56.1901 5.86637
      vertex 56.5765 44.3605 6.17916
    endloop
  endfacet
  facet normal 1 0 0
    outer loop
      vertex 56.5765 44.3605 6.17916
      vertex 56.5765 45.7494 2.96207
      vertex 56.5765 45.7494 5.0432
    endloop
  endfacet
  facet normal 1 0 0
    outer loop
      vertex 56.5765 44.3605 6.17916
      vertex 56.5765 45.7494 5.0432
      vertex 56.5765 46.5399 5.86637
    endloop
  endfacet
  facet normal 0 -0.830966 -0.556323
    outer loop
      vertex 55.2842 43.5582 2.57332
      vertex 55.2842 44.3605 1.37502
      vertex 55.7763 44.3605 1.37502
    endloop
  endfacet
  facet normal 0 -0.83097 -0.556317
    outer loop
      vertex 55.7763 44.3605 1.37502
      vertex 56.5765 43.3008 2.95786
      vertex 55.9364 43.3008 2.95786
    endloop
  endfacet
  facet normal 0 -0.830966 -0.556323
    outer loop
      vertex 55.862 43.5582 2.57332
      vertex 55.2842 43.5582 2.57332
      vertex 55.7763 44.3605 1.37502
    endloop
  endfacet
  facet normal 0.000309928 -0.830956 -0.556339
    outer loop
      vertex 55.7763 44.3605 1.37502
      vertex 55.9364 43.3008 2.95786
      vertex 55.862 43.5582 2.57332
    endloop
  endfacet
  facet normal 0 0 1
    outer loop
      vertex 56.0731 24.5077 6.74348
      vertex 56.0731 43.3008 6.74348
      vertex 55.2842 43.3008 6.74348
    endloop
  endfacet
  facet normal 0 0 1
    outer loop
      vertex 55.2842 43.3008 6.74348
      vertex 55.2842 31.3646 6.74348
      vertex 55.7383 31.3646 6.74348
    endloop
  endfacet
  facet normal 0 0 0
    outer loop
      vertex 55.7383 31.0746 6.74348
      vertex 55.7383 29.97 6.74348
      vertex 55.7383 26.8889 6.74348
    endloop
  endfacet
  facet normal 0 0 1
    outer loop
      vertex 56.0731 24.5077 6.74348
      vertex 55.2842 43.3008 6.74348
      vertex 55.7383 31.3646 6.74348
    endloop
  endfacet
  facet normal 0 0 1
    outer loop
      vertex 56.0731 24.5077 6.74348
      vertex 55.7383 31.3646 6.74348
      vertex 55.7383 31.0746 6.74348
    endloop
  endfacet
  facet normal 0 0 1
    outer loop
      vertex 55.2842 26.6587 6.74348
      vertex 55.2842 24.5077 6.74348
      vertex 56.0219 24.5077 6.74348
    endloop
  endfacet
  facet normal 0 0 1
    outer loop
      vertex 56.0219 24.5077 6.74348
      vertex 56.0731 24.5077 6.74348
      vertex 55.7383 31.0746 6.74348
    endloop
  endfacet
  facet normal 0 0 1
    outer loop
      vertex 56.0219 24.5077 6.74348
      vertex 55.7383 31.0746 6.74348
      vertex 55.7383 26.8889 6.74348
    endloop
  endfacet
  facet normal 0 0 1
    outer loop
      vertex 55.7383 26.6587 6.74348
      vertex 55.2842 26.6587 6.74348
      vertex 56.0219 24.5077 6.74348
    endloop
  endfacet
  facet normal 0 0 1
    outer loop
      vertex 55.7383 26.8889 6.74348
      vertex 55.7383 26.6587 6.74348
      vertex 56.0219 24.5077 6.74348
    endloop
  endfacet
  facet normal 0 0 -1
    outer loop
      vertex 55.7763 56.1901 1.37502
      vertex 55.7763 44.3605 1.37502
      vertex 55.2842 44.3605 1.37502
    endloop
  endfacet
  facet normal 0 0 -1
    outer loop
      vertex 55.2842 44.3605 1.37502
      vertex 55.2842 56.1901 1.37502
      vertex 55.7763 56.1901 1.37502
    endloop
  endfacet
  facet normal 0.746212 0 0.665708
    outer loop
      vertex 56.5765 44.3605 6.17916
      vertex 56.0731 44.3605 6.74348
      vertex 56.0731 43.3008 6.74348
    endloop
  endfacet
  facet normal 0.751552 -0.00576415 0.659648
    outer loop
      vertex 56.0731 43.3008 6.74348
      vertex 56.5765 43.3008 6.1699
      vertex 56.5765 44.3605 6.17916
    endloop
  endfacet
  facet normal 0.751565 0 0.659659
    outer loop
      vertex 56.5765 24.5077 6.1699
      vertex 56.5765 43.3008 6.1699
      vertex 56.0731 43.3008 6.74348
    endloop
  endfacet
  facet normal 0.751619 0 0.659598
    outer loop
      vertex 56.0731 43.3008 6.74348
      vertex 56.0731 24.5077 6.74348
      vertex 56.2036 24.5077 6.59478
    endloop
  endfacet
  facet normal 0.751546 -1.15709e-06 0.659681
    outer loop
      vertex 56.0731 43.3008 6.74348
      vertex 56.2036 24.5077 6.59478
      vertex 56.5765 24.5077 6.1699
    endloop
  endfacet
  facet normal 0 0 1
    outer loop
      vertex 56.0731 17.7227 6.74348
      vertex 56.0731 18.6022 6.74348
      vertex 55.2842 18.6022 6.74348
    endloop
  endfacet
  facet normal 0 0 1
    outer loop
      vertex 55.2842 18.6022 6.74348
      vertex 55.2842 17.7227 6.74348
      vertex 56.0219 17.7227 6.74348
    endloop
  endfacet
  facet normal 0 0 1
    outer loop
      vertex 55.2842 18.6022 6.74348
      vertex 56.0219 17.7227 6.74348
      vertex 56.0731 17.7227 6.74348
    endloop
  endfacet
  facet normal 0 0 1
    outer loop
      vertex 56.0731 20.0764 6.74348
      vertex 55.2842 20.0764 6.74348
      vertex 55.2842 18.6022 6.74348
    endloop
  endfacet
  facet normal 0 0 1
    outer loop
      vertex 55.2842 18.6022 6.74348
      vertex 56.0731 18.6022 6.74348
      vertex 56.0731 20.0764 6.74348
    endloop
  endfacet
  facet normal 0.751565 0 0.659659
    outer loop
      vertex 56.5765 20.0764 6.1699
      vertex 56.0731 20.0764 6.74348
      vertex 56.0731 18.6022 6.74348
    endloop
  endfacet
  facet normal 0.750814 0.000588805 0.660513
    outer loop
      vertex 56.0731 18.6022 6.74348
      vertex 56.5765 18.6022 6.17121
      vertex 56.5765 20.0764 6.1699
    endloop
  endfacet
  facet normal 0.750814 0 0.660514
    outer loop
      vertex 56.5765 17.7227 6.17121
      vertex 56.5765 18.6022 6.17121
      vertex 56.0731 18.6022 6.74348
    endloop
  endfacet
  facet normal 0.750892 0 0.660425
    outer loop
      vertex 56.0731 18.6022 6.74348
      vertex 56.0731 17.7227 6.74348
      vertex 56.2039 17.7227 6.59478
    endloop
  endfacet
  facet normal 0.750787 -3.60377e-05 0.660545
    outer loop
      vertex 56.0731 18.6022 6.74348
      vertex 56.2039 17.7227 6.59478
      vertex 56.5765 17.7227 6.17121
    endloop
  endfacet
  facet normal 0 0 -1
    outer loop
      vertex 55.2842 17.7227 2.02968
      vertex 55.2842 18.6022 2.02968
      vertex 56.1039 18.6022 2.02968
    endloop
  endfacet
  facet normal 0 0 -1
    outer loop
      vertex 56.1039 18.6022 2.02968
      vertex 56.1039 17.7227 2.02968
      vertex 55.9808 17.7227 2.02968
    endloop
  endfacet
  facet normal 0 0 -1
    outer loop
      vertex 56.1039 18.6022 2.02968
      vertex 55.9808 17.7227 2.02968
      vertex 55.2842 17.7227 2.02968
    endloop
  endfacet
  facet normal 0.891034 0 -0.453936
    outer loop
      vertex 56.1039 17.7227 2.02968
      vertex 56.1039 18.6022 2.02968
      vertex 56.5765 18.6022 2.95738
    endloop
  endfacet
  facet normal 0.891031 0.00014619 -0.453943
    outer loop
      vertex 56.5765 18.6022 2.95738
      vertex 56.5765 17.7227 2.95709
      vertex 56.1515 17.7227 2.12294
    endloop
  endfacet
  facet normal 0.890509 0.00136599 -0.454964
    outer loop
      vertex 56.5765 18.6022 2.95738
      vertex 56.1515 17.7227 2.12294
      vertex 56.1039 17.7227 2.02968
    endloop
  endfacet
  facet normal 0.750814 0 0.660514
    outer loop
      vertex 56.5765 9.40731 6.17121
      vertex 56.0731 9.40731 6.74348
      vertex 56.5765 8.94292 6.17121
    endloop
  endfacet
  facet normal 0.891034 0.000149401 -0.453936
    outer loop
      vertex 56.5765 20.0764 2.95786
      vertex 56.5765 18.6022 2.95738
      vertex 56.1039 18.6022 2.02968
    endloop
  endfacet
  facet normal 1 0 -1.79954e-05
    outer loop
      vertex 56.5765 35.7489 2.95786
      vertex 56.5765 43.3008 2.95786
      vertex 56.5765 36.3761 4.65372
    endloop
  endfacet
  facet normal 1 -4.86565e-05 0
    outer loop
      vertex 56.5765 35.7489 3.09658
      vertex 56.5765 35.7489 2.95786
      vertex 56.5765 36.3761 4.65372
    endloop
  endfacet
  facet normal 1 3.29068e-05 -3.28531e-05
    outer loop
      vertex 56.5765 35.7489 4.02549
      vertex 56.5765 35.7489 3.09658
      vertex 56.5765 36.3761 4.65372
    endloop
  endfacet
  facet normal 1 0 0
    outer loop
      vertex 56.5765 35.7489 4.02549
      vertex 56.5765 36.3761 4.65372
      vertex 56.5765 33.0991 4.65372
    endloop
  endfacet
  facet normal 0 1 0
    outer loop
      vertex 56.5765 33.9809 2.95786
      vertex 56.5765 33.9809 3.09658
      vertex 56.5765 33.9809 4.02549
    endloop
  endfacet
  facet normal 1 0 0
    outer loop
      vertex 56.5765 33.9809 4.02549
      vertex 56.5765 35.7489 4.02549
      vertex 56.5765 33.0991 4.65372
    endloop
  endfacet
  facet normal 1 0 0
    outer loop
      vertex 56.5765 34.7285 5.66848
      vertex 56.5765 43.3008 6.1699
      vertex 56.5765 24.5077 6.1699
    endloop
  endfacet
  facet normal 1 -2.03639e-05 -2.85845e-05
    outer loop
      vertex 56.5765 33.9809 2.95786
      vertex 56.5765 33.9809 4.02549
      vertex 56.5765 33.0991 4.65372
    endloop
  endfacet
  facet normal 1 0 0
    outer loop
      vertex 56.5765 33.0991 4.65372
      vertex 56.5765 34.7285 5.66848
      vertex 56.5765 24.5077 6.1699
    endloop
  endfacet
  facet normal 0 0 0
    outer loop
      vertex 56.5765 24.5077 6.1699
      vertex 56.5765 24.5077 6.16792
      vertex 56.5765 24.5077 4.56618
    endloop
  endfacet
  facet normal 0 -1.5425e-07 0
    outer loop
      vertex 56.5765 24.5077 4.24898
      vertex 56.5765 24.5077 2.96292
      vertex 56.5765 24.5077 2.95786
    endloop
  endfacet
  facet normal 0 0 0
    outer loop
      vertex 56.5765 24.5077 6.1699
      vertex 56.5765 24.5077 4.56618
      vertex 56.5765 24.5077 4.24898
    endloop
  endfacet
  facet normal 1 -3.49663e-06 -1.98136e-05
    outer loop
      vertex 56.5765 33.9809 2.95786
      vertex 56.5765 33.0991 4.65372
      vertex 56.5765 24.5077 6.1699
    endloop
  endfacet
  facet normal 1 0 0
    outer loop
      vertex 56.5765 29.8144 3.09658
      vertex 56.5765 29.8144 2.95786
      vertex 56.5765 33.9809 2.95786
    endloop
  endfacet
  facet normal 1 -1.09375e-06 -3.28531e-05
    outer loop
      vertex 56.5765 29.8144 4.02549
      vertex 56.5765 29.8144 3.09658
      vertex 56.5765 33.9809 2.95786
    endloop
  endfacet
  facet normal 0 1 0
    outer loop
      vertex 56.5765 24.5077 6.1699
      vertex 56.5765 24.5077 4.24898
      vertex 56.5765 24.5077 2.95786
    endloop
  endfacet
  facet normal 1 0 0
    outer loop
      vertex 56.5765 24.5077 2.95786
      vertex 56.5765 28.0464 2.95786
      vertex 56.5765 28.0464 3.09658
    endloop
  endfacet
  facet normal 1 1.28781e-06 -3.28531e-05
    outer loop
      vertex 56.5765 24.5077 2.95786
      vertex 56.5765 28.0464 3.09658
      vertex 56.5765 28.0464 4.02549
    endloop
  endfacet
  facet normal 1 2.0017e-05 4.95349e-05
    outer loop
      vertex 56.5765 29.8144 4.02549
      vertex 56.5765 33.9809 2.95786
      vertex 56.5765 24.5077 6.1699
    endloop
  endfacet
  facet normal 1 -5.75745e-06 -9.501e-06
    outer loop
      vertex 56.5765 24.5077 6.1699
      vertex 56.5765 24.5077 2.95786
      vertex 56.5765 28.0464 4.02549
    endloop
  endfacet
  facet normal 1 0 0
    outer loop
      vertex 56.5765 24.5077 6.1699
      vertex 56.5765 28.0464 4.02549
      vertex 56.5765 29.8144 4.02549
    endloop
  endfacet
  facet normal 0 -1 0
    outer loop
      vertex 55.7763 56.1901 1.37502
      vertex 55.2842 56.1901 1.37502
      vertex 55.2842 56.1901 0.046243
    endloop
  endfacet
  facet normal 0 -1 0
    outer loop
      vertex 55.2842 56.1901 0.046243
      vertex 57.5713 56.1901 0.046243
      vertex 55.7763 56.1901 1.37502
    endloop
  endfacet
  facet normal 0.892397 -0.000172108 -0.45125
    outer loop
      vertex 55.7763 44.3605 1.37502
      vertex 56.5765 44.3605 2.95752
      vertex 56.5765 43.3008 2.95786
    endloop
  endfacet
  facet normal 0.746212 0 0.665708
    outer loop
      vertex 56.0731 56.1901 6.74348
      vertex 56.0731 44.3605 6.74348
      vertex 56.5765 44.3605 6.17916
    endloop
  endfacet
  facet normal 0.746212 0 0.665708
    outer loop
      vertex 56.5765 44.3605 6.17916
      vertex 56.5765 56.1901 6.17916
      vertex 56.0731 56.1901 6.74348
    endloop
  endfacet
  facet normal 0 -1 0
    outer loop
      vertex 56.1039 8.94292 2.02968
      vertex 56.5765 8.94292 2.95424
      vertex 56.3341 8.94292 2.9537
    endloop
  endfacet
  facet normal 0 -1 0
    outer loop
      vertex 56.3341 8.94292 2.9537
      vertex 56.0244 8.94292 2.2912
      vertex 56.1039 8.94292 2.02968
    endloop
  endfacet
  facet normal 0 -0.776482 0.63014
    outer loop
      vertex 56.0731 9.40731 6.74348
      vertex 55.2842 9.40731 6.74348
      vertex 55.2842 8.94292 6.17123
    endloop
  endfacet
  facet normal 9.76539e-06 -0.776488 0.630132
    outer loop
      vertex 55.2842 8.94292 6.17123
      vertex 56.5765 8.94292 6.17121
      vertex 56.0731 9.40731 6.74348
    endloop
  endfacet
  facet normal 0.890444 0.000158381 -0.455093
    outer loop
      vertex 56.1039 9.40731 2.02968
      vertex 56.5765 9.40731 2.95441
      vertex 56.5765 8.94292 2.95424
    endloop
  endfacet
  facet normal 0.890412 0 -0.455156
    outer loop
      vertex 56.5765 8.94292 2.95424
      vertex 56.1039 8.94292 2.02968
      vertex 56.1039 9.40731 2.02968
    endloop
  endfacet
  facet normal 0 0 -1
    outer loop
      vertex 55.2842 9.40731 2.02968
      vertex 56.1039 9.40731 2.02968
      vertex 56.1039 8.94292 2.02968
    endloop
  endfacet
  facet normal 0 0 -1
    outer loop
      vertex 56.1039 8.94292 2.02968
      vertex 55.2842 8.94292 2.02968
      vertex 55.2842 9.40731 2.02968
    endloop
  endfacet
  facet normal 0 0 1
    outer loop
      vertex 56.3341 8.94292 5.90972
      vertex 55.2842 8.94292 5.90972
      vertex 55.2842 8.54639 5.90972
    endloop
  endfacet
  facet normal 0 0 1
    outer loop
      vertex 55.2842 8.54639 5.90972
      vertex 56.3341 8.54639 5.90972
      vertex 56.3341 8.94292 5.90972
    endloop
  endfacet
  facet normal 0 -1 0
    outer loop
      vertex 55.2842 8.94292 2.02968
      vertex 56.1039 8.94292 2.02968
      vertex 56.0244 8.94292 2.2912
    endloop
  endfacet
  facet normal 0 -1 0
    outer loop
      vertex 56.0244 8.94292 2.2912
      vertex 55.2842 8.94292 2.2912
      vertex 55.2842 8.94292 2.02968
    endloop
  endfacet
  facet normal 0 -1 0
    outer loop
      vertex 56.5765 8.94292 6.17121
      vertex 55.2842 8.94292 6.17123
      vertex 55.2842 8.94292 5.90972
    endloop
  endfacet
  facet normal 0 -1 0
    outer loop
      vertex 55.2842 8.94292 5.90972
      vertex 56.3341 8.94292 5.90972
      vertex 56.5765 8.94292 6.17121
    endloop
  endfacet
  facet normal 0 0 -1
    outer loop
      vertex 55.2842 8.94292 2.2912
      vertex 56.0244 8.94292 2.2912
      vertex 56.0244 8.54639 2.2912
    endloop
  endfacet
  facet normal 0 0 -1
    outer loop
      vertex 56.0244 8.54639 2.2912
      vertex 55.2842 8.54639 2.2912
      vertex 55.2842 8.94292 2.2912
    endloop
  endfacet
  facet normal 0.905899 -0.000604497 -0.423493
    outer loop
      vertex 56.0244 8.94292 2.2912
      vertex 56.3341 8.94292 2.9537
      vertex 56.3341 8.54639 2.95426
    endloop
  endfacet
  facet normal 0.906038 0 -0.423196
    outer loop
      vertex 56.3341 8.54639 2.95426
      vertex 56.0244 8.54639 2.2912
      vertex 56.0244 8.94292 2.2912
    endloop
  endfacet
  facet normal 1 3.12701e-09 -9.501e-06
    outer loop
      vertex 56.5765 18.6022 2.95738
      vertex 56.5765 20.0764 2.95786
      vertex 56.5765 20.0764 6.1699
    endloop
  endfacet
  facet normal 1 -8.46507e-09 -9.49568e-06
    outer loop
      vertex 56.5765 20.0764 6.1699
      vertex 56.5765 18.6022 6.17121
      vertex 56.5765 18.6022 2.95738
    endloop
  endfacet
  facet normal 1 3.30221e-09 -9.48691e-06
    outer loop
      vertex 56.5765 8.94292 2.95424
      vertex 56.5765 9.40731 2.95441
      vertex 56.5765 9.40731 6.17121
    endloop
  endfacet
  facet normal 1 0 -9.48643e-06
    outer loop
      vertex 56.5765 9.40731 6.17121
      vertex 56.5765 8.94292 6.17121
      vertex 56.5765 8.94292 2.95424
    endloop
  endfacet
  facet normal 1 3.49554e-09 -9.48691e-06
    outer loop
      vertex 56.5765 9.40731 6.17121
      vertex 56.5765 9.40731 2.95441
      vertex 56.5765 9.51732 2.95445
    endloop
  endfacet
  facet normal 1 0.000542387 9.06199e-06
    outer loop
      vertex 56.5765 9.40731 6.17121
      vertex 56.5765 9.51732 2.95445
      vertex 56.5765 9.5173 2.95542
    endloop
  endfacet
  facet normal 1 0 0
    outer loop
      vertex 56.5765 14.4701 6.16792
      vertex 56.5765 14.4701 6.17121
      vertex 56.5765 9.40731 6.17121
    endloop
  endfacet
  facet normal 0 -1 0
    outer loop
      vertex 56.5765 14.4701 2.96292
      vertex 56.5765 14.4701 4.24898
      vertex 56.5765 14.4701 4.56618
    endloop
  endfacet
  facet normal 1 0 0
    outer loop
      vertex 56.5765 14.4701 4.56618
      vertex 56.5765 14.4701 6.16792
      vertex 56.5765 9.40731 6.17121
    endloop
  endfacet
  facet normal 1 -0.00039904 -2.31377e-05
    outer loop
      vertex 56.5765 9.40731 6.17121
      vertex 56.5765 9.5173 2.95542
      vertex 56.5765 9.5173 4.27437
    endloop
  endfacet
  facet normal 0 -2.65281e-08 0
    outer loop
      vertex 56.5765 9.86139 4.27437
      vertex 56.5765 9.86139 2.95542
      vertex 56.5765 9.86139 2.95455
    endloop
  endfacet
  facet normal 1 0 0
    outer loop
      vertex 56.5765 9.40731 6.17121
      vertex 56.5765 9.5173 4.27437
      vertex 56.5765 9.86139 4.27437
    endloop
  endfacet
  facet normal 1 -6.03457e-06 -1.90347e-05
    outer loop
      vertex 56.5765 14.4701 2.96292
      vertex 56.5765 14.4701 4.56618
      vertex 56.5765 9.40731 6.17121
    endloop
  endfacet
  facet normal 1 0 0
    outer loop
      vertex 56.5765 11.2055 2.95499
      vertex 56.5765 14.4701 2.95604
      vertex 56.5765 14.4701 2.96292
    endloop
  endfacet
  facet normal 1 5.61551e-08 -2.31302e-05
    outer loop
      vertex 56.5765 11.2055 4.27437
      vertex 56.5765 11.2055 2.95499
      vertex 56.5765 14.4701 2.96292
    endloop
  endfacet
  facet normal 1 7.08722e-09 -2.31224e-05
    outer loop
      vertex 56.5765 9.86139 4.27437
      vertex 56.5765 9.86139 2.95455
      vertex 56.5765 10.1912 2.95465
    endloop
  endfacet
  facet normal 0 2.34431e-08 0
    outer loop
      vertex 56.5765 10.1912 2.95465
      vertex 56.5765 10.1912 2.95542
      vertex 56.5765 10.1912 4.27437
    endloop
  endfacet
  facet normal 0.999997 0.00219761 0.000526077
    outer loop
      vertex 56.5765 9.40731 6.17121
      vertex 56.5765 9.86139 4.27437
      vertex 56.5765 10.1912 2.95465
    endloop
  endfacet
  facet normal 1 1.50981e-05 1.43129e-05
    outer loop
      vertex 56.5765 11.2055 4.27437
      vertex 56.5765 14.4701 2.96292
      vertex 56.5765 9.40731 6.17121
    endloop
  endfacet
  facet normal 0 1.66619e-08 0
    outer loop
      vertex 56.5765 10.8615 2.95487
      vertex 56.5765 10.8615 2.95542
      vertex 56.5765 10.8615 4.27437
    endloop
  endfacet
  facet normal 1 0 0
    outer loop
      vertex 56.5765 10.8615 4.27437
      vertex 56.5765 11.2055 4.27437
      vertex 56.5765 9.40731 6.17121
    endloop
  endfacet
  facet normal 1 -5.59557e-05 -2.31242e-05
    outer loop
      vertex 56.5765 9.40731 6.17121
      vertex 56.5765 10.1912 2.95465
      vertex 56.5765 10.1912 4.27437
    endloop
  endfacet
  facet normal 0 -1.97469e-08 0
    outer loop
      vertex 56.5765 10.5353 4.27437
      vertex 56.5765 10.5353 2.95542
      vertex 56.5765 10.5353 2.95477
    endloop
  endfacet
  facet normal 1 0 0
    outer loop
      vertex 56.5765 9.40731 6.17121
      vertex 56.5765 10.1912 4.27437
      vertex 56.5765 10.5353 4.27437
    endloop
  endfacet
  facet normal 1 7.16838e-09 -2.31281e-05
    outer loop
      vertex 56.5765 10.5353 2.95477
      vertex 56.5765 10.8615 2.95487
      vertex 56.5765 10.8615 4.27437
    endloop
  endfacet
  facet normal 1 0 0
    outer loop
      vertex 56.5765 10.8615 4.27437
      vertex 56.5765 9.40731 6.17121
      vertex 56.5765 10.5353 4.27437
    endloop
  endfacet
  facet normal 1 0 -2.31263e-05
    outer loop
      vertex 56.5765 10.5353 4.27437
      vertex 56.5765 10.5353 2.95477
      vertex 56.5765 10.8615 4.27437
    endloop
  endfacet
  facet normal 1 0 0
    outer loop
      vertex 56.3341 8.54639 2.95426
      vertex 56.3341 8.94292 2.9537
      vertex 56.3341 8.94292 5.90972
    endloop
  endfacet
  facet normal 1 0 0
    outer loop
      vertex 56.3341 8.94292 5.90972
      vertex 56.3341 8.54639 5.90972
      vertex 56.3341 8.54639 2.95426
    endloop
  endfacet
  facet normal 0 -1 0
    outer loop
      vertex 56.3341 8.94292 2.9537
      vertex 56.5765 8.94292 2.95424
      vertex 56.5765 8.94292 6.17121
    endloop
  endfacet
  facet normal 0 -1 0
    outer loop
      vertex 56.5765 8.94292 6.17121
      vertex 56.3341 8.94292 5.90972
      vertex 56.3341 8.94292 2.9537
    endloop
  endfacet
  facet normal 1 -2.88027e-05 -1.15468e-05
    outer loop
      vertex 56.5765 43.3008 5.60081
      vertex 56.5765 43.3008 2.95786
      vertex 56.5765 44.3605 2.95752
    endloop
  endfacet
  facet normal 1 0 0
    outer loop
      vertex 56.5765 44.3605 2.95752
      vertex 56.5765 44.3605 6.17916
      vertex 56.5765 43.3008 6.1699
    endloop
  endfacet
  facet normal 1 0 0
    outer loop
      vertex 56.5765 43.3008 6.1699
      vertex 56.5765 43.3008 5.66848
      vertex 56.5765 43.4094 5.66848
    endloop
  endfacet
  facet normal 1 0 0
    outer loop
      vertex 56.5765 43.4094 5.66848
      vertex 56.5765 43.3008 5.60081
      vertex 56.5765 44.3605 2.95752
    endloop
  endfacet
  facet normal 1 0 0
    outer loop
      vertex 56.5765 44.3605 2.95752
      vertex 56.5765 43.3008 6.1699
      vertex 56.5765 43.4094 5.66848
    endloop
  endfacet
  facet normal 0 -1 0
    outer loop
      vertex 57.5757 56.1901 6.96675
      vertex 56.5765 56.1901 6.17916
      vertex 56.5765 56.1901 5.86637
    endloop
  endfacet
  facet normal 0 0 0
    outer loop
      vertex 57.0437 56.1901 5.86637
      vertex 57.0437 56.1901 5.0432
      vertex 57.0437 56.1901 2.96207
    endloop
  endfacet
  facet normal 0 -1 0
    outer loop
      vertex 57.5757 56.1901 6.96675
      vertex 56.5765 56.1901 5.86637
      vertex 57.0437 56.1901 5.86637
    endloop
  endfacet
  facet normal 0 -1 0
    outer loop
      vertex 57.0437 56.1901 2.96207
      vertex 56.8254 56.1901 2.55088
      vertex 57.5757 56.1901 1.3396
    endloop
  endfacet
  facet normal 0 -1 0
    outer loop
      vertex 57.5757 56.1901 6.96675
      vertex 57.0437 56.1901 5.86637
      vertex 57.0437 56.1901 2.96207
    endloop
  endfacet
  facet normal 0 -1 0
    outer loop
      vertex 57.0437 56.1901 2.96207
      vertex 57.5757 56.1901 1.3396
      vertex 57.5757 56.1901 6.96675
    endloop
  endfacet
  facet normal 0.889501 0 0.456933
    outer loop
      vertex 56.1067 56.1901 9.82645
      vertex 57.5757 56.1901 6.96675
      vertex 57.5757 58.6296 6.96675
    endloop
  endfacet
  facet normal 0.889501 0 0.456933
    outer loop
      vertex 57.5757 58.6296 6.96675
      vertex 56.1067 58.6296 9.82645
      vertex 56.1067 56.1901 9.82645
    endloop
  endfacet
  facet normal 0 -1 0
    outer loop
      vertex 56.0731 56.1901 6.74348
      vertex 56.5765 56.1901 6.17916
      vertex 57.5757 56.1901 6.96675
    endloop
  endfacet
  facet normal 0 -1 0
    outer loop
      vertex 57.5757 56.1901 6.96675
      vertex 56.1067 56.1901 9.82645
      vertex 56.0731 56.1901 6.74348
    endloop
  endfacet
  facet normal 0 -1 0
    outer loop
      vertex 55.2842 56.1901 7.85264
      vertex 55.2842 56.1901 6.74348
      vertex 56.0731 56.1901 6.74348
    endloop
  endfacet
  facet normal 0 -1 0
    outer loop
      vertex 56.1067 56.1901 9.82645
      vertex 55.2842 56.1901 9.82645
      vertex 55.2842 56.1901 9.3098
    endloop
  endfacet
  facet normal 0 -1 0
    outer loop
      vertex 56.1067 56.1901 9.82645
      vertex 55.2842 56.1901 9.3098
      vertex 56.0128 56.1901 9.3098
    endloop
  endfacet
  facet normal 4.18877e-05 -1 2.97914e-05
    outer loop
      vertex 56.0128 56.1901 7.85264
      vertex 55.2842 56.1901 7.85264
      vertex 56.0731 56.1901 6.74348
    endloop
  endfacet
  facet normal 0.000115266 -1 -2.09431e-05
    outer loop
      vertex 56.1067 56.1901 9.82645
      vertex 56.0128 56.1901 9.3098
      vertex 56.0128 56.1901 7.85264
    endloop
  endfacet
  facet normal -0.000421659 -1 4.59234e-06
    outer loop
      vertex 56.0731 56.1901 6.74348
      vertex 56.1067 56.1901 9.82645
      vertex 56.0128 56.1901 7.85264
    endloop
  endfacet
  facet normal -1 0 0
    outer loop
      vertex 54.4618 60.2373 9.82645
      vertex 54.4618 58.6296 9.82645
      vertex 54.4618 58.6296 10.2185
    endloop
  endfacet
  facet normal -1 0 0
    outer loop
      vertex 54.4618 58.6296 10.2185
      vertex 54.4618 60.2373 10.2185
      vertex 54.4618 60.2373 9.82645
    endloop
  endfacet
  facet normal -0.00200865 0 -0.999998
    outer loop
      vertex 56.2001 60.2373 3.51315
      vertex 55.2842 60.2373 3.51499
      vertex 55.2842 63.2491 3.51499
    endloop
  endfacet
  facet normal -0.00200865 0 -0.999998
    outer loop
      vertex 55.2842 63.2491 3.51499
      vertex 56.2001 63.2491 3.51315
      vertex 56.2001 60.2373 3.51315
    endloop
  endfacet
  facet normal 0 1 0
    outer loop
      vertex 55.2842 58.5063 1.32713
      vertex 57.5757 58.5063 1.3396
      vertex 57.5746 58.5063 0.0438168
    endloop
  endfacet
  facet normal 0 1 0
    outer loop
      vertex 57.5746 58.5063 0.0438168
      vertex 55.2842 58.5063 0.0438168
      vertex 55.2842 58.5063 1.32713
    endloop
  endfacet
  facet normal 1 0 -0.000799301
    outer loop
      vertex 57.5757 58.5063 1.3396
      vertex 57.5757 56.1901 1.3396
      vertex 57.5746 56.1901 0.046243
    endloop
  endfacet
  facet normal 1 0 -0.000799301
    outer loop
      vertex 57.5757 58.5063 1.3396
      vertex 57.5746 56.1901 0.046243
      vertex 57.5746 57.6813 0.046243
    endloop
  endfacet
  facet normal 1 0 -0.000797804
    outer loop
      vertex 57.5746 58.4905 0.0438168
      vertex 57.5746 58.5063 0.0438168
      vertex 57.5757 58.5063 1.3396
    endloop
  endfacet
  facet normal 1 0 -0.000799301
    outer loop
      vertex 57.5757 58.5063 1.3396
      vertex 57.5746 57.6813 0.046243
      vertex 57.5746 58.4872 0.046243
    endloop
  endfacet
  facet normal 1 -0.000581386 -0.000790722
    outer loop
      vertex 57.5746 58.4872 0.046243
      vertex 57.5746 58.4905 0.0438168
      vertex 57.5757 58.5063 1.3396
    endloop
  endfacet
  facet normal 1 0 0
    outer loop
      vertex 57.5757 56.1901 6.96675
      vertex 57.5757 56.1901 1.3396
      vertex 57.5757 58.5063 1.3396
    endloop
  endfacet
  facet normal 1 0 0
    outer loop
      vertex 57.5757 58.5063 1.3396
      vertex 57.5757 58.6296 6.96675
      vertex 57.5757 56.1901 6.96675
    endloop
  endfacet
  facet normal 0 0 1
    outer loop
      vertex 55.2842 56.1901 9.82645
      vertex 56.1067 56.1901 9.82645
      vertex 56.1067 58.6296 9.82645
    endloop
  endfacet
  facet normal 0 0 1
    outer loop
      vertex 56.1067 58.6296 9.82645
      vertex 55.2842 58.6296 9.82645
      vertex 55.2842 56.1901 9.82645
    endloop
  endfacet
  facet normal 0 1 0
    outer loop
      vertex 56.1067 60.2373 9.82645
      vertex 57.5757 60.2373 6.96675
      vertex 56.2001 60.2373 6.8209
    endloop
  endfacet
  facet normal 0 -1 0
    outer loop
      vertex 56.2001 60.2373 6.8209
      vertex 56.2019 60.2373 8.91828
      vertex 56.1067 60.2373 9.82645
    endloop
  endfacet
  facet normal 0 1 0
    outer loop
      vertex 57.5757 60.2373 2.47176
      vertex 55.2842 60.2373 2.45929
      vertex 55.2842 60.2373 3.51499
    endloop
  endfacet
  facet normal 0 1 0
    outer loop
      vertex 55.2842 60.2373 3.51499
      vertex 56.2001 60.2373 3.51315
      vertex 57.5757 60.2373 2.47176
    endloop
  endfacet
  facet normal 0.889501 0 0.456933
    outer loop
      vertex 56.1067 58.6296 9.82645
      vertex 57.5757 58.6296 6.96675
      vertex 57.5757 60.2373 6.96675
    endloop
  endfacet
  facet normal 0.889501 0 0.456933
    outer loop
      vertex 57.5757 60.2373 6.96675
      vertex 56.1067 60.2373 9.82645
      vertex 56.1067 58.6296 9.82645
    endloop
  endfacet
  facet normal 0.00455589 0.547369 -0.836879
    outer loop
      vertex 57.5757 58.5063 1.3396
      vertex 55.2842 58.5063 1.32713
      vertex 55.2842 60.2373 2.45929
    endloop
  endfacet
  facet normal 0.00455585 0.547369 -0.836879
    outer loop
      vertex 55.2842 60.2373 2.45929
      vertex 57.5757 60.2373 2.47176
      vertex 57.5757 58.5063 1.3396
    endloop
  endfacet
  facet normal 1 0 0
    outer loop
      vertex 57.5757 58.6296 6.96675
      vertex 57.5757 58.5063 1.3396
      vertex 57.5757 60.2373 2.47176
    endloop
  endfacet
  facet normal 1 0 0
    outer loop
      vertex 57.5757 60.2373 2.47176
      vertex 57.5757 60.2373 6.96675
      vertex 57.5757 58.6296 6.96675
    endloop
  endfacet
  facet normal 1 0 -0.000878475
    outer loop
      vertex 56.2019 62.2878 8.91828
      vertex 56.2019 60.2373 8.91828
      vertex 56.2001 60.2373 6.8209
    endloop
  endfacet
  facet normal 1 0 -0.000878475
    outer loop
      vertex 56.2001 63.2491 6.8209
      vertex 56.2019 63.2491 8.91828
      vertex 56.2019 62.881 8.91828
    endloop
  endfacet
  facet normal 1 6.28581e-05 -0.000867444
    outer loop
      vertex 56.2001 63.2491 6.8209
      vertex 56.2019 62.881 8.91828
      vertex 56.2013 62.881 8.17068
    endloop
  endfacet
  facet normal 1 -1.12829e-05 -0.000867444
    outer loop
      vertex 56.2013 62.2878 8.17068
      vertex 56.2019 62.2878 8.91828
      vertex 56.2001 60.2373 6.8209
    endloop
  endfacet
  facet normal 1 0 -0.000884584
    outer loop
      vertex 56.2001 63.2491 6.8209
      vertex 56.2013 62.881 8.17068
      vertex 56.2013 62.2878 8.17068
    endloop
  endfacet
  facet normal 1 0 -0.000884584
    outer loop
      vertex 56.2001 60.2373 6.8209
      vertex 56.2001 63.2491 6.8209
      vertex 56.2013 62.2878 8.17068
    endloop
  endfacet
  facet normal 0 1 0
    outer loop
      vertex 55.2842 60.2373 9.3098
      vertex 55.2842 60.2373 9.82645
      vertex 56.1067 60.2373 9.82645
    endloop
  endfacet
  facet normal 0 1 0
    outer loop
      vertex 56.1067 60.2373 9.82645
      vertex 56.2019 60.2373 8.91828
      vertex 56.0128 60.2373 8.91828
    endloop
  endfacet
  facet normal 0 1 0
    outer loop
      vertex 56.0128 60.2373 9.3098
      vertex 55.2842 60.2373 9.3098
      vertex 56.1067 60.2373 9.82645
    endloop
  endfacet
  facet normal 0 1 0
    outer loop
      vertex 56.1067 60.2373 9.82645
      vertex 56.0128 60.2373 8.91828
      vertex 56.0128 60.2373 9.3098
    endloop
  endfacet
  facet normal 0 1 0
    outer loop
      vertex 57.5757 60.2373 6.96675
      vertex 57.5757 60.2373 2.47176
      vertex 56.2001 60.2373 3.51315
    endloop
  endfacet
  facet normal 0 1 0
    outer loop
      vertex 56.2001 60.2373 3.51315
      vertex 56.2001 60.2373 6.8209
      vertex 57.5757 60.2373 6.96675
    endloop
  endfacet
  facet normal 0 -1 0
    outer loop
      vertex 56.2001 63.2491 3.51315
      vertex 55.2842 63.2491 3.51499
      vertex 55.2842 63.2491 2.75489
    endloop
  endfacet
  facet normal 0 -1 0
    outer loop
      vertex 55.2842 63.2491 2.75489
      vertex 57.7698 63.2491 2.75247
      vertex 56.2001 63.2491 3.51315
    endloop
  endfacet
  facet normal -0.00155655 0 -0.999999
    outer loop
      vertex 56.5571 66.7399 3.13085
      vertex 55.2842 66.7399 3.13283
      vertex 55.2842 67.1938 3.13283
    endloop
  endfacet
  facet normal -0.00155655 0 -0.999999
    outer loop
      vertex 55.2842 67.1938 3.13283
      vertex 56.5571 67.1938 3.13085
      vertex 56.5571 66.7399 3.13085
    endloop
  endfacet
  facet normal 1 0 0
    outer loop
      vertex 56.2001 60.2373 6.8209
      vertex 56.2001 60.2373 3.51315
      vertex 56.2001 63.2491 3.51315
    endloop
  endfacet
  facet normal 1 0 0
    outer loop
      vertex 56.2001 63.2491 3.51315
      vertex 56.2001 63.2491 6.8209
      vertex 56.2001 60.2373 6.8209
    endloop
  endfacet
  facet normal 0 1 0
    outer loop
      vertex 55.2842 66.7399 6.95241
      vertex 57.7698 66.7399 6.95241
      vertex 56.5571 66.7399 6.70529
    endloop
  endfacet
  facet normal 0 1 0
    outer loop
      vertex 56.5571 66.7399 6.70529
      vertex 55.2842 66.7399 6.70529
      vertex 55.2842 66.7399 6.95241
    endloop
  endfacet
  facet normal 0 0 1
    outer loop
      vertex 55.2842 66.7399 6.70529
      vertex 56.5571 66.7399 6.70529
      vertex 56.5571 67.1938 6.70529
    endloop
  endfacet
  facet normal 0 0 1
    outer loop
      vertex 56.5571 67.1938 6.70529
      vertex 55.2842 67.1938 6.70529
      vertex 55.2842 66.7399 6.70529
    endloop
  endfacet
  facet normal 0 0 1
    outer loop
      vertex 55.2842 63.2491 9.73401
      vertex 56.9672 63.2491 9.73401
      vertex 56.5836 63.6711 9.73401
    endloop
  endfacet
  facet normal 0 0 1
    outer loop
      vertex 56.5836 63.6711 9.73401
      vertex 55.2842 63.6711 9.73401
      vertex 55.2842 63.2491 9.73401
    endloop
  endfacet
  facet normal 0.9608 0 0.277241
    outer loop
      vertex 56.9672 63.2491 9.73401
      vertex 57.7698 63.2491 6.95241
      vertex 57.7698 66.7399 6.95241
    endloop
  endfacet
  facet normal 0.9608 0 0.277241
    outer loop
      vertex 57.7698 66.7399 6.95241
      vertex 56.9672 66.7399 9.73401
      vertex 56.9672 63.2491 9.73401
    endloop
  endfacet
  facet normal 0 -1 0
    outer loop
      vertex 56.2019 63.2491 8.91828
      vertex 56.2001 63.2491 6.8209
      vertex 57.7698 63.2491 6.95241
    endloop
  endfacet
  facet normal 0 -1 0
    outer loop
      vertex 57.7698 63.2491 6.95241
      vertex 56.9672 63.2491 9.73401
      vertex 56.2019 63.2491 8.91828
    endloop
  endfacet
  facet normal 0 -1 0
    outer loop
      vertex 56.2001 63.2491 6.8209
      vertex 56.2001 63.2491 3.51315
      vertex 57.7698 63.2491 2.75247
    endloop
  endfacet
  facet normal 0 -1 0
    outer loop
      vertex 57.7698 63.2491 2.75247
      vertex 57.7698 63.2491 6.95241
      vertex 56.2001 63.2491 6.8209
    endloop
  endfacet
  facet normal 0 1 0
    outer loop
      vertex 57.7698 66.7399 2.75247
      vertex 55.2842 66.7399 2.75489
      vertex 55.2842 66.7399 3.13283
    endloop
  endfacet
  facet normal 0 1 0
    outer loop
      vertex 55.2842 66.7399 3.13283
      vertex 56.5571 66.7399 3.13085
      vertex 57.7698 66.7399 2.75247
    endloop
  endfacet
  facet normal 0 1 0
    outer loop
      vertex 57.7698 66.7399 6.95241
      vertex 55.2842 66.7399 6.95241
      vertex 55.2842 66.7399 7.85264
    endloop
  endfacet
  facet normal 0 1 0
    outer loop
      vertex 57.7698 66.7399 6.95241
      vertex 55.2842 66.7399 7.85264
      vertex 56.0128 66.7399 7.85264
    endloop
  endfacet
  facet normal 0 1 0
    outer loop
      vertex 55.2842 66.7399 9.3098
      vertex 55.2842 66.7399 9.73401
      vertex 56.9672 66.7399 9.73401
    endloop
  endfacet
  facet normal 0 1 0
    outer loop
      vertex 57.7698 66.7399 6.95241
      vertex 56.0128 66.7399 7.85264
      vertex 56.0128 66.7399 9.3098
    endloop
  endfacet
  facet normal 0 1 0
    outer loop
      vertex 56.0128 66.7399 9.3098
      vertex 55.2842 66.7399 9.3098
      vertex 56.9672 66.7399 9.73401
    endloop
  endfacet
  facet normal 0 1 0
    outer loop
      vertex 56.9672 66.7399 9.73401
      vertex 57.7698 66.7399 6.95241
      vertex 56.0128 66.7399 9.3098
    endloop
  endfacet
  facet normal 1 0 0
    outer loop
      vertex 57.7698 63.2491 6.95241
      vertex 57.7698 63.2491 2.75247
      vertex 57.7698 66.7399 2.75247
    endloop
  endfacet
  facet normal 1 0 0
    outer loop
      vertex 57.7698 66.7399 2.75247
      vertex 57.7698 66.7399 6.95241
      vertex 57.7698 63.2491 6.95241
    endloop
  endfacet
  facet normal 0 0 1
    outer loop
      vertex 55.2842 67.1938 6.70529
      vertex 56.5571 67.1938 6.70529
      vertex 56.5571 68.0718 6.70529
    endloop
  endfacet
  facet normal 0 0 1
    outer loop
      vertex 56.5571 68.0718 6.70529
      vertex 55.2842 68.0718 6.70529
      vertex 55.2842 67.1938 6.70529
    endloop
  endfacet
  facet normal 0 1 0
    outer loop
      vertex 57.7698 66.7399 6.95241
      vertex 57.7698 66.7399 2.75247
      vertex 56.5571 66.7399 3.13085
    endloop
  endfacet
  facet normal 0 1 0
    outer loop
      vertex 56.5571 66.7399 3.13085
      vertex 56.5571 66.7399 6.70529
      vertex 57.7698 66.7399 6.95241
    endloop
  endfacet
  facet normal -0.000976079 0 -1
    outer loop
      vertex 57.7698 63.2491 2.75247
      vertex 55.2842 63.2491 2.75489
      vertex 55.2842 66.7399 2.75489
    endloop
  endfacet
  facet normal -0.000976079 0 -1
    outer loop
      vertex 55.2842 66.7399 2.75489
      vertex 57.7698 66.7399 2.75247
      vertex 57.7698 63.2491 2.75247
    endloop
  endfacet
  facet normal 1 0 0
    outer loop
      vertex 56.5571 66.7399 6.70529
      vertex 56.5571 66.7399 3.13085
      vertex 56.5571 67.1938 3.13085
    endloop
  endfacet
  facet normal 1 0 0
    outer loop
      vertex 56.5571 67.1938 3.13085
      vertex 56.5571 67.1938 6.70529
      vertex 56.5571 66.7399 6.70529
    endloop
  endfacet
  facet normal 1 0 0
    outer loop
      vertex 56.5571 67.1938 6.70529
      vertex 56.5571 67.1938 3.13085
      vertex 56.5571 68.0718 3.13099
    endloop
  endfacet
  facet normal 1 0 0
    outer loop
      vertex 56.5571 68.0718 3.13099
      vertex 56.5571 68.0718 6.70529
      vertex 56.5571 67.1938 6.70529
    endloop
  endfacet
  facet normal -0.00090987 -0.811362 -0.584543
    outer loop
      vertex 56.5571 67.1938 3.13085
      vertex 55.2842 67.1938 3.13283
      vertex 55.2842 68.0718 1.91417
    endloop
  endfacet
  facet normal -0.00132551 -0.811568 -0.584257
    outer loop
      vertex 55.2842 68.0718 1.91417
      vertex 56.1576 68.0718 1.91219
      vertex 56.5571 67.1938 3.13085
    endloop
  endfacet
  facet normal 0.000473797 0.888302 0.45926
    outer loop
      vertex 56.5571 86.0528 6.70529
      vertex 56.5571 87.656 3.60437
      vertex 55.2842 87.6567 3.60437
    endloop
  endfacet
  facet normal 0 0.888223 0.459413
    outer loop
      vertex 55.2842 87.6567 3.60437
      vertex 55.2842 86.0528 6.70529
      vertex 56.5571 86.0528 6.70529
    endloop
  endfacet
  facet normal 0 0 1
    outer loop
      vertex 55.2842 85.8122 6.70529
      vertex 56.5571 85.8122 6.70529
      vertex 56.5571 86.0528 6.70529
    endloop
  endfacet
  facet normal 0 0 1
    outer loop
      vertex 56.5571 86.0528 6.70529
      vertex 55.2842 86.0528 6.70529
      vertex 55.2842 85.8122 6.70529
    endloop
  endfacet
  facet normal 1 0 0
    outer loop
      vertex 56.5571 85.8122 6.70529
      vertex 56.5571 85.8122 3.60437
      vertex 56.5571 87.656 3.60437
    endloop
  endfacet
  facet normal 1 0 0
    outer loop
      vertex 56.5571 87.656 3.60437
      vertex 56.5571 86.0528 6.70529
      vertex 56.5571 85.8122 6.70529
    endloop
  endfacet
  facet normal 0.950252 0 -0.311481
    outer loop
      vertex 56.5571 71.6198 3.13099
      vertex 56.5571 68.0718 3.13099
      vertex 56.1576 68.0718 1.91219
    endloop
  endfacet
  facet normal 0.950252 0 -0.311481
    outer loop
      vertex 56.1576 68.0718 1.91219
      vertex 56.1576 71.6198 1.91219
      vertex 56.5571 71.6198 3.13099
    endloop
  endfacet
  facet normal 0.950252 5.01584e-05 -0.311481
    outer loop
      vertex 56.5571 68.0718 3.13099
      vertex 56.5571 67.1938 3.13085
      vertex 56.1576 68.0718 1.91219
    endloop
  endfacet
  facet normal 0 0 1
    outer loop
      vertex 55.2842 82.5772 6.70529
      vertex 55.2842 82.2641 6.70529
      vertex 56.5571 82.2641 6.70529
    endloop
  endfacet
  facet normal 0 0 1
    outer loop
      vertex 56.5571 85.8122 6.70529
      vertex 55.2842 85.8122 6.70529
      vertex 55.2842 84.4396 6.70529
    endloop
  endfacet
  facet normal 0 0 1
    outer loop
      vertex 56.5571 85.8122 6.70529
      vertex 55.2842 84.4396 6.70529
      vertex 56.0128 84.4396 6.70529
    endloop
  endfacet
  facet normal 0 0 1
    outer loop
      vertex 56.0128 82.5772 6.70529
      vertex 55.2842 82.5772 6.70529
      vertex 56.5571 82.2641 6.70529
    endloop
  endfacet
  facet normal 0 0 1
    outer loop
      vertex 56.5571 85.8122 6.70529
      vertex 56.0128 84.4396 6.70529
      vertex 56.0128 82.5772 6.70529
    endloop
  endfacet
  facet normal 0 0 1
    outer loop
      vertex 56.5571 82.2641 6.70529
      vertex 56.5571 85.8122 6.70529
      vertex 56.0128 82.5772 6.70529
    endloop
  endfacet
  facet normal -0.00226871 0 -0.999997
    outer loop
      vertex 56.1576 68.0718 1.91219
      vertex 55.2842 68.0718 1.91417
      vertex 55.2842 71.6198 1.91417
    endloop
  endfacet
  facet normal -0.00226871 0 -0.999997
    outer loop
      vertex 55.2842 71.6198 1.91417
      vertex 56.1576 71.6198 1.91219
      vertex 56.1576 68.0718 1.91219
    endloop
  endfacet
  facet normal -0.00226871 0 -0.999997
    outer loop
      vertex 56.1576 71.6198 1.91219
      vertex 55.2842 71.6198 1.91417
      vertex 55.2842 75.1679 1.91417
    endloop
  endfacet
  facet normal -0.00226871 0 -0.999997
    outer loop
      vertex 55.2842 75.1679 1.91417
      vertex 56.1576 75.1679 1.91219
      vertex 56.1576 71.6198 1.91219
    endloop
  endfacet
  facet normal -0.00226871 0 -0.999997
    outer loop
      vertex 56.1576 75.1679 1.91219
      vertex 55.2842 75.1679 1.91417
      vertex 55.2842 78.716 1.91417
    endloop
  endfacet
  facet normal -0.00226871 0 -0.999997
    outer loop
      vertex 55.2842 78.716 1.91417
      vertex 56.1576 78.716 1.91219
      vertex 56.1576 75.1679 1.91219
    endloop
  endfacet
  facet normal -0.00226871 0 -0.999997
    outer loop
      vertex 56.1576 78.716 1.91219
      vertex 55.2842 78.716 1.91417
      vertex 55.2842 79.142 1.91417
    endloop
  endfacet
  facet normal -0.00226871 0 -0.999997
    outer loop
      vertex 55.2842 79.142 1.91417
      vertex 56.1576 79.142 1.91219
      vertex 56.1576 78.716 1.91219
    endloop
  endfacet
  facet normal 0 0 1
    outer loop
      vertex 55.2842 68.0718 6.70529
      vertex 56.5571 68.0718 6.70529
      vertex 56.5571 71.6198 6.70529
    endloop
  endfacet
  facet normal 0 0 1
    outer loop
      vertex 56.5571 71.6198 6.70529
      vertex 55.2842 71.6198 6.70529
      vertex 55.2842 68.0718 6.70529
    endloop
  endfacet
  facet normal 0 0 1
    outer loop
      vertex 55.2842 71.6198 6.70529
      vertex 56.5571 71.6198 6.70529
      vertex 56.5571 75.1679 6.70529
    endloop
  endfacet
  facet normal 0 0 1
    outer loop
      vertex 56.5571 75.1679 6.70529
      vertex 55.2842 75.1679 6.70529
      vertex 55.2842 71.6198 6.70529
    endloop
  endfacet
  facet normal 0 0 1
    outer loop
      vertex 55.2842 75.1679 6.70529
      vertex 56.5571 75.1679 6.70529
      vertex 56.5571 78.716 6.70529
    endloop
  endfacet
  facet normal 0 0 1
    outer loop
      vertex 56.5571 78.716 6.70529
      vertex 55.2842 78.716 6.70529
      vertex 55.2842 75.1679 6.70529
    endloop
  endfacet
  facet normal 0 0 1
    outer loop
      vertex 55.2842 78.716 6.70529
      vertex 56.5571 78.716 6.70529
      vertex 56.5571 82.2641 6.70529
    endloop
  endfacet
  facet normal 0 0 1
    outer loop
      vertex 56.5571 82.2641 6.70529
      vertex 55.2842 82.2641 6.70529
      vertex 55.2842 78.716 6.70529
    endloop
  endfacet
  facet normal 0.950252 0 -0.311481
    outer loop
      vertex 56.5571 78.716 3.13099
      vertex 56.5571 75.1679 3.13099
      vertex 56.1576 75.1679 1.91219
    endloop
  endfacet
  facet normal 0.950252 0 -0.311481
    outer loop
      vertex 56.1576 75.1679 1.91219
      vertex 56.1576 78.716 1.91219
      vertex 56.5571 78.716 3.13099
    endloop
  endfacet
  facet normal 0.950252 0 -0.311481
    outer loop
      vertex 56.5571 75.1679 3.13099
      vertex 56.5571 71.6198 3.13099
      vertex 56.1576 71.6198 1.91219
    endloop
  endfacet
  facet normal 0.950252 0 -0.311481
    outer loop
      vertex 56.1576 71.6198 1.91219
      vertex 56.1576 75.1679 1.91219
      vertex 56.5571 75.1679 3.13099
    endloop
  endfacet
  facet normal 0 0 1
    outer loop
      vertex 56.5571 82.1027 6.51935
      vertex 56.5571 78.8774 6.51935
      vertex 56.7722 78.8774 6.51935
    endloop
  endfacet
  facet normal 0 0 1
    outer loop
      vertex 56.7722 78.8774 6.51935
      vertex 56.7722 82.1027 6.51935
      vertex 56.5571 82.1027 6.51935
    endloop
  endfacet
  facet normal 1 0 0
    outer loop
      vertex 56.5571 85.8122 6.70529
      vertex 56.5571 85.6509 6.51935
      vertex 56.5571 85.6509 3.60437
    endloop
  endfacet
  facet normal 1 0 0
    outer loop
      vertex 56.5571 85.6509 3.60437
      vertex 56.5571 85.8122 3.60437
      vertex 56.5571 85.8122 6.70529
    endloop
  endfacet
  facet normal 1 0 0
    outer loop
      vertex 56.5571 82.2641 6.70529
      vertex 56.5571 82.4253 6.51935
      vertex 56.5571 85.6509 6.51935
    endloop
  endfacet
  facet normal 1 0 0
    outer loop
      vertex 56.5571 85.6509 6.51935
      vertex 56.5571 85.8122 6.70529
      vertex 56.5571 82.2641 6.70529
    endloop
  endfacet
  facet normal 0 0 1
    outer loop
      vertex 56.5571 78.5577 6.51935
      vertex 56.5571 75.3263 6.51935
      vertex 56.7722 75.3263 6.51935
    endloop
  endfacet
  facet normal 0 0 1
    outer loop
      vertex 56.7722 75.3263 6.51935
      vertex 56.7722 78.5577 6.51935
      vertex 56.5571 78.5577 6.51935
    endloop
  endfacet
  facet normal 1 0 0
    outer loop
      vertex 56.5571 68.0718 3.13099
      vertex 56.5571 68.2177 3.31691
      vertex 56.5571 68.2177 6.51935
    endloop
  endfacet
  facet normal 1 0 0
    outer loop
      vertex 56.5571 68.2177 6.51935
      vertex 56.5571 68.0718 6.70529
      vertex 56.5571 68.0718 3.13099
    endloop
  endfacet
  facet normal 1 0 0
    outer loop
      vertex 56.5571 71.6198 3.13099
      vertex 56.5571 71.4739 3.31691
      vertex 56.5571 68.2177 3.31691
    endloop
  endfacet
  facet normal 1 0 0
    outer loop
      vertex 56.5571 68.2177 3.31691
      vertex 56.5571 68.0718 3.13099
      vertex 56.5571 71.6198 3.13099
    endloop
  endfacet
  facet normal 1 0 0
    outer loop
      vertex 56.5571 71.6198 6.70529
      vertex 56.5571 71.4739 6.51935
      vertex 56.5571 71.4739 3.31691
    endloop
  endfacet
  facet normal 1 0 0
    outer loop
      vertex 56.5571 71.4739 3.31691
      vertex 56.5571 71.6198 3.13099
      vertex 56.5571 71.6198 6.70529
    endloop
  endfacet
  facet normal 1 0 0
    outer loop
      vertex 56.5571 68.0718 6.70529
      vertex 56.5571 68.2177 6.51935
      vertex 56.5571 71.4739 6.51935
    endloop
  endfacet
  facet normal 1 0 0
    outer loop
      vertex 56.5571 71.4739 6.51935
      vertex 56.5571 71.6198 6.70529
      vertex 56.5571 68.0718 6.70529
    endloop
  endfacet
  facet normal 1 0 0
    outer loop
      vertex 56.5571 71.6198 3.13099
      vertex 56.5571 71.767 3.31691
      vertex 56.5571 71.767 6.51935
    endloop
  endfacet
  facet normal 1 0 0
    outer loop
      vertex 56.5571 71.767 6.51935
      vertex 56.5571 71.6198 6.70529
      vertex 56.5571 71.6198 3.13099
    endloop
  endfacet
  facet normal 1 0 0
    outer loop
      vertex 56.5571 75.1679 3.13099
      vertex 56.5571 75.0207 3.31691
      vertex 56.5571 71.767 3.31691
    endloop
  endfacet
  facet normal 1 0 0
    outer loop
      vertex 56.5571 71.767 3.31691
      vertex 56.5571 71.6198 3.13099
      vertex 56.5571 75.1679 3.13099
    endloop
  endfacet
  facet normal 1 0 0
    outer loop
      vertex 56.5571 75.1679 6.70529
      vertex 56.5571 75.0207 6.51935
      vertex 56.5571 75.0207 3.31691
    endloop
  endfacet
  facet normal 1 0 0
    outer loop
      vertex 56.5571 75.0207 3.31691
      vertex 56.5571 75.1679 3.13099
      vertex 56.5571 75.1679 6.70529
    endloop
  endfacet
  facet normal 1 0 0
    outer loop
      vertex 56.5571 71.6198 6.70529
      vertex 56.5571 71.767 6.51935
      vertex 56.5571 75.0207 6.51935
    endloop
  endfacet
  facet normal 1 0 0
    outer loop
      vertex 56.5571 75.0207 6.51935
      vertex 56.5571 75.1679 6.70529
      vertex 56.5571 71.6198 6.70529
    endloop
  endfacet
  facet normal 0 0 1
    outer loop
      vertex 56.5571 75.0207 6.51935
      vertex 56.5571 71.767 6.51935
      vertex 56.7722 71.767 6.51935
    endloop
  endfacet
  facet normal 0 0 1
    outer loop
      vertex 56.7722 71.767 6.51935
      vertex 56.7722 75.0207 6.51935
      vertex 56.5571 75.0207 6.51935
    endloop
  endfacet
  facet normal 1 0 0
    outer loop
      vertex 56.5571 75.1679 3.13099
      vertex 56.5571 75.3263 3.31691
      vertex 56.5571 75.3263 6.51935
    endloop
  endfacet
  facet normal 1 0 0
    outer loop
      vertex 56.5571 75.3263 6.51935
      vertex 56.5571 75.1679 6.70529
      vertex 56.5571 75.1679 3.13099
    endloop
  endfacet
  facet normal 1 0 0
    outer loop
      vertex 56.5571 78.716 3.13099
      vertex 56.5571 78.5577 3.31691
      vertex 56.5571 75.3263 3.31691
    endloop
  endfacet
  facet normal 1 0 0
    outer loop
      vertex 56.5571 75.3263 3.31691
      vertex 56.5571 75.1679 3.13099
      vertex 56.5571 78.716 3.13099
    endloop
  endfacet
  facet normal 1 0 0
    outer loop
      vertex 56.5571 78.716 6.70529
      vertex 56.5571 78.5577 6.51935
      vertex 56.5571 78.5577 3.31691
    endloop
  endfacet
  facet normal 1 0 0
    outer loop
      vertex 56.5571 78.5577 3.31691
      vertex 56.5571 78.716 3.13099
      vertex 56.5571 78.716 6.70529
    endloop
  endfacet
  facet normal 1 0 0
    outer loop
      vertex 56.5571 75.1679 6.70529
      vertex 56.5571 75.3263 6.51935
      vertex 56.5571 78.5577 6.51935
    endloop
  endfacet
  facet normal 1 0 0
    outer loop
      vertex 56.5571 78.5577 6.51935
      vertex 56.5571 78.716 6.70529
      vertex 56.5571 75.1679 6.70529
    endloop
  endfacet
  facet normal 0 1 0
    outer loop
      vertex 56.5571 78.5577 3.31691
      vertex 56.5571 78.5577 6.51935
      vertex 56.7722 78.5577 6.51935
    endloop
  endfacet
  facet normal 0 1 0
    outer loop
      vertex 56.7722 78.5577 6.51935
      vertex 56.7722 78.5577 3.31691
      vertex 56.5571 78.5577 3.31691
    endloop
  endfacet
  facet normal 1 0 0
    outer loop
      vertex 56.5571 78.716 3.13099
      vertex 56.5571 78.8774 3.31691
      vertex 56.5571 78.8774 6.51935
    endloop
  endfacet
  facet normal 1 0 0
    outer loop
      vertex 56.5571 78.8774 6.51935
      vertex 56.5571 78.716 6.70529
      vertex 56.5571 78.716 3.13099
    endloop
  endfacet
  facet normal 1 0 0
    outer loop
      vertex 56.5571 82.2641 6.70529
      vertex 56.5571 82.1027 6.51935
      vertex 56.5571 82.1027 3.60437
    endloop
  endfacet
  facet normal 1 0 0
    outer loop
      vertex 56.5571 82.1027 3.60437
      vertex 56.5571 82.2641 3.60437
      vertex 56.5571 82.2641 6.70529
    endloop
  endfacet
  facet normal 1 0 0
    outer loop
      vertex 56.5571 78.716 6.70529
      vertex 56.5571 78.8774 6.51935
      vertex 56.5571 82.1027 6.51935
    endloop
  endfacet
  facet normal 1 0 0
    outer loop
      vertex 56.5571 82.1027 6.51935
      vertex 56.5571 82.2641 6.70529
      vertex 56.5571 78.716 6.70529
    endloop
  endfacet
  facet normal 1 0 0
    outer loop
      vertex 56.7722 85.6509 6.51935
      vertex 56.7722 82.4253 6.51935
      vertex 56.7722 82.6414 6.26106
    endloop
  endfacet
  facet normal 0 0 0
    outer loop
      vertex 56.7722 82.9984 6.26106
      vertex 56.7722 82.9984 5.90402
      vertex 56.7722 82.9984 3.93178
    endloop
  endfacet
  facet normal 1 0 0
    outer loop
      vertex 56.7722 85.6509 6.51935
      vertex 56.7722 82.6414 6.26106
      vertex 56.7722 82.9984 6.26106
    endloop
  endfacet
  facet normal 1 0 0
    outer loop
      vertex 56.7722 85.0425 6.26106
      vertex 56.7722 85.6509 6.51935
      vertex 56.7722 82.9984 6.26106
    endloop
  endfacet
  facet normal 1 0 0
    outer loop
      vertex 56.7722 82.9984 3.93178
      vertex 56.7722 82.9984 3.60437
      vertex 56.7722 84.545 3.60437
    endloop
  endfacet
  facet normal 1 0 0
    outer loop
      vertex 56.7722 85.0425 6.26106
      vertex 56.7722 82.9984 6.26106
      vertex 56.7722 82.9984 3.93178
    endloop
  endfacet
  facet normal 1 0 0
    outer loop
      vertex 56.7722 85.3995 3.93178
      vertex 56.7722 85.3995 5.90402
      vertex 56.7722 85.0425 5.90402
    endloop
  endfacet
  facet normal 1 0 0
    outer loop
      vertex 56.7722 85.0425 5.90402
      vertex 56.7722 85.0425 6.26106
      vertex 56.7722 82.9984 3.93178
    endloop
  endfacet
  facet normal 1 0 0
    outer loop
      vertex 56.7722 82.9984 3.93178
      vertex 56.7722 84.545 3.60437
      vertex 56.7722 84.84 3.60437
    endloop
  endfacet
  facet normal 1 0 0
    outer loop
      vertex 56.7722 84.84 3.60437
      vertex 56.7722 85.0425 3.60437
      vertex 56.7722 85.0425 3.93178
    endloop
  endfacet
  facet normal 1 0 0
    outer loop
      vertex 56.7722 85.0425 3.93178
      vertex 56.7722 85.3995 3.93178
      vertex 56.7722 85.0425 5.90402
    endloop
  endfacet
  facet normal 1 0 0
    outer loop
      vertex 56.7722 85.0425 5.90402
      vertex 56.7722 82.9984 3.93178
      vertex 56.7722 84.84 3.60437
    endloop
  endfacet
  facet normal 1 0 0
    outer loop
      vertex 56.7722 84.84 3.60437
      vertex 56.7722 85.0425 3.93178
      vertex 56.7722 85.0425 5.90402
    endloop
  endfacet
  facet normal 1 0 0
    outer loop
      vertex 56.7722 71.4739 6.51935
      vertex 56.7722 68.2177 6.51935
      vertex 56.7722 68.4372 6.26106
    endloop
  endfacet
  facet normal 1 0 0
    outer loop
      vertex 56.7722 71.4739 6.51935
      vertex 56.7722 68.4372 6.26106
      vertex 56.7722 68.7943 6.26106
    endloop
  endfacet
  facet normal 1 0 0
    outer loop
      vertex 56.7722 70.8384 6.26106
      vertex 56.7722 71.4739 6.51935
      vertex 56.7722 68.7943 6.26106
    endloop
  endfacet
  facet normal 1 0 0
    outer loop
      vertex 56.7722 68.7943 5.90402
      vertex 56.7722 68.4372 3.93178
      vertex 56.7722 68.7943 3.93178
    endloop
  endfacet
  facet normal 1 0 0
    outer loop
      vertex 56.7722 70.8384 6.26106
      vertex 56.7722 68.7943 6.26106
      vertex 56.7722 68.7943 5.90402
    endloop
  endfacet
  facet normal 1 0 0
    outer loop
      vertex 56.7722 70.8384 3.93178
      vertex 56.7722 70.8482 5.90402
      vertex 56.7722 70.8384 5.90402
    endloop
  endfacet
  facet normal 1 0 0
    outer loop
      vertex 56.7722 70.8384 5.90402
      vertex 56.7722 70.8384 6.26106
      vertex 56.7722 68.7943 5.90402
    endloop
  endfacet
  facet normal 0 0 0
    outer loop
      vertex 56.7722 68.7943 5.90402
      vertex 56.7722 68.7943 3.93178
      vertex 56.7722 68.7943 3.57475
    endloop
  endfacet
  facet normal 1 0 0
    outer loop
      vertex 56.7722 68.7943 3.57475
      vertex 56.7722 68.2177 3.31691
      vertex 56.7722 71.4739 3.31691
    endloop
  endfacet
  facet normal 1 0 0
    outer loop
      vertex 56.7722 71.4739 3.31691
      vertex 56.7722 71.1954 3.57475
      vertex 56.7722 70.8384 3.57475
    endloop
  endfacet
  facet normal 1 0 0
    outer loop
      vertex 56.7722 70.8384 3.93178
      vertex 56.7722 70.8384 5.90402
      vertex 56.7722 68.7943 5.90402
    endloop
  endfacet
  facet normal 1 0 0
    outer loop
      vertex 56.7722 68.7943 3.57475
      vertex 56.7722 71.4739 3.31691
      vertex 56.7722 70.8384 3.57475
    endloop
  endfacet
  facet normal 1 0 0
    outer loop
      vertex 56.7722 70.8384 3.57475
      vertex 56.7722 70.8384 3.93178
      vertex 56.7722 68.7943 5.90402
    endloop
  endfacet
  facet normal 1 0 0
    outer loop
      vertex 56.7722 68.7943 5.90402
      vertex 56.7722 68.7943 3.57475
      vertex 56.7722 70.8384 3.57475
    endloop
  endfacet
  facet normal 1 0 0
    outer loop
      vertex 56.7722 75.0207 6.51935
      vertex 56.7722 71.767 6.51935
      vertex 56.7722 71.9976 6.26106
    endloop
  endfacet
  facet normal 1 0 0
    outer loop
      vertex 56.7722 75.0207 6.51935
      vertex 56.7722 71.9976 6.26106
      vertex 56.7722 72.3546 6.26106
    endloop
  endfacet
  facet normal 1 0 0
    outer loop
      vertex 56.7722 74.3987 6.26106
      vertex 56.7722 75.0207 6.51935
      vertex 56.7722 72.3546 6.26106
    endloop
  endfacet
  facet normal 1 0 0
    outer loop
      vertex 56.7722 72.3546 5.90402
      vertex 56.7722 71.9976 3.93178
      vertex 56.7722 72.3546 3.93178
    endloop
  endfacet
  facet normal 1 0 0
    outer loop
      vertex 56.7722 74.3987 6.26106
      vertex 56.7722 72.3546 6.26106
      vertex 56.7722 72.3546 5.90402
    endloop
  endfacet
  facet normal 1 0 0
    outer loop
      vertex 56.7722 74.7558 3.93178
      vertex 56.7722 74.7558 5.90402
      vertex 56.7722 74.3987 5.90402
    endloop
  endfacet
  facet normal 1 0 0
    outer loop
      vertex 56.7722 74.3987 5.90402
      vertex 56.7722 74.3987 6.26106
      vertex 56.7722 72.3546 5.90402
    endloop
  endfacet
  facet normal 0 0 0
    outer loop
      vertex 56.7722 72.3546 5.90402
      vertex 56.7722 72.3546 3.93178
      vertex 56.7722 72.3546 3.57475
    endloop
  endfacet
  facet normal 1 0 0
    outer loop
      vertex 56.7722 72.3546 3.57475
      vertex 56.7722 71.767 3.31691
      vertex 56.7722 75.0207 3.31691
    endloop
  endfacet
  facet normal 1 0 0
    outer loop
      vertex 56.7722 75.0207 3.31691
      vertex 56.7722 74.7558 3.57475
      vertex 56.7722 74.3987 3.57475
    endloop
  endfacet
  facet normal 1 0 0
    outer loop
      vertex 56.7722 74.3987 3.93178
      vertex 56.7722 74.7558 3.93178
      vertex 56.7722 74.3987 5.90402
    endloop
  endfacet
  facet normal 1 0 0
    outer loop
      vertex 56.7722 72.3546 3.57475
      vertex 56.7722 75.0207 3.31691
      vertex 56.7722 74.3987 3.57475
    endloop
  endfacet
  facet normal 1 0 0
    outer loop
      vertex 56.7722 74.3987 3.93178
      vertex 56.7722 74.3987 5.90402
      vertex 56.7722 72.3546 5.90402
    endloop
  endfacet
  facet normal 1 0 0
    outer loop
      vertex 56.7722 72.3546 3.57475
      vertex 56.7722 74.3987 3.57475
      vertex 56.7722 74.3987 3.93178
    endloop
  endfacet
  facet normal 1 0 0
    outer loop
      vertex 56.7722 72.3546 5.90402
      vertex 56.7722 72.3546 3.57475
      vertex 56.7722 74.3987 3.93178
    endloop
  endfacet
  facet normal 1 0 0
    outer loop
      vertex 56.7722 78.5577 6.51935
      vertex 56.7722 75.3263 6.51935
      vertex 56.7722 75.5393 6.26106
    endloop
  endfacet
  facet normal 1 0 0
    outer loop
      vertex 56.7722 78.5577 6.51935
      vertex 56.7722 75.5393 6.26106
      vertex 56.7722 75.8963 6.26106
    endloop
  endfacet
  facet normal 1 0 0
    outer loop
      vertex 56.7722 77.9404 6.26106
      vertex 56.7722 78.297 6.26106
      vertex 56.7722 78.5577 6.51935
    endloop
  endfacet
  facet normal 1 0 0
    outer loop
      vertex 56.7722 78.2975 3.93178
      vertex 56.7722 78.2975 5.90402
      vertex 56.7722 77.9404 5.90402
    endloop
  endfacet
  facet normal 1 0 0
    outer loop
      vertex 56.7722 77.9404 6.26106
      vertex 56.7722 78.5577 6.51935
      vertex 56.7722 75.8963 6.26106
    endloop
  endfacet
  facet normal 1 0 0
    outer loop
      vertex 56.7722 77.9404 3.93178
      vertex 56.7722 78.2975 3.93178
      vertex 56.7722 77.9404 5.90402
    endloop
  endfacet
  facet normal 1 0 0
    outer loop
      vertex 56.7722 77.9404 5.90402
      vertex 56.7722 77.9404 6.26106
      vertex 56.7722 75.8963 6.26106
    endloop
  endfacet
  facet normal 1 0 0
    outer loop
      vertex 56.7722 75.8963 5.90402
      vertex 56.7722 75.5393 3.93178
      vertex 56.7722 75.8963 3.93178
    endloop
  endfacet
  facet normal 1 0 0
    outer loop
      vertex 56.7722 77.9404 5.90402
      vertex 56.7722 75.8963 6.26106
      vertex 56.7722 75.8963 5.90402
    endloop
  endfacet
  facet normal 0 0 0
    outer loop
      vertex 56.7722 77.9404 3.57475
      vertex 56.7722 77.9404 3.93178
      vertex 56.7722 77.9404 5.90402
    endloop
  endfacet
  facet normal 1 0 0
    outer loop
      vertex 56.7722 77.9404 5.90402
      vertex 56.7722 75.8963 5.90402
      vertex 56.7722 75.8963 3.93178
    endloop
  endfacet
  facet normal 1 0 0
    outer loop
      vertex 56.7722 75.8963 3.57475
      vertex 56.7722 75.3263 3.31691
      vertex 56.7722 78.5577 3.31691
    endloop
  endfacet
  facet normal 1 0 0
    outer loop
      vertex 56.7722 77.9404 5.90402
      vertex 56.7722 75.8963 3.93178
      vertex 56.7722 75.8963 3.57475
    endloop
  endfacet
  facet normal 1 0 0
    outer loop
      vertex 56.7722 78.5577 3.31691
      vertex 56.7722 78.2975 3.57475
      vertex 56.7722 77.9404 3.57475
    endloop
  endfacet
  facet normal 1 0 0
    outer loop
      vertex 56.7722 77.9404 3.57475
      vertex 56.7722 77.9404 5.90402
      vertex 56.7722 75.8963 3.57475
    endloop
  endfacet
  facet normal 1 0 0
    outer loop
      vertex 56.7722 75.8963 3.57475
      vertex 56.7722 78.5577 3.31691
      vertex 56.7722 77.9404 3.57475
    endloop
  endfacet
  facet normal 1 0 0
    outer loop
      vertex 56.7722 82.1027 6.51935
      vertex 56.7722 78.8774 6.51935
      vertex 56.7722 79.1183 6.26106
    endloop
  endfacet
  facet normal 0 0 0
    outer loop
      vertex 56.7722 79.4753 6.26106
      vertex 56.7722 79.4753 5.90402
      vertex 56.7722 79.4753 3.93178
    endloop
  endfacet
  facet normal 1 0 0
    outer loop
      vertex 56.7722 82.1027 6.51935
      vertex 56.7722 79.1183 6.26106
      vertex 56.7722 79.4753 6.26106
    endloop
  endfacet
  facet normal 1 0 0
    outer loop
      vertex 56.7722 81.5194 6.26106
      vertex 56.7722 82.1027 6.51935
      vertex 56.7722 79.4753 6.26106
    endloop
  endfacet
  facet normal 1 0 0
    outer loop
      vertex 56.7722 79.4753 3.93178
      vertex 56.7722 79.4753 3.60437
      vertex 56.7722 80.3389 3.60437
    endloop
  endfacet
  facet normal 1 0 0
    outer loop
      vertex 56.7722 81.5194 6.26106
      vertex 56.7722 79.4753 6.26106
      vertex 56.7722 79.4753 3.93178
    endloop
  endfacet
  facet normal 1 0 0
    outer loop
      vertex 56.7722 81.8765 3.93178
      vertex 56.7722 81.8765 5.90402
      vertex 56.7722 81.5194 5.90402
    endloop
  endfacet
  facet normal 1 0 0
    outer loop
      vertex 56.7722 81.5194 5.90402
      vertex 56.7722 81.5194 6.26106
      vertex 56.7722 79.4753 3.93178
    endloop
  endfacet
  facet normal 1 0 0
    outer loop
      vertex 56.7722 79.4753 3.93178
      vertex 56.7722 80.3389 3.60437
      vertex 56.7722 80.8583 3.60437
    endloop
  endfacet
  facet normal 1 0 0
    outer loop
      vertex 56.7722 80.8583 3.60437
      vertex 56.7722 81.5194 3.60437
      vertex 56.7722 81.5194 3.93178
    endloop
  endfacet
  facet normal 1 0 0
    outer loop
      vertex 56.7722 81.5194 3.93178
      vertex 56.7722 81.8765 3.93178
      vertex 56.7722 81.5194 5.90402
    endloop
  endfacet
  facet normal 1 0 0
    outer loop
      vertex 56.7722 81.5194 5.90402
      vertex 56.7722 79.4753 3.93178
      vertex 56.7722 80.8583 3.60437
    endloop
  endfacet
  facet normal 1 0 0
    outer loop
      vertex 56.7722 80.8583 3.60437
      vertex 56.7722 81.5194 3.93178
      vertex 56.7722 81.5194 5.90402
    endloop
  endfacet
  facet normal 0 -1 0
    outer loop
      vertex 56.5571 82.4253 6.51935
      vertex 56.5571 82.4253 3.60437
      vertex 56.7722 82.4253 3.60437
    endloop
  endfacet
  facet normal 0 -1 0
    outer loop
      vertex 56.7722 82.4253 3.60437
      vertex 56.7722 82.4253 6.51935
      vertex 56.5571 82.4253 6.51935
    endloop
  endfacet
  facet normal 0 -1 0
    outer loop
      vertex 56.5571 68.2177 6.51935
      vertex 56.5571 68.2177 3.31691
      vertex 56.7722 68.2177 3.31691
    endloop
  endfacet
  facet normal 0 -1 0
    outer loop
      vertex 56.7722 68.2177 3.31691
      vertex 56.7722 68.2177 6.51935
      vertex 56.5571 68.2177 6.51935
    endloop
  endfacet
  facet normal 0 -1 0
    outer loop
      vertex 56.5571 71.767 6.51935
      vertex 56.5571 71.767 3.31691
      vertex 56.7722 71.767 3.31691
    endloop
  endfacet
  facet normal 0 -1 0
    outer loop
      vertex 56.7722 71.767 3.31691
      vertex 56.7722 71.767 6.51935
      vertex 56.5571 71.767 6.51935
    endloop
  endfacet
  facet normal 0 0 -1
    outer loop
      vertex 56.5571 68.2177 3.31691
      vertex 56.5571 71.4739 3.31691
      vertex 56.7722 71.4739 3.31691
    endloop
  endfacet
  facet normal 0 0 -1
    outer loop
      vertex 56.7722 71.4739 3.31691
      vertex 56.7722 68.2177 3.31691
      vertex 56.5571 68.2177 3.31691
    endloop
  endfacet
  facet normal 0 -1 0
    outer loop
      vertex 56.5571 75.3263 6.51935
      vertex 56.5571 75.3263 3.31691
      vertex 56.7722 75.3263 3.31691
    endloop
  endfacet
  facet normal 0 -1 0
    outer loop
      vertex 56.7722 75.3263 3.31691
      vertex 56.7722 75.3263 6.51935
      vertex 56.5571 75.3263 6.51935
    endloop
  endfacet
  facet normal 0 0 -1
    outer loop
      vertex 56.5571 71.767 3.31691
      vertex 56.5571 75.0207 3.31691
      vertex 56.7722 75.0207 3.31691
    endloop
  endfacet
  facet normal 0 0 -1
    outer loop
      vertex 56.7722 75.0207 3.31691
      vertex 56.7722 71.767 3.31691
      vertex 56.5571 71.767 3.31691
    endloop
  endfacet
  facet normal 0 -1 0
    outer loop
      vertex 56.5571 78.8774 6.51935
      vertex 56.5571 78.8774 3.31691
      vertex 56.7722 78.8774 3.31691
    endloop
  endfacet
  facet normal 0 -1 0
    outer loop
      vertex 56.7722 78.8774 3.31691
      vertex 56.7722 78.8774 6.51935
      vertex 56.5571 78.8774 6.51935
    endloop
  endfacet
  facet normal 0 1 0
    outer loop
      vertex 56.5571 71.4739 3.31691
      vertex 56.5571 71.4739 6.51935
      vertex 56.7722 71.4739 6.51935
    endloop
  endfacet
  facet normal 0 1 0
    outer loop
      vertex 56.7722 71.4739 6.51935
      vertex 56.7722 71.4739 3.31691
      vertex 56.5571 71.4739 3.31691
    endloop
  endfacet
  facet normal 0 0 -1
    outer loop
      vertex 56.5571 75.3263 3.31691
      vertex 56.5571 78.5577 3.31691
      vertex 56.7722 78.5577 3.31691
    endloop
  endfacet
  facet normal 0 0 -1
    outer loop
      vertex 56.7722 78.5577 3.31691
      vertex 56.7722 75.3263 3.31691
      vertex 56.5571 75.3263 3.31691
    endloop
  endfacet
  facet normal 0 0 1
    outer loop
      vertex 56.5571 85.6509 6.51935
      vertex 56.5571 82.4253 6.51935
      vertex 56.7722 82.4253 6.51935
    endloop
  endfacet
  facet normal 0 0 1
    outer loop
      vertex 56.7722 82.4253 6.51935
      vertex 56.7722 85.6509 6.51935
      vertex 56.5571 85.6509 6.51935
    endloop
  endfacet
  facet normal 0 1 0
    outer loop
      vertex 56.5571 75.0207 3.31691
      vertex 56.5571 75.0207 6.51935
      vertex 56.7722 75.0207 6.51935
    endloop
  endfacet
  facet normal 0 1 0
    outer loop
      vertex 56.7722 75.0207 6.51935
      vertex 56.7722 75.0207 3.31691
      vertex 56.5571 75.0207 3.31691
    endloop
  endfacet
  facet normal 0 0 -1
    outer loop
      vertex 56.5571 78.8774 3.31691
      vertex 56.5571 79.142 3.31691
      vertex 56.7722 79.142 3.31691
    endloop
  endfacet
  facet normal 0 0 -1
    outer loop
      vertex 56.7722 79.142 3.31691
      vertex 56.7722 78.8774 3.31691
      vertex 56.5571 78.8774 3.31691
    endloop
  endfacet
  facet normal 0 0 1
    outer loop
      vertex 56.5571 71.4739 6.51935
      vertex 56.5571 68.2177 6.51935
      vertex 56.7722 68.2177 6.51935
    endloop
  endfacet
  facet normal 0 0 1
    outer loop
      vertex 56.7722 68.2177 6.51935
      vertex 56.7722 71.4739 6.51935
      vertex 56.5571 71.4739 6.51935
    endloop
  endfacet
  facet normal 0 -1 0
    outer loop
      vertex 56.3341 8.54639 5.90972
      vertex 55.2842 8.54639 5.90972
      vertex 55.2842 8.54639 5.35136
    endloop
  endfacet
  facet normal 0 -1 0
    outer loop
      vertex 55.2842 8.54639 5.35136
      vertex 55.7821 8.54639 5.35136
      vertex 56.3341 8.54639 5.90972
    endloop
  endfacet
  facet normal 0 -1 0
    outer loop
      vertex 55.2842 8.54639 2.2912
      vertex 56.0244 8.54639 2.2912
      vertex 56.3341 8.54639 2.95426
    endloop
  endfacet
  facet normal 0 -1 0
    outer loop
      vertex 56.3341 8.54639 2.95426
      vertex 55.2842 8.54639 2.95473
      vertex 55.2842 8.54639 2.2912
    endloop
  endfacet
  facet normal 1 0 0
    outer loop
      vertex 55.7821 8.54639 3.83815
      vertex 55.7821 8.54639 5.35136
      vertex 55.7821 8.2503 5.35136
    endloop
  endfacet
  facet normal 1 0 0
    outer loop
      vertex 55.7821 8.2503 5.35136
      vertex 55.7821 8.2503 3.83815
      vertex 55.7821 8.54639 3.83815
    endloop
  endfacet
  facet normal 0 -1 0
    outer loop
      vertex 56.3341 8.54639 2.95426
      vertex 56.3341 8.54639 5.90972
      vertex 55.7821 8.54639 5.35136
    endloop
  endfacet
  facet normal 0 -1 0
    outer loop
      vertex 55.7821 8.54639 5.35136
      vertex 55.7821 8.54639 3.83815
      vertex 56.3341 8.54639 2.95426
    endloop
  endfacet
  facet normal 0 -1 0
    outer loop
      vertex 55.2842 8.54639 2.95473
      vertex 56.3341 8.54639 2.95426
      vertex 55.7821 8.54639 3.83815
    endloop
  endfacet
  facet normal 0 -1 0
    outer loop
      vertex 55.7821 8.54639 3.83815
      vertex 55.2842 8.54639 3.83845
      vertex 55.2842 8.54639 2.95473
    endloop
  endfacet
  facet normal 0 -1 0
    outer loop
      vertex 55.7821 8.2503 3.83815
      vertex 55.7821 8.2503 5.35136
      vertex 55.6219 8.2503 5.18521
    endloop
  endfacet
  facet normal 0 -1 0
    outer loop
      vertex 55.6219 8.2503 5.18521
      vertex 55.6219 8.2503 4.06869
      vertex 55.7821 8.2503 3.83815
    endloop
  endfacet
  facet normal -0.000609083 0 -1
    outer loop
      vertex 55.2842 8.54639 3.83845
      vertex 55.7821 8.54639 3.83815
      vertex 55.7821 8.2503 3.83815
    endloop
  endfacet
  facet normal -0.000609083 0 -1
    outer loop
      vertex 55.7821 8.2503 3.83815
      vertex 55.2842 8.2503 3.83845
      vertex 55.2842 8.54639 3.83845
    endloop
  endfacet
  facet normal 0 0 1
    outer loop
      vertex 55.7821 8.54639 5.35136
      vertex 55.2842 8.54639 5.35136
      vertex 55.2842 8.2503 5.35136
    endloop
  endfacet
  facet normal 0 0 1
    outer loop
      vertex 55.2842 8.2503 5.35136
      vertex 55.7821 8.2503 5.35136
      vertex 55.7821 8.54639 5.35136
    endloop
  endfacet
  facet normal -1 0 0
    outer loop
      vertex 55.6219 8.2503 4.06869
      vertex 55.6219 8.2503 5.18521
      vertex 55.6219 8.54558 5.18521
    endloop
  endfacet
  facet normal -1 0 0
    outer loop
      vertex 55.6219 8.54558 5.18521
      vertex 55.6219 8.54558 4.06869
      vertex 55.6219 8.2503 4.06869
    endloop
  endfacet
  facet normal 0 -1 0
    outer loop
      vertex 55.2842 8.2503 3.83845
      vertex 55.7821 8.2503 3.83815
      vertex 55.6219 8.2503 4.06869
    endloop
  endfacet
  facet normal 0 -1 0
    outer loop
      vertex 55.6219 8.2503 4.06869
      vertex 55.2842 8.2503 4.06892
      vertex 55.2842 8.2503 3.83845
    endloop
  endfacet
  facet normal 0 -1 0
    outer loop
      vertex 55.7821 8.2503 5.35136
      vertex 55.2842 8.2503 5.35136
      vertex 55.2842 8.2503 5.18521
    endloop
  endfacet
  facet normal 0 -1 0
    outer loop
      vertex 55.2842 8.2503 5.18521
      vertex 55.6219 8.2503 5.18521
      vertex 55.7821 8.2503 5.35136
    endloop
  endfacet
  facet normal 0 -1 0
    outer loop
      vertex 55.2842 8.54558 5.18521
      vertex 55.2842 8.54558 4.06892
      vertex 55.6219 8.54558 4.06869
    endloop
  endfacet
  facet normal 0 -1 0
    outer loop
      vertex 55.6219 8.54558 4.06869
      vertex 55.6219 8.54558 5.18521
      vertex 55.2842 8.54558 5.18521
    endloop
  endfacet
  facet normal 0.00065956 0 1
    outer loop
      vertex 55.2842 8.2503 4.06892
      vertex 55.6219 8.2503 4.06869
      vertex 55.6219 8.54558 4.06869
    endloop
  endfacet
  facet normal 0.00065956 0 1
    outer loop
      vertex 55.6219 8.54558 4.06869
      vertex 55.2842 8.54558 4.06892
      vertex 55.2842 8.2503 4.06892
    endloop
  endfacet
  facet normal 0 0 -1
    outer loop
      vertex 55.6219 8.2503 5.18521
      vertex 55.2842 8.2503 5.18521
      vertex 55.2842 8.54558 5.18521
    endloop
  endfacet
  facet normal 0 0 -1
    outer loop
      vertex 55.2842 8.54558 5.18521
      vertex 55.6219 8.54558 5.18521
      vertex 55.6219 8.2503 5.18521
    endloop
  endfacet
  facet normal 0 1 0
    outer loop
      vertex 56.7722 71.9976 5.90402
      vertex 56.5309 71.9976 5.90402
      vertex 56.5309 71.9976 6.26106
    endloop
  endfacet
  facet normal 0 1 0
    outer loop
      vertex 56.5309 71.9976 6.26106
      vertex 56.7722 71.9976 6.26106
      vertex 56.7722 71.9976 5.90402
    endloop
  endfacet
  facet normal 0 1 0
    outer loop
      vertex 56.7722 74.3987 3.57475
      vertex 56.5309 74.3987 3.57475
      vertex 56.5309 74.3987 3.93178
    endloop
  endfacet
  facet normal 0 1 0
    outer loop
      vertex 56.5309 74.3987 3.93178
      vertex 56.7722 74.3987 3.93178
      vertex 56.7722 74.3987 3.57475
    endloop
  endfacet
  facet normal 1 0 0
    outer loop
      vertex 56.7722 82.1027 6.51935
      vertex 56.7722 81.5194 6.26106
      vertex 56.7722 81.8765 6.26106
    endloop
  endfacet
  facet normal 0 0 0
    outer loop
      vertex 56.7722 81.8765 6.26106
      vertex 56.7722 81.8765 5.90402
      vertex 56.7722 81.8765 3.93178
    endloop
  endfacet
  facet normal 1 0 0
    outer loop
      vertex 56.7722 81.8765 3.93178
      vertex 56.7722 81.8765 3.60437
      vertex 56.7722 82.1027 3.60437
    endloop
  endfacet
  facet normal 1 0 0
    outer loop
      vertex 56.7722 82.1027 3.60437
      vertex 56.7722 82.1027 6.51935
      vertex 56.7722 81.8765 6.26106
    endloop
  endfacet
  facet normal 1 0 0
    outer loop
      vertex 56.7722 81.8765 6.26106
      vertex 56.7722 81.8765 3.93178
      vertex 56.7722 82.1027 3.60437
    endloop
  endfacet
  facet normal 1 0 0
    outer loop
      vertex 56.7722 78.8774 3.31691
      vertex 56.7722 79.142 3.43104
      vertex 56.7722 79.142 3.57475
    endloop
  endfacet
  facet normal 1 0 0
    outer loop
      vertex 56.7722 78.8774 3.31691
      vertex 56.7722 79.142 3.57475
      vertex 56.7722 79.1183 3.57475
    endloop
  endfacet
  facet normal 1 0 0
    outer loop
      vertex 56.7722 79.1183 6.26106
      vertex 56.7722 78.8774 6.51935
      vertex 56.7722 78.8774 3.31691
    endloop
  endfacet
  facet normal 1 0 0
    outer loop
      vertex 56.7722 79.4753 3.93178
      vertex 56.7722 79.4753 5.90402
      vertex 56.7722 79.1183 5.90402
    endloop
  endfacet
  facet normal 1 0 0
    outer loop
      vertex 56.7722 79.1183 5.90402
      vertex 56.7722 79.1183 6.26106
      vertex 56.7722 78.8774 3.31691
    endloop
  endfacet
  facet normal 1 0 0
    outer loop
      vertex 56.7722 78.8774 3.31691
      vertex 56.7722 79.1183 3.57475
      vertex 56.7722 79.1183 3.93178
    endloop
  endfacet
  facet normal 1 0 0
    outer loop
      vertex 56.7722 79.1183 3.93178
      vertex 56.7722 79.4753 3.93178
      vertex 56.7722 79.1183 5.90402
    endloop
  endfacet
  facet normal 1 0 0
    outer loop
      vertex 56.7722 78.8774 3.31691
      vertex 56.7722 79.1183 3.93178
      vertex 56.7722 79.1183 5.90402
    endloop
  endfacet
  facet normal 0 0 1
    outer loop
      vertex 56.7722 78.2975 3.57475
      vertex 56.5309 78.2975 3.57475
      vertex 56.5309 77.9404 3.57475
    endloop
  endfacet
  facet normal 0 0 1
    outer loop
      vertex 56.5309 77.9404 3.57475
      vertex 56.7722 77.9404 3.57475
      vertex 56.7722 78.2975 3.57475
    endloop
  endfacet
  facet normal 0 1 0
    outer loop
      vertex 56.7722 68.4372 3.57475
      vertex 56.5309 68.4372 3.57475
      vertex 56.5309 68.4372 3.93178
    endloop
  endfacet
  facet normal 0 1 0
    outer loop
      vertex 56.5309 68.4372 3.93178
      vertex 56.7722 68.4372 3.93178
      vertex 56.7722 68.4372 3.57475
    endloop
  endfacet
  facet normal 0 1 0
    outer loop
      vertex 56.7722 82.6414 5.90402
      vertex 56.5309 82.6414 5.90402
      vertex 56.5309 82.6414 6.26106
    endloop
  endfacet
  facet normal 0 1 0
    outer loop
      vertex 56.5309 82.6414 6.26106
      vertex 56.7722 82.6414 6.26106
      vertex 56.7722 82.6414 5.90402
    endloop
  endfacet
  facet normal 0 1 0
    outer loop
      vertex 56.7722 68.4372 5.90402
      vertex 56.5309 68.4372 5.90402
      vertex 56.5309 68.4372 6.26106
    endloop
  endfacet
  facet normal 0 1 0
    outer loop
      vertex 56.5309 68.4372 6.26106
      vertex 56.7722 68.4372 6.26106
      vertex 56.7722 68.4372 5.90402
    endloop
  endfacet
  facet normal 0 1 0
    outer loop
      vertex 56.7722 77.9404 3.57475
      vertex 56.5309 77.9404 3.57475
      vertex 56.5309 77.9404 3.93178
    endloop
  endfacet
  facet normal 0 1 0
    outer loop
      vertex 56.5309 77.9404 3.93178
      vertex 56.7722 77.9404 3.93178
      vertex 56.7722 77.9404 3.57475
    endloop
  endfacet
  facet normal 0 0 1
    outer loop
      vertex 56.7722 79.4753 5.90402
      vertex 56.5309 79.4753 5.90402
      vertex 56.5309 79.1183 5.90402
    endloop
  endfacet
  facet normal 0 0 1
    outer loop
      vertex 56.5309 79.1183 5.90402
      vertex 56.7722 79.1183 5.90402
      vertex 56.7722 79.4753 5.90402
    endloop
  endfacet
  facet normal 0 0 1
    outer loop
      vertex 56.7722 74.7558 3.57475
      vertex 56.5309 74.7558 3.57475
      vertex 56.5309 74.3987 3.57475
    endloop
  endfacet
  facet normal 0 0 1
    outer loop
      vertex 56.5309 74.3987 3.57475
      vertex 56.7722 74.3987 3.57475
      vertex 56.7722 74.7558 3.57475
    endloop
  endfacet
  facet normal 0 1 0
    outer loop
      vertex 56.7722 81.5194 5.90402
      vertex 56.5309 81.5194 5.90402
      vertex 56.5309 81.5194 6.26106
    endloop
  endfacet
  facet normal 0 1 0
    outer loop
      vertex 56.5309 81.5194 6.26106
      vertex 56.7722 81.5194 6.26106
      vertex 56.7722 81.5194 5.90402
    endloop
  endfacet
  facet normal 0 0 1
    outer loop
      vertex 56.7722 68.7943 3.57475
      vertex 56.5309 68.7943 3.57475
      vertex 56.5309 68.4372 3.57475
    endloop
  endfacet
  facet normal 0 0 1
    outer loop
      vertex 56.5309 68.4372 3.57475
      vertex 56.7722 68.4372 3.57475
      vertex 56.7722 68.7943 3.57475
    endloop
  endfacet
  facet normal 0 0 1
    outer loop
      vertex 56.7722 81.8765 5.90402
      vertex 56.5309 81.8765 5.90402
      vertex 56.5309 81.5194 5.90402
    endloop
  endfacet
  facet normal 0 0 1
    outer loop
      vertex 56.5309 81.5194 5.90402
      vertex 56.7722 81.5194 5.90402
      vertex 56.7722 81.8765 5.90402
    endloop
  endfacet
  facet normal 0 1 0
    outer loop
      vertex 56.7722 71.9976 3.57475
      vertex 56.5309 71.9976 3.57475
      vertex 56.5309 71.9976 3.93178
    endloop
  endfacet
  facet normal 0 1 0
    outer loop
      vertex 56.5309 71.9976 3.93178
      vertex 56.7722 71.9976 3.93178
      vertex 56.7722 71.9976 3.57475
    endloop
  endfacet
  facet normal 0 0 1
    outer loop
      vertex 56.7722 75.8963 3.57475
      vertex 56.5309 75.8963 3.57475
      vertex 56.5309 75.5393 3.57475
    endloop
  endfacet
  facet normal 0 0 1
    outer loop
      vertex 56.5309 75.5393 3.57475
      vertex 56.7722 75.5393 3.57475
      vertex 56.7722 75.8963 3.57475
    endloop
  endfacet
  facet normal 0 0 1
    outer loop
      vertex 56.7722 82.9984 5.90402
      vertex 56.5309 82.9984 5.90402
      vertex 56.5309 82.6414 5.90402
    endloop
  endfacet
  facet normal 0 0 1
    outer loop
      vertex 56.5309 82.6414 5.90402
      vertex 56.7722 82.6414 5.90402
      vertex 56.7722 82.9984 5.90402
    endloop
  endfacet
  facet normal 0 0 1
    outer loop
      vertex 56.7722 71.1954 3.57475
      vertex 56.5309 71.1954 3.57475
      vertex 56.5309 70.8384 3.57475
    endloop
  endfacet
  facet normal 0 0 1
    outer loop
      vertex 56.5309 70.8384 3.57475
      vertex 56.7722 70.8384 3.57475
      vertex 56.7722 71.1954 3.57475
    endloop
  endfacet
  facet normal 0 0 1
    outer loop
      vertex 56.7722 85.3995 5.90402
      vertex 56.5309 85.3995 5.90402
      vertex 56.5309 85.0425 5.90402
    endloop
  endfacet
  facet normal 0 0 1
    outer loop
      vertex 56.5309 85.0425 5.90402
      vertex 56.7722 85.0425 5.90402
      vertex 56.7722 85.3995 5.90402
    endloop
  endfacet
  facet normal 0 0 1
    outer loop
      vertex 56.7722 74.7558 5.90402
      vertex 56.5309 74.7558 5.90402
      vertex 56.5309 74.3987 5.90402
    endloop
  endfacet
  facet normal 0 0 1
    outer loop
      vertex 56.5309 74.3987 5.90402
      vertex 56.7722 74.3987 5.90402
      vertex 56.7722 74.7558 5.90402
    endloop
  endfacet
  facet normal 0 1 0
    outer loop
      vertex 56.7722 70.8384 3.57475
      vertex 56.5309 70.8384 3.57475
      vertex 56.5309 70.8384 3.93178
    endloop
  endfacet
  facet normal 0 1 0
    outer loop
      vertex 56.5309 70.8384 3.93178
      vertex 56.7722 70.8384 3.93178
      vertex 56.7722 70.8384 3.57475
    endloop
  endfacet
  facet normal 1 0 0
    outer loop
      vertex 56.7722 75.0207 6.51935
      vertex 56.7722 74.3987 6.26106
      vertex 56.7722 74.7558 6.26106
    endloop
  endfacet
  facet normal 0 0 0
    outer loop
      vertex 56.7722 74.7558 5.90402
      vertex 56.7722 74.7558 3.93178
      vertex 56.7722 74.7558 3.57475
    endloop
  endfacet
  facet normal 1 0 0
    outer loop
      vertex 56.7722 75.0207 6.51935
      vertex 56.7722 74.7558 6.26106
      vertex 56.7722 74.7558 5.90402
    endloop
  endfacet
  facet normal 1 0 0
    outer loop
      vertex 56.7722 74.7558 3.57475
      vertex 56.7722 75.0207 3.31691
      vertex 56.7722 75.0207 6.51935
    endloop
  endfacet
  facet normal 1 0 0
    outer loop
      vertex 56.7722 75.0207 6.51935
      vertex 56.7722 74.7558 5.90402
      vertex 56.7722 74.7558 3.57475
    endloop
  endfacet
  facet normal 1 0 0
    outer loop
      vertex 56.7722 71.767 3.31691
      vertex 56.7722 72.3546 5.90402
      vertex 56.7722 71.9976 5.90402
    endloop
  endfacet
  facet normal 1 0 0
    outer loop
      vertex 56.7722 71.9976 5.90402
      vertex 56.7722 71.9976 6.26106
      vertex 56.7722 71.767 6.51935
    endloop
  endfacet
  facet normal 1 0 0
    outer loop
      vertex 56.7722 71.767 3.31691
      vertex 56.7722 71.9976 5.90402
      vertex 56.7722 71.767 6.51935
    endloop
  endfacet
  facet normal 1 0 0
    outer loop
      vertex 56.7722 71.767 3.31691
      vertex 56.7722 72.3546 3.57475
      vertex 56.7722 71.9976 3.57475
    endloop
  endfacet
  facet normal 1 0 0
    outer loop
      vertex 56.7722 71.9976 3.93178
      vertex 56.7722 72.3546 5.90402
      vertex 56.7722 71.767 3.31691
    endloop
  endfacet
  facet normal 1 0 0
    outer loop
      vertex 56.7722 71.767 3.31691
      vertex 56.7722 71.9976 3.57475
      vertex 56.7722 71.9976 3.93178
    endloop
  endfacet
  facet normal 0 1 0
    outer loop
      vertex 56.7722 77.9404 5.90402
      vertex 56.5309 77.9404 5.90402
      vertex 56.5309 77.9404 6.26106
    endloop
  endfacet
  facet normal 0 1 0
    outer loop
      vertex 56.5309 77.9404 6.26106
      vertex 56.7722 77.9404 6.26106
      vertex 56.7722 77.9404 5.90402
    endloop
  endfacet
  facet normal 0 1 0
    outer loop
      vertex 56.7722 74.3987 5.90402
      vertex 56.5309 74.3987 5.90402
      vertex 56.5309 74.3987 6.26106
    endloop
  endfacet
  facet normal 0 1 0
    outer loop
      vertex 56.5309 74.3987 6.26106
      vertex 56.7722 74.3987 6.26106
      vertex 56.7722 74.3987 5.90402
    endloop
  endfacet
  facet normal 0 0 1
    outer loop
      vertex 56.7722 72.3546 5.90402
      vertex 56.5309 72.3546 5.90402
      vertex 56.5309 71.9976 5.90402
    endloop
  endfacet
  facet normal 0 0 1
    outer loop
      vertex 56.5309 71.9976 5.90402
      vertex 56.7722 71.9976 5.90402
      vertex 56.7722 72.3546 5.90402
    endloop
  endfacet
  facet normal 0 1 0
    outer loop
      vertex 56.7722 85.0425 5.90402
      vertex 56.5309 85.0425 5.90402
      vertex 56.5309 85.0425 6.26106
    endloop
  endfacet
  facet normal 0 1 0
    outer loop
      vertex 56.5309 85.0425 6.26106
      vertex 56.7722 85.0425 6.26106
      vertex 56.7722 85.0425 5.90402
    endloop
  endfacet
  facet normal 0 1 0
    outer loop
      vertex 56.7722 70.8384 5.90402
      vertex 56.5309 70.8384 5.90402
      vertex 56.5309 70.8384 6.26106
    endloop
  endfacet
  facet normal 0 1 0
    outer loop
      vertex 56.5309 70.8384 6.26106
      vertex 56.7722 70.8384 6.26106
      vertex 56.7722 70.8384 5.90402
    endloop
  endfacet
  facet normal 0 0 1
    outer loop
      vertex 56.7722 72.3546 3.57475
      vertex 56.5309 72.3546 3.57475
      vertex 56.5309 71.9976 3.57475
    endloop
  endfacet
  facet normal 0 0 1
    outer loop
      vertex 56.5309 71.9976 3.57475
      vertex 56.7722 71.9976 3.57475
      vertex 56.7722 72.3546 3.57475
    endloop
  endfacet
  facet normal 0 1 0
    outer loop
      vertex 56.7722 79.1183 5.90402
      vertex 56.5309 79.1183 5.90402
      vertex 56.5309 79.1183 6.26106
    endloop
  endfacet
  facet normal 0 1 0
    outer loop
      vertex 56.5309 79.1183 6.26106
      vertex 56.7722 79.1183 6.26106
      vertex 56.7722 79.1183 5.90402
    endloop
  endfacet
  facet normal 0 1 0
    outer loop
      vertex 56.7722 75.5393 5.90402
      vertex 56.5309 75.5393 5.90402
      vertex 56.5309 75.5393 6.26106
    endloop
  endfacet
  facet normal 0 1 0
    outer loop
      vertex 56.5309 75.5393 6.26106
      vertex 56.7722 75.5393 6.26106
      vertex 56.7722 75.5393 5.90402
    endloop
  endfacet
  facet normal 0 0 1
    outer loop
      vertex 56.7722 75.8963 5.90402
      vertex 56.5309 75.8963 5.90402
      vertex 56.5309 75.5393 5.90402
    endloop
  endfacet
  facet normal 0 0 1
    outer loop
      vertex 56.5309 75.5393 5.90402
      vertex 56.7722 75.5393 5.90402
      vertex 56.7722 75.8963 5.90402
    endloop
  endfacet
  facet normal 1 0 0
    outer loop
      vertex 56.7722 71.4739 6.51935
      vertex 56.7722 70.8384 6.26106
      vertex 56.7722 71.1954 6.26106
    endloop
  endfacet
  facet normal 1 0 0
    outer loop
      vertex 56.7722 71.1954 5.90402
      vertex 56.7722 70.8482 5.90402
      vertex 56.7722 70.8384 3.93178
    endloop
  endfacet
  facet normal 1 0 0
    outer loop
      vertex 56.7722 71.4739 6.51935
      vertex 56.7722 71.1954 6.26106
      vertex 56.7722 71.1954 5.90402
    endloop
  endfacet
  facet normal 1 0 0
    outer loop
      vertex 56.7722 71.1954 3.57475
      vertex 56.7722 71.4739 3.31691
      vertex 56.7722 71.4739 6.51935
    endloop
  endfacet
  facet normal 1 0 0
    outer loop
      vertex 56.7722 71.1954 5.90402
      vertex 56.7722 70.8384 3.93178
      vertex 56.7722 71.1954 3.93178
    endloop
  endfacet
  facet normal 1 0 0
    outer loop
      vertex 56.7722 71.1954 3.93178
      vertex 56.7722 71.1954 3.57475
      vertex 56.7722 71.4739 6.51935
    endloop
  endfacet
  facet normal 1 0 0
    outer loop
      vertex 56.7722 71.4739 6.51935
      vertex 56.7722 71.1954 5.90402
      vertex 56.7722 71.1954 3.93178
    endloop
  endfacet
  facet normal 1 0 0
    outer loop
      vertex 56.7722 68.2177 3.31691
      vertex 56.7722 68.7943 5.90402
      vertex 56.7722 68.4372 5.90402
    endloop
  endfacet
  facet normal 1 0 0
    outer loop
      vertex 56.7722 68.4372 5.90402
      vertex 56.7722 68.4372 6.26106
      vertex 56.7722 68.2177 6.51935
    endloop
  endfacet
  facet normal 1 0 0
    outer loop
      vertex 56.7722 68.2177 3.31691
      vertex 56.7722 68.4372 5.90402
      vertex 56.7722 68.2177 6.51935
    endloop
  endfacet
  facet normal 1 0 0
    outer loop
      vertex 56.7722 68.2177 3.31691
      vertex 56.7722 68.7943 3.57475
      vertex 56.7722 68.4372 3.57475
    endloop
  endfacet
  facet normal 1 0 0
    outer loop
      vertex 56.7722 68.4372 3.93178
      vertex 56.7722 68.7943 5.90402
      vertex 56.7722 68.2177 3.31691
    endloop
  endfacet
  facet normal 1 0 0
    outer loop
      vertex 56.7722 68.2177 3.31691
      vertex 56.7722 68.4372 3.57475
      vertex 56.7722 68.4372 3.93178
    endloop
  endfacet
  facet normal 0 0 1
    outer loop
      vertex 56.7722 78.2975 5.90402
      vertex 56.5309 78.2975 5.90402
      vertex 56.5309 77.9404 5.90402
    endloop
  endfacet
  facet normal 0 0 1
    outer loop
      vertex 56.5309 77.9404 5.90402
      vertex 56.7722 77.9404 5.90402
      vertex 56.7722 78.2975 5.90402
    endloop
  endfacet
  facet normal 0 1 0
    outer loop
      vertex 56.7722 79.1183 3.57475
      vertex 56.5309 79.1183 3.57475
      vertex 56.5309 79.1183 3.93178
    endloop
  endfacet
  facet normal 0 1 0
    outer loop
      vertex 56.5309 79.1183 3.93178
      vertex 56.7722 79.1183 3.93178
      vertex 56.7722 79.1183 3.57475
    endloop
  endfacet
  facet normal 0 0 1
    outer loop
      vertex 56.7722 68.7943 5.90402
      vertex 56.5309 68.7943 5.90402
      vertex 56.5309 68.4372 5.90402
    endloop
  endfacet
  facet normal 0 0 1
    outer loop
      vertex 56.5309 68.4372 5.90402
      vertex 56.7722 68.4372 5.90402
      vertex 56.7722 68.7943 5.90402
    endloop
  endfacet
  facet normal 0 0 1
    outer loop
      vertex 56.7722 70.8482 5.90402
      vertex 56.7722 71.1954 5.90402
      vertex 56.5309 71.1954 5.90402
    endloop
  endfacet
  facet normal 0 0 1
    outer loop
      vertex 56.5309 71.1954 5.90402
      vertex 56.5309 70.8384 5.90402
      vertex 56.7722 70.8384 5.90402
    endloop
  endfacet
  facet normal 0 0 1
    outer loop
      vertex 56.5309 71.1954 5.90402
      vertex 56.7722 70.8384 5.90402
      vertex 56.7722 70.8482 5.90402
    endloop
  endfacet
  facet normal 1 0 0
    outer loop
      vertex 56.7722 78.5577 3.31691
      vertex 56.7722 78.5577 6.51935
      vertex 56.7722 78.297 6.26106
    endloop
  endfacet
  facet normal 1 0 0
    outer loop
      vertex 56.7722 78.5577 3.31691
      vertex 56.7722 78.297 6.26106
      vertex 56.7722 78.2975 5.90402
    endloop
  endfacet
  facet normal 1 0 0
    outer loop
      vertex 56.7722 78.2975 3.93178
      vertex 56.7722 78.2975 3.57475
      vertex 56.7722 78.5577 3.31691
    endloop
  endfacet
  facet normal 1 0 0
    outer loop
      vertex 56.7722 78.2975 5.90402
      vertex 56.7722 78.2975 3.93178
      vertex 56.7722 78.5577 3.31691
    endloop
  endfacet
  facet normal 1 0 0
    outer loop
      vertex 56.7722 75.3263 3.31691
      vertex 56.7722 75.8963 5.90402
      vertex 56.7722 75.5393 5.90402
    endloop
  endfacet
  facet normal 1 0 0
    outer loop
      vertex 56.7722 75.5393 5.90402
      vertex 56.7722 75.5393 6.26106
      vertex 56.7722 75.3263 6.51935
    endloop
  endfacet
  facet normal 1 0 0
    outer loop
      vertex 56.7722 75.3263 3.31691
      vertex 56.7722 75.5393 5.90402
      vertex 56.7722 75.3263 6.51935
    endloop
  endfacet
  facet normal 1 0 0
    outer loop
      vertex 56.7722 75.3263 3.31691
      vertex 56.7722 75.8963 3.57475
      vertex 56.7722 75.5393 3.57475
    endloop
  endfacet
  facet normal 1 0 0
    outer loop
      vertex 56.7722 75.5393 3.93178
      vertex 56.7722 75.8963 5.90402
      vertex 56.7722 75.3263 3.31691
    endloop
  endfacet
  facet normal 1 0 0
    outer loop
      vertex 56.7722 75.3263 3.31691
      vertex 56.7722 75.5393 3.57475
      vertex 56.7722 75.5393 3.93178
    endloop
  endfacet
  facet normal 0 1 0
    outer loop
      vertex 56.7722 75.5393 3.57475
      vertex 56.5309 75.5393 3.57475
      vertex 56.5309 75.5393 3.93178
    endloop
  endfacet
  facet normal 0 1 0
    outer loop
      vertex 56.5309 75.5393 3.93178
      vertex 56.7722 75.5393 3.93178
      vertex 56.7722 75.5393 3.57475
    endloop
  endfacet
  facet normal 1 0 0
    outer loop
      vertex 56.7722 85.6509 6.51935
      vertex 56.7722 85.0425 6.26106
      vertex 56.7722 85.3995 6.26106
    endloop
  endfacet
  facet normal 0 0 0
    outer loop
      vertex 56.7722 85.3995 5.90402
      vertex 56.7722 85.3995 3.93178
      vertex 56.7722 85.3995 3.60437
    endloop
  endfacet
  facet normal 1 0 0
    outer loop
      vertex 56.7722 85.6509 6.51935
      vertex 56.7722 85.3995 6.26106
      vertex 56.7722 85.3995 5.90402
    endloop
  endfacet
  facet normal 1 0 0
    outer loop
      vertex 56.7722 85.3995 3.60437
      vertex 56.7722 85.6509 3.60437
      vertex 56.7722 85.6509 6.51935
    endloop
  endfacet
  facet normal 1 0 0
    outer loop
      vertex 56.7722 85.6509 6.51935
      vertex 56.7722 85.3995 5.90402
      vertex 56.7722 85.3995 3.60437
    endloop
  endfacet
  facet normal -2.42054e-05 0.528627 -0.848854
    outer loop
      vertex 56.5765 37.7726 4.65372
      vertex 56.16 37.7725 4.65372
      vertex 56.16 39.402 5.66848
    endloop
  endfacet
  facet normal 0 0.528632 -0.848851
    outer loop
      vertex 56.16 39.402 5.66848
      vertex 56.5765 39.402 5.66848
      vertex 56.5765 37.7726 4.65372
    endloop
  endfacet
  facet normal 0 0 1
    outer loop
      vertex 56.5765 41.0495 4.65372
      vertex 56.16 41.0495 4.65372
      vertex 56.16 37.7725 4.65372
    endloop
  endfacet
  facet normal 0 0 1
    outer loop
      vertex 56.16 37.7725 4.65372
      vertex 56.5765 37.7726 4.65372
      vertex 56.5765 41.0495 4.65372
    endloop
  endfacet
  facet normal 0 -0.528632 0.848851
    outer loop
      vertex 56.5765 38.736 5.66848
      vertex 56.16 38.736 5.66848
      vertex 56.16 37.1065 4.65372
    endloop
  endfacet
  facet normal 0 -0.528632 0.848851
    outer loop
      vertex 56.16 37.1065 4.65372
      vertex 56.5765 37.1065 4.65372
      vertex 56.5765 38.736 5.66848
    endloop
  endfacet
  facet normal 0 0 -1
    outer loop
      vertex 56.5765 43.3008 5.66848
      vertex 56.5765 40.1324 5.66848
      vertex 56.16 40.1324 5.66848
    endloop
  endfacet
  facet normal 0 0 -1
    outer loop
      vertex 56.16 40.1324 5.66848
      vertex 56.16 43.4094 5.66848
      vertex 56.5765 43.4094 5.66848
    endloop
  endfacet
  facet normal 0 0 -1
    outer loop
      vertex 56.16 40.1324 5.66848
      vertex 56.5765 43.4094 5.66848
      vertex 56.5765 43.3008 5.66848
    endloop
  endfacet
  facet normal 0 0 -1
    outer loop
      vertex 56.5765 35.459 5.66848
      vertex 56.16 35.459 5.66848
      vertex 56.16 38.736 5.66848
    endloop
  endfacet
  facet normal 0 0 -1
    outer loop
      vertex 56.16 38.736 5.66848
      vertex 56.5765 38.736 5.66848
      vertex 56.5765 35.459 5.66848
    endloop
  endfacet
  facet normal 0 -0.528747 0.848779
    outer loop
      vertex 56.5765 43.3008 5.60081
      vertex 56.5765 43.4094 5.66848
      vertex 56.16 43.4094 5.66848
    endloop
  endfacet
  facet normal 0 -0.528635 0.848849
    outer loop
      vertex 56.16 43.4094 5.66848
      vertex 56.16 41.78 4.65372
      vertex 56.5765 41.78 4.65372
    endloop
  endfacet
  facet normal 4.34382e-05 -0.528627 0.848854
    outer loop
      vertex 56.16 43.4094 5.66848
      vertex 56.5765 41.78 4.65372
      vertex 56.5765 43.3008 5.60081
    endloop
  endfacet
  facet normal 0 0 1
    outer loop
      vertex 56.5765 36.3761 4.65372
      vertex 56.16 36.3761 4.65372
      vertex 56.16 33.0991 4.65372
    endloop
  endfacet
  facet normal 0 0 1
    outer loop
      vertex 56.16 33.0991 4.65372
      vertex 56.5765 33.0991 4.65372
      vertex 56.5765 36.3761 4.65372
    endloop
  endfacet
  facet normal 1 0 0
    outer loop
      vertex 56.5765 43.3008 5.66848
      vertex 56.5765 43.3008 6.1699
      vertex 56.5765 38.736 5.66848
    endloop
  endfacet
  facet normal 0 0 0
    outer loop
      vertex 56.5765 43.3008 5.66848
      vertex 56.5765 38.736 5.66848
      vertex 56.5765 39.402 5.66848
    endloop
  endfacet
  facet normal 0 0 0
    outer loop
      vertex 56.5765 43.3008 5.66848
      vertex 56.5765 39.402 5.66848
      vertex 56.5765 39.4201 5.66848
    endloop
  endfacet
  facet normal 0 0 0
    outer loop
      vertex 56.5765 40.1324 5.66848
      vertex 56.5765 43.3008 5.66848
      vertex 56.5765 39.4201 5.66848
    endloop
  endfacet
  facet normal 1 0 0
    outer loop
      vertex 56.5765 41.7619 4.65372
      vertex 56.5765 40.1324 5.66848
      vertex 56.5765 39.4201 5.66848
    endloop
  endfacet
  facet normal 1 0 0
    outer loop
      vertex 56.5765 41.7619 4.65372
      vertex 56.5765 39.4201 5.66848
      vertex 56.5765 41.0495 4.65372
    endloop
  endfacet
  facet normal 1 7.19082e-06 -1.15468e-05
    outer loop
      vertex 56.5765 43.3008 2.95786
      vertex 56.5765 43.3008 5.60081
      vertex 56.5765 41.78 4.65372
    endloop
  endfacet
  facet normal 1 0 -1.79954e-05
    outer loop
      vertex 56.5765 41.7619 4.65372
      vertex 56.5765 41.0495 4.65372
      vertex 56.5765 43.3008 2.95786
    endloop
  endfacet
  facet normal 1 0 -1.79954e-05
    outer loop
      vertex 56.5765 43.3008 2.95786
      vertex 56.5765 41.78 4.65372
      vertex 56.5765 41.7619 4.65372
    endloop
  endfacet
  facet normal 1 0 -1.79954e-05
    outer loop
      vertex 56.5765 43.3008 2.95786
      vertex 56.5765 41.0495 4.65372
      vertex 56.5765 37.7726 4.65372
    endloop
  endfacet
  facet normal 1 0 0
    outer loop
      vertex 56.5765 37.7726 4.65372
      vertex 56.5765 39.402 5.66848
      vertex 56.5765 38.736 5.66848
    endloop
  endfacet
  facet normal 1 0 -1.79954e-05
    outer loop
      vertex 56.5765 37.1065 4.65372
      vertex 56.5765 43.3008 2.95786
      vertex 56.5765 37.7726 4.65372
    endloop
  endfacet
  facet normal 1 0 0
    outer loop
      vertex 56.5765 37.7726 4.65372
      vertex 56.5765 38.736 5.66848
      vertex 56.5765 37.1065 4.65372
    endloop
  endfacet
  facet normal 1 0 -1.79957e-05
    outer loop
      vertex 56.5765 43.3008 2.95786
      vertex 56.5765 37.1065 4.65372
      vertex 56.5765 37.0884 4.65372
    endloop
  endfacet
  facet normal 1 0 0
    outer loop
      vertex 56.5765 35.459 5.66848
      vertex 56.5765 38.736 5.66848
      vertex 56.5765 43.3008 6.1699
    endloop
  endfacet
  facet normal 1 0 -1.79954e-05
    outer loop
      vertex 56.5765 36.3761 4.65372
      vertex 56.5765 43.3008 2.95786
      vertex 56.5765 37.0884 4.65372
    endloop
  endfacet
  facet normal 1 0 0
    outer loop
      vertex 56.5765 36.3761 4.65372
      vertex 56.5765 37.0884 4.65372
      vertex 56.5765 35.459 5.66848
    endloop
  endfacet
  facet normal 1 0 0
    outer loop
      vertex 56.5765 43.3008 6.1699
      vertex 56.5765 34.7285 5.66848
      vertex 56.5765 34.7466 5.66848
    endloop
  endfacet
  facet normal 1 0 0
    outer loop
      vertex 56.5765 34.7466 5.66848
      vertex 56.5765 36.3761 4.65372
      vertex 56.5765 35.459 5.66848
    endloop
  endfacet
  facet normal 1 0 0
    outer loop
      vertex 56.5765 35.459 5.66848
      vertex 56.5765 43.3008 6.1699
      vertex 56.5765 34.7466 5.66848
    endloop
  endfacet
  facet normal 0 0.528635 -0.848849
    outer loop
      vertex 56.5765 33.0991 4.65372
      vertex 56.16 33.0991 4.65372
      vertex 56.16 34.7285 5.66848
    endloop
  endfacet
  facet normal 0 0.528635 -0.848849
    outer loop
      vertex 56.16 34.7285 5.66848
      vertex 56.5765 34.7285 5.66848
      vertex 56.5765 33.0991 4.65372
    endloop
  endfacet
  facet normal 0 0 1
    outer loop
      vertex 55.2842 63.6711 8.05409
      vertex 56.5836 63.6711 8.05409
      vertex 56.5836 66.3179 8.05409
    endloop
  endfacet
  facet normal 0 0 1
    outer loop
      vertex 56.5836 66.3179 8.05409
      vertex 55.2842 66.3179 8.05409
      vertex 55.2842 63.6711 8.05409
    endloop
  endfacet
  facet normal 0 0 1
    outer loop
      vertex 56.9672 66.7399 9.73401
      vertex 55.2842 66.7399 9.73401
      vertex 55.2842 66.3179 9.73401
    endloop
  endfacet
  facet normal 0 0 1
    outer loop
      vertex 55.2842 66.3179 9.73401
      vertex 56.5836 66.3179 9.73401
      vertex 56.9672 66.7399 9.73401
    endloop
  endfacet
  facet normal 0 0 1
    outer loop
      vertex 56.9672 63.2491 9.73401
      vertex 56.9672 66.7399 9.73401
      vertex 56.5836 66.3179 9.73401
    endloop
  endfacet
  facet normal 0 0 1
    outer loop
      vertex 56.5836 66.3179 9.73401
      vertex 56.5836 63.6711 9.73401
      vertex 56.9672 63.2491 9.73401
    endloop
  endfacet
  facet normal 0 -1 0
    outer loop
      vertex 56.5836 66.3179 9.73401
      vertex 55.2842 66.3179 9.73401
      vertex 55.2842 66.3179 8.05409
    endloop
  endfacet
  facet normal 0 -1 0
    outer loop
      vertex 55.2842 66.3179 8.05409
      vertex 56.5836 66.3179 8.05409
      vertex 56.5836 66.3179 9.73401
    endloop
  endfacet
  facet normal -1 0 0
    outer loop
      vertex 56.5836 63.6711 9.73401
      vertex 56.5836 66.3179 9.73401
      vertex 56.5836 66.3179 8.05409
    endloop
  endfacet
  facet normal -1 0 0
    outer loop
      vertex 56.5836 66.3179 8.05409
      vertex 56.5836 63.6711 8.05409
      vertex 56.5836 63.6711 9.73401
    endloop
  endfacet
  facet normal 0 1 0
    outer loop
      vertex 55.2842 63.6711 9.73401
      vertex 56.5836 63.6711 9.73401
      vertex 56.5836 63.6711 8.05409
    endloop
  endfacet
  facet normal 0 1 0
    outer loop
      vertex 56.5836 63.6711 8.05409
      vertex 55.2842 63.6711 8.05409
      vertex 55.2842 63.6711 9.73401
    endloop
  endfacet
  facet normal 0 1 0
    outer loop
      vertex 56.5765 14.4701 4.24898
      vertex 56.399 14.4701 4.24898
      vertex 56.399 14.4701 4.56618
    endloop
  endfacet
  facet normal 0 1 0
    outer loop
      vertex 56.399 14.4701 4.56618
      vertex 56.5765 14.4701 4.56618
      vertex 56.5765 14.4701 4.24898
    endloop
  endfacet
  facet normal 0 1 0
    outer loop
      vertex 56.0219 17.3869 6.59478
      vertex 56.2039 17.3869 6.59478
      vertex 56.5765 17.3869 6.17121
    endloop
  endfacet
  facet normal 0 1 0
    outer loop
      vertex 56.5765 17.3869 6.17121
      vertex 56.5765 17.3869 6.16792
      vertex 56.399 17.3869 6.16792
    endloop
  endfacet
  facet normal 0 1 0
    outer loop
      vertex 56.5765 17.3869 6.17121
      vertex 56.399 17.3869 6.16792
      vertex 56.0219 17.3869 6.59478
    endloop
  endfacet
  facet normal 0 1 0
    outer loop
      vertex 56.0219 17.3869 6.74348
      vertex 56.0731 17.3869 6.74348
      vertex 56.2039 17.3869 6.59478
    endloop
  endfacet
  facet normal 0 1 0
    outer loop
      vertex 56.2039 17.3869 6.59478
      vertex 56.0219 17.3869 6.59478
      vertex 56.0219 17.3869 6.74348
    endloop
  endfacet
  facet normal 0 -1 0
    outer loop
      vertex 56.2039 17.7227 6.59478
      vertex 56.0731 17.7227 6.74348
      vertex 56.0219 17.7227 6.74348
    endloop
  endfacet
  facet normal 0 -1 0
    outer loop
      vertex 56.0219 17.7227 6.74348
      vertex 56.0219 17.7227 6.59478
      vertex 56.2039 17.7227 6.59478
    endloop
  endfacet
  facet normal 0 1 0
    outer loop
      vertex 56.399 17.3869 2.96292
      vertex 56.5765 17.3869 2.96292
      vertex 56.5765 17.3869 2.95699
    endloop
  endfacet
  facet normal 0 1 0
    outer loop
      vertex 56.5765 17.3869 2.95699
      vertex 56.1515 17.3869 2.12294
      vertex 55.9808 17.3869 2.12294
    endloop
  endfacet
  facet normal 0 1 0
    outer loop
      vertex 56.5765 17.3869 2.95699
      vertex 55.9808 17.3869 2.12294
      vertex 56.399 17.3869 2.96292
    endloop
  endfacet
  facet normal 0 0 -1
    outer loop
      vertex 56.1039 14.4701 2.02968
      vertex 56.1039 9.40731 2.02968
      vertex 55.2842 9.40731 2.02968
    endloop
  endfacet
  facet normal 0 0 -1
    outer loop
      vertex 55.2842 9.40731 2.02968
      vertex 55.2842 14.4701 2.02968
      vertex 55.9808 14.4701 2.02968
    endloop
  endfacet
  facet normal 0 0 -1
    outer loop
      vertex 55.2842 9.40731 2.02968
      vertex 55.9808 14.4701 2.02968
      vertex 56.1039 14.4701 2.02968
    endloop
  endfacet
  facet normal 0 1 0
    outer loop
      vertex 56.5765 14.4701 4.56618
      vertex 56.399 14.4701 4.56618
      vertex 56.399 14.4701 6.16792
    endloop
  endfacet
  facet normal 0 1 0
    outer loop
      vertex 56.399 14.4701 6.16792
      vertex 56.5765 14.4701 6.16792
      vertex 56.5765 14.4701 4.56618
    endloop
  endfacet
  facet normal 0 -1 0
    outer loop
      vertex 55.2842 14.8059 6.74348
      vertex 55.2842 14.8059 6.59478
      vertex 56.0219 14.8059 6.59478
    endloop
  endfacet
  facet normal 0 -1 0
    outer loop
      vertex 56.0219 14.8059 6.59478
      vertex 56.0219 14.8059 6.74348
      vertex 55.2842 14.8059 6.74348
    endloop
  endfacet
  facet normal 0 1 0
    outer loop
      vertex 56.5765 14.4701 2.95604
      vertex 56.1515 14.4701 2.12294
      vertex 55.9808 14.4701 2.12294
    endloop
  endfacet
  facet normal 0 1 0
    outer loop
      vertex 55.9808 14.4701 2.12294
      vertex 56.399 14.4701 2.96292
      vertex 56.5765 14.4701 2.96292
    endloop
  endfacet
  facet normal 0 1 0
    outer loop
      vertex 55.9808 14.4701 2.12294
      vertex 56.5765 14.4701 2.96292
      vertex 56.5765 14.4701 2.95604
    endloop
  endfacet
  facet normal 0 1 0
    outer loop
      vertex 55.9808 17.3869 2.02968
      vertex 55.2842 17.3869 2.02968
      vertex 55.2842 17.3869 2.12294
    endloop
  endfacet
  facet normal 0 1 0
    outer loop
      vertex 55.2842 17.3869 2.12294
      vertex 55.9808 17.3869 2.12294
      vertex 55.9808 17.3869 2.02968
    endloop
  endfacet
  facet normal 0 1 0
    outer loop
      vertex 55.2842 14.4701 2.02968
      vertex 55.2842 14.4701 2.12294
      vertex 55.9808 14.4701 2.12294
    endloop
  endfacet
  facet normal 0 1 0
    outer loop
      vertex 55.9808 14.4701 2.12294
      vertex 55.9808 14.4701 2.02968
      vertex 55.2842 14.4701 2.02968
    endloop
  endfacet
  facet normal 0 -1 0
    outer loop
      vertex 56.0219 17.7227 6.74348
      vertex 55.2842 17.7227 6.74348
      vertex 55.2842 17.7227 6.59478
    endloop
  endfacet
  facet normal 0 -1 0
    outer loop
      vertex 55.2842 17.7227 6.59478
      vertex 56.0219 17.7227 6.59478
      vertex 56.0219 17.7227 6.74348
    endloop
  endfacet
  facet normal 0.750787 0 0.660545
    outer loop
      vertex 56.5765 14.8059 6.17121
      vertex 56.5765 17.3869 6.17121
      vertex 56.2039 17.3869 6.59478
    endloop
  endfacet
  facet normal 0.750892 0 0.660425
    outer loop
      vertex 56.2039 17.3869 6.59478
      vertex 56.0731 17.3869 6.74348
      vertex 56.0731 14.8059 6.74348
    endloop
  endfacet
  facet normal 0.750787 0 0.660545
    outer loop
      vertex 56.2039 14.8059 6.59478
      vertex 56.5765 14.8059 6.17121
      vertex 56.2039 17.3869 6.59478
    endloop
  endfacet
  facet normal 0.750892 0 0.660425
    outer loop
      vertex 56.2039 17.3869 6.59478
      vertex 56.0731 14.8059 6.74348
      vertex 56.2039 14.8059 6.59478
    endloop
  endfacet
  facet normal 0.750787 0 0.660545
    outer loop
      vertex 56.5765 9.40731 6.17121
      vertex 56.5765 14.4701 6.17121
      vertex 56.2039 14.4701 6.59478
    endloop
  endfacet
  facet normal 0.750892 0 0.660425
    outer loop
      vertex 56.2039 14.4701 6.59478
      vertex 56.0731 14.4701 6.74348
      vertex 56.0731 9.40731 6.74348
    endloop
  endfacet
  facet normal 0.750814 4.63393e-06 0.660514
    outer loop
      vertex 56.2039 14.4701 6.59478
      vertex 56.0731 9.40731 6.74348
      vertex 56.5765 9.40731 6.17121
    endloop
  endfacet
  facet normal 0.89051 0 -0.454964
    outer loop
      vertex 56.1039 14.8059 2.02968
      vertex 56.1039 17.3869 2.02968
      vertex 56.1515 17.3869 2.12294
    endloop
  endfacet
  facet normal 0.891008 0.00014933 -0.453987
    outer loop
      vertex 56.1515 17.3869 2.12294
      vertex 56.5765 17.3869 2.95699
      vertex 56.5765 14.8059 2.95614
    endloop
  endfacet
  facet normal 0 1 0
    outer loop
      vertex 56.5765 14.8059 2.95614
      vertex 56.1515 14.8059 2.12294
      vertex 56.1039 14.8059 2.02968
    endloop
  endfacet
  facet normal 0.89079 -2.49879e-05 -0.454416
    outer loop
      vertex 56.1515 17.3869 2.12294
      vertex 56.5765 14.8059 2.95614
      vertex 56.1039 14.8059 2.02968
    endloop
  endfacet
  facet normal 0.89051 0 -0.454964
    outer loop
      vertex 56.1039 9.40731 2.02968
      vertex 56.1039 14.4701 2.02968
      vertex 56.1515 14.4701 2.12294
    endloop
  endfacet
  facet normal 0.890799 0.000146354 -0.454398
    outer loop
      vertex 56.1515 14.4701 2.12294
      vertex 56.5765 14.4701 2.95604
      vertex 56.5765 11.2055 2.95499
    endloop
  endfacet
  facet normal 0.890667 6.35711e-05 -0.454655
    outer loop
      vertex 56.1515 14.4701 2.12294
      vertex 56.5765 11.2055 2.95499
      vertex 56.331 11.2055 2.47407
    endloop
  endfacet
  facet normal 0.890444 0.000167684 -0.455093
    outer loop
      vertex 56.5765 9.51732 2.95445
      vertex 56.5765 9.40731 2.95441
      vertex 56.1039 9.40731 2.02968
    endloop
  endfacet
  facet normal 0.890458 -0.000129983 -0.455065
    outer loop
      vertex 56.331 9.5173 2.47407
      vertex 56.5765 9.51732 2.95445
      vertex 56.1039 9.40731 2.02968
    endloop
  endfacet
  facet normal 0.89044 3.17756e-06 -0.455101
    outer loop
      vertex 56.1039 9.40731 2.02968
      vertex 56.1515 14.4701 2.12294
      vertex 56.331 11.2055 2.47407
    endloop
  endfacet
  facet normal 0.890621 0.000140951 -0.454747
    outer loop
      vertex 56.331 10.8615 2.47407
      vertex 56.5765 10.8615 2.95487
      vertex 56.5765 10.5353 2.95477
    endloop
  endfacet
  facet normal 0.890445 0 -0.455091
    outer loop
      vertex 56.1039 9.40731 2.02968
      vertex 56.331 11.2055 2.47407
      vertex 56.331 10.8615 2.47407
    endloop
  endfacet
  facet normal 0.890445 0 -0.455091
    outer loop
      vertex 56.331 9.86139 2.47407
      vertex 56.331 9.5173 2.47407
      vertex 56.1039 9.40731 2.02968
    endloop
  endfacet
  facet normal 0.890497 0.000139458 -0.454989
    outer loop
      vertex 56.5765 10.1912 2.95465
      vertex 56.5765 9.86139 2.95455
      vertex 56.331 9.86139 2.47407
    endloop
  endfacet
  facet normal 0.890536 0 -0.454913
    outer loop
      vertex 56.331 10.1912 2.47407
      vertex 56.5765 10.1912 2.95465
      vertex 56.331 9.86139 2.47407
    endloop
  endfacet
  facet normal 0.890582 0 -0.454822
    outer loop
      vertex 56.331 10.8615 2.47407
      vertex 56.5765 10.5353 2.95477
      vertex 56.331 10.5353 2.47407
    endloop
  endfacet
  facet normal 0.890445 0 -0.455091
    outer loop
      vertex 56.331 10.1912 2.47407
      vertex 56.331 9.86139 2.47407
      vertex 56.1039 9.40731 2.02968
    endloop
  endfacet
  facet normal 0.890445 0 -0.45509
    outer loop
      vertex 56.1039 9.40731 2.02968
      vertex 56.331 10.8615 2.47407
      vertex 56.331 10.5353 2.47407
    endloop
  endfacet
  facet normal 0.890445 0 -0.455091
    outer loop
      vertex 56.331 10.5353 2.47407
      vertex 56.331 10.1912 2.47407
      vertex 56.1039 9.40731 2.02968
    endloop
  endfacet
  facet normal 0 1 0
    outer loop
      vertex 55.9808 14.4701 2.02968
      vertex 55.9808 14.4701 2.12294
      vertex 56.1515 14.4701 2.12294
    endloop
  endfacet
  facet normal 0 1 0
    outer loop
      vertex 56.1515 14.4701 2.12294
      vertex 56.1039 14.4701 2.02968
      vertex 55.9808 14.4701 2.02968
    endloop
  endfacet
  facet normal 0 1 0
    outer loop
      vertex 56.1515 17.3869 2.12294
      vertex 56.1039 17.3869 2.02968
      vertex 55.9808 17.3869 2.02968
    endloop
  endfacet
  facet normal 0 1 0
    outer loop
      vertex 55.9808 17.3869 2.02968
      vertex 55.9808 17.3869 2.12294
      vertex 56.1515 17.3869 2.12294
    endloop
  endfacet
  facet normal 0 1 0
    outer loop
      vertex 56.5765 17.3869 6.16792
      vertex 56.5765 17.3869 4.56618
      vertex 56.399 17.3869 4.56618
    endloop
  endfacet
  facet normal 0 1 0
    outer loop
      vertex 56.399 17.3869 4.56618
      vertex 56.399 17.3869 6.16792
      vertex 56.5765 17.3869 6.16792
    endloop
  endfacet
  facet normal 0 0 -1
    outer loop
      vertex 56.1039 17.3869 2.02968
      vertex 56.1039 14.8059 2.02968
      vertex 55.9808 14.8059 2.02968
    endloop
  endfacet
  facet normal 0 0 -1
    outer loop
      vertex 55.9808 14.8059 2.02968
      vertex 55.2842 14.8059 2.02968
      vertex 55.2842 17.3869 2.02968
    endloop
  endfacet
  facet normal 0 0 -1
    outer loop
      vertex 55.9808 17.3869 2.02968
      vertex 56.1039 17.3869 2.02968
      vertex 55.9808 14.8059 2.02968
    endloop
  endfacet
  facet normal 0 0 -1
    outer loop
      vertex 55.9808 14.8059 2.02968
      vertex 55.2842 17.3869 2.02968
      vertex 55.9808 17.3869 2.02968
    endloop
  endfacet
  facet normal 0 1 0
    outer loop
      vertex 56.5765 14.4701 6.17121
      vertex 56.5765 14.4701 6.16792
      vertex 56.399 14.4701 6.16792
    endloop
  endfacet
  facet normal 0 1 0
    outer loop
      vertex 56.399 14.4701 6.16792
      vertex 56.0219 14.4701 6.59478
      vertex 56.2039 14.4701 6.59478
    endloop
  endfacet
  facet normal 0 1 0
    outer loop
      vertex 56.399 14.4701 6.16792
      vertex 56.2039 14.4701 6.59478
      vertex 56.5765 14.4701 6.17121
    endloop
  endfacet
  facet normal 0 -1 0
    outer loop
      vertex 56.0219 14.8059 6.74348
      vertex 56.0219 14.8059 6.59478
      vertex 56.2039 14.8059 6.59478
    endloop
  endfacet
  facet normal 0 -1 0
    outer loop
      vertex 56.2039 14.8059 6.59478
      vertex 56.0731 14.8059 6.74348
      vertex 56.0219 14.8059 6.74348
    endloop
  endfacet
  facet normal 1 0 0
    outer loop
      vertex 56.5765 17.3869 6.17121
      vertex 56.5765 14.8059 6.17121
      vertex 56.5765 14.8059 6.16792
    endloop
  endfacet
  facet normal 1 0 0
    outer loop
      vertex 56.5765 14.8059 6.16792
      vertex 56.5765 14.8059 4.56618
      vertex 56.5765 17.3869 4.56618
    endloop
  endfacet
  facet normal 1 0 0
    outer loop
      vertex 56.5765 17.3869 6.16792
      vertex 56.5765 17.3869 6.17121
      vertex 56.5765 14.8059 6.16792
    endloop
  endfacet
  facet normal 1 0 0
    outer loop
      vertex 56.5765 14.8059 6.16792
      vertex 56.5765 17.3869 4.56618
      vertex 56.5765 17.3869 6.16792
    endloop
  endfacet
  facet normal 1 0 0
    outer loop
      vertex 56.5765 18.6022 6.17121
      vertex 56.5765 17.7227 6.17121
      vertex 56.5765 17.7227 6.16792
    endloop
  endfacet
  facet normal 0 0 0
    outer loop
      vertex 56.5765 17.7227 6.16792
      vertex 56.5765 17.7227 4.56618
      vertex 56.5765 17.7227 4.24898
    endloop
  endfacet
  facet normal 1 0 0
    outer loop
      vertex 56.5765 17.7227 2.96292
      vertex 56.5765 17.7227 2.95709
      vertex 56.5765 18.6022 2.95738
    endloop
  endfacet
  facet normal 1 0 0
    outer loop
      vertex 56.5765 18.6022 6.17121
      vertex 56.5765 17.7227 6.16792
      vertex 56.5765 17.7227 4.24898
    endloop
  endfacet
  facet normal 1 -1.49462e-07 -2.37295e-05
    outer loop
      vertex 56.5765 17.7227 4.24898
      vertex 56.5765 17.7227 2.96292
      vertex 56.5765 18.6022 2.95738
    endloop
  endfacet
  facet normal 1 2.07535e-05 -9.49568e-06
    outer loop
      vertex 56.5765 17.7227 4.24898
      vertex 56.5765 18.6022 2.95738
      vertex 56.5765 18.6022 6.17121
    endloop
  endfacet
  facet normal 1 0 0
    outer loop
      vertex 56.5765 14.8059 2.95614
      vertex 56.5765 17.3869 2.95699
      vertex 56.5765 17.3869 2.96292
    endloop
  endfacet
  facet normal 1 0 -2.37295e-05
    outer loop
      vertex 56.5765 17.3869 2.96292
      vertex 56.5765 17.3869 4.24898
      vertex 56.5765 14.8059 4.24898
    endloop
  endfacet
  facet normal 1 0 0
    outer loop
      vertex 56.5765 14.8059 2.96292
      vertex 56.5765 14.8059 2.95614
      vertex 56.5765 17.3869 2.96292
    endloop
  endfacet
  facet normal 1 0 -2.37295e-05
    outer loop
      vertex 56.5765 17.3869 2.96292
      vertex 56.5765 14.8059 4.24898
      vertex 56.5765 14.8059 2.96292
    endloop
  endfacet
  facet normal 0 1 0
    outer loop
      vertex 56.5765 14.4701 2.96292
      vertex 56.399 14.4701 2.96292
      vertex 56.399 14.4701 4.24898
    endloop
  endfacet
  facet normal 0 1 0
    outer loop
      vertex 56.399 14.4701 4.24898
      vertex 56.5765 14.4701 4.24898
      vertex 56.5765 14.4701 2.96292
    endloop
  endfacet
  facet normal 0 1 0
    outer loop
      vertex 56.5765 17.3869 4.24898
      vertex 56.5765 17.3869 2.96292
      vertex 56.399 17.3869 2.96292
    endloop
  endfacet
  facet normal 0 1 0
    outer loop
      vertex 56.399 17.3869 2.96292
      vertex 56.399 17.3869 4.24898
      vertex 56.5765 17.3869 4.24898
    endloop
  endfacet
  facet normal 0 1 0
    outer loop
      vertex 56.2039 14.4701 6.59478
      vertex 56.0219 14.4701 6.59478
      vertex 56.0219 14.4701 6.74348
    endloop
  endfacet
  facet normal 0 1 0
    outer loop
      vertex 56.0219 14.4701 6.74348
      vertex 56.0731 14.4701 6.74348
      vertex 56.2039 14.4701 6.59478
    endloop
  endfacet
  facet normal 0 1 0
    outer loop
      vertex 56.5765 24.1719 2.96292
      vertex 56.5765 24.1719 2.95786
      vertex 56.399 24.1719 2.95786
    endloop
  endfacet
  facet normal 0 1 0
    outer loop
      vertex 56.399 24.1719 2.95786
      vertex 56.399 24.1719 2.96292
      vertex 56.5765 24.1719 2.96292
    endloop
  endfacet
  facet normal 0 1 0
    outer loop
      vertex 56.0219 24.1719 6.59478
      vertex 56.2036 24.1719 6.59478
      vertex 56.5765 24.1719 6.1699
    endloop
  endfacet
  facet normal 0 1 0
    outer loop
      vertex 56.5765 24.1719 6.1699
      vertex 56.5765 24.1719 6.16792
      vertex 56.399 24.1719 6.16792
    endloop
  endfacet
  facet normal 0 1 0
    outer loop
      vertex 56.5765 24.1719 6.1699
      vertex 56.399 24.1719 6.16792
      vertex 56.0219 24.1719 6.59478
    endloop
  endfacet
  facet normal 1 0 0
    outer loop
      vertex 56.399 24.1719 2.95786
      vertex 56.399 24.5077 2.95786
      vertex 56.399 24.5077 2.96292
    endloop
  endfacet
  facet normal 1 0 0
    outer loop
      vertex 56.399 24.5077 2.96292
      vertex 56.399 24.1719 2.96292
      vertex 56.399 24.1719 2.95786
    endloop
  endfacet
  facet normal 0 1 0
    outer loop
      vertex 56.5765 24.1719 4.24898
      vertex 56.5765 24.1719 2.96292
      vertex 56.399 24.1719 2.96292
    endloop
  endfacet
  facet normal 0 1 0
    outer loop
      vertex 56.399 24.1719 2.96292
      vertex 56.399 24.1719 4.24898
      vertex 56.5765 24.1719 4.24898
    endloop
  endfacet
  facet normal 0 1 0
    outer loop
      vertex 56.399 21.255 2.95786
      vertex 56.399 21.255 2.96292
      vertex 56.5765 21.255 2.96292
    endloop
  endfacet
  facet normal 0 1 0
    outer loop
      vertex 56.5765 21.255 2.96292
      vertex 56.5765 21.255 2.95786
      vertex 56.399 21.255 2.95786
    endloop
  endfacet
  facet normal 0 1 0
    outer loop
      vertex 56.5765 21.255 4.24898
      vertex 56.399 21.255 4.24898
      vertex 56.399 21.255 4.56618
    endloop
  endfacet
  facet normal 0 1 0
    outer loop
      vertex 56.399 21.255 4.56618
      vertex 56.5765 21.255 4.56618
      vertex 56.5765 21.255 4.24898
    endloop
  endfacet
  facet normal 0 -1 0
    outer loop
      vertex 56.2036 24.5077 6.59478
      vertex 56.0731 24.5077 6.74348
      vertex 56.0219 24.5077 6.74348
    endloop
  endfacet
  facet normal 0 -1 0
    outer loop
      vertex 56.0219 24.5077 6.74348
      vertex 56.0219 24.5077 6.59478
      vertex 56.2036 24.5077 6.59478
    endloop
  endfacet
  facet normal 1 0 0
    outer loop
      vertex 56.5765 21.5908 2.95786
      vertex 56.5765 24.1719 2.95786
      vertex 56.5765 24.1719 2.96292
    endloop
  endfacet
  facet normal 0 0 0
    outer loop
      vertex 56.5765 24.1719 4.24898
      vertex 56.5765 24.1719 4.56618
      vertex 56.5765 24.1719 6.16792
    endloop
  endfacet
  facet normal 1 4.64698e-08 -2.37295e-05
    outer loop
      vertex 56.5765 21.5908 2.95786
      vertex 56.5765 24.1719 2.96292
      vertex 56.5765 24.1719 4.24898
    endloop
  endfacet
  facet normal 0 1 0
    outer loop
      vertex 56.5765 21.5908 4.56618
      vertex 56.5765 21.5908 4.24898
      vertex 56.5765 21.5908 2.96292
    endloop
  endfacet
  facet normal 1 -1.18238e-05 0
    outer loop
      vertex 56.5765 21.5908 2.96292
      vertex 56.5765 21.5908 2.95786
      vertex 56.5765 24.1719 4.24898
    endloop
  endfacet
  facet normal 1 0 0
    outer loop
      vertex 56.5765 24.1719 6.16792
      vertex 56.5765 24.1719 6.1699
      vertex 56.5765 21.5908 6.1699
    endloop
  endfacet
  facet normal 1 -1.18238e-05 0
    outer loop
      vertex 56.5765 21.5908 2.96292
      vertex 56.5765 24.1719 4.24898
      vertex 56.5765 24.1719 6.16792
    endloop
  endfacet
  facet normal 0 0 0
    outer loop
      vertex 56.5765 21.5908 6.1699
      vertex 56.5765 21.5908 6.16792
      vertex 56.5765 21.5908 4.56618
    endloop
  endfacet
  facet normal 1 1.18126e-05 -1.90347e-05
    outer loop
      vertex 56.5765 21.5908 4.56618
      vertex 56.5765 21.5908 2.96292
      vertex 56.5765 24.1719 6.16792
    endloop
  endfacet
  facet normal 1 0 0
    outer loop
      vertex 56.5765 24.1719 6.16792
      vertex 56.5765 21.5908 6.1699
      vertex 56.5765 21.5908 4.56618
    endloop
  endfacet
  facet normal 1 0 0
    outer loop
      vertex 56.5765 20.0764 2.95786
      vertex 56.5765 21.255 2.95786
      vertex 56.5765 21.255 2.96292
    endloop
  endfacet
  facet normal 0 0 0
    outer loop
      vertex 56.5765 21.255 4.24898
      vertex 56.5765 21.255 4.56618
      vertex 56.5765 21.255 6.16792
    endloop
  endfacet
  facet normal 1 1.01763e-07 -2.37295e-05
    outer loop
      vertex 56.5765 20.0764 2.95786
      vertex 56.5765 21.255 2.96292
      vertex 56.5765 21.255 4.24898
    endloop
  endfacet
  facet normal 1 0 -9.501e-06
    outer loop
      vertex 56.5765 21.255 6.1699
      vertex 56.5765 20.0764 6.1699
      vertex 56.5765 20.0764 2.95786
    endloop
  endfacet
  facet normal 1 -2.58926e-05 0
    outer loop
      vertex 56.5765 20.0764 2.95786
      vertex 56.5765 21.255 4.24898
      vertex 56.5765 21.255 6.16792
    endloop
  endfacet
  facet normal 1 -2.58926e-05 0
    outer loop
      vertex 56.5765 21.255 6.16792
      vertex 56.5765 21.255 6.1699
      vertex 56.5765 20.0764 2.95786
    endloop
  endfacet
  facet normal 0 -1 0
    outer loop
      vertex 56.5765 21.5908 4.56618
      vertex 56.399 21.5908 4.56618
      vertex 56.399 21.5908 4.24898
    endloop
  endfacet
  facet normal 0 -1 0
    outer loop
      vertex 56.399 21.5908 4.24898
      vertex 56.5765 21.5908 4.24898
      vertex 56.5765 21.5908 4.56618
    endloop
  endfacet
  facet normal 0 -1 0
    outer loop
      vertex 56.0219 24.5077 6.74348
      vertex 55.2842 24.5077 6.74348
      vertex 55.2842 24.5077 6.59478
    endloop
  endfacet
  facet normal 0 -1 0
    outer loop
      vertex 55.2842 24.5077 6.59478
      vertex 56.0219 24.5077 6.59478
      vertex 56.0219 24.5077 6.74348
    endloop
  endfacet
  facet normal 0 1 0
    outer loop
      vertex 56.5765 21.255 4.56618
      vertex 56.399 21.255 4.56618
      vertex 56.399 21.255 6.16792
    endloop
  endfacet
  facet normal 0 1 0
    outer loop
      vertex 56.399 21.255 6.16792
      vertex 56.5765 21.255 6.16792
      vertex 56.5765 21.255 4.56618
    endloop
  endfacet
  facet normal 0 -1 0
    outer loop
      vertex 56.0219 21.5908 6.74348
      vertex 56.0219 21.5908 6.59478
      vertex 56.2036 21.5908 6.59478
    endloop
  endfacet
  facet normal 0 -1 0
    outer loop
      vertex 56.2036 21.5908 6.59478
      vertex 56.0731 21.5908 6.74348
      vertex 56.0219 21.5908 6.74348
    endloop
  endfacet
  facet normal 0 1 0
    outer loop
      vertex 56.5765 24.1719 6.16792
      vertex 56.5765 24.1719 4.56618
      vertex 56.399 24.1719 4.56618
    endloop
  endfacet
  facet normal 0 1 0
    outer loop
      vertex 56.399 24.1719 4.56618
      vertex 56.399 24.1719 6.16792
      vertex 56.5765 24.1719 6.16792
    endloop
  endfacet
  facet normal 1 0 0
    outer loop
      vertex 56.399 21.5908 2.95786
      vertex 56.399 21.5908 2.96292
      vertex 56.399 21.255 2.96292
    endloop
  endfacet
  facet normal 1 0 0
    outer loop
      vertex 56.399 21.255 2.96292
      vertex 56.399 21.255 2.95786
      vertex 56.399 21.5908 2.95786
    endloop
  endfacet
  facet normal 0 1 0
    outer loop
      vertex 56.0219 24.1719 6.74348
      vertex 56.0731 24.1719 6.74348
      vertex 56.2036 24.1719 6.59478
    endloop
  endfacet
  facet normal 0 1 0
    outer loop
      vertex 56.2036 24.1719 6.59478
      vertex 56.0219 24.1719 6.59478
      vertex 56.0219 24.1719 6.74348
    endloop
  endfacet
  facet normal 0 1 0
    outer loop
      vertex 56.2036 21.255 6.59478
      vertex 56.0219 21.255 6.59478
      vertex 56.0219 21.255 6.74348
    endloop
  endfacet
  facet normal 0 1 0
    outer loop
      vertex 56.0219 21.255 6.74348
      vertex 56.0731 21.255 6.74348
      vertex 56.2036 21.255 6.59478
    endloop
  endfacet
  facet normal 0 1 0
    outer loop
      vertex 56.5765 21.255 6.1699
      vertex 56.5765 21.255 6.16792
      vertex 56.399 21.255 6.16792
    endloop
  endfacet
  facet normal 0 1 0
    outer loop
      vertex 56.399 21.255 6.16792
      vertex 56.0219 21.255 6.59478
      vertex 56.2036 21.255 6.59478
    endloop
  endfacet
  facet normal 0 1 0
    outer loop
      vertex 56.399 21.255 6.16792
      vertex 56.2036 21.255 6.59478
      vertex 56.5765 21.255 6.1699
    endloop
  endfacet
  facet normal 0.751546 0 0.659681
    outer loop
      vertex 56.5765 21.5908 6.1699
      vertex 56.5765 24.1719 6.1699
      vertex 56.2036 24.1719 6.59478
    endloop
  endfacet
  facet normal 0.751619 0 0.659598
    outer loop
      vertex 56.2036 24.1719 6.59478
      vertex 56.0731 24.1719 6.74348
      vertex 56.0731 21.5908 6.74348
    endloop
  endfacet
  facet normal 0 -1 0
    outer loop
      vertex 56.0731 21.5908 6.74348
      vertex 56.2036 21.5908 6.59478
      vertex 56.5765 21.5908 6.1699
    endloop
  endfacet
  facet normal 0.751565 6.24285e-06 0.659659
    outer loop
      vertex 56.2036 24.1719 6.59478
      vertex 56.0731 21.5908 6.74348
      vertex 56.5765 21.5908 6.1699
    endloop
  endfacet
  facet normal 0.751546 0 0.659681
    outer loop
      vertex 56.5765 20.0764 6.1699
      vertex 56.5765 21.255 6.1699
      vertex 56.2036 21.255 6.59478
    endloop
  endfacet
  facet normal 0.751619 0 0.659598
    outer loop
      vertex 56.2036 21.255 6.59478
      vertex 56.0731 21.255 6.74348
      vertex 56.0731 20.0764 6.74348
    endloop
  endfacet
  facet normal 0.751565 1.36711e-05 0.659659
    outer loop
      vertex 56.2036 21.255 6.59478
      vertex 56.0731 20.0764 6.74348
      vertex 56.5765 20.0764 6.1699
    endloop
  endfacet
  facet normal 0 -1 0
    outer loop
      vertex 55.2842 21.5908 6.74348
      vertex 55.2842 21.5908 6.59478
      vertex 56.0219 21.5908 6.59478
    endloop
  endfacet
  facet normal 0 -1 0
    outer loop
      vertex 56.0219 21.5908 6.59478
      vertex 56.0219 21.5908 6.74348
      vertex 55.2842 21.5908 6.74348
    endloop
  endfacet
  facet normal 0 1 0
    outer loop
      vertex 56.5765 21.255 2.96292
      vertex 56.399 21.255 2.96292
      vertex 56.399 21.255 4.24898
    endloop
  endfacet
  facet normal 0 1 0
    outer loop
      vertex 56.399 21.255 4.24898
      vertex 56.5765 21.255 4.24898
      vertex 56.5765 21.255 2.96292
    endloop
  endfacet
  facet normal 0 0 1
    outer loop
      vertex 56.0731 9.40731 6.74348
      vertex 56.0731 14.4701 6.74348
      vertex 56.0219 14.4701 6.74348
    endloop
  endfacet
  facet normal 0 0 1
    outer loop
      vertex 56.0219 14.4701 6.74348
      vertex 55.2842 14.4701 6.74348
      vertex 55.2842 13.2947 6.74348
    endloop
  endfacet
  facet normal 0 0 1
    outer loop
      vertex 56.0219 14.4701 6.74348
      vertex 55.2842 13.2947 6.74348
      vertex 56.0128 13.2947 6.74348
    endloop
  endfacet
  facet normal 0 0 1
    outer loop
      vertex 55.2842 11.5089 6.74348
      vertex 55.2842 9.40731 6.74348
      vertex 56.0731 9.40731 6.74348
    endloop
  endfacet
  facet normal 0 0 1
    outer loop
      vertex 56.0219 14.4701 6.74348
      vertex 56.0128 13.2947 6.74348
      vertex 56.0128 11.5089 6.74348
    endloop
  endfacet
  facet normal 0 0 1
    outer loop
      vertex 56.0128 11.5089 6.74348
      vertex 55.2842 11.5089 6.74348
      vertex 56.0731 9.40731 6.74348
    endloop
  endfacet
  facet normal 0 0 1
    outer loop
      vertex 56.0731 9.40731 6.74348
      vertex 56.0219 14.4701 6.74348
      vertex 56.0128 11.5089 6.74348
    endloop
  endfacet
  facet normal 0 0 1
    outer loop
      vertex 56.0219 14.8059 6.74348
      vertex 56.0731 14.8059 6.74348
      vertex 56.0731 17.3869 6.74348
    endloop
  endfacet
  facet normal 0 0 1
    outer loop
      vertex 56.0219 17.3869 6.74348
      vertex 55.2842 17.3869 6.74348
      vertex 55.2842 14.8059 6.74348
    endloop
  endfacet
  facet normal 0 0 1
    outer loop
      vertex 56.0219 14.8059 6.74348
      vertex 56.0731 17.3869 6.74348
      vertex 56.0219 17.3869 6.74348
    endloop
  endfacet
  facet normal 0 0 1
    outer loop
      vertex 56.0219 17.3869 6.74348
      vertex 55.2842 14.8059 6.74348
      vertex 56.0219 14.8059 6.74348
    endloop
  endfacet
  facet normal 0 0 1
    outer loop
      vertex 55.2842 20.0764 6.74348
      vertex 56.0731 20.0764 6.74348
      vertex 56.0731 21.255 6.74348
    endloop
  endfacet
  facet normal 0 0 0
    outer loop
      vertex 56.0731 21.255 6.74348
      vertex 56.0219 21.255 6.74348
      vertex 55.2842 21.255 6.74348
    endloop
  endfacet
  facet normal 0 0 1
    outer loop
      vertex 56.0731 21.255 6.74348
      vertex 55.2842 21.255 6.74348
      vertex 55.2842 20.0764 6.74348
    endloop
  endfacet
  facet normal 0 0 0
    outer loop
      vertex 55.2842 21.5908 6.74348
      vertex 56.0219 21.5908 6.74348
      vertex 56.0731 21.5908 6.74348
    endloop
  endfacet
  facet normal 0 0 1
    outer loop
      vertex 56.0731 21.5908 6.74348
      vertex 56.0731 24.1719 6.74348
      vertex 56.0219 24.1719 6.74348
    endloop
  endfacet
  facet normal 0 0 1
    outer loop
      vertex 56.0219 24.1719 6.74348
      vertex 55.2842 24.1719 6.74348
      vertex 55.2842 21.5908 6.74348
    endloop
  endfacet
  facet normal 0 0 1
    outer loop
      vertex 56.0731 21.5908 6.74348
      vertex 56.0219 24.1719 6.74348
      vertex 55.2842 21.5908 6.74348
    endloop
  endfacet
  facet normal 0 1 0
    outer loop
      vertex 56.5765 9.5173 2.95542
      vertex 56.3796 9.5173 2.95542
      vertex 56.3796 9.5173 4.27437
    endloop
  endfacet
  facet normal 0 1 0
    outer loop
      vertex 56.3796 9.5173 4.27437
      vertex 56.5765 9.5173 4.27437
      vertex 56.5765 9.5173 2.95542
    endloop
  endfacet
  facet normal 0 1 -3.37494e-05
    outer loop
      vertex 56.5765 9.51732 2.95445
      vertex 56.331 9.5173 2.47407
      vertex 56.1135 9.5173 2.47407
    endloop
  endfacet
  facet normal 0 1 0
    outer loop
      vertex 56.1135 9.5173 2.47407
      vertex 56.3796 9.5173 2.95542
      vertex 56.5765 9.5173 2.95542
    endloop
  endfacet
  facet normal -0.0173656 0.99971 0.0167027
    outer loop
      vertex 56.1135 9.5173 2.47407
      vertex 56.5765 9.5173 2.95542
      vertex 56.5765 9.51732 2.95445
    endloop
  endfacet
  facet normal 0 0 1
    outer loop
      vertex 56.331 9.86139 2.47407
      vertex 56.1135 9.86139 2.47407
      vertex 56.1135 9.5173 2.47407
    endloop
  endfacet
  facet normal 0 0 1
    outer loop
      vertex 56.1135 9.5173 2.47407
      vertex 56.331 9.5173 2.47407
      vertex 56.331 9.86139 2.47407
    endloop
  endfacet
  facet normal 0 1 0
    outer loop
      vertex 56.5765 10.8615 2.95487
      vertex 56.331 10.8615 2.47407
      vertex 56.1135 10.8615 2.47407
    endloop
  endfacet
  facet normal 0 1 0
    outer loop
      vertex 56.1135 10.8615 2.47407
      vertex 56.3796 10.8615 2.95542
      vertex 56.5765 10.8615 2.95542
    endloop
  endfacet
  facet normal 0 1 0
    outer loop
      vertex 56.1135 10.8615 2.47407
      vertex 56.5765 10.8615 2.95542
      vertex 56.5765 10.8615 2.95487
    endloop
  endfacet
  facet normal 0 1 0
    outer loop
      vertex 56.5765 10.1912 2.95465
      vertex 56.331 10.1912 2.47407
      vertex 56.1135 10.1912 2.47407
    endloop
  endfacet
  facet normal 0 1 0
    outer loop
      vertex 56.1135 10.1912 2.47407
      vertex 56.3796 10.1912 2.95542
      vertex 56.5765 10.1912 2.95542
    endloop
  endfacet
  facet normal 0 1 0
    outer loop
      vertex 56.1135 10.1912 2.47407
      vertex 56.5765 10.1912 2.95542
      vertex 56.5765 10.1912 2.95465
    endloop
  endfacet
  facet normal 0 1 0
    outer loop
      vertex 56.5765 10.1912 2.95542
      vertex 56.3796 10.1912 2.95542
      vertex 56.3796 10.1912 4.27437
    endloop
  endfacet
  facet normal 0 1 0
    outer loop
      vertex 56.3796 10.1912 4.27437
      vertex 56.5765 10.1912 4.27437
      vertex 56.5765 10.1912 2.95542
    endloop
  endfacet
  facet normal 0 1 0
    outer loop
      vertex 56.5765 10.8615 2.95542
      vertex 56.3796 10.8615 2.95542
      vertex 56.3796 10.8615 4.27437
    endloop
  endfacet
  facet normal 0 1 0
    outer loop
      vertex 56.3796 10.8615 4.27437
      vertex 56.5765 10.8615 4.27437
      vertex 56.5765 10.8615 2.95542
    endloop
  endfacet
  facet normal 0 0 1
    outer loop
      vertex 56.331 10.5353 2.47407
      vertex 56.1135 10.5353 2.47407
      vertex 56.1135 10.1912 2.47407
    endloop
  endfacet
  facet normal 0 0 1
    outer loop
      vertex 56.1135 10.1912 2.47407
      vertex 56.331 10.1912 2.47407
      vertex 56.331 10.5353 2.47407
    endloop
  endfacet
  facet normal 0 0 1
    outer loop
      vertex 56.331 11.2055 2.47407
      vertex 56.1135 11.2055 2.47407
      vertex 56.1135 10.8615 2.47407
    endloop
  endfacet
  facet normal 0 0 1
    outer loop
      vertex 56.1135 10.8615 2.47407
      vertex 56.331 10.8615 2.47407
      vertex 56.331 11.2055 2.47407
    endloop
  endfacet
  facet normal -1 0 0
    outer loop
      vertex 54.1889 9.86139 2.95542
      vertex 54.1889 9.5173 2.95542
      vertex 54.1889 9.5173 4.27437
    endloop
  endfacet
  facet normal -1 0 0
    outer loop
      vertex 54.1889 9.5173 4.27437
      vertex 54.1889 9.86139 4.27437
      vertex 54.1889 9.86139 2.95542
    endloop
  endfacet
  facet normal 0 0 -1
    outer loop
      vertex 54.1889 9.86139 4.27437
      vertex 54.1889 9.5173 4.27437
      vertex 53.9919 9.5173 4.27437
    endloop
  endfacet
  facet normal 0 0 -1
    outer loop
      vertex 53.9919 9.5173 4.27437
      vertex 53.9919 9.86139 4.27437
      vertex 54.1889 9.86139 4.27437
    endloop
  endfacet
  facet normal 0 -1 0
    outer loop
      vertex 54.4549 9.86139 2.47407
      vertex 54.1889 9.86139 2.95542
      vertex 53.992 9.86139 2.95542
    endloop
  endfacet
  facet normal 0 -1 0
    outer loop
      vertex 53.992 9.86139 2.95542
      vertex 53.992 9.86139 2.95455
      vertex 54.2375 9.86139 2.47407
    endloop
  endfacet
  facet normal 0 -1 0
    outer loop
      vertex 53.992 9.86139 2.95542
      vertex 54.2375 9.86139 2.47407
      vertex 54.4549 9.86139 2.47407
    endloop
  endfacet
  facet normal 0 -1 0
    outer loop
      vertex 54.1889 9.86139 4.27437
      vertex 53.9919 9.86139 4.27437
      vertex 53.992 9.86139 2.95542
    endloop
  endfacet
  facet normal 0 -1 0
    outer loop
      vertex 53.992 9.86139 2.95542
      vertex 54.1889 9.86139 2.95542
      vertex 54.1889 9.86139 4.27437
    endloop
  endfacet
  facet normal -0.875196 0 -0.483769
    outer loop
      vertex 54.4549 9.86139 2.47407
      vertex 54.4549 9.5173 2.47407
      vertex 54.1889 9.5173 2.95542
    endloop
  endfacet
  facet normal -0.875196 0 -0.483769
    outer loop
      vertex 54.1889 9.5173 2.95542
      vertex 54.1889 9.86139 2.95542
      vertex 54.4549 9.86139 2.47407
    endloop
  endfacet
  facet normal -1 0 0
    outer loop
      vertex 54.1889 10.5353 2.95542
      vertex 54.1889 10.1912 2.95542
      vertex 54.1889 10.1912 4.27437
    endloop
  endfacet
  facet normal -1 0 0
    outer loop
      vertex 54.1889 10.1912 4.27437
      vertex 54.1889 10.5353 4.27437
      vertex 54.1889 10.5353 2.95542
    endloop
  endfacet
  facet normal 0 0 -1
    outer loop
      vertex 54.1889 10.5353 4.27437
      vertex 54.1889 10.1912 4.27437
      vertex 53.9919 10.1912 4.27437
    endloop
  endfacet
  facet normal 0 0 -1
    outer loop
      vertex 53.9919 10.1912 4.27437
      vertex 53.9919 10.5353 4.27437
      vertex 54.1889 10.5353 4.27437
    endloop
  endfacet
  facet normal 0 -1 0
    outer loop
      vertex 54.4549 10.5353 2.47407
      vertex 54.1889 10.5353 2.95542
      vertex 53.992 10.5353 2.95542
    endloop
  endfacet
  facet normal 0 -1 0
    outer loop
      vertex 53.992 10.5353 2.95542
      vertex 53.992 10.5353 2.95477
      vertex 54.2375 10.5353 2.47407
    endloop
  endfacet
  facet normal 0 -1 0
    outer loop
      vertex 53.992 10.5353 2.95542
      vertex 54.2375 10.5353 2.47407
      vertex 54.4549 10.5353 2.47407
    endloop
  endfacet
  facet normal 0 -1 0
    outer loop
      vertex 54.1889 10.5353 4.27437
      vertex 53.9919 10.5353 4.27437
      vertex 53.992 10.5353 2.95542
    endloop
  endfacet
  facet normal 0 -1 0
    outer loop
      vertex 53.992 10.5353 2.95542
      vertex 54.1889 10.5353 2.95542
      vertex 54.1889 10.5353 4.27437
    endloop
  endfacet
  facet normal -0.875196 0 -0.483769
    outer loop
      vertex 54.4549 10.5353 2.47407
      vertex 54.4549 10.1912 2.47407
      vertex 54.1889 10.1912 2.95542
    endloop
  endfacet
  facet normal -0.875196 0 -0.483769
    outer loop
      vertex 54.1889 10.1912 2.95542
      vertex 54.1889 10.5353 2.95542
      vertex 54.4549 10.5353 2.47407
    endloop
  endfacet
  facet normal -1 0 0
    outer loop
      vertex 54.1889 11.2055 2.95542
      vertex 54.1889 10.8615 2.95542
      vertex 54.1889 10.8615 4.27437
    endloop
  endfacet
  facet normal -1 0 0
    outer loop
      vertex 54.1889 10.8615 4.27437
      vertex 54.1889 11.2055 4.27437
      vertex 54.1889 11.2055 2.95542
    endloop
  endfacet
  facet normal 0 0 -1
    outer loop
      vertex 54.1889 11.2055 4.27437
      vertex 54.1889 10.8615 4.27437
      vertex 53.9919 10.8615 4.27437
    endloop
  endfacet
  facet normal 0 0 -1
    outer loop
      vertex 53.9919 10.8615 4.27437
      vertex 53.9919 11.2055 4.27437
      vertex 54.1889 11.2055 4.27437
    endloop
  endfacet
  facet normal 0 -1 0
    outer loop
      vertex 54.1889 11.2055 2.95542
      vertex 53.992 11.2055 2.95499
      vertex 54.2375 11.2055 2.47407
    endloop
  endfacet
  facet normal 0 -1 0
    outer loop
      vertex 54.2375 11.2055 2.47407
      vertex 54.4549 11.2055 2.47407
      vertex 54.1889 11.2055 2.95542
    endloop
  endfacet
  facet normal 0 -1 -2.45759e-05
    outer loop
      vertex 54.1889 11.2055 4.27437
      vertex 53.9919 11.2055 4.27437
      vertex 53.992 11.2055 2.95499
    endloop
  endfacet
  facet normal 5.30141e-08 -1 -2.45838e-05
    outer loop
      vertex 53.992 11.2055 2.95499
      vertex 54.1889 11.2055 2.95542
      vertex 54.1889 11.2055 4.27437
    endloop
  endfacet
  facet normal -0.875196 0 -0.483769
    outer loop
      vertex 54.4549 11.2055 2.47407
      vertex 54.4549 10.8615 2.47407
      vertex 54.1889 10.8615 2.95542
    endloop
  endfacet
  facet normal -0.875196 0 -0.483769
    outer loop
      vertex 54.1889 10.8615 2.95542
      vertex 54.1889 11.2055 2.95542
      vertex 54.4549 11.2055 2.47407
    endloop
  endfacet
  facet normal -0.749447 0 0.662065
    outer loop
      vertex 54.1694 24.5077 6.16792
      vertex 54.1694 24.1719 6.16792
      vertex 54.5465 24.1719 6.59478
    endloop
  endfacet
  facet normal -0.749447 0 0.662065
    outer loop
      vertex 54.5465 24.1719 6.59478
      vertex 54.5465 24.5077 6.59478
      vertex 54.1694 24.5077 6.16792
    endloop
  endfacet
  facet normal -1 0 0
    outer loop
      vertex 54.1694 24.5077 4.56618
      vertex 54.1694 24.1719 4.56618
      vertex 54.1694 24.1719 6.16792
    endloop
  endfacet
  facet normal -1 0 0
    outer loop
      vertex 54.1694 24.1719 6.16792
      vertex 54.1694 24.5077 6.16792
      vertex 54.1694 24.5077 4.56618
    endloop
  endfacet
  facet normal 0 -1 0
    outer loop
      vertex 54.1694 24.5077 6.16792
      vertex 54.5465 24.5077 6.59478
      vertex 54.3649 24.5077 6.59478
    endloop
  endfacet
  facet normal 0 -1 0
    outer loop
      vertex 54.3649 24.5077 6.59478
      vertex 53.9919 24.5077 6.1699
      vertex 53.9919 24.5077 6.16792
    endloop
  endfacet
  facet normal 0 -1 0
    outer loop
      vertex 54.3649 24.5077 6.59478
      vertex 53.9919 24.5077 6.16792
      vertex 54.1694 24.5077 6.16792
    endloop
  endfacet
  facet normal 0 1 0
    outer loop
      vertex 54.5465 24.1719 6.59478
      vertex 54.5465 24.1719 6.74348
      vertex 55.2842 24.1719 6.74348
    endloop
  endfacet
  facet normal 0 1 0
    outer loop
      vertex 55.2842 24.1719 6.74348
      vertex 55.2842 24.1719 6.59478
      vertex 54.5465 24.1719 6.59478
    endloop
  endfacet
  facet normal 0 -1 0
    outer loop
      vertex 54.1694 24.5077 2.96292
      vertex 53.992 24.5077 2.96292
      vertex 53.992 24.5077 2.95786
    endloop
  endfacet
  facet normal 0 -1 0
    outer loop
      vertex 53.992 24.5077 2.95786
      vertex 54.1694 24.5077 2.95786
      vertex 54.1694 24.5077 2.96292
    endloop
  endfacet
  facet normal 0 -1 0
    outer loop
      vertex 54.1694 24.5077 4.24898
      vertex 53.9919 24.5077 4.24898
      vertex 53.992 24.5077 2.96292
    endloop
  endfacet
  facet normal 0 -1 0
    outer loop
      vertex 53.992 24.5077 2.96292
      vertex 54.1694 24.5077 2.96292
      vertex 54.1694 24.5077 4.24898
    endloop
  endfacet
  facet normal 0 0 1
    outer loop
      vertex 54.5465 24.5077 6.59478
      vertex 54.5465 24.1719 6.59478
      vertex 55.2842 24.1719 6.59478
    endloop
  endfacet
  facet normal 0 0 1
    outer loop
      vertex 55.2842 24.1719 6.59478
      vertex 55.2842 24.5077 6.59478
      vertex 54.5465 24.5077 6.59478
    endloop
  endfacet
  facet normal -0.749447 0 0.662065
    outer loop
      vertex 54.1694 21.5908 6.16792
      vertex 54.1694 21.255 6.16792
      vertex 54.5465 21.255 6.59478
    endloop
  endfacet
  facet normal -0.749447 0 0.662065
    outer loop
      vertex 54.5465 21.255 6.59478
      vertex 54.5465 21.5908 6.59478
      vertex 54.1694 21.5908 6.16792
    endloop
  endfacet
  facet normal -1 0 0
    outer loop
      vertex 54.1694 21.5908 4.56618
      vertex 54.1694 21.255 4.56618
      vertex 54.1694 21.255 6.16792
    endloop
  endfacet
  facet normal -1 0 0
    outer loop
      vertex 54.1694 21.255 6.16792
      vertex 54.1694 21.5908 6.16792
      vertex 54.1694 21.5908 4.56618
    endloop
  endfacet
  facet normal 0 -1 0
    outer loop
      vertex 54.1694 21.5908 6.16792
      vertex 54.5465 21.5908 6.59478
      vertex 54.3649 21.5908 6.59478
    endloop
  endfacet
  facet normal 0 -1 0
    outer loop
      vertex 54.3649 21.5908 6.59478
      vertex 53.9919 21.5908 6.1699
      vertex 53.9919 21.5908 6.16792
    endloop
  endfacet
  facet normal 0 -1 0
    outer loop
      vertex 54.3649 21.5908 6.59478
      vertex 53.9919 21.5908 6.16792
      vertex 54.1694 21.5908 6.16792
    endloop
  endfacet
  facet normal 0 1 0
    outer loop
      vertex 54.5465 21.255 6.59478
      vertex 54.5465 21.255 6.74348
      vertex 55.2842 21.255 6.74348
    endloop
  endfacet
  facet normal 0 1 0
    outer loop
      vertex 55.2842 21.255 6.74348
      vertex 55.2842 21.255 6.59478
      vertex 54.5465 21.255 6.59478
    endloop
  endfacet
  facet normal 0 -1 0
    outer loop
      vertex 54.1694 21.5908 2.96292
      vertex 53.992 21.5908 2.96292
      vertex 53.992 21.5908 2.95786
    endloop
  endfacet
  facet normal 0 -1 0
    outer loop
      vertex 53.992 21.5908 2.95786
      vertex 54.1694 21.5908 2.95786
      vertex 54.1694 21.5908 2.96292
    endloop
  endfacet
  facet normal 0 -1 0
    outer loop
      vertex 54.1694 21.5908 4.24898
      vertex 53.9919 21.5908 4.24898
      vertex 53.992 21.5908 2.96292
    endloop
  endfacet
  facet normal 0 -1 0
    outer loop
      vertex 53.992 21.5908 2.96292
      vertex 54.1694 21.5908 2.96292
      vertex 54.1694 21.5908 4.24898
    endloop
  endfacet
  facet normal 0 0 1
    outer loop
      vertex 54.5465 21.5908 6.59478
      vertex 54.5465 21.255 6.59478
      vertex 55.2842 21.255 6.59478
    endloop
  endfacet
  facet normal 0 0 1
    outer loop
      vertex 55.2842 21.255 6.59478
      vertex 55.2842 21.5908 6.59478
      vertex 54.5465 21.5908 6.59478
    endloop
  endfacet
  facet normal 0 -1 0
    outer loop
      vertex 54.1694 24.5077 6.16792
      vertex 53.9919 24.5077 6.16792
      vertex 53.9919 24.5077 4.56618
    endloop
  endfacet
  facet normal 0 -1 0
    outer loop
      vertex 53.9919 24.5077 4.56618
      vertex 54.1694 24.5077 4.56618
      vertex 54.1694 24.5077 6.16792
    endloop
  endfacet
  facet normal -1 0 0
    outer loop
      vertex 54.1694 24.5077 4.24898
      vertex 54.1694 24.1719 4.24898
      vertex 54.1694 24.1719 4.56618
    endloop
  endfacet
  facet normal -1 0 0
    outer loop
      vertex 54.1694 24.1719 4.56618
      vertex 54.1694 24.5077 4.56618
      vertex 54.1694 24.5077 4.24898
    endloop
  endfacet
  facet normal 0 -1 0
    outer loop
      vertex 54.1694 21.5908 6.16792
      vertex 53.9919 21.5908 6.16792
      vertex 53.9919 21.5908 4.56618
    endloop
  endfacet
  facet normal 0 -1 0
    outer loop
      vertex 53.9919 21.5908 4.56618
      vertex 54.1694 21.5908 4.56618
      vertex 54.1694 21.5908 6.16792
    endloop
  endfacet
  facet normal -1 0 0
    outer loop
      vertex 54.1694 21.5908 4.24898
      vertex 54.1694 21.255 4.24898
      vertex 54.1694 21.255 4.56618
    endloop
  endfacet
  facet normal -1 0 0
    outer loop
      vertex 54.1694 21.255 4.56618
      vertex 54.1694 21.5908 4.56618
      vertex 54.1694 21.5908 4.24898
    endloop
  endfacet
  facet normal -1 0 0
    outer loop
      vertex 54.1694 21.5908 2.96292
      vertex 54.1694 21.255 2.96292
      vertex 54.1694 21.255 4.24898
    endloop
  endfacet
  facet normal -1 0 0
    outer loop
      vertex 54.1694 21.255 4.24898
      vertex 54.1694 21.5908 4.24898
      vertex 54.1694 21.5908 2.96292
    endloop
  endfacet
  facet normal -1 0 0
    outer loop
      vertex 54.1694 24.5077 2.96292
      vertex 54.1694 24.1719 2.96292
      vertex 54.1694 24.1719 4.24898
    endloop
  endfacet
  facet normal -1 0 0
    outer loop
      vertex 54.1694 24.1719 4.24898
      vertex 54.1694 24.5077 4.24898
      vertex 54.1694 24.5077 2.96292
    endloop
  endfacet
  facet normal 0 -1 0
    outer loop
      vertex 54.1694 24.5077 4.56618
      vertex 53.9919 24.5077 4.56618
      vertex 53.9919 24.5077 4.24898
    endloop
  endfacet
  facet normal 0 -1 0
    outer loop
      vertex 53.9919 24.5077 4.24898
      vertex 54.1694 24.5077 4.24898
      vertex 54.1694 24.5077 4.56618
    endloop
  endfacet
  facet normal 0 1 0
    outer loop
      vertex 54.1694 24.1719 4.24898
      vertex 53.9919 24.1719 4.24898
      vertex 53.9919 24.1719 4.56618
    endloop
  endfacet
  facet normal 0 1 0
    outer loop
      vertex 53.9919 24.1719 4.56618
      vertex 54.1694 24.1719 4.56618
      vertex 54.1694 24.1719 4.24898
    endloop
  endfacet
  facet normal 0 -1 0
    outer loop
      vertex 54.5877 17.7227 2.12294
      vertex 54.5877 17.7227 2.02968
      vertex 55.2842 17.7227 2.02968
    endloop
  endfacet
  facet normal 0 -1 0
    outer loop
      vertex 55.2842 17.7227 2.02968
      vertex 55.2842 17.7227 2.12294
      vertex 54.5877 17.7227 2.12294
    endloop
  endfacet
  facet normal 0 -1 0
    outer loop
      vertex 54.5877 17.7227 2.12294
      vertex 54.4169 17.7227 2.12294
      vertex 54.4646 17.7227 2.02968
    endloop
  endfacet
  facet normal 0 -1 0
    outer loop
      vertex 54.4646 17.7227 2.02968
      vertex 54.5877 17.7227 2.02968
      vertex 54.5877 17.7227 2.12294
    endloop
  endfacet
  facet normal -0.749447 0 0.662065
    outer loop
      vertex 54.1694 17.7227 6.16792
      vertex 54.1694 17.3869 6.16792
      vertex 54.5465 17.3869 6.59478
    endloop
  endfacet
  facet normal -0.749447 0 0.662065
    outer loop
      vertex 54.5465 17.3869 6.59478
      vertex 54.5465 17.7227 6.59478
      vertex 54.1694 17.7227 6.16792
    endloop
  endfacet
  facet normal -1 0 0
    outer loop
      vertex 54.1694 17.7227 4.56618
      vertex 54.1694 17.3869 4.56618
      vertex 54.1694 17.3869 6.16792
    endloop
  endfacet
  facet normal -1 0 0
    outer loop
      vertex 54.1694 17.3869 6.16792
      vertex 54.1694 17.7227 6.16792
      vertex 54.1694 17.7227 4.56618
    endloop
  endfacet
  facet normal 0 -1 0
    outer loop
      vertex 54.1694 17.7227 6.16792
      vertex 54.5465 17.7227 6.59478
      vertex 54.3646 17.7227 6.59478
    endloop
  endfacet
  facet normal 0 -1 0
    outer loop
      vertex 54.3646 17.7227 6.59478
      vertex 53.9919 17.7227 6.17121
      vertex 53.9919 17.7227 6.16792
    endloop
  endfacet
  facet normal 0 -1 0
    outer loop
      vertex 54.3646 17.7227 6.59478
      vertex 53.9919 17.7227 6.16792
      vertex 54.1694 17.7227 6.16792
    endloop
  endfacet
  facet normal 0 1 0
    outer loop
      vertex 54.5465 17.3869 6.59478
      vertex 54.5465 17.3869 6.74348
      vertex 55.2842 17.3869 6.74348
    endloop
  endfacet
  facet normal 0 1 0
    outer loop
      vertex 55.2842 17.3869 6.74348
      vertex 55.2842 17.3869 6.59478
      vertex 54.5465 17.3869 6.59478
    endloop
  endfacet
  facet normal 0 -1 0
    outer loop
      vertex 54.5877 17.7227 2.12294
      vertex 54.1694 17.7227 2.96292
      vertex 53.992 17.7227 2.96292
    endloop
  endfacet
  facet normal 0 -1 0
    outer loop
      vertex 53.992 17.7227 2.96292
      vertex 53.992 17.7227 2.95709
      vertex 54.4169 17.7227 2.12294
    endloop
  endfacet
  facet normal 0 -1 0
    outer loop
      vertex 53.992 17.7227 2.96292
      vertex 54.4169 17.7227 2.12294
      vertex 54.5877 17.7227 2.12294
    endloop
  endfacet
  facet normal 0 -1 0
    outer loop
      vertex 54.1694 17.7227 4.24898
      vertex 53.9919 17.7227 4.24898
      vertex 53.992 17.7227 2.96292
    endloop
  endfacet
  facet normal 0 -1 0
    outer loop
      vertex 53.992 17.7227 2.96292
      vertex 54.1694 17.7227 2.96292
      vertex 54.1694 17.7227 4.24898
    endloop
  endfacet
  facet normal -0.895158 0 -0.44575
    outer loop
      vertex 54.5877 17.7227 2.12294
      vertex 54.5877 17.3869 2.12294
      vertex 54.1694 17.3869 2.96292
    endloop
  endfacet
  facet normal -0.895158 0 -0.44575
    outer loop
      vertex 54.1694 17.3869 2.96292
      vertex 54.1694 17.7227 2.96292
      vertex 54.5877 17.7227 2.12294
    endloop
  endfacet
  facet normal 0 0 -1
    outer loop
      vertex 54.5877 17.3869 2.12294
      vertex 54.5877 17.7227 2.12294
      vertex 55.2842 17.7227 2.12294
    endloop
  endfacet
  facet normal 0 0 -1
    outer loop
      vertex 55.2842 17.7227 2.12294
      vertex 55.2842 17.3869 2.12294
      vertex 54.5877 17.3869 2.12294
    endloop
  endfacet
  facet normal 0 0 1
    outer loop
      vertex 54.5465 17.7227 6.59478
      vertex 54.5465 17.3869 6.59478
      vertex 55.2842 17.3869 6.59478
    endloop
  endfacet
  facet normal 0 0 1
    outer loop
      vertex 55.2842 17.3869 6.59478
      vertex 55.2842 17.7227 6.59478
      vertex 54.5465 17.7227 6.59478
    endloop
  endfacet
  facet normal 0 -1 0
    outer loop
      vertex 54.5877 14.8059 2.12294
      vertex 54.5877 14.8059 2.02968
      vertex 55.2842 14.8059 2.02968
    endloop
  endfacet
  facet normal 0 -1 0
    outer loop
      vertex 55.2842 14.8059 2.02968
      vertex 55.2842 14.8059 2.12294
      vertex 54.5877 14.8059 2.12294
    endloop
  endfacet
  facet normal 0 -1 0
    outer loop
      vertex 54.5877 14.8059 2.12294
      vertex 54.4169 14.8059 2.12294
      vertex 54.4646 14.8059 2.02968
    endloop
  endfacet
  facet normal 0 -1 0
    outer loop
      vertex 54.4646 14.8059 2.02968
      vertex 54.5877 14.8059 2.02968
      vertex 54.5877 14.8059 2.12294
    endloop
  endfacet
  facet normal -0.749447 0 0.662065
    outer loop
      vertex 54.1694 14.8059 6.16792
      vertex 54.1694 14.4701 6.16792
      vertex 54.5465 14.4701 6.59478
    endloop
  endfacet
  facet normal -0.749447 0 0.662065
    outer loop
      vertex 54.5465 14.4701 6.59478
      vertex 54.5465 14.8059 6.59478
      vertex 54.1694 14.8059 6.16792
    endloop
  endfacet
  facet normal -1 0 0
    outer loop
      vertex 54.1694 14.8059 4.56618
      vertex 54.1694 14.4701 4.56618
      vertex 54.1694 14.4701 6.16792
    endloop
  endfacet
  facet normal -1 0 0
    outer loop
      vertex 54.1694 14.4701 6.16792
      vertex 54.1694 14.8059 6.16792
      vertex 54.1694 14.8059 4.56618
    endloop
  endfacet
  facet normal 0 -1 0
    outer loop
      vertex 54.1694 14.8059 6.16792
      vertex 54.5465 14.8059 6.59478
      vertex 54.3646 14.8059 6.59478
    endloop
  endfacet
  facet normal 0 -1 0
    outer loop
      vertex 54.3646 14.8059 6.59478
      vertex 53.9919 14.8059 6.17121
      vertex 53.9919 14.8059 6.16792
    endloop
  endfacet
  facet normal 0 -1 0
    outer loop
      vertex 54.3646 14.8059 6.59478
      vertex 53.9919 14.8059 6.16792
      vertex 54.1694 14.8059 6.16792
    endloop
  endfacet
  facet normal 0 1 0
    outer loop
      vertex 54.5465 14.4701 6.59478
      vertex 54.5465 14.4701 6.74348
      vertex 55.2842 14.4701 6.74348
    endloop
  endfacet
  facet normal 0 1 0
    outer loop
      vertex 55.2842 14.4701 6.74348
      vertex 55.2842 14.4701 6.59478
      vertex 54.5465 14.4701 6.59478
    endloop
  endfacet
  facet normal 0 -1 0
    outer loop
      vertex 54.5877 14.8059 2.12294
      vertex 54.1694 14.8059 2.96292
      vertex 53.992 14.8059 2.96292
    endloop
  endfacet
  facet normal 0 -1 0
    outer loop
      vertex 53.992 14.8059 2.96292
      vertex 53.992 14.8059 2.95614
      vertex 54.4169 14.8059 2.12294
    endloop
  endfacet
  facet normal 0 -1 0
    outer loop
      vertex 53.992 14.8059 2.96292
      vertex 54.4169 14.8059 2.12294
      vertex 54.5877 14.8059 2.12294
    endloop
  endfacet
  facet normal 0 -1 0
    outer loop
      vertex 54.1694 14.8059 4.24898
      vertex 53.9919 14.8059 4.24898
      vertex 53.992 14.8059 2.96292
    endloop
  endfacet
  facet normal 0 -1 0
    outer loop
      vertex 53.992 14.8059 2.96292
      vertex 54.1694 14.8059 2.96292
      vertex 54.1694 14.8059 4.24898
    endloop
  endfacet
  facet normal -0.895158 0 -0.44575
    outer loop
      vertex 54.5877 14.8059 2.12294
      vertex 54.5877 14.4701 2.12294
      vertex 54.1694 14.4701 2.96292
    endloop
  endfacet
  facet normal -0.895158 0 -0.44575
    outer loop
      vertex 54.1694 14.4701 2.96292
      vertex 54.1694 14.8059 2.96292
      vertex 54.5877 14.8059 2.12294
    endloop
  endfacet
  facet normal 0 0 -1
    outer loop
      vertex 54.5877 14.4701 2.12294
      vertex 54.5877 14.8059 2.12294
      vertex 55.2842 14.8059 2.12294
    endloop
  endfacet
  facet normal 0 0 -1
    outer loop
      vertex 55.2842 14.8059 2.12294
      vertex 55.2842 14.4701 2.12294
      vertex 54.5877 14.4701 2.12294
    endloop
  endfacet
  facet normal 0 0 1
    outer loop
      vertex 54.5465 14.8059 6.59478
      vertex 54.5465 14.4701 6.59478
      vertex 55.2842 14.4701 6.59478
    endloop
  endfacet
  facet normal 0 0 1
    outer loop
      vertex 55.2842 14.4701 6.59478
      vertex 55.2842 14.8059 6.59478
      vertex 54.5465 14.8059 6.59478
    endloop
  endfacet
  facet normal 0 -1 0
    outer loop
      vertex 54.1694 17.7227 6.16792
      vertex 53.9919 17.7227 6.16792
      vertex 53.9919 17.7227 4.56618
    endloop
  endfacet
  facet normal 0 -1 0
    outer loop
      vertex 53.9919 17.7227 4.56618
      vertex 54.1694 17.7227 4.56618
      vertex 54.1694 17.7227 6.16792
    endloop
  endfacet
  facet normal -1 0 0
    outer loop
      vertex 54.1694 17.7227 4.24898
      vertex 54.1694 17.3869 4.24898
      vertex 54.1694 17.3869 4.56618
    endloop
  endfacet
  facet normal -1 0 0
    outer loop
      vertex 54.1694 17.3869 4.56618
      vertex 54.1694 17.7227 4.56618
      vertex 54.1694 17.7227 4.24898
    endloop
  endfacet
  facet normal 0 -1 0
    outer loop
      vertex 54.1694 14.8059 6.16792
      vertex 53.9919 14.8059 6.16792
      vertex 53.9919 14.8059 4.56618
    endloop
  endfacet
  facet normal 0 -1 0
    outer loop
      vertex 53.9919 14.8059 4.56618
      vertex 54.1694 14.8059 4.56618
      vertex 54.1694 14.8059 6.16792
    endloop
  endfacet
  facet normal -1 0 0
    outer loop
      vertex 54.1694 14.8059 4.24898
      vertex 54.1694 14.4701 4.24898
      vertex 54.1694 14.4701 4.56618
    endloop
  endfacet
  facet normal -1 0 0
    outer loop
      vertex 54.1694 14.4701 4.56618
      vertex 54.1694 14.8059 4.56618
      vertex 54.1694 14.8059 4.24898
    endloop
  endfacet
  facet normal -1 0 0
    outer loop
      vertex 54.1694 14.8059 2.96292
      vertex 54.1694 14.4701 2.96292
      vertex 54.1694 14.4701 4.24898
    endloop
  endfacet
  facet normal -1 0 0
    outer loop
      vertex 54.1694 14.4701 4.24898
      vertex 54.1694 14.8059 4.24898
      vertex 54.1694 14.8059 2.96292
    endloop
  endfacet
  facet normal 0 0 -1
    outer loop
      vertex 54.1694 17.3869 4.56618
      vertex 54.1694 14.8059 4.56618
      vertex 53.9919 14.8059 4.56618
    endloop
  endfacet
  facet normal 0 0 -1
    outer loop
      vertex 53.9919 14.8059 4.56618
      vertex 53.9919 17.3869 4.56618
      vertex 54.1694 17.3869 4.56618
    endloop
  endfacet
  facet normal -1 0 0
    outer loop
      vertex 54.1694 17.7227 2.96292
      vertex 54.1694 17.3869 2.96292
      vertex 54.1694 17.3869 4.24898
    endloop
  endfacet
  facet normal -1 0 0
    outer loop
      vertex 54.1694 17.3869 4.24898
      vertex 54.1694 17.7227 4.24898
      vertex 54.1694 17.7227 2.96292
    endloop
  endfacet
  facet normal -1 0 0
    outer loop
      vertex 54.1694 17.3869 4.24898
      vertex 54.1694 14.8059 4.24898
      vertex 54.1694 14.8059 4.56618
    endloop
  endfacet
  facet normal -1 0 0
    outer loop
      vertex 54.1694 14.8059 4.56618
      vertex 54.1694 17.3869 4.56618
      vertex 54.1694 17.3869 4.24898
    endloop
  endfacet
  facet normal 0 -1 0
    outer loop
      vertex 54.1694 17.7227 4.56618
      vertex 53.9919 17.7227 4.56618
      vertex 53.9919 17.7227 4.24898
    endloop
  endfacet
  facet normal 0 -1 0
    outer loop
      vertex 53.9919 17.7227 4.24898
      vertex 54.1694 17.7227 4.24898
      vertex 54.1694 17.7227 4.56618
    endloop
  endfacet
  facet normal 0 0 1
    outer loop
      vertex 54.1694 14.8059 4.24898
      vertex 54.1694 17.3869 4.24898
      vertex 53.9919 17.3869 4.24898
    endloop
  endfacet
  facet normal 0 0 1
    outer loop
      vertex 53.9919 17.3869 4.24898
      vertex 53.9919 14.8059 4.24898
      vertex 54.1694 14.8059 4.24898
    endloop
  endfacet
  facet normal -1 0 0
    outer loop
      vertex 54.4085 41.0495 4.65372
      vertex 54.4085 37.7725 4.65372
      vertex 54.4085 39.402 5.66848
    endloop
  endfacet
  facet normal -1 0 0
    outer loop
      vertex 54.4085 39.402 5.66848
      vertex 54.4085 39.4201 5.66848
      vertex 54.4085 41.0495 4.65372
    endloop
  endfacet
  facet normal 0 0 -1
    outer loop
      vertex 54.4085 39.4201 5.66848
      vertex 54.4085 39.402 5.66848
      vertex 53.9919 39.402 5.66848
    endloop
  endfacet
  facet normal 0 0 -1
    outer loop
      vertex 53.9919 39.402 5.66848
      vertex 53.9919 39.4201 5.66848
      vertex 54.4085 39.4201 5.66848
    endloop
  endfacet
  facet normal 0 -0.528635 -0.848849
    outer loop
      vertex 54.4085 39.4201 5.66848
      vertex 53.9919 39.4201 5.66848
      vertex 53.9919 41.0495 4.65372
    endloop
  endfacet
  facet normal 0 -0.528635 -0.848849
    outer loop
      vertex 53.9919 41.0495 4.65372
      vertex 54.4085 41.0495 4.65372
      vertex 54.4085 39.4201 5.66848
    endloop
  endfacet
  facet normal -1 0 0
    outer loop
      vertex 54.4085 40.1324 5.66848
      vertex 54.4085 43.4094 5.66848
      vertex 54.4085 41.78 4.65372
    endloop
  endfacet
  facet normal -1 0 0
    outer loop
      vertex 54.4085 41.78 4.65372
      vertex 54.4085 41.7619 4.65372
      vertex 54.4085 40.1324 5.66848
    endloop
  endfacet
  facet normal 0 0 1
    outer loop
      vertex 54.4085 41.7619 4.65372
      vertex 54.4085 41.78 4.65372
      vertex 53.9919 41.78 4.65372
    endloop
  endfacet
  facet normal 0 0 1
    outer loop
      vertex 53.9919 41.78 4.65372
      vertex 53.9919 41.7619 4.65372
      vertex 54.4085 41.7619 4.65372
    endloop
  endfacet
  facet normal 0 0.528628 0.848854
    outer loop
      vertex 54.4085 41.7619 4.65372
      vertex 53.9919 41.7619 4.65372
      vertex 53.9919 40.1324 5.66848
    endloop
  endfacet
  facet normal 0 0.528628 0.848854
    outer loop
      vertex 53.9919 40.1324 5.66848
      vertex 54.4085 40.1324 5.66848
      vertex 54.4085 41.7619 4.65372
    endloop
  endfacet
  facet normal -1 0 0
    outer loop
      vertex 54.4085 35.459 5.66848
      vertex 54.4085 38.736 5.66848
      vertex 54.4085 37.1065 4.65372
    endloop
  endfacet
  facet normal -1 0 0
    outer loop
      vertex 54.4085 37.1065 4.65372
      vertex 54.4085 37.0884 4.65372
      vertex 54.4085 35.459 5.66848
    endloop
  endfacet
  facet normal 0 0 1
    outer loop
      vertex 54.4085 37.0884 4.65372
      vertex 54.4085 37.1065 4.65372
      vertex 53.9919 37.1065 4.65372
    endloop
  endfacet
  facet normal 0 0 1
    outer loop
      vertex 53.9919 37.1065 4.65372
      vertex 53.9919 37.0884 4.65372
      vertex 54.4085 37.0884 4.65372
    endloop
  endfacet
  facet normal 0 0.528635 0.848849
    outer loop
      vertex 54.4085 37.0884 4.65372
      vertex 53.9919 37.0884 4.65372
      vertex 53.9919 35.459 5.66848
    endloop
  endfacet
  facet normal 0 0.528635 0.848849
    outer loop
      vertex 53.9919 35.459 5.66848
      vertex 54.4085 35.459 5.66848
      vertex 54.4085 37.0884 4.65372
    endloop
  endfacet
  facet normal -1 0 0
    outer loop
      vertex 54.4085 36.3761 4.65372
      vertex 54.4085 33.0991 4.65372
      vertex 54.4085 34.7285 5.66848
    endloop
  endfacet
  facet normal -1 0 0
    outer loop
      vertex 54.4085 34.7285 5.66848
      vertex 54.4085 34.7466 5.66848
      vertex 54.4085 36.3761 4.65372
    endloop
  endfacet
  facet normal 0 0 -1
    outer loop
      vertex 54.4085 34.7466 5.66848
      vertex 54.4085 34.7285 5.66848
      vertex 53.9919 34.7285 5.66848
    endloop
  endfacet
  facet normal 0 0 -1
    outer loop
      vertex 53.9919 34.7285 5.66848
      vertex 53.9919 34.7466 5.66848
      vertex 54.4085 34.7466 5.66848
    endloop
  endfacet
  facet normal 0 -0.528635 -0.848849
    outer loop
      vertex 54.4085 34.7466 5.66848
      vertex 53.9919 34.7466 5.66848
      vertex 53.9919 36.3761 4.65372
    endloop
  endfacet
  facet normal 0 -0.528635 -0.848849
    outer loop
      vertex 53.9919 36.3761 4.65372
      vertex 54.4085 36.3761 4.65372
      vertex 54.4085 34.7466 5.66848
    endloop
  endfacet
  facet normal 0 0 -1
    outer loop
      vertex 54.0376 81.8765 3.93178
      vertex 54.0376 81.5194 3.93178
      vertex 53.7963 81.5194 3.93178
    endloop
  endfacet
  facet normal 0 0 -1
    outer loop
      vertex 53.7963 81.5194 3.93178
      vertex 53.7963 81.8765 3.93178
      vertex 54.0376 81.8765 3.93178
    endloop
  endfacet
  facet normal 0 -1 0
    outer loop
      vertex 54.0376 81.8765 3.93178
      vertex 53.7963 81.8765 3.93178
      vertex 53.7963 81.8765 3.60437
    endloop
  endfacet
  facet normal 0 -1 0
    outer loop
      vertex 53.7963 81.8765 3.60437
      vertex 54.0376 81.8765 3.60437
      vertex 54.0376 81.8765 3.93178
    endloop
  endfacet
  facet normal -1 0 0
    outer loop
      vertex 54.0376 79.4753 5.90402
      vertex 54.0376 79.1183 5.90402
      vertex 54.0376 79.1183 6.26106
    endloop
  endfacet
  facet normal -1 0 0
    outer loop
      vertex 54.0376 79.1183 6.26106
      vertex 54.0376 79.4753 6.26106
      vertex 54.0376 79.4753 5.90402
    endloop
  endfacet
  facet normal 0 0 -1
    outer loop
      vertex 54.0376 79.4753 6.26106
      vertex 54.0376 79.1183 6.26106
      vertex 53.7963 79.1183 6.26106
    endloop
  endfacet
  facet normal 0 0 -1
    outer loop
      vertex 53.7963 79.1183 6.26106
      vertex 53.7963 79.4753 6.26106
      vertex 54.0376 79.4753 6.26106
    endloop
  endfacet
  facet normal 0 -1 0
    outer loop
      vertex 54.0376 79.4753 6.26106
      vertex 53.7963 79.4753 6.26106
      vertex 53.7963 79.4753 5.90402
    endloop
  endfacet
  facet normal 0 -1 0
    outer loop
      vertex 53.7963 79.4753 5.90402
      vertex 54.0376 79.4753 5.90402
      vertex 54.0376 79.4753 6.26106
    endloop
  endfacet
  facet normal -1 0 0
    outer loop
      vertex 54.0376 81.8765 5.90402
      vertex 54.0376 81.5194 5.90402
      vertex 54.0376 81.5194 6.26106
    endloop
  endfacet
  facet normal -1 0 0
    outer loop
      vertex 54.0376 81.5194 6.26106
      vertex 54.0376 81.8765 6.26106
      vertex 54.0376 81.8765 5.90402
    endloop
  endfacet
  facet normal 0 0 -1
    outer loop
      vertex 54.0376 81.8765 6.26106
      vertex 54.0376 81.5194 6.26106
      vertex 53.7963 81.5194 6.26106
    endloop
  endfacet
  facet normal 0 0 -1
    outer loop
      vertex 53.7963 81.5194 6.26106
      vertex 53.7963 81.8765 6.26106
      vertex 54.0376 81.8765 6.26106
    endloop
  endfacet
  facet normal 0 -1 0
    outer loop
      vertex 54.0376 81.8765 6.26106
      vertex 53.7963 81.8765 6.26106
      vertex 53.7963 81.8765 5.90402
    endloop
  endfacet
  facet normal 0 -1 0
    outer loop
      vertex 53.7963 81.8765 5.90402
      vertex 54.0376 81.8765 5.90402
      vertex 54.0376 81.8765 6.26106
    endloop
  endfacet
  facet normal 0 0 -1
    outer loop
      vertex 54.0376 79.4753 3.93178
      vertex 54.0376 79.1183 3.93178
      vertex 53.7963 79.1183 3.93178
    endloop
  endfacet
  facet normal 0 0 -1
    outer loop
      vertex 53.7963 79.1183 3.93178
      vertex 53.7963 79.4753 3.93178
      vertex 54.0376 79.4753 3.93178
    endloop
  endfacet
  facet normal 0 -1 0
    outer loop
      vertex 54.0376 79.4753 3.93178
      vertex 53.7963 79.4753 3.93178
      vertex 53.7963 79.4753 3.60437
    endloop
  endfacet
  facet normal 0 -1 0
    outer loop
      vertex 53.7963 79.4753 3.60437
      vertex 54.0376 79.4753 3.60437
      vertex 54.0376 79.4753 3.93178
    endloop
  endfacet
  facet normal -1 0 0
    outer loop
      vertex 54.0376 78.2975 3.57475
      vertex 54.0376 77.9404 3.57475
      vertex 54.0376 77.9404 3.93178
    endloop
  endfacet
  facet normal -1 0 0
    outer loop
      vertex 54.0376 77.9404 3.93178
      vertex 54.0376 78.2975 3.93178
      vertex 54.0376 78.2975 3.57475
    endloop
  endfacet
  facet normal 0 0 -1
    outer loop
      vertex 54.0376 78.2975 3.93178
      vertex 54.0376 77.9404 3.93178
      vertex 53.7963 77.9404 3.93178
    endloop
  endfacet
  facet normal 0 0 -1
    outer loop
      vertex 53.7963 77.9404 3.93178
      vertex 53.7963 78.2975 3.93178
      vertex 54.0376 78.2975 3.93178
    endloop
  endfacet
  facet normal 0 -1 0
    outer loop
      vertex 54.0376 78.2975 3.93178
      vertex 53.7963 78.2975 3.93178
      vertex 53.7963 78.2975 3.57475
    endloop
  endfacet
  facet normal 0 -1 0
    outer loop
      vertex 53.7963 78.2975 3.57475
      vertex 54.0376 78.2975 3.57475
      vertex 54.0376 78.2975 3.93178
    endloop
  endfacet
  facet normal -1 0 0
    outer loop
      vertex 54.0376 75.8963 5.90402
      vertex 54.0376 75.5393 5.90402
      vertex 54.0376 75.5393 6.26106
    endloop
  endfacet
  facet normal -1 0 0
    outer loop
      vertex 54.0376 75.5393 6.26106
      vertex 54.0376 75.8963 6.26106
      vertex 54.0376 75.8963 5.90402
    endloop
  endfacet
  facet normal 0 0 -1
    outer loop
      vertex 54.0376 75.8963 6.26106
      vertex 54.0376 75.5393 6.26106
      vertex 53.7963 75.5393 6.26106
    endloop
  endfacet
  facet normal 0 0 -1
    outer loop
      vertex 53.7963 75.5393 6.26106
      vertex 53.7963 75.8963 6.26106
      vertex 54.0376 75.8963 6.26106
    endloop
  endfacet
  facet normal 0 -1 0
    outer loop
      vertex 54.0376 75.8963 6.26106
      vertex 53.7963 75.8963 6.26106
      vertex 53.7963 75.8963 5.90402
    endloop
  endfacet
  facet normal 0 -1 0
    outer loop
      vertex 53.7963 75.8963 5.90402
      vertex 54.0376 75.8963 5.90402
      vertex 54.0376 75.8963 6.26106
    endloop
  endfacet
  facet normal -1 0 0
    outer loop
      vertex 54.0376 78.2975 5.90402
      vertex 54.0376 77.9404 5.90402
      vertex 54.0376 77.9404 6.26106
    endloop
  endfacet
  facet normal -1 0 0
    outer loop
      vertex 54.0376 77.9404 6.26106
      vertex 54.0376 78.2975 6.26106
      vertex 54.0376 78.2975 5.90402
    endloop
  endfacet
  facet normal 0 0 -1
    outer loop
      vertex 54.0376 78.2975 6.26106
      vertex 54.0376 77.9404 6.26106
      vertex 53.7963 77.9404 6.26106
    endloop
  endfacet
  facet normal 0 0 -1
    outer loop
      vertex 53.7963 77.9404 6.26106
      vertex 53.7963 78.2975 6.26106
      vertex 54.0376 78.2975 6.26106
    endloop
  endfacet
  facet normal 0 -1 0
    outer loop
      vertex 54.0376 78.2975 6.26106
      vertex 53.7963 78.2975 6.26106
      vertex 53.7963 78.2975 5.90402
    endloop
  endfacet
  facet normal 0 -1 0
    outer loop
      vertex 53.7963 78.2975 5.90402
      vertex 54.0376 78.2975 5.90402
      vertex 54.0376 78.2975 6.26106
    endloop
  endfacet
  facet normal -1 0 0
    outer loop
      vertex 54.0376 75.8963 3.57475
      vertex 54.0376 75.5393 3.57475
      vertex 54.0376 75.5393 3.93178
    endloop
  endfacet
  facet normal -1 0 0
    outer loop
      vertex 54.0376 75.5393 3.93178
      vertex 54.0376 75.8963 3.93178
      vertex 54.0376 75.8963 3.57475
    endloop
  endfacet
  facet normal 0 0 -1
    outer loop
      vertex 54.0376 75.8963 3.93178
      vertex 54.0376 75.5393 3.93178
      vertex 53.7963 75.5393 3.93178
    endloop
  endfacet
  facet normal 0 0 -1
    outer loop
      vertex 53.7963 75.5393 3.93178
      vertex 53.7963 75.8963 3.93178
      vertex 54.0376 75.8963 3.93178
    endloop
  endfacet
  facet normal 0 -1 0
    outer loop
      vertex 54.0376 75.8963 3.93178
      vertex 53.7963 75.8963 3.93178
      vertex 53.7963 75.8963 3.57475
    endloop
  endfacet
  facet normal 0 -1 0
    outer loop
      vertex 53.7963 75.8963 3.57475
      vertex 54.0376 75.8963 3.57475
      vertex 54.0376 75.8963 3.93178
    endloop
  endfacet
  facet normal 0 0 -1
    outer loop
      vertex 54.0376 85.3995 3.93178
      vertex 54.0376 85.0425 3.93178
      vertex 53.7963 85.0425 3.93178
    endloop
  endfacet
  facet normal 0 0 -1
    outer loop
      vertex 53.7963 85.0425 3.93178
      vertex 53.7963 85.3995 3.93178
      vertex 54.0376 85.3995 3.93178
    endloop
  endfacet
  facet normal 0 -1 0
    outer loop
      vertex 54.0376 85.3995 3.93178
      vertex 53.7963 85.3995 3.93178
      vertex 53.7963 85.3995 3.60437
    endloop
  endfacet
  facet normal 0 -1 0
    outer loop
      vertex 53.7963 85.3995 3.60437
      vertex 54.0376 85.3995 3.60437
      vertex 54.0376 85.3995 3.93178
    endloop
  endfacet
  facet normal -1 0 0
    outer loop
      vertex 54.0376 82.9984 5.90402
      vertex 54.0376 82.6414 5.90402
      vertex 54.0376 82.6414 6.26106
    endloop
  endfacet
  facet normal -1 0 0
    outer loop
      vertex 54.0376 82.6414 6.26106
      vertex 54.0376 82.9984 6.26106
      vertex 54.0376 82.9984 5.90402
    endloop
  endfacet
  facet normal 0 0 -1
    outer loop
      vertex 54.0376 82.9984 6.26106
      vertex 54.0376 82.6414 6.26106
      vertex 53.7963 82.6414 6.26106
    endloop
  endfacet
  facet normal 0 0 -1
    outer loop
      vertex 53.7963 82.6414 6.26106
      vertex 53.7963 82.9984 6.26106
      vertex 54.0376 82.9984 6.26106
    endloop
  endfacet
  facet normal 0 -1 0
    outer loop
      vertex 54.0376 82.9984 6.26106
      vertex 53.7963 82.9984 6.26106
      vertex 53.7963 82.9984 5.90402
    endloop
  endfacet
  facet normal 0 -1 0
    outer loop
      vertex 53.7963 82.9984 5.90402
      vertex 54.0376 82.9984 5.90402
      vertex 54.0376 82.9984 6.26106
    endloop
  endfacet
  facet normal -1 0 0
    outer loop
      vertex 54.0376 85.3995 5.90402
      vertex 54.0376 85.0425 5.90402
      vertex 54.0376 85.0425 6.26106
    endloop
  endfacet
  facet normal -1 0 0
    outer loop
      vertex 54.0376 85.0425 6.26106
      vertex 54.0376 85.3995 6.26106
      vertex 54.0376 85.3995 5.90402
    endloop
  endfacet
  facet normal 0 0 -1
    outer loop
      vertex 54.0376 85.3995 6.26106
      vertex 54.0376 85.0425 6.26106
      vertex 53.7963 85.0425 6.26106
    endloop
  endfacet
  facet normal 0 0 -1
    outer loop
      vertex 53.7963 85.0425 6.26106
      vertex 53.7963 85.3995 6.26106
      vertex 54.0376 85.3995 6.26106
    endloop
  endfacet
  facet normal 0 -1 0
    outer loop
      vertex 54.0376 85.3995 6.26106
      vertex 53.7963 85.3995 6.26106
      vertex 53.7963 85.3995 5.90402
    endloop
  endfacet
  facet normal 0 -1 0
    outer loop
      vertex 53.7963 85.3995 5.90402
      vertex 54.0376 85.3995 5.90402
      vertex 54.0376 85.3995 6.26106
    endloop
  endfacet
  facet normal 0 0 -1
    outer loop
      vertex 54.0376 82.9984 3.93178
      vertex 54.0376 82.6414 3.93178
      vertex 53.7963 82.6414 3.93178
    endloop
  endfacet
  facet normal 0 0 -1
    outer loop
      vertex 53.7963 82.6414 3.93178
      vertex 53.7963 82.9984 3.93178
      vertex 54.0376 82.9984 3.93178
    endloop
  endfacet
  facet normal 0 -1 0
    outer loop
      vertex 54.0376 82.9984 3.93178
      vertex 53.7963 82.9984 3.93178
      vertex 53.7963 82.9984 3.60437
    endloop
  endfacet
  facet normal 0 -1 0
    outer loop
      vertex 53.7963 82.9984 3.60437
      vertex 54.0376 82.9984 3.60437
      vertex 54.0376 82.9984 3.93178
    endloop
  endfacet
  facet normal -1 0 0
    outer loop
      vertex 54.0376 74.7558 3.57475
      vertex 54.0376 74.3987 3.57475
      vertex 54.0376 74.3987 3.93178
    endloop
  endfacet
  facet normal -1 0 0
    outer loop
      vertex 54.0376 74.3987 3.93178
      vertex 54.0376 74.7558 3.93178
      vertex 54.0376 74.7558 3.57475
    endloop
  endfacet
  facet normal 0 0 -1
    outer loop
      vertex 54.0376 74.7558 3.93178
      vertex 54.0376 74.3987 3.93178
      vertex 53.7963 74.3987 3.93178
    endloop
  endfacet
  facet normal 0 0 -1
    outer loop
      vertex 53.7963 74.3987 3.93178
      vertex 53.7963 74.7558 3.93178
      vertex 54.0376 74.7558 3.93178
    endloop
  endfacet
  facet normal 0 -1 0
    outer loop
      vertex 54.0376 74.7558 3.93178
      vertex 53.7963 74.7558 3.93178
      vertex 53.7963 74.7558 3.57475
    endloop
  endfacet
  facet normal 0 -1 0
    outer loop
      vertex 53.7963 74.7558 3.57475
      vertex 54.0376 74.7558 3.57475
      vertex 54.0376 74.7558 3.93178
    endloop
  endfacet
  facet normal -1 0 0
    outer loop
      vertex 54.0376 72.3546 5.90402
      vertex 54.0376 71.9976 5.90402
      vertex 54.0376 71.9976 6.26106
    endloop
  endfacet
  facet normal -1 0 0
    outer loop
      vertex 54.0376 71.9976 6.26106
      vertex 54.0376 72.3546 6.26106
      vertex 54.0376 72.3546 5.90402
    endloop
  endfacet
  facet normal 0 0 -1
    outer loop
      vertex 54.0376 72.3546 6.26106
      vertex 54.0376 71.9976 6.26106
      vertex 53.7963 71.9976 6.26106
    endloop
  endfacet
  facet normal 0 0 -1
    outer loop
      vertex 53.7963 71.9976 6.26106
      vertex 53.7963 72.3546 6.26106
      vertex 54.0376 72.3546 6.26106
    endloop
  endfacet
  facet normal 0 -1 0
    outer loop
      vertex 54.0376 72.3546 6.26106
      vertex 53.7963 72.3546 6.26106
      vertex 53.7963 72.3546 5.90402
    endloop
  endfacet
  facet normal 0 -1 0
    outer loop
      vertex 53.7963 72.3546 5.90402
      vertex 54.0376 72.3546 5.90402
      vertex 54.0376 72.3546 6.26106
    endloop
  endfacet
  facet normal -1 0 0
    outer loop
      vertex 54.0376 74.7558 5.90402
      vertex 54.0376 74.3987 5.90402
      vertex 54.0376 74.3987 6.26106
    endloop
  endfacet
  facet normal -1 0 0
    outer loop
      vertex 54.0376 74.3987 6.26106
      vertex 54.0376 74.7558 6.26106
      vertex 54.0376 74.7558 5.90402
    endloop
  endfacet
  facet normal 0 0 -1
    outer loop
      vertex 54.0376 74.7558 6.26106
      vertex 54.0376 74.3987 6.26106
      vertex 53.7963 74.3987 6.26106
    endloop
  endfacet
  facet normal 0 0 -1
    outer loop
      vertex 53.7963 74.3987 6.26106
      vertex 53.7963 74.7558 6.26106
      vertex 54.0376 74.7558 6.26106
    endloop
  endfacet
  facet normal 0 -1 0
    outer loop
      vertex 54.0376 74.7558 6.26106
      vertex 53.7963 74.7558 6.26106
      vertex 53.7963 74.7558 5.90402
    endloop
  endfacet
  facet normal 0 -1 0
    outer loop
      vertex 53.7963 74.7558 5.90402
      vertex 54.0376 74.7558 5.90402
      vertex 54.0376 74.7558 6.26106
    endloop
  endfacet
  facet normal -1 0 0
    outer loop
      vertex 54.0376 72.3546 3.57475
      vertex 54.0376 71.9976 3.57475
      vertex 54.0376 71.9976 3.93178
    endloop
  endfacet
  facet normal -1 0 0
    outer loop
      vertex 54.0376 71.9976 3.93178
      vertex 54.0376 72.3546 3.93178
      vertex 54.0376 72.3546 3.57475
    endloop
  endfacet
  facet normal 0 0 -1
    outer loop
      vertex 54.0376 72.3546 3.93178
      vertex 54.0376 71.9976 3.93178
      vertex 53.7963 71.9976 3.93178
    endloop
  endfacet
  facet normal 0 0 -1
    outer loop
      vertex 53.7963 71.9976 3.93178
      vertex 53.7963 72.3546 3.93178
      vertex 54.0376 72.3546 3.93178
    endloop
  endfacet
  facet normal 0 -1 0
    outer loop
      vertex 54.0376 72.3546 3.93178
      vertex 53.7963 72.3546 3.93178
      vertex 53.7963 72.3546 3.57475
    endloop
  endfacet
  facet normal 0 -1 0
    outer loop
      vertex 53.7963 72.3546 3.57475
      vertex 54.0376 72.3546 3.57475
      vertex 54.0376 72.3546 3.93178
    endloop
  endfacet
  facet normal -1 0 0
    outer loop
      vertex 54.0376 71.1954 3.57475
      vertex 54.0376 70.8384 3.57475
      vertex 54.0376 70.8384 3.93178
    endloop
  endfacet
  facet normal -1 0 0
    outer loop
      vertex 54.0376 70.8384 3.93178
      vertex 54.0376 71.1954 3.93178
      vertex 54.0376 71.1954 3.57475
    endloop
  endfacet
  facet normal 0 0 -1
    outer loop
      vertex 54.0376 71.1954 3.93178
      vertex 54.0376 70.8384 3.93178
      vertex 53.7963 70.8384 3.93178
    endloop
  endfacet
  facet normal 0 0 -1
    outer loop
      vertex 53.7963 70.8384 3.93178
      vertex 53.7963 71.1954 3.93178
      vertex 54.0376 71.1954 3.93178
    endloop
  endfacet
  facet normal 0 -1 0
    outer loop
      vertex 54.0376 71.1954 3.93178
      vertex 53.7963 71.1954 3.93178
      vertex 53.7963 71.1954 3.57475
    endloop
  endfacet
  facet normal 0 -1 0
    outer loop
      vertex 53.7963 71.1954 3.57475
      vertex 54.0376 71.1954 3.57475
      vertex 54.0376 71.1954 3.93178
    endloop
  endfacet
  facet normal -1 0 0
    outer loop
      vertex 54.0376 68.7943 5.90402
      vertex 54.0376 68.4372 5.90402
      vertex 54.0376 68.4372 6.26106
    endloop
  endfacet
  facet normal -1 0 0
    outer loop
      vertex 54.0376 68.4372 6.26106
      vertex 54.0376 68.7943 6.26106
      vertex 54.0376 68.7943 5.90402
    endloop
  endfacet
  facet normal 0 0 -1
    outer loop
      vertex 54.0376 68.7943 6.26106
      vertex 54.0376 68.4372 6.26106
      vertex 53.7963 68.4372 6.26106
    endloop
  endfacet
  facet normal 0 0 -1
    outer loop
      vertex 53.7963 68.4372 6.26106
      vertex 53.7963 68.7943 6.26106
      vertex 54.0376 68.7943 6.26106
    endloop
  endfacet
  facet normal 0 -1 0
    outer loop
      vertex 54.0376 68.7943 6.26106
      vertex 53.7963 68.7943 6.26106
      vertex 53.7963 68.7943 5.90402
    endloop
  endfacet
  facet normal 0 -1 0
    outer loop
      vertex 53.7963 68.7943 5.90402
      vertex 54.0376 68.7943 5.90402
      vertex 54.0376 68.7943 6.26106
    endloop
  endfacet
  facet normal -1 0 0
    outer loop
      vertex 54.0376 71.1954 5.90402
      vertex 54.0376 70.8384 5.90402
      vertex 54.0376 70.8384 6.26106
    endloop
  endfacet
  facet normal -1 0 0
    outer loop
      vertex 54.0376 70.8384 6.26106
      vertex 54.0376 71.1954 6.26106
      vertex 54.0376 71.1954 5.90402
    endloop
  endfacet
  facet normal 0 0 -1
    outer loop
      vertex 54.0376 71.1954 6.26106
      vertex 54.0376 70.8384 6.26106
      vertex 53.7963 70.8384 6.26106
    endloop
  endfacet
  facet normal 0 0 -1
    outer loop
      vertex 53.7963 70.8384 6.26106
      vertex 53.7963 71.1954 6.26106
      vertex 54.0376 71.1954 6.26106
    endloop
  endfacet
  facet normal 0 -1 0
    outer loop
      vertex 54.0376 71.1954 6.26106
      vertex 53.7963 71.1954 6.26106
      vertex 53.7963 71.1954 5.90402
    endloop
  endfacet
  facet normal 0 -1 0
    outer loop
      vertex 53.7963 71.1954 5.90402
      vertex 54.0376 71.1954 5.90402
      vertex 54.0376 71.1954 6.26106
    endloop
  endfacet
  facet normal -1 0 0
    outer loop
      vertex 54.0376 68.7943 3.57475
      vertex 54.0376 68.4372 3.57475
      vertex 54.0376 68.4372 3.93178
    endloop
  endfacet
  facet normal -1 0 0
    outer loop
      vertex 54.0376 68.4372 3.93178
      vertex 54.0376 68.7943 3.93178
      vertex 54.0376 68.7943 3.57475
    endloop
  endfacet
  facet normal 0 0 -1
    outer loop
      vertex 54.0376 68.7943 3.93178
      vertex 54.0376 68.4372 3.93178
      vertex 53.7963 68.4372 3.93178
    endloop
  endfacet
  facet normal 0 0 -1
    outer loop
      vertex 53.7963 68.4372 3.93178
      vertex 53.7963 68.7943 3.93178
      vertex 54.0376 68.7943 3.93178
    endloop
  endfacet
  facet normal 0 -1 0
    outer loop
      vertex 54.0376 68.7943 3.93178
      vertex 53.7963 68.7943 3.93178
      vertex 53.7963 68.7943 3.57475
    endloop
  endfacet
  facet normal 0 -1 0
    outer loop
      vertex 53.7963 68.7943 3.57475
      vertex 54.0376 68.7943 3.57475
      vertex 54.0376 68.7943 3.93178
    endloop
  endfacet
  facet normal 0 0 1
    outer loop
      vertex 54.4954 44.3605 6.74348
      vertex 54.4954 43.3008 6.74348
      vertex 55.2842 43.3008 6.74348
    endloop
  endfacet
  facet normal 0 0 1
    outer loop
      vertex 55.2842 43.3008 6.74348
      vertex 55.2842 44.3605 6.74348
      vertex 54.4954 44.3605 6.74348
    endloop
  endfacet
  facet normal -1 0 0
    outer loop
      vertex 53.9919 44.3605 6.17916
      vertex 53.9919 56.1901 6.17916
      vertex 53.9919 56.1901 5.86637
    endloop
  endfacet
  facet normal -1 0 0
    outer loop
      vertex 53.9919 44.3605 6.17916
      vertex 53.9919 56.1901 5.86637
      vertex 53.9919 46.5399 5.86637
    endloop
  endfacet
  facet normal -1 0 0
    outer loop
      vertex 53.9919 45.7494 2.95697
      vertex 53.9919 44.3605 2.95752
      vertex 53.9919 44.3605 6.17916
    endloop
  endfacet
  facet normal -1 0 0
    outer loop
      vertex 53.9919 45.7494 2.96207
      vertex 53.9919 45.7494 2.95697
      vertex 53.9919 44.3605 6.17916
    endloop
  endfacet
  facet normal -1 0 0
    outer loop
      vertex 53.9919 44.3605 6.17916
      vertex 53.9919 46.5399 5.86637
      vertex 53.9919 45.7494 5.0432
    endloop
  endfacet
  facet normal -1 0 0
    outer loop
      vertex 53.9919 45.7494 5.0432
      vertex 53.9919 45.7494 2.96207
      vertex 53.9919 44.3605 6.17916
    endloop
  endfacet
  facet normal 0 -0.830966 -0.556323
    outer loop
      vertex 54.7921 44.3605 1.37502
      vertex 55.2842 44.3605 1.37502
      vertex 55.2842 43.5582 2.57332
    endloop
  endfacet
  facet normal 0 -0.830983 -0.556297
    outer loop
      vertex 54.7065 43.5582 2.57332
      vertex 54.632 43.3008 2.95786
      vertex 53.992 43.3008 2.95786
    endloop
  endfacet
  facet normal 0 -0.830966 -0.556323
    outer loop
      vertex 54.7921 44.3605 1.37502
      vertex 55.2842 43.5582 2.57332
      vertex 54.7065 43.5582 2.57332
    endloop
  endfacet
  facet normal -2.12374e-05 -0.830965 -0.556324
    outer loop
      vertex 54.7065 43.5582 2.57332
      vertex 53.992 43.3008 2.95786
      vertex 54.7921 44.3605 1.37502
    endloop
  endfacet
  facet normal 0 0 -1
    outer loop
      vertex 54.7921 56.1901 1.37502
      vertex 55.2842 56.1901 1.37502
      vertex 55.2842 44.3605 1.37502
    endloop
  endfacet
  facet normal 0 0 -1
    outer loop
      vertex 55.2842 44.3605 1.37502
      vertex 54.7921 44.3605 1.37502
      vertex 54.7921 56.1901 1.37502
    endloop
  endfacet
  facet normal -0.75155 -0.00576418 0.659651
    outer loop
      vertex 53.9919 44.3605 6.17916
      vertex 53.9919 43.3008 6.1699
      vertex 54.4954 43.3008 6.74348
    endloop
  endfacet
  facet normal -0.74621 0 0.665711
    outer loop
      vertex 54.4954 43.3008 6.74348
      vertex 54.4954 44.3605 6.74348
      vertex 53.9919 44.3605 6.17916
    endloop
  endfacet
  facet normal -0.751562 0 0.659662
    outer loop
      vertex 54.4954 43.3008 6.74348
      vertex 53.9919 43.3008 6.1699
      vertex 53.9919 24.5077 6.1699
    endloop
  endfacet
  facet normal -0.751619 0 0.659598
    outer loop
      vertex 54.3649 24.5077 6.59478
      vertex 54.4954 24.5077 6.74348
      vertex 54.4954 43.3008 6.74348
    endloop
  endfacet
  facet normal -0.751543 -1.21178e-06 0.659684
    outer loop
      vertex 53.9919 24.5077 6.1699
      vertex 54.3649 24.5077 6.59478
      vertex 54.4954 43.3008 6.74348
    endloop
  endfacet
  facet normal 0 0 1
    outer loop
      vertex 55.2842 18.6022 6.74348
      vertex 54.4954 18.6022 6.74348
      vertex 54.4954 17.7227 6.74348
    endloop
  endfacet
  facet normal 0 0 1
    outer loop
      vertex 54.5465 17.7227 6.74348
      vertex 55.2842 17.7227 6.74348
      vertex 55.2842 18.6022 6.74348
    endloop
  endfacet
  facet normal 0 0 1
    outer loop
      vertex 54.4954 17.7227 6.74348
      vertex 54.5465 17.7227 6.74348
      vertex 55.2842 18.6022 6.74348
    endloop
  endfacet
  facet normal 0 0 1
    outer loop
      vertex 54.4954 20.0764 6.74348
      vertex 54.4954 18.6022 6.74348
      vertex 55.2842 18.6022 6.74348
    endloop
  endfacet
  facet normal 0 0 1
    outer loop
      vertex 55.2842 18.6022 6.74348
      vertex 55.2842 20.0764 6.74348
      vertex 54.4954 20.0764 6.74348
    endloop
  endfacet
  facet normal -0.750811 0.000588827 0.660516
    outer loop
      vertex 53.9919 20.0764 6.1699
      vertex 53.9919 18.6022 6.17121
      vertex 54.4954 18.6022 6.74348
    endloop
  endfacet
  facet normal -0.751562 0 0.659662
    outer loop
      vertex 54.4954 18.6022 6.74348
      vertex 54.4954 20.0764 6.74348
      vertex 53.9919 20.0764 6.1699
    endloop
  endfacet
  facet normal -0.750812 0 0.660516
    outer loop
      vertex 54.4954 18.6022 6.74348
      vertex 53.9919 18.6022 6.17121
      vertex 53.9919 17.7227 6.17121
    endloop
  endfacet
  facet normal -0.750892 0 0.660425
    outer loop
      vertex 54.3646 17.7227 6.59478
      vertex 54.4954 17.7227 6.74348
      vertex 54.4954 18.6022 6.74348
    endloop
  endfacet
  facet normal -0.750783 -3.71787e-05 0.660549
    outer loop
      vertex 53.9919 17.7227 6.17121
      vertex 54.3646 17.7227 6.59478
      vertex 54.4954 18.6022 6.74348
    endloop
  endfacet
  facet normal 0 0 -1
    outer loop
      vertex 54.4646 18.6022 2.02968
      vertex 55.2842 18.6022 2.02968
      vertex 55.2842 17.7227 2.02968
    endloop
  endfacet
  facet normal 0 0 0
    outer loop
      vertex 55.2842 17.7227 2.02968
      vertex 54.5877 17.7227 2.02968
      vertex 54.4646 17.7227 2.02968
    endloop
  endfacet
  facet normal 0 0 -1
    outer loop
      vertex 55.2842 17.7227 2.02968
      vertex 54.4646 17.7227 2.02968
      vertex 54.4646 18.6022 2.02968
    endloop
  endfacet
  facet normal -0.891034 0 -0.453936
    outer loop
      vertex 53.992 18.6022 2.95738
      vertex 54.4646 18.6022 2.02968
      vertex 54.4646 17.7227 2.02968
    endloop
  endfacet
  facet normal -0.891031 0.000146195 -0.453943
    outer loop
      vertex 54.4169 17.7227 2.12294
      vertex 53.992 17.7227 2.95709
      vertex 53.992 18.6022 2.95738
    endloop
  endfacet
  facet normal -0.890509 0.00136619 -0.454964
    outer loop
      vertex 54.4646 17.7227 2.02968
      vertex 54.4169 17.7227 2.12294
      vertex 53.992 18.6022 2.95738
    endloop
  endfacet
  facet normal -0.750812 0 0.660516
    outer loop
      vertex 53.9919 9.40731 6.17121
      vertex 53.9919 8.94292 6.17121
      vertex 54.4954 9.40731 6.74348
    endloop
  endfacet
  facet normal -0.891034 0.000149401 -0.453936
    outer loop
      vertex 53.992 20.0764 2.95786
      vertex 54.4646 18.6022 2.02968
      vertex 53.992 18.6022 2.95738
    endloop
  endfacet
  facet normal -1 0 -2.02448e-05
    outer loop
      vertex 53.9919 36.3761 4.65372
      vertex 53.992 43.3008 2.95786
      vertex 53.992 35.7489 2.95786
    endloop
  endfacet
  facet normal 0 -1 0
    outer loop
      vertex 53.992 35.7489 2.95786
      vertex 53.992 35.7489 3.09658
      vertex 53.9919 35.7489 4.02549
    endloop
  endfacet
  facet normal -1 0 0
    outer loop
      vertex 53.9919 24.5077 6.1699
      vertex 53.9919 43.3008 6.1699
      vertex 53.9919 34.7285 5.66848
    endloop
  endfacet
  facet normal 0 0 0
    outer loop
      vertex 53.9919 24.5077 4.56618
      vertex 53.9919 24.5077 6.16792
      vertex 53.9919 24.5077 6.1699
    endloop
  endfacet
  facet normal 0 -1.73532e-07 0
    outer loop
      vertex 53.992 24.5077 2.95786
      vertex 53.992 24.5077 2.96292
      vertex 53.9919 24.5077 4.24898
    endloop
  endfacet
  facet normal 0 0 0
    outer loop
      vertex 53.9919 24.5077 4.24898
      vertex 53.9919 24.5077 4.56618
      vertex 53.9919 24.5077 6.1699
    endloop
  endfacet
  facet normal -1 0 0
    outer loop
      vertex 53.9919 24.5077 6.1699
      vertex 53.9919 34.7285 5.66848
      vertex 53.9919 33.0991 4.65372
    endloop
  endfacet
  facet normal -1 3.22102e-05 -3.21576e-05
    outer loop
      vertex 53.9919 36.3761 4.65372
      vertex 53.992 35.7489 2.95786
      vertex 53.9919 35.7489 4.02549
    endloop
  endfacet
  facet normal 0 1 0
    outer loop
      vertex 53.9919 33.9809 4.02549
      vertex 53.992 33.9809 3.09658
      vertex 53.992 33.9809 2.95786
    endloop
  endfacet
  facet normal -1 0 0
    outer loop
      vertex 53.9919 36.3761 4.65372
      vertex 53.9919 35.7489 4.02549
      vertex 53.9919 33.9809 4.02549
    endloop
  endfacet
  facet normal -1 0 0
    outer loop
      vertex 53.9919 24.5077 4.24898
      vertex 53.9919 24.5077 6.1699
      vertex 53.9919 33.0991 4.65372
    endloop
  endfacet
  facet normal -1 0 0
    outer loop
      vertex 53.9919 33.0991 4.65372
      vertex 53.9919 36.3761 4.65372
      vertex 53.9919 33.9809 4.02549
    endloop
  endfacet
  facet normal -1 0 -3.21576e-05
    outer loop
      vertex 53.9919 33.9809 4.02549
      vertex 53.992 33.9809 2.95786
      vertex 53.992 29.8144 2.95786
    endloop
  endfacet
  facet normal 0 -1 0
    outer loop
      vertex 53.992 29.8144 2.95786
      vertex 53.992 29.8144 3.09658
      vertex 53.9919 29.8144 4.02549
    endloop
  endfacet
  facet normal -1 -6.06021e-06 -8.50663e-06
    outer loop
      vertex 53.9919 33.0991 4.65372
      vertex 53.9919 33.9809 4.02549
      vertex 53.992 29.8144 2.95786
    endloop
  endfacet
  facet normal -1 0 -2.65912e-05
    outer loop
      vertex 53.992 28.0464 2.95786
      vertex 53.992 24.5077 2.95786
      vertex 53.9919 24.5077 4.24898
    endloop
  endfacet
  facet normal -1 9.70187e-06 0
    outer loop
      vertex 53.992 28.0464 3.09658
      vertex 53.992 28.0464 2.95786
      vertex 53.9919 24.5077 4.24898
    endloop
  endfacet
  facet normal -1 6.15037e-06 -3.21576e-05
    outer loop
      vertex 53.9919 33.0991 4.65372
      vertex 53.992 29.8144 2.95786
      vertex 53.9919 29.8144 4.02549
    endloop
  endfacet
  facet normal -1 -2.3342e-06 -3.69597e-05
    outer loop
      vertex 53.9919 28.0464 4.02549
      vertex 53.992 28.0464 3.09658
      vertex 53.9919 24.5077 4.24898
    endloop
  endfacet
  facet normal -1 0 0
    outer loop
      vertex 53.9919 33.0991 4.65372
      vertex 53.9919 29.8144 4.02549
      vertex 53.9919 28.0464 4.02549
    endloop
  endfacet
  facet normal -1 0 0
    outer loop
      vertex 53.9919 28.0464 4.02549
      vertex 53.9919 24.5077 4.24898
      vertex 53.9919 33.0991 4.65372
    endloop
  endfacet
  facet normal 0 -1 0
    outer loop
      vertex 54.7921 56.1901 1.37502
      vertex 52.9971 56.1901 0.046243
      vertex 55.2842 56.1901 0.046243
    endloop
  endfacet
  facet normal 0 -1 0
    outer loop
      vertex 55.2842 56.1901 0.046243
      vertex 55.2842 56.1901 1.37502
      vertex 54.7921 56.1901 1.37502
    endloop
  endfacet
  facet normal -0.892397 -0.000175344 -0.451252
    outer loop
      vertex 54.7921 44.3605 1.37502
      vertex 53.992 43.3008 2.95786
      vertex 53.9919 44.3605 2.95752
    endloop
  endfacet
  facet normal -0.74621 0 0.665711
    outer loop
      vertex 54.4954 56.1901 6.74348
      vertex 53.9919 56.1901 6.17916
      vertex 53.9919 44.3605 6.17916
    endloop
  endfacet
  facet normal -0.74621 0 0.665711
    outer loop
      vertex 53.9919 44.3605 6.17916
      vertex 54.4954 44.3605 6.74348
      vertex 54.4954 56.1901 6.74348
    endloop
  endfacet
  facet normal 0 -1 0
    outer loop
      vertex 54.4646 8.94292 2.02968
      vertex 54.544 8.94292 2.2912
      vertex 54.2343 8.94292 2.9537
    endloop
  endfacet
  facet normal 0 -1 0
    outer loop
      vertex 54.2343 8.94292 2.9537
      vertex 53.992 8.94292 2.95424
      vertex 54.4646 8.94292 2.02968
    endloop
  endfacet
  facet normal -9.76301e-06 -0.776488 0.630132
    outer loop
      vertex 54.4954 9.40731 6.74348
      vertex 53.9919 8.94292 6.17121
      vertex 55.2842 8.94292 6.17123
    endloop
  endfacet
  facet normal 0 -0.776482 0.63014
    outer loop
      vertex 55.2842 8.94292 6.17123
      vertex 55.2842 9.40731 6.74348
      vertex 54.4954 9.40731 6.74348
    endloop
  endfacet
  facet normal -0.890412 0 -0.455156
    outer loop
      vertex 54.4646 9.40731 2.02968
      vertex 54.4646 8.94292 2.02968
      vertex 53.992 8.94292 2.95424
    endloop
  endfacet
  facet normal -0.890444 0.000158409 -0.455093
    outer loop
      vertex 53.992 8.94292 2.95424
      vertex 53.992 9.40731 2.95441
      vertex 54.4646 9.40731 2.02968
    endloop
  endfacet
  facet normal 0 0 -1
    outer loop
      vertex 55.2842 9.40731 2.02968
      vertex 55.2842 8.94292 2.02968
      vertex 54.4646 8.94292 2.02968
    endloop
  endfacet
  facet normal 0 0 -1
    outer loop
      vertex 54.4646 8.94292 2.02968
      vertex 54.4646 9.40731 2.02968
      vertex 55.2842 9.40731 2.02968
    endloop
  endfacet
  facet normal 0 0 1
    outer loop
      vertex 54.2343 8.94292 5.90972
      vertex 54.2343 8.54639 5.90972
      vertex 55.2842 8.54639 5.90972
    endloop
  endfacet
  facet normal 0 0 1
    outer loop
      vertex 55.2842 8.54639 5.90972
      vertex 55.2842 8.94292 5.90972
      vertex 54.2343 8.94292 5.90972
    endloop
  endfacet
  facet normal 0 -1 0
    outer loop
      vertex 55.2842 8.94292 2.02968
      vertex 55.2842 8.94292 2.2912
      vertex 54.544 8.94292 2.2912
    endloop
  endfacet
  facet normal 0 -1 0
    outer loop
      vertex 54.544 8.94292 2.2912
      vertex 54.4646 8.94292 2.02968
      vertex 55.2842 8.94292 2.02968
    endloop
  endfacet
  facet normal 0 -1 0
    outer loop
      vertex 53.9919 8.94292 6.17121
      vertex 54.2343 8.94292 5.90972
      vertex 55.2842 8.94292 5.90972
    endloop
  endfacet
  facet normal 0 -1 0
    outer loop
      vertex 55.2842 8.94292 5.90972
      vertex 55.2842 8.94292 6.17123
      vertex 53.9919 8.94292 6.17121
    endloop
  endfacet
  facet normal 0 0 -1
    outer loop
      vertex 55.2842 8.94292 2.2912
      vertex 55.2842 8.54639 2.2912
      vertex 54.544 8.54639 2.2912
    endloop
  endfacet
  facet normal 0 0 -1
    outer loop
      vertex 54.544 8.54639 2.2912
      vertex 54.544 8.94292 2.2912
      vertex 55.2842 8.94292 2.2912
    endloop
  endfacet
  facet normal -0.906038 0 -0.423196
    outer loop
      vertex 54.544 8.94292 2.2912
      vertex 54.544 8.54639 2.2912
      vertex 54.2343 8.54639 2.95426
    endloop
  endfacet
  facet normal -0.905899 -0.000604494 -0.423493
    outer loop
      vertex 54.2343 8.54639 2.95426
      vertex 54.2343 8.94292 2.9537
      vertex 54.544 8.94292 2.2912
    endloop
  endfacet
  facet normal -1 -9.5232e-09 -1.06826e-05
    outer loop
      vertex 53.992 18.6022 2.95738
      vertex 53.9919 18.6022 6.17121
      vertex 53.9919 20.0764 6.1699
    endloop
  endfacet
  facet normal -1 3.51731e-09 -1.06886e-05
    outer loop
      vertex 53.9919 20.0764 6.1699
      vertex 53.992 20.0764 2.95786
      vertex 53.992 18.6022 2.95738
    endloop
  endfacet
  facet normal -1 0 -1.06722e-05
    outer loop
      vertex 53.992 8.94292 2.95424
      vertex 53.9919 8.94292 6.17121
      vertex 53.9919 9.40731 6.17121
    endloop
  endfacet
  facet normal -1 3.71133e-09 -1.06728e-05
    outer loop
      vertex 53.9919 9.40731 6.17121
      vertex 53.992 9.40731 2.95441
      vertex 53.992 8.94292 2.95424
    endloop
  endfacet
  facet normal -1 3.93249e-09 -1.06728e-05
    outer loop
      vertex 53.992 9.51732 2.95445
      vertex 53.992 9.40731 2.95441
      vertex 53.9919 9.40731 6.17121
    endloop
  endfacet
  facet normal -1 0 0
    outer loop
      vertex 53.9919 9.40731 6.17121
      vertex 53.9919 14.4701 6.17121
      vertex 53.9919 14.4701 6.16792
    endloop
  endfacet
  facet normal 0 -1 0
    outer loop
      vertex 53.9919 14.4701 4.56618
      vertex 53.9919 14.4701 4.24898
      vertex 53.992 14.4701 2.96292
    endloop
  endfacet
  facet normal -1 0 0
    outer loop
      vertex 53.9919 9.40731 6.17121
      vertex 53.9919 14.4701 6.16792
      vertex 53.9919 14.4701 4.56618
    endloop
  endfacet
  facet normal -1 0.000610275 1.01962e-05
    outer loop
      vertex 53.992 9.5173 2.95542
      vertex 53.992 9.51732 2.95445
      vertex 53.9919 9.40731 6.17121
    endloop
  endfacet
  facet normal -1 -0.00044892 -2.60299e-05
    outer loop
      vertex 53.9919 9.5173 4.27437
      vertex 53.992 9.5173 2.95542
      vertex 53.9919 9.40731 6.17121
    endloop
  endfacet
  facet normal -1 -6.78889e-06 -2.1414e-05
    outer loop
      vertex 53.9919 9.40731 6.17121
      vertex 53.9919 14.4701 4.56618
      vertex 53.992 14.4701 2.96292
    endloop
  endfacet
  facet normal -1 0 0
    outer loop
      vertex 53.992 14.4701 2.96292
      vertex 53.992 14.4701 2.95604
      vertex 53.992 11.2055 2.95499
    endloop
  endfacet
  facet normal -1 6.31745e-08 -2.60215e-05
    outer loop
      vertex 53.992 14.4701 2.96292
      vertex 53.992 11.2055 2.95499
      vertex 53.9919 11.2055 4.27437
    endloop
  endfacet
  facet normal -1 0 0
    outer loop
      vertex 53.9919 9.86139 4.27437
      vertex 53.9919 9.5173 4.27437
      vertex 53.9919 9.40731 6.17121
    endloop
  endfacet
  facet normal -1 0 0
    outer loop
      vertex 53.992 10.1912 2.95465
      vertex 53.992 9.86139 2.95455
      vertex 53.992 9.86139 2.95542
    endloop
  endfacet
  facet normal -1 -6.06281e-08 -2.60299e-05
    outer loop
      vertex 53.992 10.1912 2.95465
      vertex 53.992 9.86139 2.95542
      vertex 53.9919 9.86139 4.27437
    endloop
  endfacet
  facet normal 0 2.63753e-08 0
    outer loop
      vertex 53.9919 10.1912 4.27437
      vertex 53.992 10.1912 2.95542
      vertex 53.992 10.1912 2.95465
    endloop
  endfacet
  facet normal -0.999997 0.00247231 0.000591836
    outer loop
      vertex 53.992 10.1912 2.95465
      vertex 53.9919 9.86139 4.27437
      vertex 53.9919 9.40731 6.17121
    endloop
  endfacet
  facet normal -1 1.69853e-05 1.6102e-05
    outer loop
      vertex 53.9919 9.40731 6.17121
      vertex 53.992 14.4701 2.96292
      vertex 53.9919 11.2055 4.27437
    endloop
  endfacet
  facet normal 0 1.87465e-08 0
    outer loop
      vertex 53.9919 10.8615 4.27437
      vertex 53.992 10.8615 2.95542
      vertex 53.992 10.8615 2.95487
    endloop
  endfacet
  facet normal -1 0 0
    outer loop
      vertex 53.9919 9.40731 6.17121
      vertex 53.9919 11.2055 4.27437
      vertex 53.9919 10.8615 4.27437
    endloop
  endfacet
  facet normal -1 -6.29502e-05 -2.60147e-05
    outer loop
      vertex 53.9919 10.1912 4.27437
      vertex 53.992 10.1912 2.95465
      vertex 53.9919 9.40731 6.17121
    endloop
  endfacet
  facet normal 0 -2.22153e-08 0
    outer loop
      vertex 53.992 10.5353 2.95477
      vertex 53.992 10.5353 2.95542
      vertex 53.9919 10.5353 4.27437
    endloop
  endfacet
  facet normal -1 0 0
    outer loop
      vertex 53.9919 10.5353 4.27437
      vertex 53.9919 10.1912 4.27437
      vertex 53.9919 9.40731 6.17121
    endloop
  endfacet
  facet normal -1 8.06443e-09 -2.60191e-05
    outer loop
      vertex 53.9919 10.8615 4.27437
      vertex 53.992 10.8615 2.95487
      vertex 53.992 10.5353 2.95477
    endloop
  endfacet
  facet normal -1 0 0
    outer loop
      vertex 53.9919 10.5353 4.27437
      vertex 53.9919 9.40731 6.17121
      vertex 53.9919 10.8615 4.27437
    endloop
  endfacet
  facet normal -1 0 -2.60171e-05
    outer loop
      vertex 53.9919 10.8615 4.27437
      vertex 53.992 10.5353 2.95477
      vertex 53.9919 10.5353 4.27437
    endloop
  endfacet
  facet normal -1 0 0
    outer loop
      vertex 54.2343 8.54639 2.95426
      vertex 54.2343 8.54639 5.90972
      vertex 54.2343 8.94292 5.90972
    endloop
  endfacet
  facet normal -1 0 0
    outer loop
      vertex 54.2343 8.94292 5.90972
      vertex 54.2343 8.94292 2.9537
      vertex 54.2343 8.54639 2.95426
    endloop
  endfacet
  facet normal 0 -1 0
    outer loop
      vertex 54.2343 8.94292 2.9537
      vertex 54.2343 8.94292 5.90972
      vertex 53.9919 8.94292 6.17121
    endloop
  endfacet
  facet normal 0 -1 0
    outer loop
      vertex 53.9919 8.94292 6.17121
      vertex 53.992 8.94292 2.95424
      vertex 54.2343 8.94292 2.9537
    endloop
  endfacet
  facet normal -1 -3.2403e-05 -1.29902e-05
    outer loop
      vertex 53.9919 44.3605 2.95752
      vertex 53.992 43.3008 2.95786
      vertex 53.9919 43.3008 5.60081
    endloop
  endfacet
  facet normal -1 0 0
    outer loop
      vertex 53.9919 43.4094 5.66848
      vertex 53.9919 43.3008 5.66848
      vertex 53.9919 43.3008 6.1699
    endloop
  endfacet
  facet normal -1 0 0
    outer loop
      vertex 53.9919 44.3605 2.95752
      vertex 53.9919 43.3008 5.60081
      vertex 53.9919 43.4094 5.66848
    endloop
  endfacet
  facet normal -1 0 0
    outer loop
      vertex 53.9919 43.3008 6.1699
      vertex 53.9919 44.3605 6.17916
      vertex 53.9919 44.3605 2.95752
    endloop
  endfacet
  facet normal -1 0 0
    outer loop
      vertex 53.9919 43.4094 5.66848
      vertex 53.9919 43.3008 6.1699
      vertex 53.9919 44.3605 2.95752
    endloop
  endfacet
  facet normal 0 -1 0
    outer loop
      vertex 53.9919 56.1901 5.86637
      vertex 53.9919 56.1901 6.17916
      vertex 52.9928 56.1901 6.96675
    endloop
  endfacet
  facet normal 0 -1 0
    outer loop
      vertex 52.9928 56.1901 1.3396
      vertex 53.743 56.1901 2.55088
      vertex 53.5248 56.1901 2.96207
    endloop
  endfacet
  facet normal 0 0 0
    outer loop
      vertex 53.5248 56.1901 2.96207
      vertex 53.5248 56.1901 5.0432
      vertex 53.5248 56.1901 5.86637
    endloop
  endfacet
  facet normal 0 -1 0
    outer loop
      vertex 53.5248 56.1901 5.86637
      vertex 53.9919 56.1901 5.86637
      vertex 52.9928 56.1901 6.96675
    endloop
  endfacet
  facet normal 0 -1 0
    outer loop
      vertex 52.9928 56.1901 6.96675
      vertex 52.9928 56.1901 1.3396
      vertex 53.5248 56.1901 2.96207
    endloop
  endfacet
  facet normal 0 -1 0
    outer loop
      vertex 52.9928 56.1901 6.96675
      vertex 53.5248 56.1901 2.96207
      vertex 53.5248 56.1901 5.86637
    endloop
  endfacet
  facet normal -0.889501 0 0.456932
    outer loop
      vertex 54.4618 56.1901 9.82645
      vertex 54.4618 58.6296 9.82645
      vertex 52.9928 58.6296 6.96675
    endloop
  endfacet
  facet normal -0.889501 0 0.456932
    outer loop
      vertex 52.9928 58.6296 6.96675
      vertex 52.9928 56.1901 6.96675
      vertex 54.4618 56.1901 9.82645
    endloop
  endfacet
  facet normal 0 -1 0
    outer loop
      vertex 54.4954 56.1901 6.74348
      vertex 54.4618 56.1901 9.82645
      vertex 52.9928 56.1901 6.96675
    endloop
  endfacet
  facet normal 0 -1 0
    outer loop
      vertex 52.9928 56.1901 6.96675
      vertex 53.9919 56.1901 6.17916
      vertex 54.4954 56.1901 6.74348
    endloop
  endfacet
  facet normal 0 -1 0
    outer loop
      vertex 54.4954 56.1901 6.74348
      vertex 55.2842 56.1901 6.74348
      vertex 55.2842 56.1901 7.85264
    endloop
  endfacet
  facet normal 0 -1 0
    outer loop
      vertex 54.4954 56.1901 6.74348
      vertex 55.2842 56.1901 7.85264
      vertex 54.5557 56.1901 7.85264
    endloop
  endfacet
  facet normal 0 -1 0
    outer loop
      vertex 55.2842 56.1901 9.3098
      vertex 55.2842 56.1901 9.82645
      vertex 54.4618 56.1901 9.82645
    endloop
  endfacet
  facet normal 0 -1 0
    outer loop
      vertex 54.4954 56.1901 6.74348
      vertex 54.5557 56.1901 7.85264
      vertex 54.5557 56.1901 9.3098
    endloop
  endfacet
  facet normal 0 -1 0
    outer loop
      vertex 54.5557 56.1901 9.3098
      vertex 55.2842 56.1901 9.3098
      vertex 54.4618 56.1901 9.82645
    endloop
  endfacet
  facet normal 0 -1 0
    outer loop
      vertex 54.5557 56.1901 9.3098
      vertex 54.4618 56.1901 9.82645
      vertex 54.4954 56.1901 6.74348
    endloop
  endfacet
  facet normal 0 1 0
    outer loop
      vertex 56.1067 60.2373 9.82645
      vertex 55.2842 60.2373 9.82645
      vertex 55.2842 60.2373 10.2185
    endloop
  endfacet
  facet normal 0 1 0
    outer loop
      vertex 55.2842 60.2373 10.2185
      vertex 56.1067 60.2373 10.2185
      vertex 56.1067 60.2373 9.82645
    endloop
  endfacet
  facet normal 0.00200865 0 -0.999998
    outer loop
      vertex 54.3684 60.2373 3.51315
      vertex 54.3684 63.2491 3.51315
      vertex 55.2842 63.2491 3.51499
    endloop
  endfacet
  facet normal 0.00200865 0 -0.999998
    outer loop
      vertex 55.2842 63.2491 3.51499
      vertex 55.2842 60.2373 3.51499
      vertex 54.3684 60.2373 3.51315
    endloop
  endfacet
  facet normal 0 1 0
    outer loop
      vertex 55.2842 58.5063 1.32713
      vertex 55.2842 58.5063 0.0438168
      vertex 52.9938 58.5063 0.0438168
    endloop
  endfacet
  facet normal 0 1 0
    outer loop
      vertex 52.9938 58.5063 0.0438168
      vertex 52.9928 58.5063 1.3396
      vertex 55.2842 58.5063 1.32713
    endloop
  endfacet
  facet normal -1 0 -0.000799301
    outer loop
      vertex 52.9938 56.1901 0.046243
      vertex 52.9928 56.1901 1.3396
      vertex 52.9928 58.5063 1.3396
    endloop
  endfacet
  facet normal -1 0 -0.000797804
    outer loop
      vertex 52.9928 58.5063 1.3396
      vertex 52.9938 58.5063 0.0438168
      vertex 52.9938 58.4905 0.0438168
    endloop
  endfacet
  facet normal -1 -0.000581373 -0.000790722
    outer loop
      vertex 52.9928 58.5063 1.3396
      vertex 52.9938 58.4905 0.0438168
      vertex 52.9938 58.4872 0.046243
    endloop
  endfacet
  facet normal -1 0 -0.000799301
    outer loop
      vertex 52.9938 57.6813 0.046243
      vertex 52.9938 56.1901 0.046243
      vertex 52.9928 58.5063 1.3396
    endloop
  endfacet
  facet normal -1 0 -0.000799301
    outer loop
      vertex 52.9928 58.5063 1.3396
      vertex 52.9938 58.4872 0.046243
      vertex 52.9938 57.6813 0.046243
    endloop
  endfacet
  facet normal -1 0 0
    outer loop
      vertex 52.9928 56.1901 6.96675
      vertex 52.9928 58.6296 6.96675
      vertex 52.9928 58.5063 1.3396
    endloop
  endfacet
  facet normal -1 0 0
    outer loop
      vertex 52.9928 58.5063 1.3396
      vertex 52.9928 56.1901 1.3396
      vertex 52.9928 56.1901 6.96675
    endloop
  endfacet
  facet normal 0 0 1
    outer loop
      vertex 55.2842 56.1901 9.82645
      vertex 55.2842 58.6296 9.82645
      vertex 54.4618 58.6296 9.82645
    endloop
  endfacet
  facet normal 0 0 1
    outer loop
      vertex 54.4618 58.6296 9.82645
      vertex 54.4618 56.1901 9.82645
      vertex 55.2842 56.1901 9.82645
    endloop
  endfacet
  facet normal 0 -1 0
    outer loop
      vertex 54.4618 60.2373 9.82645
      vertex 54.3665 60.2373 8.91828
      vertex 54.3684 60.2373 6.8209
    endloop
  endfacet
  facet normal 0 1 0
    outer loop
      vertex 54.3684 60.2373 6.8209
      vertex 52.9928 60.2373 6.96675
      vertex 54.4618 60.2373 9.82645
    endloop
  endfacet
  facet normal 0 1 0
    outer loop
      vertex 52.9928 60.2373 2.47176
      vertex 54.3684 60.2373 3.51315
      vertex 55.2842 60.2373 3.51499
    endloop
  endfacet
  facet normal 0 1 0
    outer loop
      vertex 55.2842 60.2373 3.51499
      vertex 55.2842 60.2373 2.45929
      vertex 52.9928 60.2373 2.47176
    endloop
  endfacet
  facet normal -0.889501 0 0.456932
    outer loop
      vertex 54.4618 58.6296 9.82645
      vertex 54.4618 60.2373 9.82645
      vertex 52.9928 60.2373 6.96675
    endloop
  endfacet
  facet normal -0.889501 0 0.456932
    outer loop
      vertex 52.9928 60.2373 6.96675
      vertex 52.9928 58.6296 6.96675
      vertex 54.4618 58.6296 9.82645
    endloop
  endfacet
  facet normal -0.00455583 0.547369 -0.836879
    outer loop
      vertex 52.9928 58.5063 1.3396
      vertex 52.9928 60.2373 2.47176
      vertex 55.2842 60.2373 2.45929
    endloop
  endfacet
  facet normal -0.00455588 0.547369 -0.836879
    outer loop
      vertex 55.2842 60.2373 2.45929
      vertex 55.2842 58.5063 1.32713
      vertex 52.9928 58.5063 1.3396
    endloop
  endfacet
  facet normal -1 0 0
    outer loop
      vertex 52.9928 58.6296 6.96675
      vertex 52.9928 60.2373 6.96675
      vertex 52.9928 60.2373 2.47176
    endloop
  endfacet
  facet normal -1 0 0
    outer loop
      vertex 52.9928 60.2373 2.47176
      vertex 52.9928 58.5063 1.3396
      vertex 52.9928 58.6296 6.96675
    endloop
  endfacet
  facet normal -1 0 -0.000878475
    outer loop
      vertex 54.3684 60.2373 6.8209
      vertex 54.3665 60.2373 8.91828
      vertex 54.3665 62.2878 8.91828
    endloop
  endfacet
  facet normal -1 -1.65021e-05 -0.000862341
    outer loop
      vertex 54.3684 60.2373 6.8209
      vertex 54.3665 62.2878 8.91828
      vertex 54.3672 62.2878 8.17068
    endloop
  endfacet
  facet normal -1 0 -0.000878475
    outer loop
      vertex 54.3665 62.881 8.91828
      vertex 54.3665 63.2491 8.91828
      vertex 54.3684 63.2491 6.8209
    endloop
  endfacet
  facet normal -1 0 -0.000887411
    outer loop
      vertex 54.3684 60.2373 6.8209
      vertex 54.3672 62.2878 8.17068
      vertex 54.3672 62.881 8.17068
    endloop
  endfacet
  facet normal -1 9.19348e-05 -0.000862341
    outer loop
      vertex 54.3672 62.881 8.17068
      vertex 54.3665 62.881 8.91828
      vertex 54.3684 63.2491 6.8209
    endloop
  endfacet
  facet normal -1 0 -0.000887411
    outer loop
      vertex 54.3672 62.881 8.17068
      vertex 54.3684 63.2491 6.8209
      vertex 54.3684 60.2373 6.8209
    endloop
  endfacet
  facet normal 0 1 0
    outer loop
      vertex 54.4618 60.2373 9.82645
      vertex 55.2842 60.2373 9.82645
      vertex 55.2842 60.2373 9.3098
    endloop
  endfacet
  facet normal 0 1 0
    outer loop
      vertex 54.5557 60.2373 9.3098
      vertex 54.5557 60.2373 8.91828
      vertex 54.3665 60.2373 8.91828
    endloop
  endfacet
  facet normal 0 1 0
    outer loop
      vertex 54.4618 60.2373 9.82645
      vertex 55.2842 60.2373 9.3098
      vertex 54.5557 60.2373 9.3098
    endloop
  endfacet
  facet normal 0 1 0
    outer loop
      vertex 54.5557 60.2373 9.3098
      vertex 54.3665 60.2373 8.91828
      vertex 54.4618 60.2373 9.82645
    endloop
  endfacet
  facet normal 0 1 0
    outer loop
      vertex 52.9928 60.2373 6.96675
      vertex 54.3684 60.2373 6.8209
      vertex 54.3684 60.2373 3.51315
    endloop
  endfacet
  facet normal 0 1 0
    outer loop
      vertex 54.3684 60.2373 3.51315
      vertex 52.9928 60.2373 2.47176
      vertex 52.9928 60.2373 6.96675
    endloop
  endfacet
  facet normal 0 -1 0
    outer loop
      vertex 54.3684 63.2491 3.51315
      vertex 52.7986 63.2491 2.75247
      vertex 55.2842 63.2491 2.75489
    endloop
  endfacet
  facet normal 0 -1 0
    outer loop
      vertex 55.2842 63.2491 2.75489
      vertex 55.2842 63.2491 3.51499
      vertex 54.3684 63.2491 3.51315
    endloop
  endfacet
  facet normal 0.00155655 0 -0.999999
    outer loop
      vertex 54.0114 66.7399 3.13085
      vertex 54.0114 67.1938 3.13085
      vertex 55.2842 67.1938 3.13283
    endloop
  endfacet
  facet normal 0.00155655 0 -0.999999
    outer loop
      vertex 55.2842 67.1938 3.13283
      vertex 55.2842 66.7399 3.13283
      vertex 54.0114 66.7399 3.13085
    endloop
  endfacet
  facet normal -1 0 0
    outer loop
      vertex 54.3684 60.2373 6.8209
      vertex 54.3684 63.2491 6.8209
      vertex 54.3684 63.2491 3.51315
    endloop
  endfacet
  facet normal -1 0 0
    outer loop
      vertex 54.3684 63.2491 3.51315
      vertex 54.3684 60.2373 3.51315
      vertex 54.3684 60.2373 6.8209
    endloop
  endfacet
  facet normal 0 1 0
    outer loop
      vertex 55.2842 66.7399 6.95241
      vertex 55.2842 66.7399 6.70529
      vertex 54.0114 66.7399 6.70529
    endloop
  endfacet
  facet normal 0 1 0
    outer loop
      vertex 54.0114 66.7399 6.70529
      vertex 52.7986 66.7399 6.95241
      vertex 55.2842 66.7399 6.95241
    endloop
  endfacet
  facet normal 0 0 1
    outer loop
      vertex 55.2842 66.7399 6.70529
      vertex 55.2842 67.1938 6.70529
      vertex 54.0114 67.1938 6.70529
    endloop
  endfacet
  facet normal 0 0 1
    outer loop
      vertex 54.0114 67.1938 6.70529
      vertex 54.0114 66.7399 6.70529
      vertex 55.2842 66.7399 6.70529
    endloop
  endfacet
  facet normal 0 0 1
    outer loop
      vertex 55.2842 63.2491 9.73401
      vertex 55.2842 63.6711 9.73401
      vertex 53.9849 63.6711 9.73401
    endloop
  endfacet
  facet normal 0 0 1
    outer loop
      vertex 53.9849 63.6711 9.73401
      vertex 53.6013 63.2491 9.73401
      vertex 55.2842 63.2491 9.73401
    endloop
  endfacet
  facet normal -0.9608 0 0.277241
    outer loop
      vertex 53.6013 63.2491 9.73401
      vertex 53.6013 66.7399 9.73401
      vertex 52.7986 66.7399 6.95241
    endloop
  endfacet
  facet normal -0.9608 0 0.277241
    outer loop
      vertex 52.7986 66.7399 6.95241
      vertex 52.7986 63.2491 6.95241
      vertex 53.6013 63.2491 9.73401
    endloop
  endfacet
  facet normal 0 -1 0
    outer loop
      vertex 54.3665 63.2491 8.91828
      vertex 53.6013 63.2491 9.73401
      vertex 52.7986 63.2491 6.95241
    endloop
  endfacet
  facet normal 0 -1 0
    outer loop
      vertex 52.7986 63.2491 6.95241
      vertex 54.3684 63.2491 6.8209
      vertex 54.3665 63.2491 8.91828
    endloop
  endfacet
  facet normal 0 -1 0
    outer loop
      vertex 54.3684 63.2491 6.8209
      vertex 52.7986 63.2491 6.95241
      vertex 52.7986 63.2491 2.75247
    endloop
  endfacet
  facet normal 0 -1 0
    outer loop
      vertex 52.7986 63.2491 2.75247
      vertex 54.3684 63.2491 3.51315
      vertex 54.3684 63.2491 6.8209
    endloop
  endfacet
  facet normal 0 1 0
    outer loop
      vertex 52.7986 66.7399 2.75247
      vertex 54.0114 66.7399 3.13085
      vertex 55.2842 66.7399 3.13283
    endloop
  endfacet
  facet normal 0 1 0
    outer loop
      vertex 55.2842 66.7399 3.13283
      vertex 55.2842 66.7399 2.75489
      vertex 52.7986 66.7399 2.75247
    endloop
  endfacet
  facet normal 0 1 0
    outer loop
      vertex 53.6013 66.7399 9.73401
      vertex 55.2842 66.7399 9.73401
      vertex 55.2842 66.7399 9.3098
    endloop
  endfacet
  facet normal 0 1 0
    outer loop
      vertex 53.6013 66.7399 9.73401
      vertex 55.2842 66.7399 9.3098
      vertex 54.5557 66.7399 9.3098
    endloop
  endfacet
  facet normal 0 1 0
    outer loop
      vertex 55.2842 66.7399 7.85264
      vertex 55.2842 66.7399 6.95241
      vertex 52.7986 66.7399 6.95241
    endloop
  endfacet
  facet normal 0 1 0
    outer loop
      vertex 53.6013 66.7399 9.73401
      vertex 54.5557 66.7399 9.3098
      vertex 54.5557 66.7399 7.85264
    endloop
  endfacet
  facet normal 0 1 0
    outer loop
      vertex 54.5557 66.7399 7.85264
      vertex 55.2842 66.7399 7.85264
      vertex 52.7986 66.7399 6.95241
    endloop
  endfacet
  facet normal 0 1 0
    outer loop
      vertex 53.6013 66.7399 9.73401
      vertex 54.5557 66.7399 7.85264
      vertex 52.7986 66.7399 6.95241
    endloop
  endfacet
  facet normal -1 0 0
    outer loop
      vertex 52.7986 63.2491 6.95241
      vertex 52.7986 66.7399 6.95241
      vertex 52.7986 66.7399 2.75247
    endloop
  endfacet
  facet normal -1 0 0
    outer loop
      vertex 52.7986 66.7399 2.75247
      vertex 52.7986 63.2491 2.75247
      vertex 52.7986 63.2491 6.95241
    endloop
  endfacet
  facet normal 0 0 1
    outer loop
      vertex 55.2842 67.1938 6.70529
      vertex 55.2842 68.0718 6.70529
      vertex 54.0114 68.0718 6.70529
    endloop
  endfacet
  facet normal 0 0 1
    outer loop
      vertex 54.0114 68.0718 6.70529
      vertex 54.0114 67.1938 6.70529
      vertex 55.2842 67.1938 6.70529
    endloop
  endfacet
  facet normal 0 1 0
    outer loop
      vertex 52.7986 66.7399 6.95241
      vertex 54.0114 66.7399 6.70529
      vertex 54.0114 66.7399 3.13085
    endloop
  endfacet
  facet normal 0 1 0
    outer loop
      vertex 54.0114 66.7399 3.13085
      vertex 52.7986 66.7399 2.75247
      vertex 52.7986 66.7399 6.95241
    endloop
  endfacet
  facet normal 0.000976079 0 -1
    outer loop
      vertex 52.7986 63.2491 2.75247
      vertex 52.7986 66.7399 2.75247
      vertex 55.2842 66.7399 2.75489
    endloop
  endfacet
  facet normal 0.000976079 0 -1
    outer loop
      vertex 55.2842 66.7399 2.75489
      vertex 55.2842 63.2491 2.75489
      vertex 52.7986 63.2491 2.75247
    endloop
  endfacet
  facet normal -1 0 0
    outer loop
      vertex 54.0114 66.7399 6.70529
      vertex 54.0114 67.1938 6.70529
      vertex 54.0114 67.1938 3.13085
    endloop
  endfacet
  facet normal -1 0 0
    outer loop
      vertex 54.0114 67.1938 3.13085
      vertex 54.0114 66.7399 3.13085
      vertex 54.0114 66.7399 6.70529
    endloop
  endfacet
  facet normal -1 0 0
    outer loop
      vertex 54.0114 67.1938 6.70529
      vertex 54.0114 68.0718 6.70529
      vertex 54.0114 68.0718 3.13099
    endloop
  endfacet
  facet normal -1 0 0
    outer loop
      vertex 54.0114 68.0718 3.13099
      vertex 54.0114 67.1938 3.13085
      vertex 54.0114 67.1938 6.70529
    endloop
  endfacet
  facet normal 0.00132544 -0.811568 -0.584257
    outer loop
      vertex 54.0114 67.1938 3.13085
      vertex 54.4109 68.0718 1.91219
      vertex 55.2842 68.0718 1.91417
    endloop
  endfacet
  facet normal 0.00090981 -0.811362 -0.584543
    outer loop
      vertex 55.2842 68.0718 1.91417
      vertex 55.2842 67.1938 3.13283
      vertex 54.0114 67.1938 3.13085
    endloop
  endfacet
  facet normal 0 0.888223 0.459413
    outer loop
      vertex 54.0114 86.0528 6.70529
      vertex 55.2842 86.0528 6.70529
      vertex 55.2842 87.6567 3.60437
    endloop
  endfacet
  facet normal -0.000473873 0.888302 0.45926
    outer loop
      vertex 55.2842 87.6567 3.60437
      vertex 54.0114 87.656 3.60437
      vertex 54.0114 86.0528 6.70529
    endloop
  endfacet
  facet normal 0 0 1
    outer loop
      vertex 55.2842 85.8122 6.70529
      vertex 55.2842 86.0528 6.70529
      vertex 54.0114 86.0528 6.70529
    endloop
  endfacet
  facet normal 0 0 1
    outer loop
      vertex 54.0114 86.0528 6.70529
      vertex 54.0114 85.8122 6.70529
      vertex 55.2842 85.8122 6.70529
    endloop
  endfacet
  facet normal -1 0 0
    outer loop
      vertex 54.0114 85.8122 6.70529
      vertex 54.0114 86.0528 6.70529
      vertex 54.0114 87.656 3.60437
    endloop
  endfacet
  facet normal -1 0 0
    outer loop
      vertex 54.0114 87.656 3.60437
      vertex 54.0114 85.8122 3.60437
      vertex 54.0114 85.8122 6.70529
    endloop
  endfacet
  facet normal -0.950252 0 -0.311481
    outer loop
      vertex 54.0114 71.6198 3.13099
      vertex 54.4109 71.6198 1.91219
      vertex 54.4109 68.0718 1.91219
    endloop
  endfacet
  facet normal -0.950252 0 -0.311481
    outer loop
      vertex 54.4109 68.0718 1.91219
      vertex 54.0114 68.0718 3.13099
      vertex 54.0114 71.6198 3.13099
    endloop
  endfacet
  facet normal -0.950252 5.01584e-05 -0.311481
    outer loop
      vertex 54.0114 68.0718 3.13099
      vertex 54.4109 68.0718 1.91219
      vertex 54.0114 67.1938 3.13085
    endloop
  endfacet
  facet normal 0 0 1
    outer loop
      vertex 54.0114 82.2641 6.70529
      vertex 55.2842 82.2641 6.70529
      vertex 55.2842 82.5772 6.70529
    endloop
  endfacet
  facet normal 0 0 1
    outer loop
      vertex 54.0114 82.2641 6.70529
      vertex 55.2842 82.5772 6.70529
      vertex 54.5557 82.5772 6.70529
    endloop
  endfacet
  facet normal 0 0 1
    outer loop
      vertex 55.2842 84.4396 6.70529
      vertex 55.2842 85.8122 6.70529
      vertex 54.0114 85.8122 6.70529
    endloop
  endfacet
  facet normal 0 0 1
    outer loop
      vertex 54.0114 82.2641 6.70529
      vertex 54.5557 82.5772 6.70529
      vertex 54.5557 84.4396 6.70529
    endloop
  endfacet
  facet normal 0 0 1
    outer loop
      vertex 54.5557 84.4396 6.70529
      vertex 55.2842 84.4396 6.70529
      vertex 54.0114 85.8122 6.70529
    endloop
  endfacet
  facet normal 0 0 1
    outer loop
      vertex 54.5557 84.4396 6.70529
      vertex 54.0114 85.8122 6.70529
      vertex 54.0114 82.2641 6.70529
    endloop
  endfacet
  facet normal 0.00226871 0 -0.999997
    outer loop
      vertex 54.4109 68.0718 1.91219
      vertex 54.4109 71.6198 1.91219
      vertex 55.2842 71.6198 1.91417
    endloop
  endfacet
  facet normal 0.00226871 0 -0.999997
    outer loop
      vertex 55.2842 71.6198 1.91417
      vertex 55.2842 68.0718 1.91417
      vertex 54.4109 68.0718 1.91219
    endloop
  endfacet
  facet normal 0.00226871 0 -0.999997
    outer loop
      vertex 54.4109 71.6198 1.91219
      vertex 54.4109 75.1679 1.91219
      vertex 55.2842 75.1679 1.91417
    endloop
  endfacet
  facet normal 0.00226871 0 -0.999997
    outer loop
      vertex 55.2842 75.1679 1.91417
      vertex 55.2842 71.6198 1.91417
      vertex 54.4109 71.6198 1.91219
    endloop
  endfacet
  facet normal 0.00226871 0 -0.999997
    outer loop
      vertex 54.4109 75.1679 1.91219
      vertex 54.4109 78.716 1.91219
      vertex 55.2842 78.716 1.91417
    endloop
  endfacet
  facet normal 0.00226871 0 -0.999997
    outer loop
      vertex 55.2842 78.716 1.91417
      vertex 55.2842 75.1679 1.91417
      vertex 54.4109 75.1679 1.91219
    endloop
  endfacet
  facet normal 0.00226871 0 -0.999997
    outer loop
      vertex 54.4109 78.716 1.91219
      vertex 54.4109 79.142 1.91219
      vertex 55.2842 79.142 1.91417
    endloop
  endfacet
  facet normal 0.00226871 0 -0.999997
    outer loop
      vertex 55.2842 79.142 1.91417
      vertex 55.2842 78.716 1.91417
      vertex 54.4109 78.716 1.91219
    endloop
  endfacet
  facet normal 0 0 1
    outer loop
      vertex 55.2842 68.0718 6.70529
      vertex 55.2842 71.6198 6.70529
      vertex 54.0114 71.6198 6.70529
    endloop
  endfacet
  facet normal 0 0 1
    outer loop
      vertex 54.0114 71.6198 6.70529
      vertex 54.0114 68.0718 6.70529
      vertex 55.2842 68.0718 6.70529
    endloop
  endfacet
  facet normal 0 0 1
    outer loop
      vertex 55.2842 71.6198 6.70529
      vertex 55.2842 75.1679 6.70529
      vertex 54.0114 75.1679 6.70529
    endloop
  endfacet
  facet normal 0 0 1
    outer loop
      vertex 54.0114 75.1679 6.70529
      vertex 54.0114 71.6198 6.70529
      vertex 55.2842 71.6198 6.70529
    endloop
  endfacet
  facet normal 0 0 1
    outer loop
      vertex 55.2842 75.1679 6.70529
      vertex 55.2842 78.716 6.70529
      vertex 54.0114 78.716 6.70529
    endloop
  endfacet
  facet normal 0 0 1
    outer loop
      vertex 54.0114 78.716 6.70529
      vertex 54.0114 75.1679 6.70529
      vertex 55.2842 75.1679 6.70529
    endloop
  endfacet
  facet normal 0 0 1
    outer loop
      vertex 55.2842 78.716 6.70529
      vertex 55.2842 82.2641 6.70529
      vertex 54.0114 82.2641 6.70529
    endloop
  endfacet
  facet normal 0 0 1
    outer loop
      vertex 54.0114 82.2641 6.70529
      vertex 54.0114 78.716 6.70529
      vertex 55.2842 78.716 6.70529
    endloop
  endfacet
  facet normal -0.950252 0 -0.311481
    outer loop
      vertex 54.0114 78.716 3.13099
      vertex 54.4109 78.716 1.91219
      vertex 54.4109 75.1679 1.91219
    endloop
  endfacet
  facet normal -0.950252 0 -0.311481
    outer loop
      vertex 54.4109 75.1679 1.91219
      vertex 54.0114 75.1679 3.13099
      vertex 54.0114 78.716 3.13099
    endloop
  endfacet
  facet normal -0.950252 0 -0.311481
    outer loop
      vertex 54.0114 75.1679 3.13099
      vertex 54.4109 75.1679 1.91219
      vertex 54.4109 71.6198 1.91219
    endloop
  endfacet
  facet normal -0.950252 0 -0.311481
    outer loop
      vertex 54.4109 71.6198 1.91219
      vertex 54.0114 71.6198 3.13099
      vertex 54.0114 75.1679 3.13099
    endloop
  endfacet
  facet normal 0 0 1
    outer loop
      vertex 54.0114 82.1027 6.51935
      vertex 53.7963 82.1027 6.51935
      vertex 53.7963 78.8774 6.51935
    endloop
  endfacet
  facet normal 0 0 1
    outer loop
      vertex 53.7963 78.8774 6.51935
      vertex 54.0114 78.8774 6.51935
      vertex 54.0114 82.1027 6.51935
    endloop
  endfacet
  facet normal -1 0 0
    outer loop
      vertex 54.0114 85.8122 6.70529
      vertex 54.0114 85.8122 3.60437
      vertex 54.0114 85.6509 3.60437
    endloop
  endfacet
  facet normal -1 0 0
    outer loop
      vertex 54.0114 85.6509 3.60437
      vertex 54.0114 85.6509 6.51935
      vertex 54.0114 85.8122 6.70529
    endloop
  endfacet
  facet normal -1 0 0
    outer loop
      vertex 54.0114 82.2641 6.70529
      vertex 54.0114 85.8122 6.70529
      vertex 54.0114 85.6509 6.51935
    endloop
  endfacet
  facet normal -1 0 0
    outer loop
      vertex 54.0114 85.6509 6.51935
      vertex 54.0114 82.4253 6.51935
      vertex 54.0114 82.2641 6.70529
    endloop
  endfacet
  facet normal 0 0 1
    outer loop
      vertex 54.0114 78.5577 6.51935
      vertex 53.7963 78.5577 6.51935
      vertex 53.7963 75.3263 6.51935
    endloop
  endfacet
  facet normal 0 0 1
    outer loop
      vertex 53.7963 75.3263 6.51935
      vertex 54.0114 75.3263 6.51935
      vertex 54.0114 78.5577 6.51935
    endloop
  endfacet
  facet normal -1 0 0
    outer loop
      vertex 54.0114 68.0718 3.13099
      vertex 54.0114 68.0718 6.70529
      vertex 54.0114 68.2177 6.51935
    endloop
  endfacet
  facet normal -1 0 0
    outer loop
      vertex 54.0114 68.2177 6.51935
      vertex 54.0114 68.2177 3.31691
      vertex 54.0114 68.0718 3.13099
    endloop
  endfacet
  facet normal -1 0 0
    outer loop
      vertex 54.0114 71.6198 3.13099
      vertex 54.0114 68.0718 3.13099
      vertex 54.0114 68.2177 3.31691
    endloop
  endfacet
  facet normal -1 0 0
    outer loop
      vertex 54.0114 68.2177 3.31691
      vertex 54.0114 71.4739 3.31691
      vertex 54.0114 71.6198 3.13099
    endloop
  endfacet
  facet normal -1 0 0
    outer loop
      vertex 54.0114 71.6198 6.70529
      vertex 54.0114 71.6198 3.13099
      vertex 54.0114 71.4739 3.31691
    endloop
  endfacet
  facet normal -1 0 0
    outer loop
      vertex 54.0114 71.4739 3.31691
      vertex 54.0114 71.4739 6.51935
      vertex 54.0114 71.6198 6.70529
    endloop
  endfacet
  facet normal -1 0 0
    outer loop
      vertex 54.0114 68.0718 6.70529
      vertex 54.0114 71.6198 6.70529
      vertex 54.0114 71.4739 6.51935
    endloop
  endfacet
  facet normal -1 0 0
    outer loop
      vertex 54.0114 71.4739 6.51935
      vertex 54.0114 68.2177 6.51935
      vertex 54.0114 68.0718 6.70529
    endloop
  endfacet
  facet normal -1 0 0
    outer loop
      vertex 54.0114 71.6198 3.13099
      vertex 54.0114 71.6198 6.70529
      vertex 54.0114 71.767 6.51935
    endloop
  endfacet
  facet normal -1 0 0
    outer loop
      vertex 54.0114 71.767 6.51935
      vertex 54.0114 71.767 3.31691
      vertex 54.0114 71.6198 3.13099
    endloop
  endfacet
  facet normal -1 0 0
    outer loop
      vertex 54.0114 75.1679 3.13099
      vertex 54.0114 71.6198 3.13099
      vertex 54.0114 71.767 3.31691
    endloop
  endfacet
  facet normal -1 0 0
    outer loop
      vertex 54.0114 71.767 3.31691
      vertex 54.0114 75.0207 3.31691
      vertex 54.0114 75.1679 3.13099
    endloop
  endfacet
  facet normal -1 0 0
    outer loop
      vertex 54.0114 75.1679 6.70529
      vertex 54.0114 75.1679 3.13099
      vertex 54.0114 75.0207 3.31691
    endloop
  endfacet
  facet normal -1 0 0
    outer loop
      vertex 54.0114 75.0207 3.31691
      vertex 54.0114 75.0207 6.51935
      vertex 54.0114 75.1679 6.70529
    endloop
  endfacet
  facet normal -1 0 0
    outer loop
      vertex 54.0114 71.6198 6.70529
      vertex 54.0114 75.1679 6.70529
      vertex 54.0114 75.0207 6.51935
    endloop
  endfacet
  facet normal -1 0 0
    outer loop
      vertex 54.0114 75.0207 6.51935
      vertex 54.0114 71.767 6.51935
      vertex 54.0114 71.6198 6.70529
    endloop
  endfacet
  facet normal 0 0 1
    outer loop
      vertex 54.0114 75.0207 6.51935
      vertex 53.7963 75.0207 6.51935
      vertex 53.7963 71.767 6.51935
    endloop
  endfacet
  facet normal 0 0 1
    outer loop
      vertex 53.7963 71.767 6.51935
      vertex 54.0114 71.767 6.51935
      vertex 54.0114 75.0207 6.51935
    endloop
  endfacet
  facet normal -1 0 0
    outer loop
      vertex 54.0114 75.1679 3.13099
      vertex 54.0114 75.1679 6.70529
      vertex 54.0114 75.3263 6.51935
    endloop
  endfacet
  facet normal -1 0 0
    outer loop
      vertex 54.0114 75.3263 6.51935
      vertex 54.0114 75.3263 3.31691
      vertex 54.0114 75.1679 3.13099
    endloop
  endfacet
  facet normal -1 0 0
    outer loop
      vertex 54.0114 78.716 3.13099
      vertex 54.0114 75.1679 3.13099
      vertex 54.0114 75.3263 3.31691
    endloop
  endfacet
  facet normal -1 0 0
    outer loop
      vertex 54.0114 75.3263 3.31691
      vertex 54.0114 78.5577 3.31691
      vertex 54.0114 78.716 3.13099
    endloop
  endfacet
  facet normal -1 0 0
    outer loop
      vertex 54.0114 78.716 6.70529
      vertex 54.0114 78.716 3.13099
      vertex 54.0114 78.5577 3.31691
    endloop
  endfacet
  facet normal -1 0 0
    outer loop
      vertex 54.0114 78.5577 3.31691
      vertex 54.0114 78.5577 6.51935
      vertex 54.0114 78.716 6.70529
    endloop
  endfacet
  facet normal -1 0 0
    outer loop
      vertex 54.0114 75.1679 6.70529
      vertex 54.0114 78.716 6.70529
      vertex 54.0114 78.5577 6.51935
    endloop
  endfacet
  facet normal -1 0 0
    outer loop
      vertex 54.0114 78.5577 6.51935
      vertex 54.0114 75.3263 6.51935
      vertex 54.0114 75.1679 6.70529
    endloop
  endfacet
  facet normal 0 1 0
    outer loop
      vertex 54.0114 78.5577 3.31691
      vertex 53.7963 78.5577 3.31691
      vertex 53.7963 78.5577 6.51935
    endloop
  endfacet
  facet normal 0 1 0
    outer loop
      vertex 53.7963 78.5577 6.51935
      vertex 54.0114 78.5577 6.51935
      vertex 54.0114 78.5577 3.31691
    endloop
  endfacet
  facet normal -1 0 0
    outer loop
      vertex 54.0114 78.716 3.13099
      vertex 54.0114 78.716 6.70529
      vertex 54.0114 78.8774 6.51935
    endloop
  endfacet
  facet normal -1 0 0
    outer loop
      vertex 54.0114 78.8774 6.51935
      vertex 54.0114 78.8774 3.31691
      vertex 54.0114 78.716 3.13099
    endloop
  endfacet
  facet normal -1 0 0
    outer loop
      vertex 54.0114 82.2641 6.70529
      vertex 54.0114 82.2641 3.60437
      vertex 54.0114 82.1027 3.60437
    endloop
  endfacet
  facet normal -1 0 0
    outer loop
      vertex 54.0114 82.1027 3.60437
      vertex 54.0114 82.1027 6.51935
      vertex 54.0114 82.2641 6.70529
    endloop
  endfacet
  facet normal -1 0 0
    outer loop
      vertex 54.0114 78.716 6.70529
      vertex 54.0114 82.2641 6.70529
      vertex 54.0114 82.1027 6.51935
    endloop
  endfacet
  facet normal -1 0 0
    outer loop
      vertex 54.0114 82.1027 6.51935
      vertex 54.0114 78.8774 6.51935
      vertex 54.0114 78.716 6.70529
    endloop
  endfacet
  facet normal -1 0 0
    outer loop
      vertex 53.7963 82.6414 6.26106
      vertex 53.7963 82.4253 6.51935
      vertex 53.7963 85.6509 6.51935
    endloop
  endfacet
  facet normal -1 0 0
    outer loop
      vertex 53.7963 82.9984 6.26106
      vertex 53.7963 82.6414 6.26106
      vertex 53.7963 85.6509 6.51935
    endloop
  endfacet
  facet normal 0 0 0
    outer loop
      vertex 53.7963 82.9984 3.60437
      vertex 53.7963 82.9984 3.93178
      vertex 53.7963 82.9984 5.90402
    endloop
  endfacet
  facet normal -1 0 0
    outer loop
      vertex 53.7963 82.9984 5.90402
      vertex 53.7963 82.9984 6.26106
      vertex 53.7963 85.6509 6.51935
    endloop
  endfacet
  facet normal -1 0 0
    outer loop
      vertex 53.7963 82.9984 5.90402
      vertex 53.7963 85.6509 6.51935
      vertex 53.7963 85.0425 6.26106
    endloop
  endfacet
  facet normal -1 0 0
    outer loop
      vertex 53.7963 84.545 3.60437
      vertex 53.7963 82.9984 3.60437
      vertex 53.7963 82.9984 5.90402
    endloop
  endfacet
  facet normal 0 0 0
    outer loop
      vertex 53.7963 85.0425 3.60437
      vertex 53.7963 84.84 3.60437
      vertex 53.7963 84.545 3.60437
    endloop
  endfacet
  facet normal -1 0 0
    outer loop
      vertex 53.7963 85.3995 5.90402
      vertex 53.7963 85.3995 3.93178
      vertex 53.7963 85.0425 3.93178
    endloop
  endfacet
  facet normal -1 0 0
    outer loop
      vertex 53.7963 85.0425 3.93178
      vertex 53.7963 85.0425 3.60437
      vertex 53.7963 84.545 3.60437
    endloop
  endfacet
  facet normal -1 0 0
    outer loop
      vertex 53.7963 84.545 3.60437
      vertex 53.7963 82.9984 5.90402
      vertex 53.7963 85.0425 6.26106
    endloop
  endfacet
  facet normal -1 0 0
    outer loop
      vertex 53.7963 85.0425 5.90402
      vertex 53.7963 85.3995 5.90402
      vertex 53.7963 85.0425 3.93178
    endloop
  endfacet
  facet normal -1 0 0
    outer loop
      vertex 53.7963 84.545 3.60437
      vertex 53.7963 85.0425 6.26106
      vertex 53.7963 85.0425 5.90402
    endloop
  endfacet
  facet normal -1 0 0
    outer loop
      vertex 53.7963 85.0425 5.90402
      vertex 53.7963 85.0425 3.93178
      vertex 53.7963 84.545 3.60437
    endloop
  endfacet
  facet normal -1 0 0
    outer loop
      vertex 53.7963 68.4372 6.26106
      vertex 53.7963 68.2177 6.51935
      vertex 53.7963 71.4739 6.51935
    endloop
  endfacet
  facet normal -1 0 0
    outer loop
      vertex 53.7963 68.4372 6.26106
      vertex 53.7963 71.4739 6.51935
      vertex 53.7963 70.8384 6.26106
    endloop
  endfacet
  facet normal 0 0 0
    outer loop
      vertex 53.7963 68.7943 6.26106
      vertex 53.7963 68.4372 6.26106
      vertex 53.7963 70.8384 6.26106
    endloop
  endfacet
  facet normal -1 0 0
    outer loop
      vertex 53.7963 70.8384 5.90402
      vertex 53.7963 70.8482 5.90402
      vertex 53.7963 70.8384 3.93178
    endloop
  endfacet
  facet normal -1 0 0
    outer loop
      vertex 53.7963 68.7943 6.26106
      vertex 53.7963 70.8384 6.26106
      vertex 53.7963 70.8384 5.90402
    endloop
  endfacet
  facet normal -1 0 0
    outer loop
      vertex 53.7963 68.7943 3.93178
      vertex 53.7963 68.4372 3.93178
      vertex 53.7963 68.7943 5.90402
    endloop
  endfacet
  facet normal -1 0 0
    outer loop
      vertex 53.7963 68.7943 5.90402
      vertex 53.7963 68.7943 6.26106
      vertex 53.7963 70.8384 5.90402
    endloop
  endfacet
  facet normal 0 0 0
    outer loop
      vertex 53.7963 70.8384 5.90402
      vertex 53.7963 70.8384 3.93178
      vertex 53.7963 70.8384 3.57475
    endloop
  endfacet
  facet normal -1 0 0
    outer loop
      vertex 53.7963 68.7943 3.93178
      vertex 53.7963 68.7943 5.90402
      vertex 53.7963 70.8384 5.90402
    endloop
  endfacet
  facet normal -1 0 0
    outer loop
      vertex 53.7963 71.4739 3.31691
      vertex 53.7963 68.2177 3.31691
      vertex 53.7963 68.7943 3.57475
    endloop
  endfacet
  facet normal -1 0 0
    outer loop
      vertex 53.7963 68.7943 3.57475
      vertex 53.7963 68.7943 3.93178
      vertex 53.7963 70.8384 5.90402
    endloop
  endfacet
  facet normal -1 0 0
    outer loop
      vertex 53.7963 70.8384 3.57475
      vertex 53.7963 71.1954 3.57475
      vertex 53.7963 71.4739 3.31691
    endloop
  endfacet
  facet normal -1 0 0
    outer loop
      vertex 53.7963 68.7943 3.57475
      vertex 53.7963 70.8384 5.90402
      vertex 53.7963 70.8384 3.57475
    endloop
  endfacet
  facet normal -1 0 0
    outer loop
      vertex 53.7963 70.8384 3.57475
      vertex 53.7963 71.4739 3.31691
      vertex 53.7963 68.7943 3.57475
    endloop
  endfacet
  facet normal -1 0 0
    outer loop
      vertex 53.7963 71.9976 6.26106
      vertex 53.7963 71.767 6.51935
      vertex 53.7963 75.0207 6.51935
    endloop
  endfacet
  facet normal -1 0 0
    outer loop
      vertex 53.7963 71.9976 6.26106
      vertex 53.7963 75.0207 6.51935
      vertex 53.7963 74.3987 6.26106
    endloop
  endfacet
  facet normal 0 0 0
    outer loop
      vertex 53.7963 72.3546 6.26106
      vertex 53.7963 71.9976 6.26106
      vertex 53.7963 74.3987 6.26106
    endloop
  endfacet
  facet normal -1 0 0
    outer loop
      vertex 53.7963 74.3987 5.90402
      vertex 53.7963 74.7558 5.90402
      vertex 53.7963 74.7558 3.93178
    endloop
  endfacet
  facet normal -1 0 0
    outer loop
      vertex 53.7963 72.3546 6.26106
      vertex 53.7963 74.3987 6.26106
      vertex 53.7963 74.3987 5.90402
    endloop
  endfacet
  facet normal -1 0 0
    outer loop
      vertex 53.7963 72.3546 3.93178
      vertex 53.7963 71.9976 3.93178
      vertex 53.7963 72.3546 5.90402
    endloop
  endfacet
  facet normal -1 0 0
    outer loop
      vertex 53.7963 72.3546 5.90402
      vertex 53.7963 72.3546 6.26106
      vertex 53.7963 74.3987 5.90402
    endloop
  endfacet
  facet normal -1 0 0
    outer loop
      vertex 53.7963 74.3987 5.90402
      vertex 53.7963 74.7558 3.93178
      vertex 53.7963 74.3987 3.93178
    endloop
  endfacet
  facet normal -1 0 0
    outer loop
      vertex 53.7963 74.3987 3.57475
      vertex 53.7963 74.7558 3.57475
      vertex 53.7963 75.0207 3.31691
    endloop
  endfacet
  facet normal -1 0 0
    outer loop
      vertex 53.7963 72.3546 5.90402
      vertex 53.7963 74.3987 5.90402
      vertex 53.7963 74.3987 3.93178
    endloop
  endfacet
  facet normal -1 0 0
    outer loop
      vertex 53.7963 74.3987 3.57475
      vertex 53.7963 75.0207 3.31691
      vertex 53.7963 71.767 3.31691
    endloop
  endfacet
  facet normal -1 0 0
    outer loop
      vertex 53.7963 72.3546 5.90402
      vertex 53.7963 74.3987 3.93178
      vertex 53.7963 74.3987 3.57475
    endloop
  endfacet
  facet normal 0 0 0
    outer loop
      vertex 53.7963 72.3546 3.57475
      vertex 53.7963 72.3546 3.93178
      vertex 53.7963 72.3546 5.90402
    endloop
  endfacet
  facet normal -1 0 0
    outer loop
      vertex 53.7963 74.3987 3.57475
      vertex 53.7963 71.767 3.31691
      vertex 53.7963 72.3546 3.57475
    endloop
  endfacet
  facet normal -1 0 0
    outer loop
      vertex 53.7963 74.3987 3.57475
      vertex 53.7963 72.3546 3.57475
      vertex 53.7963 72.3546 5.90402
    endloop
  endfacet
  facet normal -1 0 0
    outer loop
      vertex 53.7963 75.5393 6.26106
      vertex 53.7963 75.3263 6.51935
      vertex 53.7963 78.5577 6.51935
    endloop
  endfacet
  facet normal -1 0 0
    outer loop
      vertex 53.7963 78.5577 6.51935
      vertex 53.7963 78.2975 6.26106
      vertex 53.7963 77.9404 6.26106
    endloop
  endfacet
  facet normal -1 0 0
    outer loop
      vertex 53.7963 77.9404 5.90402
      vertex 53.7963 78.2975 5.90402
      vertex 53.7963 78.2975 3.93178
    endloop
  endfacet
  facet normal -1 0 0
    outer loop
      vertex 53.7963 75.5393 6.26106
      vertex 53.7963 78.5577 6.51935
      vertex 53.7963 77.9404 6.26106
    endloop
  endfacet
  facet normal -1 0 0
    outer loop
      vertex 53.7963 77.9404 5.90402
      vertex 53.7963 78.2975 3.93178
      vertex 53.7963 77.9404 3.93178
    endloop
  endfacet
  facet normal 0 0 0
    outer loop
      vertex 53.7963 75.8963 6.26106
      vertex 53.7963 75.5393 6.26106
      vertex 53.7963 77.9404 6.26106
    endloop
  endfacet
  facet normal -1 0 0
    outer loop
      vertex 53.7963 75.8963 3.93178
      vertex 53.7963 75.5393 3.93178
      vertex 53.7963 75.8963 5.90402
    endloop
  endfacet
  facet normal -1 0 0
    outer loop
      vertex 53.7963 75.8963 5.90402
      vertex 53.7963 75.8963 6.26106
      vertex 53.7963 77.9404 6.26106
    endloop
  endfacet
  facet normal 0 0 0
    outer loop
      vertex 53.7963 77.9404 5.90402
      vertex 53.7963 77.9404 3.93178
      vertex 53.7963 77.9404 3.57475
    endloop
  endfacet
  facet normal -1 0 0
    outer loop
      vertex 53.7963 75.8963 5.90402
      vertex 53.7963 77.9404 6.26106
      vertex 53.7963 77.9404 5.90402
    endloop
  endfacet
  facet normal 0 0 0
    outer loop
      vertex 53.7963 75.8963 3.57475
      vertex 53.7963 75.8963 3.93178
      vertex 53.7963 75.8963 5.90402
    endloop
  endfacet
  facet normal -1 0 0
    outer loop
      vertex 53.7963 78.5577 3.31691
      vertex 53.7963 75.3263 3.31691
      vertex 53.7963 75.8963 3.57475
    endloop
  endfacet
  facet normal -1 0 0
    outer loop
      vertex 53.7963 77.9404 3.57475
      vertex 53.7963 78.2975 3.57475
      vertex 53.7963 78.5577 3.31691
    endloop
  endfacet
  facet normal -1 0 0
    outer loop
      vertex 53.7963 75.8963 5.90402
      vertex 53.7963 77.9404 5.90402
      vertex 53.7963 77.9404 3.57475
    endloop
  endfacet
  facet normal -1 0 0
    outer loop
      vertex 53.7963 77.9404 3.57475
      vertex 53.7963 78.5577 3.31691
      vertex 53.7963 75.8963 3.57475
    endloop
  endfacet
  facet normal -1 0 0
    outer loop
      vertex 53.7963 77.9404 3.57475
      vertex 53.7963 75.8963 3.57475
      vertex 53.7963 75.8963 5.90402
    endloop
  endfacet
  facet normal -1 0 0
    outer loop
      vertex 53.7963 79.1183 6.26106
      vertex 53.7963 78.8774 6.51935
      vertex 53.7963 82.1027 6.51935
    endloop
  endfacet
  facet normal -1 0 0
    outer loop
      vertex 53.7963 79.4753 6.26106
      vertex 53.7963 79.1183 6.26106
      vertex 53.7963 82.1027 6.51935
    endloop
  endfacet
  facet normal 0 0 0
    outer loop
      vertex 53.7963 79.4753 3.60437
      vertex 53.7963 79.4753 3.93178
      vertex 53.7963 79.4753 5.90402
    endloop
  endfacet
  facet normal -1 0 0
    outer loop
      vertex 53.7963 79.4753 5.90402
      vertex 53.7963 79.4753 6.26106
      vertex 53.7963 82.1027 6.51935
    endloop
  endfacet
  facet normal -1 0 0
    outer loop
      vertex 53.7963 79.4753 5.90402
      vertex 53.7963 82.1027 6.51935
      vertex 53.7963 81.5194 6.26106
    endloop
  endfacet
  facet normal -1 0 0
    outer loop
      vertex 53.7963 80.3389 3.60437
      vertex 53.7963 79.4753 3.60437
      vertex 53.7963 79.4753 5.90402
    endloop
  endfacet
  facet normal -1 0 0
    outer loop
      vertex 53.7963 81.5194 3.93178
      vertex 53.7963 81.5194 3.60437
      vertex 53.7963 80.8583 3.60437
    endloop
  endfacet
  facet normal -1 0 0
    outer loop
      vertex 53.7963 80.8583 3.60437
      vertex 53.7963 80.3389 3.60437
      vertex 53.7963 79.4753 5.90402
    endloop
  endfacet
  facet normal -1 0 0
    outer loop
      vertex 53.7963 79.4753 5.90402
      vertex 53.7963 81.5194 6.26106
      vertex 53.7963 81.5194 5.90402
    endloop
  endfacet
  facet normal -1 0 0
    outer loop
      vertex 53.7963 81.5194 5.90402
      vertex 53.7963 81.8765 5.90402
      vertex 53.7963 81.8765 3.93178
    endloop
  endfacet
  facet normal -1 0 0
    outer loop
      vertex 53.7963 81.5194 3.93178
      vertex 53.7963 80.8583 3.60437
      vertex 53.7963 79.4753 5.90402
    endloop
  endfacet
  facet normal -1 0 0
    outer loop
      vertex 53.7963 81.5194 5.90402
      vertex 53.7963 81.8765 3.93178
      vertex 53.7963 81.5194 3.93178
    endloop
  endfacet
  facet normal -1 0 0
    outer loop
      vertex 53.7963 81.5194 5.90402
      vertex 53.7963 81.5194 3.93178
      vertex 53.7963 79.4753 5.90402
    endloop
  endfacet
  facet normal 0 -1 0
    outer loop
      vertex 54.0114 82.4253 6.51935
      vertex 53.7963 82.4253 6.51935
      vertex 53.7963 82.4253 3.60437
    endloop
  endfacet
  facet normal 0 -1 0
    outer loop
      vertex 53.7963 82.4253 3.60437
      vertex 54.0114 82.4253 3.60437
      vertex 54.0114 82.4253 6.51935
    endloop
  endfacet
  facet normal 0 -1 0
    outer loop
      vertex 54.0114 68.2177 6.51935
      vertex 53.7963 68.2177 6.51935
      vertex 53.7963 68.2177 3.31691
    endloop
  endfacet
  facet normal 0 -1 0
    outer loop
      vertex 53.7963 68.2177 3.31691
      vertex 54.0114 68.2177 3.31691
      vertex 54.0114 68.2177 6.51935
    endloop
  endfacet
  facet normal 0 -1 0
    outer loop
      vertex 54.0114 71.767 6.51935
      vertex 53.7963 71.767 6.51935
      vertex 53.7963 71.767 3.31691
    endloop
  endfacet
  facet normal 0 -1 0
    outer loop
      vertex 53.7963 71.767 3.31691
      vertex 54.0114 71.767 3.31691
      vertex 54.0114 71.767 6.51935
    endloop
  endfacet
  facet normal 0 0 -1
    outer loop
      vertex 54.0114 68.2177 3.31691
      vertex 53.7963 68.2177 3.31691
      vertex 53.7963 71.4739 3.31691
    endloop
  endfacet
  facet normal 0 0 -1
    outer loop
      vertex 53.7963 71.4739 3.31691
      vertex 54.0114 71.4739 3.31691
      vertex 54.0114 68.2177 3.31691
    endloop
  endfacet
  facet normal 0 -1 0
    outer loop
      vertex 54.0114 75.3263 6.51935
      vertex 53.7963 75.3263 6.51935
      vertex 53.7963 75.3263 3.31691
    endloop
  endfacet
  facet normal 0 -1 0
    outer loop
      vertex 53.7963 75.3263 3.31691
      vertex 54.0114 75.3263 3.31691
      vertex 54.0114 75.3263 6.51935
    endloop
  endfacet
  facet normal 0 0 -1
    outer loop
      vertex 54.0114 71.767 3.31691
      vertex 53.7963 71.767 3.31691
      vertex 53.7963 75.0207 3.31691
    endloop
  endfacet
  facet normal 0 0 -1
    outer loop
      vertex 53.7963 75.0207 3.31691
      vertex 54.0114 75.0207 3.31691
      vertex 54.0114 71.767 3.31691
    endloop
  endfacet
  facet normal 0 -1 0
    outer loop
      vertex 54.0114 78.8774 6.51935
      vertex 53.7963 78.8774 6.51935
      vertex 53.7963 78.8774 3.31691
    endloop
  endfacet
  facet normal 0 -1 0
    outer loop
      vertex 53.7963 78.8774 3.31691
      vertex 54.0114 78.8774 3.31691
      vertex 54.0114 78.8774 6.51935
    endloop
  endfacet
  facet normal 0 1 0
    outer loop
      vertex 54.0114 71.4739 3.31691
      vertex 53.7963 71.4739 3.31691
      vertex 53.7963 71.4739 6.51935
    endloop
  endfacet
  facet normal 0 1 0
    outer loop
      vertex 53.7963 71.4739 6.51935
      vertex 54.0114 71.4739 6.51935
      vertex 54.0114 71.4739 3.31691
    endloop
  endfacet
  facet normal 0 0 -1
    outer loop
      vertex 54.0114 75.3263 3.31691
      vertex 53.7963 75.3263 3.31691
      vertex 53.7963 78.5577 3.31691
    endloop
  endfacet
  facet normal 0 0 -1
    outer loop
      vertex 53.7963 78.5577 3.31691
      vertex 54.0114 78.5577 3.31691
      vertex 54.0114 75.3263 3.31691
    endloop
  endfacet
  facet normal 0 0 1
    outer loop
      vertex 54.0114 85.6509 6.51935
      vertex 53.7963 85.6509 6.51935
      vertex 53.7963 82.4253 6.51935
    endloop
  endfacet
  facet normal 0 0 1
    outer loop
      vertex 53.7963 82.4253 6.51935
      vertex 54.0114 82.4253 6.51935
      vertex 54.0114 85.6509 6.51935
    endloop
  endfacet
  facet normal 0 1 0
    outer loop
      vertex 54.0114 75.0207 3.31691
      vertex 53.7963 75.0207 3.31691
      vertex 53.7963 75.0207 6.51935
    endloop
  endfacet
  facet normal 0 1 0
    outer loop
      vertex 53.7963 75.0207 6.51935
      vertex 54.0114 75.0207 6.51935
      vertex 54.0114 75.0207 3.31691
    endloop
  endfacet
  facet normal 0 0 -1
    outer loop
      vertex 54.0114 78.8774 3.31691
      vertex 53.7963 78.8774 3.31691
      vertex 53.7963 79.142 3.31691
    endloop
  endfacet
  facet normal 0 0 -1
    outer loop
      vertex 53.7963 79.142 3.31691
      vertex 54.0114 79.142 3.31691
      vertex 54.0114 78.8774 3.31691
    endloop
  endfacet
  facet normal 0 0 1
    outer loop
      vertex 54.0114 71.4739 6.51935
      vertex 53.7963 71.4739 6.51935
      vertex 53.7963 68.2177 6.51935
    endloop
  endfacet
  facet normal 0 0 1
    outer loop
      vertex 53.7963 68.2177 6.51935
      vertex 54.0114 68.2177 6.51935
      vertex 54.0114 71.4739 6.51935
    endloop
  endfacet
  facet normal 0 -1 0
    outer loop
      vertex 54.2343 8.54639 5.90972
      vertex 54.7863 8.54639 5.35136
      vertex 55.2842 8.54639 5.35136
    endloop
  endfacet
  facet normal 0 -1 0
    outer loop
      vertex 55.2842 8.54639 5.35136
      vertex 55.2842 8.54639 5.90972
      vertex 54.2343 8.54639 5.90972
    endloop
  endfacet
  facet normal 0 -1 0
    outer loop
      vertex 55.2842 8.54639 2.2912
      vertex 55.2842 8.54639 2.95473
      vertex 54.2343 8.54639 2.95426
    endloop
  endfacet
  facet normal 0 -1 0
    outer loop
      vertex 54.2343 8.54639 2.95426
      vertex 54.544 8.54639 2.2912
      vertex 55.2842 8.54639 2.2912
    endloop
  endfacet
  facet normal -1 0 0
    outer loop
      vertex 54.7863 8.54639 3.83815
      vertex 54.7863 8.2503 3.83815
      vertex 54.7863 8.2503 5.35136
    endloop
  endfacet
  facet normal -1 0 0
    outer loop
      vertex 54.7863 8.2503 5.35136
      vertex 54.7863 8.54639 5.35136
      vertex 54.7863 8.54639 3.83815
    endloop
  endfacet
  facet normal 0 -1 0
    outer loop
      vertex 54.2343 8.54639 2.95426
      vertex 54.7863 8.54639 3.83815
      vertex 54.7863 8.54639 5.35136
    endloop
  endfacet
  facet normal 0 -1 0
    outer loop
      vertex 54.7863 8.54639 5.35136
      vertex 54.2343 8.54639 5.90972
      vertex 54.2343 8.54639 2.95426
    endloop
  endfacet
  facet normal 0 -1 0
    outer loop
      vertex 55.2842 8.54639 2.95473
      vertex 55.2842 8.54639 3.83845
      vertex 54.7863 8.54639 3.83815
    endloop
  endfacet
  facet normal 0 -1 0
    outer loop
      vertex 54.7863 8.54639 3.83815
      vertex 54.2343 8.54639 2.95426
      vertex 55.2842 8.54639 2.95473
    endloop
  endfacet
  facet normal 0 -1 0
    outer loop
      vertex 54.7863 8.2503 3.83815
      vertex 54.9466 8.2503 4.06869
      vertex 54.9466 8.2503 5.18521
    endloop
  endfacet
  facet normal 0 -1 0
    outer loop
      vertex 54.9466 8.2503 5.18521
      vertex 54.7863 8.2503 5.35136
      vertex 54.7863 8.2503 3.83815
    endloop
  endfacet
  facet normal 0.000609083 0 -1
    outer loop
      vertex 55.2842 8.54639 3.83845
      vertex 55.2842 8.2503 3.83845
      vertex 54.7863 8.2503 3.83815
    endloop
  endfacet
  facet normal 0.000609083 0 -1
    outer loop
      vertex 54.7863 8.2503 3.83815
      vertex 54.7863 8.54639 3.83815
      vertex 55.2842 8.54639 3.83845
    endloop
  endfacet
  facet normal 0 0 1
    outer loop
      vertex 54.7863 8.54639 5.35136
      vertex 54.7863 8.2503 5.35136
      vertex 55.2842 8.2503 5.35136
    endloop
  endfacet
  facet normal 0 0 1
    outer loop
      vertex 55.2842 8.2503 5.35136
      vertex 55.2842 8.54639 5.35136
      vertex 54.7863 8.54639 5.35136
    endloop
  endfacet
  facet normal 1 0 0
    outer loop
      vertex 54.9466 8.2503 4.06869
      vertex 54.9466 8.54558 4.06869
      vertex 54.9466 8.54558 5.18521
    endloop
  endfacet
  facet normal 1 0 0
    outer loop
      vertex 54.9466 8.54558 5.18521
      vertex 54.9466 8.2503 5.18521
      vertex 54.9466 8.2503 4.06869
    endloop
  endfacet
  facet normal 0 -1 0
    outer loop
      vertex 55.2842 8.2503 3.83845
      vertex 55.2842 8.2503 4.06892
      vertex 54.9466 8.2503 4.06869
    endloop
  endfacet
  facet normal 0 -1 0
    outer loop
      vertex 54.9466 8.2503 4.06869
      vertex 54.7863 8.2503 3.83815
      vertex 55.2842 8.2503 3.83845
    endloop
  endfacet
  facet normal 0 -1 0
    outer loop
      vertex 54.7863 8.2503 5.35136
      vertex 54.9466 8.2503 5.18521
      vertex 55.2842 8.2503 5.18521
    endloop
  endfacet
  facet normal 0 -1 0
    outer loop
      vertex 55.2842 8.2503 5.18521
      vertex 55.2842 8.2503 5.35136
      vertex 54.7863 8.2503 5.35136
    endloop
  endfacet
  facet normal 0 -1 0
    outer loop
      vertex 55.2842 8.54558 5.18521
      vertex 54.9466 8.54558 5.18521
      vertex 54.9466 8.54558 4.06869
    endloop
  endfacet
  facet normal 0 -1 0
    outer loop
      vertex 54.9466 8.54558 4.06869
      vertex 55.2842 8.54558 4.06892
      vertex 55.2842 8.54558 5.18521
    endloop
  endfacet
  facet normal -0.00065956 0 1
    outer loop
      vertex 55.2842 8.2503 4.06892
      vertex 55.2842 8.54558 4.06892
      vertex 54.9466 8.54558 4.06869
    endloop
  endfacet
  facet normal -0.00065956 0 1
    outer loop
      vertex 54.9466 8.54558 4.06869
      vertex 54.9466 8.2503 4.06869
      vertex 55.2842 8.2503 4.06892
    endloop
  endfacet
  facet normal 0 0 -1
    outer loop
      vertex 54.9466 8.2503 5.18521
      vertex 54.9466 8.54558 5.18521
      vertex 55.2842 8.54558 5.18521
    endloop
  endfacet
  facet normal 0 0 -1
    outer loop
      vertex 55.2842 8.54558 5.18521
      vertex 55.2842 8.2503 5.18521
      vertex 54.9466 8.2503 5.18521
    endloop
  endfacet
  facet normal 0 1 0
    outer loop
      vertex 53.7963 71.9976 5.90402
      vertex 53.7963 71.9976 6.26106
      vertex 54.0376 71.9976 6.26106
    endloop
  endfacet
  facet normal 0 1 0
    outer loop
      vertex 54.0376 71.9976 6.26106
      vertex 54.0376 71.9976 5.90402
      vertex 53.7963 71.9976 5.90402
    endloop
  endfacet
  facet normal 0 1 0
    outer loop
      vertex 53.7963 74.3987 3.57475
      vertex 53.7963 74.3987 3.93178
      vertex 54.0376 74.3987 3.93178
    endloop
  endfacet
  facet normal 0 1 0
    outer loop
      vertex 54.0376 74.3987 3.93178
      vertex 54.0376 74.3987 3.57475
      vertex 53.7963 74.3987 3.57475
    endloop
  endfacet
  facet normal -1 0 0
    outer loop
      vertex 53.7963 82.1027 6.51935
      vertex 53.7963 82.1027 3.60437
      vertex 53.7963 81.8765 3.60437
    endloop
  endfacet
  facet normal 0 0 0
    outer loop
      vertex 53.7963 81.8765 3.93178
      vertex 53.7963 81.8765 5.90402
      vertex 53.7963 81.8765 6.26106
    endloop
  endfacet
  facet normal -1 0 0
    outer loop
      vertex 53.7963 82.1027 6.51935
      vertex 53.7963 81.8765 3.60437
      vertex 53.7963 81.8765 3.93178
    endloop
  endfacet
  facet normal -1 0 0
    outer loop
      vertex 53.7963 81.8765 6.26106
      vertex 53.7963 81.5194 6.26106
      vertex 53.7963 82.1027 6.51935
    endloop
  endfacet
  facet normal -1 0 0
    outer loop
      vertex 53.7963 82.1027 6.51935
      vertex 53.7963 81.8765 3.93178
      vertex 53.7963 81.8765 6.26106
    endloop
  endfacet
  facet normal -1 0 0
    outer loop
      vertex 53.7963 78.8774 3.31691
      vertex 53.7963 78.8774 6.51935
      vertex 53.7963 79.1183 6.26106
    endloop
  endfacet
  facet normal -1 0 0
    outer loop
      vertex 53.7963 79.1183 5.90402
      vertex 53.7963 79.4753 5.90402
      vertex 53.7963 79.4753 3.93178
    endloop
  endfacet
  facet normal -1 0 0
    outer loop
      vertex 53.7963 78.8774 3.31691
      vertex 53.7963 79.1183 6.26106
      vertex 53.7963 79.1183 5.90402
    endloop
  endfacet
  facet normal -1 0 0
    outer loop
      vertex 53.7963 79.142 3.57475
      vertex 53.7963 79.142 3.43104
      vertex 53.7963 78.8774 3.31691
    endloop
  endfacet
  facet normal -1 0 0
    outer loop
      vertex 53.7963 79.1183 3.57475
      vertex 53.7963 79.142 3.57475
      vertex 53.7963 78.8774 3.31691
    endloop
  endfacet
  facet normal -1 0 0
    outer loop
      vertex 53.7963 79.1183 5.90402
      vertex 53.7963 79.4753 3.93178
      vertex 53.7963 79.1183 3.93178
    endloop
  endfacet
  facet normal -1 0 0
    outer loop
      vertex 53.7963 79.1183 3.93178
      vertex 53.7963 79.1183 3.57475
      vertex 53.7963 78.8774 3.31691
    endloop
  endfacet
  facet normal -1 0 0
    outer loop
      vertex 53.7963 78.8774 3.31691
      vertex 53.7963 79.1183 5.90402
      vertex 53.7963 79.1183 3.93178
    endloop
  endfacet
  facet normal 0 0 1
    outer loop
      vertex 53.7963 78.2975 3.57475
      vertex 53.7963 77.9404 3.57475
      vertex 54.0376 77.9404 3.57475
    endloop
  endfacet
  facet normal 0 0 1
    outer loop
      vertex 54.0376 77.9404 3.57475
      vertex 54.0376 78.2975 3.57475
      vertex 53.7963 78.2975 3.57475
    endloop
  endfacet
  facet normal 0 1 0
    outer loop
      vertex 53.7963 68.4372 3.57475
      vertex 53.7963 68.4372 3.93178
      vertex 54.0376 68.4372 3.93178
    endloop
  endfacet
  facet normal 0 1 0
    outer loop
      vertex 54.0376 68.4372 3.93178
      vertex 54.0376 68.4372 3.57475
      vertex 53.7963 68.4372 3.57475
    endloop
  endfacet
  facet normal 0 1 0
    outer loop
      vertex 53.7963 82.6414 5.90402
      vertex 53.7963 82.6414 6.26106
      vertex 54.0376 82.6414 6.26106
    endloop
  endfacet
  facet normal 0 1 0
    outer loop
      vertex 54.0376 82.6414 6.26106
      vertex 54.0376 82.6414 5.90402
      vertex 53.7963 82.6414 5.90402
    endloop
  endfacet
  facet normal 0 1 0
    outer loop
      vertex 53.7963 68.4372 5.90402
      vertex 53.7963 68.4372 6.26106
      vertex 54.0376 68.4372 6.26106
    endloop
  endfacet
  facet normal 0 1 0
    outer loop
      vertex 54.0376 68.4372 6.26106
      vertex 54.0376 68.4372 5.90402
      vertex 53.7963 68.4372 5.90402
    endloop
  endfacet
  facet normal 0 1 0
    outer loop
      vertex 53.7963 77.9404 3.57475
      vertex 53.7963 77.9404 3.93178
      vertex 54.0376 77.9404 3.93178
    endloop
  endfacet
  facet normal 0 1 0
    outer loop
      vertex 54.0376 77.9404 3.93178
      vertex 54.0376 77.9404 3.57475
      vertex 53.7963 77.9404 3.57475
    endloop
  endfacet
  facet normal 0 0 1
    outer loop
      vertex 53.7963 79.4753 5.90402
      vertex 53.7963 79.1183 5.90402
      vertex 54.0376 79.1183 5.90402
    endloop
  endfacet
  facet normal 0 0 1
    outer loop
      vertex 54.0376 79.1183 5.90402
      vertex 54.0376 79.4753 5.90402
      vertex 53.7963 79.4753 5.90402
    endloop
  endfacet
  facet normal 0 0 1
    outer loop
      vertex 53.7963 74.7558 3.57475
      vertex 53.7963 74.3987 3.57475
      vertex 54.0376 74.3987 3.57475
    endloop
  endfacet
  facet normal 0 0 1
    outer loop
      vertex 54.0376 74.3987 3.57475
      vertex 54.0376 74.7558 3.57475
      vertex 53.7963 74.7558 3.57475
    endloop
  endfacet
  facet normal 0 1 0
    outer loop
      vertex 53.7963 81.5194 5.90402
      vertex 53.7963 81.5194 6.26106
      vertex 54.0376 81.5194 6.26106
    endloop
  endfacet
  facet normal 0 1 0
    outer loop
      vertex 54.0376 81.5194 6.26106
      vertex 54.0376 81.5194 5.90402
      vertex 53.7963 81.5194 5.90402
    endloop
  endfacet
  facet normal 0 0 1
    outer loop
      vertex 53.7963 68.7943 3.57475
      vertex 53.7963 68.4372 3.57475
      vertex 54.0376 68.4372 3.57475
    endloop
  endfacet
  facet normal 0 0 1
    outer loop
      vertex 54.0376 68.4372 3.57475
      vertex 54.0376 68.7943 3.57475
      vertex 53.7963 68.7943 3.57475
    endloop
  endfacet
  facet normal 0 0 1
    outer loop
      vertex 53.7963 81.8765 5.90402
      vertex 53.7963 81.5194 5.90402
      vertex 54.0376 81.5194 5.90402
    endloop
  endfacet
  facet normal 0 0 1
    outer loop
      vertex 54.0376 81.5194 5.90402
      vertex 54.0376 81.8765 5.90402
      vertex 53.7963 81.8765 5.90402
    endloop
  endfacet
  facet normal 0 1 0
    outer loop
      vertex 53.7963 71.9976 3.57475
      vertex 53.7963 71.9976 3.93178
      vertex 54.0376 71.9976 3.93178
    endloop
  endfacet
  facet normal 0 1 0
    outer loop
      vertex 54.0376 71.9976 3.93178
      vertex 54.0376 71.9976 3.57475
      vertex 53.7963 71.9976 3.57475
    endloop
  endfacet
  facet normal 0 0 1
    outer loop
      vertex 53.7963 75.8963 3.57475
      vertex 53.7963 75.5393 3.57475
      vertex 54.0376 75.5393 3.57475
    endloop
  endfacet
  facet normal 0 0 1
    outer loop
      vertex 54.0376 75.5393 3.57475
      vertex 54.0376 75.8963 3.57475
      vertex 53.7963 75.8963 3.57475
    endloop
  endfacet
  facet normal 0 0 1
    outer loop
      vertex 53.7963 82.9984 5.90402
      vertex 53.7963 82.6414 5.90402
      vertex 54.0376 82.6414 5.90402
    endloop
  endfacet
  facet normal 0 0 1
    outer loop
      vertex 54.0376 82.6414 5.90402
      vertex 54.0376 82.9984 5.90402
      vertex 53.7963 82.9984 5.90402
    endloop
  endfacet
  facet normal 0 0 1
    outer loop
      vertex 53.7963 71.1954 3.57475
      vertex 53.7963 70.8384 3.57475
      vertex 54.0376 70.8384 3.57475
    endloop
  endfacet
  facet normal 0 0 1
    outer loop
      vertex 54.0376 70.8384 3.57475
      vertex 54.0376 71.1954 3.57475
      vertex 53.7963 71.1954 3.57475
    endloop
  endfacet
  facet normal 0 0 1
    outer loop
      vertex 53.7963 85.3995 5.90402
      vertex 53.7963 85.0425 5.90402
      vertex 54.0376 85.0425 5.90402
    endloop
  endfacet
  facet normal 0 0 1
    outer loop
      vertex 54.0376 85.0425 5.90402
      vertex 54.0376 85.3995 5.90402
      vertex 53.7963 85.3995 5.90402
    endloop
  endfacet
  facet normal 0 0 1
    outer loop
      vertex 53.7963 74.7558 5.90402
      vertex 53.7963 74.3987 5.90402
      vertex 54.0376 74.3987 5.90402
    endloop
  endfacet
  facet normal 0 0 1
    outer loop
      vertex 54.0376 74.3987 5.90402
      vertex 54.0376 74.7558 5.90402
      vertex 53.7963 74.7558 5.90402
    endloop
  endfacet
  facet normal 0 1 0
    outer loop
      vertex 53.7963 70.8384 3.57475
      vertex 53.7963 70.8384 3.93178
      vertex 54.0376 70.8384 3.93178
    endloop
  endfacet
  facet normal 0 1 0
    outer loop
      vertex 54.0376 70.8384 3.93178
      vertex 54.0376 70.8384 3.57475
      vertex 53.7963 70.8384 3.57475
    endloop
  endfacet
  facet normal -1 0 0
    outer loop
      vertex 53.7963 75.0207 6.51935
      vertex 53.7963 75.0207 3.31691
      vertex 53.7963 74.7558 3.57475
    endloop
  endfacet
  facet normal 0 0 0
    outer loop
      vertex 53.7963 74.7558 3.93178
      vertex 53.7963 74.7558 5.90402
      vertex 53.7963 74.7558 6.26106
    endloop
  endfacet
  facet normal -1 0 0
    outer loop
      vertex 53.7963 75.0207 6.51935
      vertex 53.7963 74.7558 3.57475
      vertex 53.7963 74.7558 3.93178
    endloop
  endfacet
  facet normal -1 0 0
    outer loop
      vertex 53.7963 74.7558 6.26106
      vertex 53.7963 74.3987 6.26106
      vertex 53.7963 75.0207 6.51935
    endloop
  endfacet
  facet normal -1 0 0
    outer loop
      vertex 53.7963 75.0207 6.51935
      vertex 53.7963 74.7558 3.93178
      vertex 53.7963 74.7558 6.26106
    endloop
  endfacet
  facet normal -1 0 0
    outer loop
      vertex 53.7963 71.767 3.31691
      vertex 53.7963 71.767 6.51935
      vertex 53.7963 71.9976 6.26106
    endloop
  endfacet
  facet normal -1 0 0
    outer loop
      vertex 53.7963 71.9976 5.90402
      vertex 53.7963 72.3546 5.90402
      vertex 53.7963 71.767 3.31691
    endloop
  endfacet
  facet normal -1 0 0
    outer loop
      vertex 53.7963 71.767 3.31691
      vertex 53.7963 71.9976 6.26106
      vertex 53.7963 71.9976 5.90402
    endloop
  endfacet
  facet normal -1 0 0
    outer loop
      vertex 53.7963 71.767 3.31691
      vertex 53.7963 72.3546 5.90402
      vertex 53.7963 71.9976 3.93178
    endloop
  endfacet
  facet normal -1 0 0
    outer loop
      vertex 53.7963 71.9976 3.57475
      vertex 53.7963 72.3546 3.57475
      vertex 53.7963 71.767 3.31691
    endloop
  endfacet
  facet normal -1 0 0
    outer loop
      vertex 53.7963 71.767 3.31691
      vertex 53.7963 71.9976 3.93178
      vertex 53.7963 71.9976 3.57475
    endloop
  endfacet
  facet normal 0 1 0
    outer loop
      vertex 53.7963 77.9404 5.90402
      vertex 53.7963 77.9404 6.26106
      vertex 54.0376 77.9404 6.26106
    endloop
  endfacet
  facet normal 0 1 0
    outer loop
      vertex 54.0376 77.9404 6.26106
      vertex 54.0376 77.9404 5.90402
      vertex 53.7963 77.9404 5.90402
    endloop
  endfacet
  facet normal 0 1 0
    outer loop
      vertex 53.7963 74.3987 5.90402
      vertex 53.7963 74.3987 6.26106
      vertex 54.0376 74.3987 6.26106
    endloop
  endfacet
  facet normal 0 1 0
    outer loop
      vertex 54.0376 74.3987 6.26106
      vertex 54.0376 74.3987 5.90402
      vertex 53.7963 74.3987 5.90402
    endloop
  endfacet
  facet normal 0 0 1
    outer loop
      vertex 53.7963 72.3546 5.90402
      vertex 53.7963 71.9976 5.90402
      vertex 54.0376 71.9976 5.90402
    endloop
  endfacet
  facet normal 0 0 1
    outer loop
      vertex 54.0376 71.9976 5.90402
      vertex 54.0376 72.3546 5.90402
      vertex 53.7963 72.3546 5.90402
    endloop
  endfacet
  facet normal 0 1 0
    outer loop
      vertex 53.7963 85.0425 5.90402
      vertex 53.7963 85.0425 6.26106
      vertex 54.0376 85.0425 6.26106
    endloop
  endfacet
  facet normal 0 1 0
    outer loop
      vertex 54.0376 85.0425 6.26106
      vertex 54.0376 85.0425 5.90402
      vertex 53.7963 85.0425 5.90402
    endloop
  endfacet
  facet normal 0 1 0
    outer loop
      vertex 53.7963 70.8384 5.90402
      vertex 53.7963 70.8384 6.26106
      vertex 54.0376 70.8384 6.26106
    endloop
  endfacet
  facet normal 0 1 0
    outer loop
      vertex 54.0376 70.8384 6.26106
      vertex 54.0376 70.8384 5.90402
      vertex 53.7963 70.8384 5.90402
    endloop
  endfacet
  facet normal 0 0 1
    outer loop
      vertex 53.7963 72.3546 3.57475
      vertex 53.7963 71.9976 3.57475
      vertex 54.0376 71.9976 3.57475
    endloop
  endfacet
  facet normal 0 0 1
    outer loop
      vertex 54.0376 71.9976 3.57475
      vertex 54.0376 72.3546 3.57475
      vertex 53.7963 72.3546 3.57475
    endloop
  endfacet
  facet normal 0 1 0
    outer loop
      vertex 53.7963 79.1183 5.90402
      vertex 53.7963 79.1183 6.26106
      vertex 54.0376 79.1183 6.26106
    endloop
  endfacet
  facet normal 0 1 0
    outer loop
      vertex 54.0376 79.1183 6.26106
      vertex 54.0376 79.1183 5.90402
      vertex 53.7963 79.1183 5.90402
    endloop
  endfacet
  facet normal 0 1 0
    outer loop
      vertex 53.7963 75.5393 5.90402
      vertex 53.7963 75.5393 6.26106
      vertex 54.0376 75.5393 6.26106
    endloop
  endfacet
  facet normal 0 1 0
    outer loop
      vertex 54.0376 75.5393 6.26106
      vertex 54.0376 75.5393 5.90402
      vertex 53.7963 75.5393 5.90402
    endloop
  endfacet
  facet normal 0 0 1
    outer loop
      vertex 53.7963 75.8963 5.90402
      vertex 53.7963 75.5393 5.90402
      vertex 54.0376 75.5393 5.90402
    endloop
  endfacet
  facet normal 0 0 1
    outer loop
      vertex 54.0376 75.5393 5.90402
      vertex 54.0376 75.8963 5.90402
      vertex 53.7963 75.8963 5.90402
    endloop
  endfacet
  facet normal -1 0 0
    outer loop
      vertex 53.7963 71.4739 6.51935
      vertex 53.7963 71.4739 3.31691
      vertex 53.7963 71.1954 3.57475
    endloop
  endfacet
  facet normal -1 0 0
    outer loop
      vertex 53.7963 71.1954 3.93178
      vertex 53.7963 70.8384 3.93178
      vertex 53.7963 70.8482 5.90402
    endloop
  endfacet
  facet normal -1 0 0
    outer loop
      vertex 53.7963 71.4739 6.51935
      vertex 53.7963 71.1954 3.57475
      vertex 53.7963 71.1954 3.93178
    endloop
  endfacet
  facet normal -1 0 0
    outer loop
      vertex 53.7963 71.1954 6.26106
      vertex 53.7963 70.8384 6.26106
      vertex 53.7963 71.4739 6.51935
    endloop
  endfacet
  facet normal -1 0 0
    outer loop
      vertex 53.7963 71.1954 3.93178
      vertex 53.7963 70.8482 5.90402
      vertex 53.7963 71.1954 5.90402
    endloop
  endfacet
  facet normal -1 0 0
    outer loop
      vertex 53.7963 71.1954 5.90402
      vertex 53.7963 71.1954 6.26106
      vertex 53.7963 71.4739 6.51935
    endloop
  endfacet
  facet normal -1 0 0
    outer loop
      vertex 53.7963 71.4739 6.51935
      vertex 53.7963 71.1954 3.93178
      vertex 53.7963 71.1954 5.90402
    endloop
  endfacet
  facet normal -1 0 0
    outer loop
      vertex 53.7963 68.2177 3.31691
      vertex 53.7963 68.2177 6.51935
      vertex 53.7963 68.4372 6.26106
    endloop
  endfacet
  facet normal -1 0 0
    outer loop
      vertex 53.7963 68.4372 5.90402
      vertex 53.7963 68.7943 5.90402
      vertex 53.7963 68.2177 3.31691
    endloop
  endfacet
  facet normal -1 0 0
    outer loop
      vertex 53.7963 68.2177 3.31691
      vertex 53.7963 68.4372 6.26106
      vertex 53.7963 68.4372 5.90402
    endloop
  endfacet
  facet normal -1 0 0
    outer loop
      vertex 53.7963 68.2177 3.31691
      vertex 53.7963 68.7943 5.90402
      vertex 53.7963 68.4372 3.93178
    endloop
  endfacet
  facet normal -1 0 0
    outer loop
      vertex 53.7963 68.4372 3.57475
      vertex 53.7963 68.7943 3.57475
      vertex 53.7963 68.2177 3.31691
    endloop
  endfacet
  facet normal -1 0 0
    outer loop
      vertex 53.7963 68.2177 3.31691
      vertex 53.7963 68.4372 3.93178
      vertex 53.7963 68.4372 3.57475
    endloop
  endfacet
  facet normal 0 0 1
    outer loop
      vertex 53.7963 78.2975 5.90402
      vertex 53.7963 77.9404 5.90402
      vertex 54.0376 77.9404 5.90402
    endloop
  endfacet
  facet normal 0 0 1
    outer loop
      vertex 54.0376 77.9404 5.90402
      vertex 54.0376 78.2975 5.90402
      vertex 53.7963 78.2975 5.90402
    endloop
  endfacet
  facet normal 0 1 0
    outer loop
      vertex 53.7963 79.1183 3.57475
      vertex 53.7963 79.1183 3.93178
      vertex 54.0376 79.1183 3.93178
    endloop
  endfacet
  facet normal 0 1 0
    outer loop
      vertex 54.0376 79.1183 3.93178
      vertex 54.0376 79.1183 3.57475
      vertex 53.7963 79.1183 3.57475
    endloop
  endfacet
  facet normal 0 0 1
    outer loop
      vertex 53.7963 68.7943 5.90402
      vertex 53.7963 68.4372 5.90402
      vertex 54.0376 68.4372 5.90402
    endloop
  endfacet
  facet normal 0 0 1
    outer loop
      vertex 54.0376 68.4372 5.90402
      vertex 54.0376 68.7943 5.90402
      vertex 53.7963 68.7943 5.90402
    endloop
  endfacet
  facet normal 0 0 1
    outer loop
      vertex 54.0376 71.1954 5.90402
      vertex 53.7963 71.1954 5.90402
      vertex 53.7963 70.8482 5.90402
    endloop
  endfacet
  facet normal 0 0 1
    outer loop
      vertex 53.7963 70.8482 5.90402
      vertex 53.7963 70.8384 5.90402
      vertex 54.0376 70.8384 5.90402
    endloop
  endfacet
  facet normal 0 0 1
    outer loop
      vertex 53.7963 70.8482 5.90402
      vertex 54.0376 70.8384 5.90402
      vertex 54.0376 71.1954 5.90402
    endloop
  endfacet
  facet normal -1 0 0
    outer loop
      vertex 53.7963 78.2975 6.26106
      vertex 53.7963 78.5577 6.51935
      vertex 53.7963 78.5577 3.31691
    endloop
  endfacet
  facet normal -1 0 0
    outer loop
      vertex 53.7963 78.5577 3.31691
      vertex 53.7963 78.2975 3.57475
      vertex 53.7963 78.2975 3.93178
    endloop
  endfacet
  facet normal 0 0 0
    outer loop
      vertex 53.7963 78.2975 3.93178
      vertex 53.7963 78.2975 5.90402
      vertex 53.7963 78.2975 6.26106
    endloop
  endfacet
  facet normal -1 0 0
    outer loop
      vertex 53.7963 78.5577 3.31691
      vertex 53.7963 78.2975 3.93178
      vertex 53.7963 78.2975 6.26106
    endloop
  endfacet
  facet normal -1 0 0
    outer loop
      vertex 53.7963 75.3263 3.31691
      vertex 53.7963 75.3263 6.51935
      vertex 53.7963 75.5393 6.26106
    endloop
  endfacet
  facet normal -1 0 0
    outer loop
      vertex 53.7963 75.5393 5.90402
      vertex 53.7963 75.8963 5.90402
      vertex 53.7963 75.3263 3.31691
    endloop
  endfacet
  facet normal -1 0 0
    outer loop
      vertex 53.7963 75.3263 3.31691
      vertex 53.7963 75.5393 6.26106
      vertex 53.7963 75.5393 5.90402
    endloop
  endfacet
  facet normal -1 0 0
    outer loop
      vertex 53.7963 75.3263 3.31691
      vertex 53.7963 75.8963 5.90402
      vertex 53.7963 75.5393 3.93178
    endloop
  endfacet
  facet normal -1 0 0
    outer loop
      vertex 53.7963 75.5393 3.57475
      vertex 53.7963 75.8963 3.57475
      vertex 53.7963 75.3263 3.31691
    endloop
  endfacet
  facet normal -1 0 0
    outer loop
      vertex 53.7963 75.3263 3.31691
      vertex 53.7963 75.5393 3.93178
      vertex 53.7963 75.5393 3.57475
    endloop
  endfacet
  facet normal 0 1 0
    outer loop
      vertex 53.7963 75.5393 3.57475
      vertex 53.7963 75.5393 3.93178
      vertex 54.0376 75.5393 3.93178
    endloop
  endfacet
  facet normal 0 1 0
    outer loop
      vertex 54.0376 75.5393 3.93178
      vertex 54.0376 75.5393 3.57475
      vertex 53.7963 75.5393 3.57475
    endloop
  endfacet
  facet normal -1 0 0
    outer loop
      vertex 53.7963 85.6509 6.51935
      vertex 53.7963 85.6509 3.60437
      vertex 53.7963 85.3995 3.60437
    endloop
  endfacet
  facet normal 0 0 0
    outer loop
      vertex 53.7963 85.3995 3.93178
      vertex 53.7963 85.3995 5.90402
      vertex 53.7963 85.3995 6.26106
    endloop
  endfacet
  facet normal -1 0 0
    outer loop
      vertex 53.7963 85.6509 6.51935
      vertex 53.7963 85.3995 3.60437
      vertex 53.7963 85.3995 3.93178
    endloop
  endfacet
  facet normal -1 0 0
    outer loop
      vertex 53.7963 85.3995 6.26106
      vertex 53.7963 85.0425 6.26106
      vertex 53.7963 85.6509 6.51935
    endloop
  endfacet
  facet normal -1 0 0
    outer loop
      vertex 53.7963 85.6509 6.51935
      vertex 53.7963 85.3995 3.93178
      vertex 53.7963 85.3995 6.26106
    endloop
  endfacet
  facet normal 0 0.528632 -0.848851
    outer loop
      vertex 53.9919 37.7726 4.65372
      vertex 53.9919 39.402 5.66848
      vertex 54.4085 39.402 5.66848
    endloop
  endfacet
  facet normal 2.41514e-05 0.528627 -0.848854
    outer loop
      vertex 54.4085 39.402 5.66848
      vertex 54.4085 37.7725 4.65372
      vertex 53.9919 37.7726 4.65372
    endloop
  endfacet
  facet normal 0 0 1
    outer loop
      vertex 53.9919 41.0495 4.65372
      vertex 53.9919 37.7726 4.65372
      vertex 54.4085 37.7725 4.65372
    endloop
  endfacet
  facet normal 0 0 1
    outer loop
      vertex 54.4085 37.7725 4.65372
      vertex 54.4085 41.0495 4.65372
      vertex 53.9919 41.0495 4.65372
    endloop
  endfacet
  facet normal 0 -0.528632 0.848851
    outer loop
      vertex 53.9919 38.736 5.66848
      vertex 53.9919 37.1065 4.65372
      vertex 54.4085 37.1065 4.65372
    endloop
  endfacet
  facet normal 0 -0.528632 0.848851
    outer loop
      vertex 54.4085 37.1065 4.65372
      vertex 54.4085 38.736 5.66848
      vertex 53.9919 38.736 5.66848
    endloop
  endfacet
  facet normal 0 0 -1
    outer loop
      vertex 54.4085 40.1324 5.66848
      vertex 53.9919 40.1324 5.66848
      vertex 53.9919 43.3008 5.66848
    endloop
  endfacet
  facet normal 0 0 -1
    outer loop
      vertex 53.9919 43.3008 5.66848
      vertex 53.9919 43.4094 5.66848
      vertex 54.4085 43.4094 5.66848
    endloop
  endfacet
  facet normal 0 0 -1
    outer loop
      vertex 53.9919 43.3008 5.66848
      vertex 54.4085 43.4094 5.66848
      vertex 54.4085 40.1324 5.66848
    endloop
  endfacet
  facet normal 0 0 -1
    outer loop
      vertex 53.9919 35.459 5.66848
      vertex 53.9919 38.736 5.66848
      vertex 54.4085 38.736 5.66848
    endloop
  endfacet
  facet normal 0 0 -1
    outer loop
      vertex 54.4085 38.736 5.66848
      vertex 54.4085 35.459 5.66848
      vertex 53.9919 35.459 5.66848
    endloop
  endfacet
  facet normal 0 -0.528747 0.848779
    outer loop
      vertex 54.4085 43.4094 5.66848
      vertex 53.9919 43.4094 5.66848
      vertex 53.9919 43.3008 5.60081
    endloop
  endfacet
  facet normal 0 -0.528627 0.848854
    outer loop
      vertex 53.9919 43.3008 5.60081
      vertex 53.9919 41.78 4.65372
      vertex 54.4085 41.78 4.65372
    endloop
  endfacet
  facet normal -4.05418e-05 -0.528635 0.848849
    outer loop
      vertex 53.9919 43.3008 5.60081
      vertex 54.4085 41.78 4.65372
      vertex 54.4085 43.4094 5.66848
    endloop
  endfacet
  facet normal 0 0 1
    outer loop
      vertex 53.9919 36.3761 4.65372
      vertex 53.9919 33.0991 4.65372
      vertex 54.4085 33.0991 4.65372
    endloop
  endfacet
  facet normal 0 0 1
    outer loop
      vertex 54.4085 33.0991 4.65372
      vertex 54.4085 36.3761 4.65372
      vertex 53.9919 36.3761 4.65372
    endloop
  endfacet
  facet normal -1 0 0
    outer loop
      vertex 53.9919 38.736 5.66848
      vertex 53.9919 43.3008 6.1699
      vertex 53.9919 43.3008 5.66848
    endloop
  endfacet
  facet normal 0 0 0
    outer loop
      vertex 53.9919 39.402 5.66848
      vertex 53.9919 38.736 5.66848
      vertex 53.9919 43.3008 5.66848
    endloop
  endfacet
  facet normal 0 0 0
    outer loop
      vertex 53.9919 39.402 5.66848
      vertex 53.9919 43.3008 5.66848
      vertex 53.9919 40.1324 5.66848
    endloop
  endfacet
  facet normal 0 0 0
    outer loop
      vertex 53.9919 39.4201 5.66848
      vertex 53.9919 39.402 5.66848
      vertex 53.9919 40.1324 5.66848
    endloop
  endfacet
  facet normal -1 0 0
    outer loop
      vertex 53.9919 41.0495 4.65372
      vertex 53.9919 39.4201 5.66848
      vertex 53.9919 40.1324 5.66848
    endloop
  endfacet
  facet normal -1 0 0
    outer loop
      vertex 53.9919 41.0495 4.65372
      vertex 53.9919 40.1324 5.66848
      vertex 53.9919 41.7619 4.65372
    endloop
  endfacet
  facet normal -1 8.08967e-06 -1.29902e-05
    outer loop
      vertex 53.9919 41.78 4.65372
      vertex 53.9919 43.3008 5.60081
      vertex 53.992 43.3008 2.95786
    endloop
  endfacet
  facet normal 0 0 0
    outer loop
      vertex 53.9919 41.0495 4.65372
      vertex 53.9919 41.7619 4.65372
      vertex 53.9919 41.78 4.65372
    endloop
  endfacet
  facet normal -1 0 -2.02448e-05
    outer loop
      vertex 53.9919 41.78 4.65372
      vertex 53.992 43.3008 2.95786
      vertex 53.9919 41.0495 4.65372
    endloop
  endfacet
  facet normal -1 0 -2.02448e-05
    outer loop
      vertex 53.9919 37.7726 4.65372
      vertex 53.9919 41.0495 4.65372
      vertex 53.992 43.3008 2.95786
    endloop
  endfacet
  facet normal -1 0 0
    outer loop
      vertex 53.9919 37.1065 4.65372
      vertex 53.9919 38.736 5.66848
      vertex 53.9919 39.402 5.66848
    endloop
  endfacet
  facet normal -1 0 -2.02448e-05
    outer loop
      vertex 53.9919 37.7726 4.65372
      vertex 53.992 43.3008 2.95786
      vertex 53.9919 37.1065 4.65372
    endloop
  endfacet
  facet normal -1 0 0
    outer loop
      vertex 53.9919 37.1065 4.65372
      vertex 53.9919 39.402 5.66848
      vertex 53.9919 37.7726 4.65372
    endloop
  endfacet
  facet normal -1 0 -2.02448e-05
    outer loop
      vertex 53.9919 37.0884 4.65372
      vertex 53.9919 37.1065 4.65372
      vertex 53.992 43.3008 2.95786
    endloop
  endfacet
  facet normal -1 0 0
    outer loop
      vertex 53.9919 34.7466 5.66848
      vertex 53.9919 34.7285 5.66848
      vertex 53.9919 43.3008 6.1699
    endloop
  endfacet
  facet normal -1 0 0
    outer loop
      vertex 53.9919 43.3008 6.1699
      vertex 53.9919 38.736 5.66848
      vertex 53.9919 35.459 5.66848
    endloop
  endfacet
  facet normal -1 0 -2.02448e-05
    outer loop
      vertex 53.9919 37.0884 4.65372
      vertex 53.992 43.3008 2.95786
      vertex 53.9919 36.3761 4.65372
    endloop
  endfacet
  facet normal -1 0 0
    outer loop
      vertex 53.9919 34.7466 5.66848
      vertex 53.9919 43.3008 6.1699
      vertex 53.9919 35.459 5.66848
    endloop
  endfacet
  facet normal -1 0 0
    outer loop
      vertex 53.9919 35.459 5.66848
      vertex 53.9919 37.0884 4.65372
      vertex 53.9919 36.3761 4.65372
    endloop
  endfacet
  facet normal -1 0 0
    outer loop
      vertex 53.9919 36.3761 4.65372
      vertex 53.9919 34.7466 5.66848
      vertex 53.9919 35.459 5.66848
    endloop
  endfacet
  facet normal 0 0.528635 -0.848849
    outer loop
      vertex 53.9919 33.0991 4.65372
      vertex 53.9919 34.7285 5.66848
      vertex 54.4085 34.7285 5.66848
    endloop
  endfacet
  facet normal 0 0.528635 -0.848849
    outer loop
      vertex 54.4085 34.7285 5.66848
      vertex 54.4085 33.0991 4.65372
      vertex 53.9919 33.0991 4.65372
    endloop
  endfacet
  facet normal 0 0 1
    outer loop
      vertex 55.2842 63.6711 8.05409
      vertex 55.2842 66.3179 8.05409
      vertex 53.9849 66.3179 8.05409
    endloop
  endfacet
  facet normal 0 0 1
    outer loop
      vertex 53.9849 66.3179 8.05409
      vertex 53.9849 63.6711 8.05409
      vertex 55.2842 63.6711 8.05409
    endloop
  endfacet
  facet normal 0 0 1
    outer loop
      vertex 53.6013 66.7399 9.73401
      vertex 53.9849 66.3179 9.73401
      vertex 55.2842 66.3179 9.73401
    endloop
  endfacet
  facet normal 0 0 1
    outer loop
      vertex 55.2842 66.3179 9.73401
      vertex 55.2842 66.7399 9.73401
      vertex 53.6013 66.7399 9.73401
    endloop
  endfacet
  facet normal 0 0 1
    outer loop
      vertex 53.6013 63.2491 9.73401
      vertex 53.9849 63.6711 9.73401
      vertex 53.9849 66.3179 9.73401
    endloop
  endfacet
  facet normal 0 0 1
    outer loop
      vertex 53.9849 66.3179 9.73401
      vertex 53.6013 66.7399 9.73401
      vertex 53.6013 63.2491 9.73401
    endloop
  endfacet
  facet normal 0 -1 0
    outer loop
      vertex 53.9849 66.3179 9.73401
      vertex 53.9849 66.3179 8.05409
      vertex 55.2842 66.3179 8.05409
    endloop
  endfacet
  facet normal 0 -1 0
    outer loop
      vertex 55.2842 66.3179 8.05409
      vertex 55.2842 66.3179 9.73401
      vertex 53.9849 66.3179 9.73401
    endloop
  endfacet
  facet normal 1 0 0
    outer loop
      vertex 53.9849 63.6711 9.73401
      vertex 53.9849 63.6711 8.05409
      vertex 53.9849 66.3179 8.05409
    endloop
  endfacet
  facet normal 1 0 0
    outer loop
      vertex 53.9849 66.3179 8.05409
      vertex 53.9849 66.3179 9.73401
      vertex 53.9849 63.6711 9.73401
    endloop
  endfacet
  facet normal 0 1 0
    outer loop
      vertex 55.2842 63.6711 9.73401
      vertex 55.2842 63.6711 8.05409
      vertex 53.9849 63.6711 8.05409
    endloop
  endfacet
  facet normal 0 1 0
    outer loop
      vertex 53.9849 63.6711 8.05409
      vertex 53.9849 63.6711 9.73401
      vertex 55.2842 63.6711 9.73401
    endloop
  endfacet
  facet normal 0 1 0
    outer loop
      vertex 53.9919 14.4701 4.24898
      vertex 53.9919 14.4701 4.56618
      vertex 54.1694 14.4701 4.56618
    endloop
  endfacet
  facet normal 0 1 0
    outer loop
      vertex 54.1694 14.4701 4.56618
      vertex 54.1694 14.4701 4.24898
      vertex 53.9919 14.4701 4.24898
    endloop
  endfacet
  facet normal 0 1 0
    outer loop
      vertex 53.9919 17.3869 6.17121
      vertex 54.3646 17.3869 6.59478
      vertex 54.5465 17.3869 6.59478
    endloop
  endfacet
  facet normal 0 1 0
    outer loop
      vertex 54.5465 17.3869 6.59478
      vertex 54.1694 17.3869 6.16792
      vertex 53.9919 17.3869 6.16792
    endloop
  endfacet
  facet normal 0 1 0
    outer loop
      vertex 54.5465 17.3869 6.59478
      vertex 53.9919 17.3869 6.16792
      vertex 53.9919 17.3869 6.17121
    endloop
  endfacet
  facet normal 0 1 0
    outer loop
      vertex 54.5465 17.3869 6.74348
      vertex 54.5465 17.3869 6.59478
      vertex 54.3646 17.3869 6.59478
    endloop
  endfacet
  facet normal 0 1 0
    outer loop
      vertex 54.3646 17.3869 6.59478
      vertex 54.4954 17.3869 6.74348
      vertex 54.5465 17.3869 6.74348
    endloop
  endfacet
  facet normal 0 -1 0
    outer loop
      vertex 54.3646 17.7227 6.59478
      vertex 54.5465 17.7227 6.59478
      vertex 54.5465 17.7227 6.74348
    endloop
  endfacet
  facet normal 0 -1 0
    outer loop
      vertex 54.5465 17.7227 6.74348
      vertex 54.4954 17.7227 6.74348
      vertex 54.3646 17.7227 6.59478
    endloop
  endfacet
  facet normal 0 1 0
    outer loop
      vertex 53.992 17.3869 2.95699
      vertex 53.992 17.3869 2.96292
      vertex 54.1694 17.3869 2.96292
    endloop
  endfacet
  facet normal 0 1 0
    outer loop
      vertex 54.1694 17.3869 2.96292
      vertex 54.5877 17.3869 2.12294
      vertex 54.4169 17.3869 2.12294
    endloop
  endfacet
  facet normal 0 1 0
    outer loop
      vertex 54.1694 17.3869 2.96292
      vertex 54.4169 17.3869 2.12294
      vertex 53.992 17.3869 2.95699
    endloop
  endfacet
  facet normal 0 0 -1
    outer loop
      vertex 55.2842 9.40731 2.02968
      vertex 54.4646 9.40731 2.02968
      vertex 54.4646 14.4701 2.02968
    endloop
  endfacet
  facet normal 0 0 0
    outer loop
      vertex 54.4646 14.4701 2.02968
      vertex 54.5877 14.4701 2.02968
      vertex 55.2842 14.4701 2.02968
    endloop
  endfacet
  facet normal 0 0 -1
    outer loop
      vertex 54.4646 14.4701 2.02968
      vertex 55.2842 14.4701 2.02968
      vertex 55.2842 9.40731 2.02968
    endloop
  endfacet
  facet normal 0 1 0
    outer loop
      vertex 53.9919 14.4701 4.56618
      vertex 53.9919 14.4701 6.16792
      vertex 54.1694 14.4701 6.16792
    endloop
  endfacet
  facet normal 0 1 0
    outer loop
      vertex 54.1694 14.4701 6.16792
      vertex 54.1694 14.4701 4.56618
      vertex 53.9919 14.4701 4.56618
    endloop
  endfacet
  facet normal 0 -1 0
    outer loop
      vertex 55.2842 14.8059 6.74348
      vertex 54.5465 14.8059 6.74348
      vertex 54.5465 14.8059 6.59478
    endloop
  endfacet
  facet normal 0 -1 0
    outer loop
      vertex 54.5465 14.8059 6.59478
      vertex 55.2842 14.8059 6.59478
      vertex 55.2842 14.8059 6.74348
    endloop
  endfacet
  facet normal 0 1 0
    outer loop
      vertex 54.5877 14.4701 2.12294
      vertex 54.4169 14.4701 2.12294
      vertex 53.992 14.4701 2.95604
    endloop
  endfacet
  facet normal 0 1 0
    outer loop
      vertex 53.992 14.4701 2.95604
      vertex 53.992 14.4701 2.96292
      vertex 54.1694 14.4701 2.96292
    endloop
  endfacet
  facet normal 0 1 0
    outer loop
      vertex 53.992 14.4701 2.95604
      vertex 54.1694 14.4701 2.96292
      vertex 54.5877 14.4701 2.12294
    endloop
  endfacet
  facet normal 0 1 0
    outer loop
      vertex 54.5877 17.3869 2.02968
      vertex 54.5877 17.3869 2.12294
      vertex 55.2842 17.3869 2.12294
    endloop
  endfacet
  facet normal 0 1 0
    outer loop
      vertex 55.2842 17.3869 2.12294
      vertex 55.2842 17.3869 2.02968
      vertex 54.5877 17.3869 2.02968
    endloop
  endfacet
  facet normal 0 1 0
    outer loop
      vertex 55.2842 14.4701 2.02968
      vertex 54.5877 14.4701 2.02968
      vertex 54.5877 14.4701 2.12294
    endloop
  endfacet
  facet normal 0 1 0
    outer loop
      vertex 54.5877 14.4701 2.12294
      vertex 55.2842 14.4701 2.12294
      vertex 55.2842 14.4701 2.02968
    endloop
  endfacet
  facet normal 0 -1 0
    outer loop
      vertex 54.5465 17.7227 6.74348
      vertex 54.5465 17.7227 6.59478
      vertex 55.2842 17.7227 6.59478
    endloop
  endfacet
  facet normal 0 -1 0
    outer loop
      vertex 55.2842 17.7227 6.59478
      vertex 55.2842 17.7227 6.74348
      vertex 54.5465 17.7227 6.74348
    endloop
  endfacet
  facet normal -0.750783 0 0.660549
    outer loop
      vertex 54.3646 17.3869 6.59478
      vertex 53.9919 17.3869 6.17121
      vertex 53.9919 14.8059 6.17121
    endloop
  endfacet
  facet normal -0.750892 0 0.660425
    outer loop
      vertex 54.3646 14.8059 6.59478
      vertex 54.4954 14.8059 6.74348
      vertex 54.4954 17.3869 6.74348
    endloop
  endfacet
  facet normal -0.750783 0 0.660549
    outer loop
      vertex 54.3646 17.3869 6.59478
      vertex 53.9919 14.8059 6.17121
      vertex 54.3646 14.8059 6.59478
    endloop
  endfacet
  facet normal -0.750892 0 0.660425
    outer loop
      vertex 54.3646 14.8059 6.59478
      vertex 54.4954 17.3869 6.74348
      vertex 54.3646 17.3869 6.59478
    endloop
  endfacet
  facet normal -0.750783 0 0.660549
    outer loop
      vertex 54.3646 14.4701 6.59478
      vertex 53.9919 14.4701 6.17121
      vertex 53.9919 9.40731 6.17121
    endloop
  endfacet
  facet normal -0.750812 0 0.660516
    outer loop
      vertex 53.9919 9.40731 6.17121
      vertex 54.4954 9.40731 6.74348
      vertex 54.4954 14.4701 6.74348
    endloop
  endfacet
  facet normal -0.750892 1.83999e-05 0.660425
    outer loop
      vertex 53.9919 9.40731 6.17121
      vertex 54.4954 14.4701 6.74348
      vertex 54.3646 14.4701 6.59478
    endloop
  endfacet
  facet normal -0.89051 0 -0.454964
    outer loop
      vertex 54.4169 17.3869 2.12294
      vertex 54.4646 17.3869 2.02968
      vertex 54.4646 14.8059 2.02968
    endloop
  endfacet
  facet normal 0 1 0
    outer loop
      vertex 54.4646 14.8059 2.02968
      vertex 54.4169 14.8059 2.12294
      vertex 53.992 14.8059 2.95614
    endloop
  endfacet
  facet normal -0.891008 0.000149335 -0.453987
    outer loop
      vertex 53.992 14.8059 2.95614
      vertex 53.992 17.3869 2.95699
      vertex 54.4169 17.3869 2.12294
    endloop
  endfacet
  facet normal -0.89079 -2.49879e-05 -0.454416
    outer loop
      vertex 54.4646 14.8059 2.02968
      vertex 53.992 14.8059 2.95614
      vertex 54.4169 17.3869 2.12294
    endloop
  endfacet
  facet normal -0.89051 0 -0.454964
    outer loop
      vertex 54.4169 14.4701 2.12294
      vertex 54.4646 14.4701 2.02968
      vertex 54.4646 9.40731 2.02968
    endloop
  endfacet
  facet normal -0.890444 0.000167747 -0.455093
    outer loop
      vertex 54.4646 9.40731 2.02968
      vertex 53.992 9.40731 2.95441
      vertex 53.992 9.51732 2.95445
    endloop
  endfacet
  facet normal -0.890458 -0.000129857 -0.455065
    outer loop
      vertex 54.4646 9.40731 2.02968
      vertex 53.992 9.51732 2.95445
      vertex 54.2375 9.5173 2.47407
    endloop
  endfacet
  facet normal -0.890799 -1.31488e-05 -0.454398
    outer loop
      vertex 53.992 14.4701 2.95604
      vertex 54.4169 14.4701 2.12294
      vertex 54.4646 9.40731 2.02968
    endloop
  endfacet
  facet normal -0.890667 0.000146438 -0.454655
    outer loop
      vertex 54.2375 11.2055 2.47407
      vertex 53.992 11.2055 2.95499
      vertex 53.992 14.4701 2.95604
    endloop
  endfacet
  facet normal -0.890621 0.000140945 -0.454746
    outer loop
      vertex 53.992 10.5353 2.95477
      vertex 53.992 10.8615 2.95487
      vertex 54.2375 10.8615 2.47407
    endloop
  endfacet
  facet normal -0.889518 0.000564249 -0.4569
    outer loop
      vertex 54.2375 11.2055 2.47407
      vertex 53.992 14.4701 2.95604
      vertex 54.4646 9.40731 2.02968
    endloop
  endfacet
  facet normal -0.890582 0 -0.454822
    outer loop
      vertex 54.2375 10.5353 2.47407
      vertex 53.992 10.5353 2.95477
      vertex 54.2375 10.8615 2.47407
    endloop
  endfacet
  facet normal -0.890445 0 -0.455091
    outer loop
      vertex 54.2375 10.8615 2.47407
      vertex 54.2375 11.2055 2.47407
      vertex 54.4646 9.40731 2.02968
    endloop
  endfacet
  facet normal -0.890445 0 -0.455091
    outer loop
      vertex 54.4646 9.40731 2.02968
      vertex 54.2375 9.5173 2.47407
      vertex 54.2375 9.86139 2.47407
    endloop
  endfacet
  facet normal -0.890497 0.000139463 -0.454989
    outer loop
      vertex 54.2375 9.86139 2.47407
      vertex 53.992 9.86139 2.95455
      vertex 53.992 10.1912 2.95465
    endloop
  endfacet
  facet normal 0 0 0
    outer loop
      vertex 54.2375 10.1912 2.47407
      vertex 54.2375 10.5353 2.47407
      vertex 54.2375 10.8615 2.47407
    endloop
  endfacet
  facet normal -0.890536 0 -0.454913
    outer loop
      vertex 54.2375 9.86139 2.47407
      vertex 53.992 10.1912 2.95465
      vertex 54.2375 10.1912 2.47407
    endloop
  endfacet
  facet normal -0.890445 0 -0.455091
    outer loop
      vertex 54.2375 10.1912 2.47407
      vertex 54.2375 10.8615 2.47407
      vertex 54.4646 9.40731 2.02968
    endloop
  endfacet
  facet normal -0.890445 0 -0.455091
    outer loop
      vertex 54.4646 9.40731 2.02968
      vertex 54.2375 9.86139 2.47407
      vertex 54.2375 10.1912 2.47407
    endloop
  endfacet
  facet normal 0 1 0
    outer loop
      vertex 54.5877 14.4701 2.02968
      vertex 54.4646 14.4701 2.02968
      vertex 54.4169 14.4701 2.12294
    endloop
  endfacet
  facet normal 0 1 0
    outer loop
      vertex 54.4169 14.4701 2.12294
      vertex 54.5877 14.4701 2.12294
      vertex 54.5877 14.4701 2.02968
    endloop
  endfacet
  facet normal 0 1 0
    outer loop
      vertex 54.4169 17.3869 2.12294
      vertex 54.5877 17.3869 2.12294
      vertex 54.5877 17.3869 2.02968
    endloop
  endfacet
  facet normal 0 1 0
    outer loop
      vertex 54.5877 17.3869 2.02968
      vertex 54.4646 17.3869 2.02968
      vertex 54.4169 17.3869 2.12294
    endloop
  endfacet
  facet normal 0 1 0
    outer loop
      vertex 53.9919 17.3869 6.16792
      vertex 54.1694 17.3869 6.16792
      vertex 54.1694 17.3869 4.56618
    endloop
  endfacet
  facet normal 0 1 0
    outer loop
      vertex 54.1694 17.3869 4.56618
      vertex 53.9919 17.3869 4.56618
      vertex 53.9919 17.3869 6.16792
    endloop
  endfacet
  facet normal 0 0 -1
    outer loop
      vertex 54.5877 14.8059 2.02968
      vertex 54.4646 14.8059 2.02968
      vertex 54.4646 17.3869 2.02968
    endloop
  endfacet
  facet normal 0 0 -1
    outer loop
      vertex 54.5877 17.3869 2.02968
      vertex 55.2842 17.3869 2.02968
      vertex 55.2842 14.8059 2.02968
    endloop
  endfacet
  facet normal 0 0 -1
    outer loop
      vertex 54.5877 14.8059 2.02968
      vertex 54.4646 17.3869 2.02968
      vertex 54.5877 17.3869 2.02968
    endloop
  endfacet
  facet normal 0 0 -1
    outer loop
      vertex 54.5877 17.3869 2.02968
      vertex 55.2842 14.8059 2.02968
      vertex 54.5877 14.8059 2.02968
    endloop
  endfacet
  facet normal 0 1 0
    outer loop
      vertex 54.1694 14.4701 6.16792
      vertex 53.9919 14.4701 6.16792
      vertex 53.9919 14.4701 6.17121
    endloop
  endfacet
  facet normal 0 1 0
    outer loop
      vertex 53.9919 14.4701 6.17121
      vertex 54.3646 14.4701 6.59478
      vertex 54.5465 14.4701 6.59478
    endloop
  endfacet
  facet normal 0 1 0
    outer loop
      vertex 53.9919 14.4701 6.17121
      vertex 54.5465 14.4701 6.59478
      vertex 54.1694 14.4701 6.16792
    endloop
  endfacet
  facet normal 0 -1 0
    outer loop
      vertex 54.5465 14.8059 6.74348
      vertex 54.4954 14.8059 6.74348
      vertex 54.3646 14.8059 6.59478
    endloop
  endfacet
  facet normal 0 -1 0
    outer loop
      vertex 54.3646 14.8059 6.59478
      vertex 54.5465 14.8059 6.59478
      vertex 54.5465 14.8059 6.74348
    endloop
  endfacet
  facet normal -1 0 0
    outer loop
      vertex 53.9919 14.8059 6.16792
      vertex 53.9919 14.8059 6.17121
      vertex 53.9919 17.3869 6.17121
    endloop
  endfacet
  facet normal -1 0 0
    outer loop
      vertex 53.9919 17.3869 6.16792
      vertex 53.9919 17.3869 4.56618
      vertex 53.9919 14.8059 4.56618
    endloop
  endfacet
  facet normal -1 0 0
    outer loop
      vertex 53.9919 14.8059 6.16792
      vertex 53.9919 17.3869 6.17121
      vertex 53.9919 17.3869 6.16792
    endloop
  endfacet
  facet normal -1 0 0
    outer loop
      vertex 53.9919 17.3869 6.16792
      vertex 53.9919 14.8059 4.56618
      vertex 53.9919 14.8059 6.16792
    endloop
  endfacet
  facet normal -1 0 0
    outer loop
      vertex 53.9919 17.7227 6.16792
      vertex 53.9919 17.7227 6.17121
      vertex 53.9919 18.6022 6.17121
    endloop
  endfacet
  facet normal -1 3.44157e-09 -1.06826e-05
    outer loop
      vertex 53.9919 18.6022 6.17121
      vertex 53.992 18.6022 2.95738
      vertex 53.992 17.7227 2.95709
    endloop
  endfacet
  facet normal 0 -1.99913e-07 0
    outer loop
      vertex 53.992 17.7227 2.95709
      vertex 53.992 17.7227 2.96292
      vertex 53.9919 17.7227 4.24898
    endloop
  endfacet
  facet normal -1 0 0
    outer loop
      vertex 53.9919 17.7227 4.56618
      vertex 53.9919 17.7227 6.16792
      vertex 53.9919 18.6022 6.17121
    endloop
  endfacet
  facet normal -1 5.80824e-05 -2.65754e-05
    outer loop
      vertex 53.9919 18.6022 6.17121
      vertex 53.992 17.7227 2.95709
      vertex 53.9919 17.7227 4.24898
    endloop
  endfacet
  facet normal -1 0 0
    outer loop
      vertex 53.9919 18.6022 6.17121
      vertex 53.9919 17.7227 4.24898
      vertex 53.9919 17.7227 4.56618
    endloop
  endfacet
  facet normal -1 0 0
    outer loop
      vertex 53.992 17.3869 2.96292
      vertex 53.992 17.3869 2.95699
      vertex 53.992 14.8059 2.95614
    endloop
  endfacet
  facet normal -1 0 -2.66957e-05
    outer loop
      vertex 53.992 14.8059 2.96292
      vertex 53.9919 14.8059 4.24898
      vertex 53.9919 17.3869 4.24898
    endloop
  endfacet
  facet normal -1 0 0
    outer loop
      vertex 53.992 17.3869 2.96292
      vertex 53.992 14.8059 2.95614
      vertex 53.992 14.8059 2.96292
    endloop
  endfacet
  facet normal -1 0 -2.66957e-05
    outer loop
      vertex 53.992 14.8059 2.96292
      vertex 53.9919 17.3869 4.24898
      vertex 53.992 17.3869 2.96292
    endloop
  endfacet
  facet normal 0 1 0
    outer loop
      vertex 53.992 14.4701 2.96292
      vertex 53.9919 14.4701 4.24898
      vertex 54.1694 14.4701 4.24898
    endloop
  endfacet
  facet normal 0 1 0
    outer loop
      vertex 54.1694 14.4701 4.24898
      vertex 54.1694 14.4701 2.96292
      vertex 53.992 14.4701 2.96292
    endloop
  endfacet
  facet normal 0 1 0
    outer loop
      vertex 53.9919 17.3869 4.24898
      vertex 54.1694 17.3869 4.24898
      vertex 54.1694 17.3869 2.96292
    endloop
  endfacet
  facet normal 0 1 0
    outer loop
      vertex 54.1694 17.3869 2.96292
      vertex 53.992 17.3869 2.96292
      vertex 53.9919 17.3869 4.24898
    endloop
  endfacet
  facet normal 0 1 0
    outer loop
      vertex 54.3646 14.4701 6.59478
      vertex 54.4954 14.4701 6.74348
      vertex 54.5465 14.4701 6.74348
    endloop
  endfacet
  facet normal 0 1 0
    outer loop
      vertex 54.5465 14.4701 6.74348
      vertex 54.5465 14.4701 6.59478
      vertex 54.3646 14.4701 6.59478
    endloop
  endfacet
  facet normal 0 1 0
    outer loop
      vertex 53.992 24.1719 2.96292
      vertex 54.1694 24.1719 2.96292
      vertex 54.1694 24.1719 2.95786
    endloop
  endfacet
  facet normal 0 1 0
    outer loop
      vertex 54.1694 24.1719 2.95786
      vertex 53.992 24.1719 2.95786
      vertex 53.992 24.1719 2.96292
    endloop
  endfacet
  facet normal 0 1 0
    outer loop
      vertex 53.9919 24.1719 6.1699
      vertex 54.3649 24.1719 6.59478
      vertex 54.5465 24.1719 6.59478
    endloop
  endfacet
  facet normal 0 1 0
    outer loop
      vertex 54.5465 24.1719 6.59478
      vertex 54.1694 24.1719 6.16792
      vertex 53.9919 24.1719 6.16792
    endloop
  endfacet
  facet normal 0 1 0
    outer loop
      vertex 54.5465 24.1719 6.59478
      vertex 53.9919 24.1719 6.16792
      vertex 53.9919 24.1719 6.1699
    endloop
  endfacet
  facet normal -1 0 0
    outer loop
      vertex 54.1694 24.1719 2.95786
      vertex 54.1694 24.1719 2.96292
      vertex 54.1694 24.5077 2.96292
    endloop
  endfacet
  facet normal -1 0 0
    outer loop
      vertex 54.1694 24.5077 2.96292
      vertex 54.1694 24.5077 2.95786
      vertex 54.1694 24.1719 2.95786
    endloop
  endfacet
  facet normal 0 1 0
    outer loop
      vertex 53.9919 24.1719 4.24898
      vertex 54.1694 24.1719 4.24898
      vertex 54.1694 24.1719 2.96292
    endloop
  endfacet
  facet normal 0 1 0
    outer loop
      vertex 54.1694 24.1719 2.96292
      vertex 53.992 24.1719 2.96292
      vertex 53.9919 24.1719 4.24898
    endloop
  endfacet
  facet normal 0 1 0
    outer loop
      vertex 54.1694 21.255 2.95786
      vertex 53.992 21.255 2.95786
      vertex 53.992 21.255 2.96292
    endloop
  endfacet
  facet normal 0 1 0
    outer loop
      vertex 53.992 21.255 2.96292
      vertex 54.1694 21.255 2.96292
      vertex 54.1694 21.255 2.95786
    endloop
  endfacet
  facet normal 0 1 0
    outer loop
      vertex 53.9919 21.255 4.24898
      vertex 53.9919 21.255 4.56618
      vertex 54.1694 21.255 4.56618
    endloop
  endfacet
  facet normal 0 1 0
    outer loop
      vertex 54.1694 21.255 4.56618
      vertex 54.1694 21.255 4.24898
      vertex 53.9919 21.255 4.24898
    endloop
  endfacet
  facet normal 0 -1 0
    outer loop
      vertex 54.3649 24.5077 6.59478
      vertex 54.5465 24.5077 6.59478
      vertex 54.5465 24.5077 6.74348
    endloop
  endfacet
  facet normal 0 -1 0
    outer loop
      vertex 54.5465 24.5077 6.74348
      vertex 54.4954 24.5077 6.74348
      vertex 54.3649 24.5077 6.59478
    endloop
  endfacet
  facet normal -1 0 0
    outer loop
      vertex 53.992 24.1719 2.96292
      vertex 53.992 24.1719 2.95786
      vertex 53.992 21.5908 2.95786
    endloop
  endfacet
  facet normal 0 1 0
    outer loop
      vertex 53.992 21.5908 2.96292
      vertex 53.9919 21.5908 4.24898
      vertex 53.9919 21.5908 4.56618
    endloop
  endfacet
  facet normal -1 0 0
    outer loop
      vertex 53.992 24.1719 2.96292
      vertex 53.992 21.5908 2.95786
      vertex 53.992 21.5908 2.96292
    endloop
  endfacet
  facet normal 0 0 0
    outer loop
      vertex 53.9919 24.1719 6.16792
      vertex 53.9919 24.1719 4.56618
      vertex 53.9919 24.1719 4.24898
    endloop
  endfacet
  facet normal -1 0 -2.66957e-05
    outer loop
      vertex 53.9919 24.1719 4.24898
      vertex 53.992 24.1719 2.96292
      vertex 53.992 21.5908 2.96292
    endloop
  endfacet
  facet normal 0 0 0
    outer loop
      vertex 53.9919 21.5908 4.56618
      vertex 53.9919 21.5908 6.16792
      vertex 53.9919 21.5908 6.1699
    endloop
  endfacet
  facet normal -1 -2.6317e-06 -2.1414e-05
    outer loop
      vertex 53.9919 24.1719 4.24898
      vertex 53.992 21.5908 2.96292
      vertex 53.9919 21.5908 4.56618
    endloop
  endfacet
  facet normal -1 0 0
    outer loop
      vertex 53.9919 21.5908 6.1699
      vertex 53.9919 24.1719 6.1699
      vertex 53.9919 24.1719 6.16792
    endloop
  endfacet
  facet normal -1 0 0
    outer loop
      vertex 53.9919 24.1719 6.16792
      vertex 53.9919 24.1719 4.24898
      vertex 53.9919 21.5908 4.56618
    endloop
  endfacet
  facet normal -1 0 0
    outer loop
      vertex 53.9919 21.5908 4.56618
      vertex 53.9919 21.5908 6.1699
      vertex 53.9919 24.1719 6.16792
    endloop
  endfacet
  facet normal -1 0 0
    outer loop
      vertex 53.992 21.255 2.96292
      vertex 53.992 21.255 2.95786
      vertex 53.992 20.0764 2.95786
    endloop
  endfacet
  facet normal -1 0 -1.06886e-05
    outer loop
      vertex 53.992 20.0764 2.95786
      vertex 53.9919 20.0764 6.1699
      vertex 53.9919 21.255 6.1699
    endloop
  endfacet
  facet normal 0 0 0
    outer loop
      vertex 53.9919 21.255 6.16792
      vertex 53.9919 21.255 4.56618
      vertex 53.9919 21.255 4.24898
    endloop
  endfacet
  facet normal -1 -2.9131e-05 0
    outer loop
      vertex 53.992 20.0764 2.95786
      vertex 53.9919 21.255 6.1699
      vertex 53.9919 21.255 6.16792
    endloop
  endfacet
  facet normal -1 1.14483e-07 -2.66957e-05
    outer loop
      vertex 53.9919 21.255 4.24898
      vertex 53.992 21.255 2.96292
      vertex 53.992 20.0764 2.95786
    endloop
  endfacet
  facet normal -1 -2.91292e-05 0
    outer loop
      vertex 53.992 20.0764 2.95786
      vertex 53.9919 21.255 6.16792
      vertex 53.9919 21.255 4.24898
    endloop
  endfacet
  facet normal 0 -1 0
    outer loop
      vertex 53.9919 21.5908 4.56618
      vertex 53.9919 21.5908 4.24898
      vertex 54.1694 21.5908 4.24898
    endloop
  endfacet
  facet normal 0 -1 0
    outer loop
      vertex 54.1694 21.5908 4.24898
      vertex 54.1694 21.5908 4.56618
      vertex 53.9919 21.5908 4.56618
    endloop
  endfacet
  facet normal 0 -1 0
    outer loop
      vertex 54.5465 24.5077 6.74348
      vertex 54.5465 24.5077 6.59478
      vertex 55.2842 24.5077 6.59478
    endloop
  endfacet
  facet normal 0 -1 0
    outer loop
      vertex 55.2842 24.5077 6.59478
      vertex 55.2842 24.5077 6.74348
      vertex 54.5465 24.5077 6.74348
    endloop
  endfacet
  facet normal 0 1 0
    outer loop
      vertex 53.9919 21.255 4.56618
      vertex 53.9919 21.255 6.16792
      vertex 54.1694 21.255 6.16792
    endloop
  endfacet
  facet normal 0 1 0
    outer loop
      vertex 54.1694 21.255 6.16792
      vertex 54.1694 21.255 4.56618
      vertex 53.9919 21.255 4.56618
    endloop
  endfacet
  facet normal 0 -1 0
    outer loop
      vertex 54.5465 21.5908 6.74348
      vertex 54.4954 21.5908 6.74348
      vertex 54.3649 21.5908 6.59478
    endloop
  endfacet
  facet normal 0 -1 0
    outer loop
      vertex 54.3649 21.5908 6.59478
      vertex 54.5465 21.5908 6.59478
      vertex 54.5465 21.5908 6.74348
    endloop
  endfacet
  facet normal 0 1 0
    outer loop
      vertex 53.9919 24.1719 6.16792
      vertex 54.1694 24.1719 6.16792
      vertex 54.1694 24.1719 4.56618
    endloop
  endfacet
  facet normal 0 1 0
    outer loop
      vertex 54.1694 24.1719 4.56618
      vertex 53.9919 24.1719 4.56618
      vertex 53.9919 24.1719 6.16792
    endloop
  endfacet
  facet normal -1 0 0
    outer loop
      vertex 54.1694 21.5908 2.95786
      vertex 54.1694 21.255 2.95786
      vertex 54.1694 21.255 2.96292
    endloop
  endfacet
  facet normal -1 0 0
    outer loop
      vertex 54.1694 21.255 2.96292
      vertex 54.1694 21.5908 2.96292
      vertex 54.1694 21.5908 2.95786
    endloop
  endfacet
  facet normal 0 1 0
    outer loop
      vertex 54.5465 24.1719 6.74348
      vertex 54.5465 24.1719 6.59478
      vertex 54.3649 24.1719 6.59478
    endloop
  endfacet
  facet normal 0 1 0
    outer loop
      vertex 54.3649 24.1719 6.59478
      vertex 54.4954 24.1719 6.74348
      vertex 54.5465 24.1719 6.74348
    endloop
  endfacet
  facet normal 0 1 0
    outer loop
      vertex 54.3649 21.255 6.59478
      vertex 54.4954 21.255 6.74348
      vertex 54.5465 21.255 6.74348
    endloop
  endfacet
  facet normal 0 1 0
    outer loop
      vertex 54.5465 21.255 6.74348
      vertex 54.5465 21.255 6.59478
      vertex 54.3649 21.255 6.59478
    endloop
  endfacet
  facet normal 0 1 0
    outer loop
      vertex 54.1694 21.255 6.16792
      vertex 53.9919 21.255 6.16792
      vertex 53.9919 21.255 6.1699
    endloop
  endfacet
  facet normal 0 1 0
    outer loop
      vertex 53.9919 21.255 6.1699
      vertex 54.3649 21.255 6.59478
      vertex 54.5465 21.255 6.59478
    endloop
  endfacet
  facet normal 0 1 0
    outer loop
      vertex 53.9919 21.255 6.1699
      vertex 54.5465 21.255 6.59478
      vertex 54.1694 21.255 6.16792
    endloop
  endfacet
  facet normal -0.751543 0 0.659684
    outer loop
      vertex 54.3649 24.1719 6.59478
      vertex 53.9919 24.1719 6.1699
      vertex 53.9919 21.5908 6.1699
    endloop
  endfacet
  facet normal 0 -1 0
    outer loop
      vertex 53.9919 21.5908 6.1699
      vertex 54.3649 21.5908 6.59478
      vertex 54.4954 21.5908 6.74348
    endloop
  endfacet
  facet normal -0.751619 0 0.659598
    outer loop
      vertex 54.4954 21.5908 6.74348
      vertex 54.4954 24.1719 6.74348
      vertex 54.3649 24.1719 6.59478
    endloop
  endfacet
  facet normal -0.751562 6.53597e-06 0.659662
    outer loop
      vertex 53.9919 21.5908 6.1699
      vertex 54.4954 21.5908 6.74348
      vertex 54.3649 24.1719 6.59478
    endloop
  endfacet
  facet normal -0.751543 0 0.659684
    outer loop
      vertex 54.3649 21.255 6.59478
      vertex 53.9919 21.255 6.1699
      vertex 53.9919 20.0764 6.1699
    endloop
  endfacet
  facet normal -0.751562 0 0.659662
    outer loop
      vertex 53.9919 20.0764 6.1699
      vertex 54.4954 20.0764 6.74348
      vertex 54.4954 21.255 6.74348
    endloop
  endfacet
  facet normal -0.751619 5.52126e-05 0.659598
    outer loop
      vertex 53.9919 20.0764 6.1699
      vertex 54.4954 21.255 6.74348
      vertex 54.3649 21.255 6.59478
    endloop
  endfacet
  facet normal 0 -1 0
    outer loop
      vertex 55.2842 21.5908 6.74348
      vertex 54.5465 21.5908 6.74348
      vertex 54.5465 21.5908 6.59478
    endloop
  endfacet
  facet normal 0 -1 0
    outer loop
      vertex 54.5465 21.5908 6.59478
      vertex 55.2842 21.5908 6.59478
      vertex 55.2842 21.5908 6.74348
    endloop
  endfacet
  facet normal 0 1 0
    outer loop
      vertex 53.992 21.255 2.96292
      vertex 53.9919 21.255 4.24898
      vertex 54.1694 21.255 4.24898
    endloop
  endfacet
  facet normal 0 1 0
    outer loop
      vertex 54.1694 21.255 4.24898
      vertex 54.1694 21.255 2.96292
      vertex 53.992 21.255 2.96292
    endloop
  endfacet
  facet normal 0 0 1
    outer loop
      vertex 54.4954 9.40731 6.74348
      vertex 55.2842 9.40731 6.74348
      vertex 55.2842 11.5089 6.74348
    endloop
  endfacet
  facet normal 0 0 1
    outer loop
      vertex 54.4954 9.40731 6.74348
      vertex 55.2842 11.5089 6.74348
      vertex 54.5557 11.5089 6.74348
    endloop
  endfacet
  facet normal 0 0 1
    outer loop
      vertex 54.5465 14.4701 6.74348
      vertex 54.4954 14.4701 6.74348
      vertex 54.4954 9.40731 6.74348
    endloop
  endfacet
  facet normal 0 0 1
    outer loop
      vertex 55.2842 13.2947 6.74348
      vertex 55.2842 14.4701 6.74348
      vertex 54.5465 14.4701 6.74348
    endloop
  endfacet
  facet normal 0 0 1
    outer loop
      vertex 54.4954 9.40731 6.74348
      vertex 54.5557 11.5089 6.74348
      vertex 54.5557 13.2947 6.74348
    endloop
  endfacet
  facet normal 0 0 1
    outer loop
      vertex 54.5557 13.2947 6.74348
      vertex 55.2842 13.2947 6.74348
      vertex 54.5465 14.4701 6.74348
    endloop
  endfacet
  facet normal 0 0 1
    outer loop
      vertex 54.4954 9.40731 6.74348
      vertex 54.5557 13.2947 6.74348
      vertex 54.5465 14.4701 6.74348
    endloop
  endfacet
  facet normal 0 0 1
    outer loop
      vertex 54.4954 17.3869 6.74348
      vertex 54.4954 14.8059 6.74348
      vertex 54.5465 14.8059 6.74348
    endloop
  endfacet
  facet normal 0 0 1
    outer loop
      vertex 54.5465 14.8059 6.74348
      vertex 55.2842 14.8059 6.74348
      vertex 55.2842 17.3869 6.74348
    endloop
  endfacet
  facet normal 0 0 1
    outer loop
      vertex 54.5465 17.3869 6.74348
      vertex 54.4954 17.3869 6.74348
      vertex 54.5465 14.8059 6.74348
    endloop
  endfacet
  facet normal 0 0 1
    outer loop
      vertex 54.5465 14.8059 6.74348
      vertex 55.2842 17.3869 6.74348
      vertex 54.5465 17.3869 6.74348
    endloop
  endfacet
  facet normal 0 0 1
    outer loop
      vertex 54.4954 21.255 6.74348
      vertex 54.4954 20.0764 6.74348
      vertex 55.2842 20.0764 6.74348
    endloop
  endfacet
  facet normal 0 0 1
    outer loop
      vertex 55.2842 20.0764 6.74348
      vertex 55.2842 21.255 6.74348
      vertex 54.5465 21.255 6.74348
    endloop
  endfacet
  facet normal 0 0 1
    outer loop
      vertex 55.2842 20.0764 6.74348
      vertex 54.5465 21.255 6.74348
      vertex 54.4954 21.255 6.74348
    endloop
  endfacet
  facet normal 0 0 0
    outer loop
      vertex 54.4954 21.5908 6.74348
      vertex 54.5465 21.5908 6.74348
      vertex 55.2842 21.5908 6.74348
    endloop
  endfacet
  facet normal 0 0 1
    outer loop
      vertex 55.2842 21.5908 6.74348
      vertex 55.2842 24.1719 6.74348
      vertex 54.5465 24.1719 6.74348
    endloop
  endfacet
  facet normal 0 0 1
    outer loop
      vertex 54.5465 24.1719 6.74348
      vertex 54.4954 24.1719 6.74348
      vertex 54.4954 21.5908 6.74348
    endloop
  endfacet
  facet normal 0 0 1
    outer loop
      vertex 55.2842 21.5908 6.74348
      vertex 54.5465 24.1719 6.74348
      vertex 54.4954 21.5908 6.74348
    endloop
  endfacet
  facet normal 0 1 0
    outer loop
      vertex 53.992 9.5173 2.95542
      vertex 53.9919 9.5173 4.27437
      vertex 54.1889 9.5173 4.27437
    endloop
  endfacet
  facet normal 0 1 0
    outer loop
      vertex 54.1889 9.5173 4.27437
      vertex 54.1889 9.5173 2.95542
      vertex 53.992 9.5173 2.95542
    endloop
  endfacet
  facet normal 0 1 -3.37494e-05
    outer loop
      vertex 54.4549 9.5173 2.47407
      vertex 54.2375 9.5173 2.47407
      vertex 53.992 9.51732 2.95445
    endloop
  endfacet
  facet normal 0 0.99986 0.0167053
    outer loop
      vertex 53.992 9.51732 2.95445
      vertex 53.992 9.5173 2.95542
      vertex 54.1889 9.5173 2.95542
    endloop
  endfacet
  facet normal 8.2112e-05 1 4.53878e-05
    outer loop
      vertex 53.992 9.51732 2.95445
      vertex 54.1889 9.5173 2.95542
      vertex 54.4549 9.5173 2.47407
    endloop
  endfacet
  facet normal 0 0 1
    outer loop
      vertex 54.2375 9.86139 2.47407
      vertex 54.2375 9.5173 2.47407
      vertex 54.4549 9.5173 2.47407
    endloop
  endfacet
  facet normal 0 0 1
    outer loop
      vertex 54.4549 9.5173 2.47407
      vertex 54.4549 9.86139 2.47407
      vertex 54.2375 9.86139 2.47407
    endloop
  endfacet
  facet normal 0 1 0
    outer loop
      vertex 54.4549 10.8615 2.47407
      vertex 54.2375 10.8615 2.47407
      vertex 53.992 10.8615 2.95487
    endloop
  endfacet
  facet normal 0 1 0
    outer loop
      vertex 53.992 10.8615 2.95487
      vertex 53.992 10.8615 2.95542
      vertex 54.1889 10.8615 2.95542
    endloop
  endfacet
  facet normal 0 1 0
    outer loop
      vertex 53.992 10.8615 2.95487
      vertex 54.1889 10.8615 2.95542
      vertex 54.4549 10.8615 2.47407
    endloop
  endfacet
  facet normal 0 1 0
    outer loop
      vertex 54.4549 10.1912 2.47407
      vertex 54.2375 10.1912 2.47407
      vertex 53.992 10.1912 2.95465
    endloop
  endfacet
  facet normal 0 1 0
    outer loop
      vertex 53.992 10.1912 2.95465
      vertex 53.992 10.1912 2.95542
      vertex 54.1889 10.1912 2.95542
    endloop
  endfacet
  facet normal 0 1 0
    outer loop
      vertex 53.992 10.1912 2.95465
      vertex 54.1889 10.1912 2.95542
      vertex 54.4549 10.1912 2.47407
    endloop
  endfacet
  facet normal 0 1 0
    outer loop
      vertex 53.992 10.1912 2.95542
      vertex 53.9919 10.1912 4.27437
      vertex 54.1889 10.1912 4.27437
    endloop
  endfacet
  facet normal 0 1 0
    outer loop
      vertex 54.1889 10.1912 4.27437
      vertex 54.1889 10.1912 2.95542
      vertex 53.992 10.1912 2.95542
    endloop
  endfacet
  facet normal 0 1 0
    outer loop
      vertex 53.992 10.8615 2.95542
      vertex 53.9919 10.8615 4.27437
      vertex 54.1889 10.8615 4.27437
    endloop
  endfacet
  facet normal 0 1 0
    outer loop
      vertex 54.1889 10.8615 4.27437
      vertex 54.1889 10.8615 2.95542
      vertex 53.992 10.8615 2.95542
    endloop
  endfacet
  facet normal 0 0 1
    outer loop
      vertex 54.2375 10.5353 2.47407
      vertex 54.2375 10.1912 2.47407
      vertex 54.4549 10.1912 2.47407
    endloop
  endfacet
  facet normal 0 0 1
    outer loop
      vertex 54.4549 10.1912 2.47407
      vertex 54.4549 10.5353 2.47407
      vertex 54.2375 10.5353 2.47407
    endloop
  endfacet
  facet normal 0 0 1
    outer loop
      vertex 54.2375 11.2055 2.47407
      vertex 54.2375 10.8615 2.47407
      vertex 54.4549 10.8615 2.47407
    endloop
  endfacet
  facet normal 0 0 1
    outer loop
      vertex 54.4549 10.8615 2.47407
      vertex 54.4549 11.2055 2.47407
      vertex 54.2375 11.2055 2.47407
    endloop
  endfacet
  facet normal 0 -1 0
    outer loop
      vertex 53.9919 45.7494 2.96207
      vertex 53.9919 45.7494 5.0432
      vertex 53.5248 45.7494 5.0432
    endloop
  endfacet
  facet normal 0 -1 0
    outer loop
      vertex 53.5248 45.7494 5.0432
      vertex 53.5248 45.7494 2.96207
      vertex 53.9919 45.7494 2.96207
    endloop
  endfacet
  facet normal -0.892385 -0.000177313 -0.451276
    outer loop
      vertex 53.9919 44.3605 2.95752
      vertex 53.9919 45.7494 2.95697
      vertex 54.4473 45.7494 2.05649
    endloop
  endfacet
  facet normal -0.891858 -6.61492e-05 -0.452315
    outer loop
      vertex 54.4473 45.7494 2.05649
      vertex 54.4465 56.1901 2.05649
      vertex 54.7921 56.1901 1.37502
    endloop
  endfacet
  facet normal -0.892397 -0.000157975 -0.451252
    outer loop
      vertex 54.7921 44.3605 1.37502
      vertex 53.9919 44.3605 2.95752
      vertex 54.4473 45.7494 2.05649
    endloop
  endfacet
  facet normal -0.892267 0 -0.451508
    outer loop
      vertex 54.4473 45.7494 2.05649
      vertex 54.7921 56.1901 1.37502
      vertex 54.7921 44.3605 1.37502
    endloop
  endfacet
  facet normal 0.883312 0 -0.468786
    outer loop
      vertex 56.5631 45.7494 2.05649
      vertex 56.5631 56.1901 2.05649
      vertex 56.8254 56.1901 2.55088
    endloop
  endfacet
  facet normal 0.883283 0 -0.468841
    outer loop
      vertex 56.8254 56.1901 2.55088
      vertex 57.0437 56.1901 2.96207
      vertex 57.0437 45.7494 2.96207
    endloop
  endfacet
  facet normal 0.883299 1.5167e-06 -0.468811
    outer loop
      vertex 56.8254 56.1901 2.55088
      vertex 57.0437 45.7494 2.96207
      vertex 56.5631 45.7494 2.05649
    endloop
  endfacet
  facet normal 0 -1 0
    outer loop
      vertex 54.0054 45.7494 2.05649
      vertex 54.4473 45.7494 2.05649
      vertex 53.9919 45.7494 2.95697
    endloop
  endfacet
  facet normal 0 -1 0
    outer loop
      vertex 53.9919 45.7494 2.95697
      vertex 53.9919 45.7494 2.96207
      vertex 53.5248 45.7494 2.96207
    endloop
  endfacet
  facet normal 0 -1 0
    outer loop
      vertex 53.9919 45.7494 2.95697
      vertex 53.5248 45.7494 2.96207
      vertex 54.0054 45.7494 2.05649
    endloop
  endfacet
  facet normal 0 0 -1
    outer loop
      vertex 54.0054 56.1901 2.05649
      vertex 54.4465 56.1901 2.05649
      vertex 54.4473 45.7494 2.05649
    endloop
  endfacet
  facet normal 0 0 -1
    outer loop
      vertex 54.4473 45.7494 2.05649
      vertex 54.0054 45.7494 2.05649
      vertex 54.0054 56.1901 2.05649
    endloop
  endfacet
  facet normal 0 0 -1
    outer loop
      vertex 56.1212 45.7494 2.05649
      vertex 56.1219 56.1901 2.05649
      vertex 56.5631 56.1901 2.05649
    endloop
  endfacet
  facet normal 0 0 -1
    outer loop
      vertex 56.5631 56.1901 2.05649
      vertex 56.5631 45.7494 2.05649
      vertex 56.1212 45.7494 2.05649
    endloop
  endfacet
  facet normal 1 0 0
    outer loop
      vertex 57.0437 45.7494 2.96207
      vertex 57.0437 56.1901 2.96207
      vertex 57.0437 56.1901 5.0432
    endloop
  endfacet
  facet normal 1 0 0
    outer loop
      vertex 57.0437 56.1901 5.0432
      vertex 57.0437 45.7494 5.0432
      vertex 57.0437 46.2958 4.10836
    endloop
  endfacet
  facet normal 1 0 0
    outer loop
      vertex 57.0437 56.1901 5.0432
      vertex 57.0437 46.2958 4.10836
      vertex 57.0437 47.117 4.10636
    endloop
  endfacet
  facet normal 1 0 0
    outer loop
      vertex 57.0437 47.117 3.31184
      vertex 57.0437 45.7494 2.96207
      vertex 57.0437 56.1901 5.0432
    endloop
  endfacet
  facet normal 1 0 0
    outer loop
      vertex 57.0437 56.1901 5.0432
      vertex 57.0437 47.117 4.10636
      vertex 57.0437 47.117 3.31184
    endloop
  endfacet
  facet normal 0 -1 0
    outer loop
      vertex 54.7921 56.1901 1.37502
      vertex 54.4465 56.1901 2.05649
      vertex 54.0054 56.1901 2.05649
    endloop
  endfacet
  facet normal 0 -1 0
    outer loop
      vertex 54.0054 56.1901 2.05649
      vertex 53.743 56.1901 2.55088
      vertex 52.9928 56.1901 1.3396
    endloop
  endfacet
  facet normal 0 -1 0
    outer loop
      vertex 52.9928 56.1901 1.3396
      vertex 52.9938 56.1901 0.046243
      vertex 52.9971 56.1901 0.046243
    endloop
  endfacet
  facet normal 0 -1 0
    outer loop
      vertex 52.9971 56.1901 0.046243
      vertex 54.7921 56.1901 1.37502
      vertex 54.0054 56.1901 2.05649
    endloop
  endfacet
  facet normal 0 -1 0
    outer loop
      vertex 54.0054 56.1901 2.05649
      vertex 52.9928 56.1901 1.3396
      vertex 52.9971 56.1901 0.046243
    endloop
  endfacet
  facet normal 1 0 0
    outer loop
      vertex 57.0437 56.1901 5.0432
      vertex 57.0437 56.1901 5.86637
      vertex 57.0437 46.5399 5.86637
    endloop
  endfacet
  facet normal 1 0 0
    outer loop
      vertex 57.0437 46.5399 5.86637
      vertex 57.0437 45.7494 5.0432
      vertex 57.0437 56.1901 5.0432
    endloop
  endfacet
  facet normal -0.883283 0 -0.468841
    outer loop
      vertex 53.5248 45.7494 2.96207
      vertex 53.5248 56.1901 2.96207
      vertex 53.743 56.1901 2.55088
    endloop
  endfacet
  facet normal -0.883312 0 -0.468786
    outer loop
      vertex 53.743 56.1901 2.55088
      vertex 54.0054 56.1901 2.05649
      vertex 54.0054 45.7494 2.05649
    endloop
  endfacet
  facet normal -0.883299 1.5167e-06 -0.468811
    outer loop
      vertex 53.743 56.1901 2.55088
      vertex 54.0054 45.7494 2.05649
      vertex 53.5248 45.7494 2.96207
    endloop
  endfacet
  facet normal -1 0 0
    outer loop
      vertex 53.5248 56.1901 5.86637
      vertex 53.5248 56.1901 5.0432
      vertex 53.5248 45.7494 5.0432
    endloop
  endfacet
  facet normal -1 0 0
    outer loop
      vertex 53.5248 45.7494 5.0432
      vertex 53.5248 46.5399 5.86637
      vertex 53.5248 56.1901 5.86637
    endloop
  endfacet
  facet normal 0 -1 0
    outer loop
      vertex 57.5757 56.1901 1.3396
      vertex 56.8254 56.1901 2.55088
      vertex 56.5631 56.1901 2.05649
    endloop
  endfacet
  facet normal 0 -1 0
    outer loop
      vertex 56.5631 56.1901 2.05649
      vertex 56.1219 56.1901 2.05649
      vertex 55.7763 56.1901 1.37502
    endloop
  endfacet
  facet normal 0 -1 0
    outer loop
      vertex 55.7763 56.1901 1.37502
      vertex 57.5713 56.1901 0.046243
      vertex 57.5746 56.1901 0.046243
    endloop
  endfacet
  facet normal 0 -1 0
    outer loop
      vertex 57.5746 56.1901 0.046243
      vertex 57.5757 56.1901 1.3396
      vertex 56.5631 56.1901 2.05649
    endloop
  endfacet
  facet normal 0 -1 0
    outer loop
      vertex 56.5631 56.1901 2.05649
      vertex 55.7763 56.1901 1.37502
      vertex 57.5746 56.1901 0.046243
    endloop
  endfacet
  facet normal 0.891858 -6.61485e-05 -0.452315
    outer loop
      vertex 55.7763 56.1901 1.37502
      vertex 56.1219 56.1901 2.05649
      vertex 56.1212 45.7494 2.05649
    endloop
  endfacet
  facet normal 0.892386 -0.000177318 -0.451273
    outer loop
      vertex 56.1212 45.7494 2.05649
      vertex 56.5765 45.7494 2.95697
      vertex 56.5765 44.3605 2.95752
    endloop
  endfacet
  facet normal 0.892267 0 -0.451508
    outer loop
      vertex 55.7763 44.3605 1.37502
      vertex 55.7763 56.1901 1.37502
      vertex 56.1212 45.7494 2.05649
    endloop
  endfacet
  facet normal 0.892397 -0.00015904 -0.45125
    outer loop
      vertex 56.1212 45.7494 2.05649
      vertex 56.5765 44.3605 2.95752
      vertex 55.7763 44.3605 1.37502
    endloop
  endfacet
  facet normal -1 0 0
    outer loop
      vertex 53.5248 56.1901 5.0432
      vertex 53.5248 56.1901 2.96207
      vertex 53.5248 45.7494 2.96207
    endloop
  endfacet
  facet normal -1 0 0
    outer loop
      vertex 53.5248 45.7494 2.96207
      vertex 53.5248 45.7494 5.0432
      vertex 53.5248 56.1901 5.0432
    endloop
  endfacet
  facet normal 0 -0.721274 0.69265
    outer loop
      vertex 53.9919 45.7494 5.0432
      vertex 53.9919 46.5399 5.86637
      vertex 53.5248 46.5399 5.86637
    endloop
  endfacet
  facet normal 0 -0.721274 0.69265
    outer loop
      vertex 53.5248 46.5399 5.86637
      vertex 53.5248 45.7494 5.0432
      vertex 53.9919 45.7494 5.0432
    endloop
  endfacet
  facet normal 0 0 1
    outer loop
      vertex 57.0437 56.1901 5.86637
      vertex 56.5765 56.1901 5.86637
      vertex 56.5765 46.5399 5.86637
    endloop
  endfacet
  facet normal 0 0 1
    outer loop
      vertex 56.5765 46.5399 5.86637
      vertex 57.0437 46.5399 5.86637
      vertex 57.0437 56.1901 5.86637
    endloop
  endfacet
  facet normal 0 0 1
    outer loop
      vertex 53.9919 46.5399 5.86637
      vertex 53.9919 56.1901 5.86637
      vertex 53.5248 56.1901 5.86637
    endloop
  endfacet
  facet normal 0 0 1
    outer loop
      vertex 53.5248 56.1901 5.86637
      vertex 53.5248 46.5399 5.86637
      vertex 53.9919 46.5399 5.86637
    endloop
  endfacet
  facet normal 0 0.532817 -0.846231
    outer loop
      vertex 55.2842 18.6022 2.02968
      vertex 55.2842 19.4657 2.57332
      vertex 55.862 19.4657 2.57332
    endloop
  endfacet
  facet normal 0 0.532798 -0.846242
    outer loop
      vertex 55.862 19.4657 2.57332
      vertex 55.8933 19.7225 2.735
      vertex 56.0613 19.7225 2.735
    endloop
  endfacet
  facet normal 0 0.532829 -0.846223
    outer loop
      vertex 56.0613 19.7225 2.735
      vertex 56.1629 20.0764 2.95786
      vertex 56.5765 20.0764 2.95786
    endloop
  endfacet
  facet normal 0 0.532816 -0.846231
    outer loop
      vertex 56.5765 20.0764 2.95786
      vertex 56.1039 18.6022 2.02968
      vertex 55.2842 18.6022 2.02968
    endloop
  endfacet
  facet normal -0.000241895 0.532932 -0.846158
    outer loop
      vertex 55.2842 18.6022 2.02968
      vertex 55.862 19.4657 2.57332
      vertex 56.0613 19.7225 2.735
    endloop
  endfacet
  facet normal 2.98101e-05 0.532798 -0.846243
    outer loop
      vertex 56.0613 19.7225 2.735
      vertex 56.5765 20.0764 2.95786
      vertex 55.2842 18.6022 2.02968
    endloop
  endfacet
  facet normal 0 0 -1
    outer loop
      vertex 53.992 43.3008 2.95786
      vertex 54.632 43.3008 2.95786
      vertex 54.632 42.8853 2.95786
    endloop
  endfacet
  facet normal 0 0 -1
    outer loop
      vertex 53.992 43.3008 2.95786
      vertex 54.632 42.8853 2.95786
      vertex 54.4055 42.8853 2.95786
    endloop
  endfacet
  facet normal 0 0 -1
    outer loop
      vertex 54.632 36.1866 2.95786
      vertex 54.632 35.7489 2.95786
      vertex 53.992 35.7489 2.95786
    endloop
  endfacet
  facet normal 0 0 -1
    outer loop
      vertex 54.4055 36.1866 2.95786
      vertex 54.632 36.1866 2.95786
      vertex 53.992 35.7489 2.95786
    endloop
  endfacet
  facet normal 0 0 -1
    outer loop
      vertex 53.992 35.7489 2.95786
      vertex 53.992 43.3008 2.95786
      vertex 54.4055 42.8853 2.95786
    endloop
  endfacet
  facet normal 0 0 -1
    outer loop
      vertex 54.4055 42.1923 2.95786
      vertex 54.632 42.1923 2.95786
      vertex 54.632 41.3605 2.95786
    endloop
  endfacet
  facet normal 0 0 -1
    outer loop
      vertex 53.992 35.7489 2.95786
      vertex 54.4055 42.8853 2.95786
      vertex 54.4055 42.1923 2.95786
    endloop
  endfacet
  facet normal 0 0 -1
    outer loop
      vertex 54.4055 36.8796 2.95786
      vertex 54.4055 36.1866 2.95786
      vertex 53.992 35.7489 2.95786
    endloop
  endfacet
  facet normal 0 0 -1
    outer loop
      vertex 54.632 37.6242 2.95786
      vertex 54.632 36.8796 2.95786
      vertex 54.4055 36.8796 2.95786
    endloop
  endfacet
  facet normal 0 0 -1
    outer loop
      vertex 54.4055 37.6242 2.95786
      vertex 54.632 37.6242 2.95786
      vertex 54.4055 36.8796 2.95786
    endloop
  endfacet
  facet normal 0 0 -1
    outer loop
      vertex 54.4055 42.1923 2.95786
      vertex 54.632 41.3605 2.95786
      vertex 54.4055 41.3605 2.95786
    endloop
  endfacet
  facet normal 0 0 -1
    outer loop
      vertex 54.4055 40.6674 2.95786
      vertex 54.632 40.6674 2.95786
      vertex 54.632 39.827 2.95786
    endloop
  endfacet
  facet normal 0 0 0
    outer loop
      vertex 54.4055 42.1923 2.95786
      vertex 54.4055 41.3605 2.95786
      vertex 54.4055 40.6674 2.95786
    endloop
  endfacet
  facet normal 0 0 -1
    outer loop
      vertex 54.4055 37.6242 2.95786
      vertex 54.4055 36.8796 2.95786
      vertex 53.992 35.7489 2.95786
    endloop
  endfacet
  facet normal 0 0 -1
    outer loop
      vertex 54.632 39.134 2.95786
      vertex 54.632 38.3173 2.95786
      vertex 54.4055 38.3173 2.95786
    endloop
  endfacet
  facet normal 0 0 -1
    outer loop
      vertex 54.4055 38.3173 2.95786
      vertex 54.4055 37.6242 2.95786
      vertex 53.992 35.7489 2.95786
    endloop
  endfacet
  facet normal 0 0 -1
    outer loop
      vertex 53.992 35.7489 2.95786
      vertex 54.4055 42.1923 2.95786
      vertex 54.4055 40.6674 2.95786
    endloop
  endfacet
  facet normal 0 0 -1
    outer loop
      vertex 54.4055 40.6674 2.95786
      vertex 54.632 39.827 2.95786
      vertex 54.4055 39.827 2.95786
    endloop
  endfacet
  facet normal 0 0 -1
    outer loop
      vertex 54.4055 39.134 2.95786
      vertex 54.632 39.134 2.95786
      vertex 54.4055 38.3173 2.95786
    endloop
  endfacet
  facet normal 0 0 0
    outer loop
      vertex 54.4055 40.6674 2.95786
      vertex 54.4055 39.827 2.95786
      vertex 54.4055 39.134 2.95786
    endloop
  endfacet
  facet normal 0 0 -1
    outer loop
      vertex 54.4055 38.3173 2.95786
      vertex 53.992 35.7489 2.95786
      vertex 54.4055 40.6674 2.95786
    endloop
  endfacet
  facet normal 0 0 0
    outer loop
      vertex 54.4055 40.6674 2.95786
      vertex 54.4055 39.134 2.95786
      vertex 54.4055 38.3173 2.95786
    endloop
  endfacet
  facet normal 0.981778 0 -0.190033
    outer loop
      vertex 55.862 43.5582 2.57332
      vertex 55.9364 43.3008 2.95786
      vertex 55.9364 42.8853 2.95786
    endloop
  endfacet
  facet normal 0.981778 0 -0.190033
    outer loop
      vertex 55.9364 42.8853 2.95786
      vertex 55.862 42.8853 2.57332
      vertex 55.862 43.5582 2.57332
    endloop
  endfacet
  facet normal 0 0 -1
    outer loop
      vertex 54.7065 42.8853 2.57332
      vertex 54.7065 43.5582 2.57332
      vertex 55.2842 43.5582 2.57332
    endloop
  endfacet
  facet normal 0 0 -1
    outer loop
      vertex 55.2842 43.5582 2.57332
      vertex 55.862 43.5582 2.57332
      vertex 55.862 42.8853 2.57332
    endloop
  endfacet
  facet normal 0 0 -1
    outer loop
      vertex 55.2842 43.5582 2.57332
      vertex 55.862 42.8853 2.57332
      vertex 54.7065 42.8853 2.57332
    endloop
  endfacet
  facet normal -0.981794 0 -0.189947
    outer loop
      vertex 54.7065 19.4657 2.57332
      vertex 54.6752 19.7225 2.735
      vertex 54.7065 19.7225 2.57332
    endloop
  endfacet
  facet normal 0 -1 0
    outer loop
      vertex 54.632 31.7461 2.95786
      vertex 54.4055 31.7461 2.95786
      vertex 54.7871 31.7461 2.12088
    endloop
  endfacet
  facet normal 0 -1 0
    outer loop
      vertex 55.7814 31.7461 2.12088
      vertex 56.1629 31.7461 2.95786
      vertex 55.9364 31.7461 2.95786
    endloop
  endfacet
  facet normal 0 -1 0
    outer loop
      vertex 55.7814 31.7461 2.12088
      vertex 55.9364 31.7461 2.95786
      vertex 55.862 31.7461 2.57332
    endloop
  endfacet
  facet normal 0 -1 0
    outer loop
      vertex 54.7065 31.7461 2.57332
      vertex 54.632 31.7461 2.95786
      vertex 54.7871 31.7461 2.12088
    endloop
  endfacet
  facet normal 0 -1 0
    outer loop
      vertex 55.7814 31.7461 2.12088
      vertex 55.862 31.7461 2.57332
      vertex 54.7065 31.7461 2.57332
    endloop
  endfacet
  facet normal 0 -1 0
    outer loop
      vertex 54.7871 31.7461 2.12088
      vertex 55.7814 31.7461 2.12088
      vertex 54.7065 31.7461 2.57332
    endloop
  endfacet
  facet normal 0 1 0
    outer loop
      vertex 55.9364 36.8796 2.95786
      vertex 56.1629 36.8796 2.95786
      vertex 55.7814 36.8796 2.12088
    endloop
  endfacet
  facet normal 0 1 0
    outer loop
      vertex 54.7871 36.8796 2.12088
      vertex 54.4055 36.8796 2.95786
      vertex 54.632 36.8796 2.95786
    endloop
  endfacet
  facet normal 0 1 0
    outer loop
      vertex 54.7871 36.8796 2.12088
      vertex 54.632 36.8796 2.95786
      vertex 54.7065 36.8796 2.57332
    endloop
  endfacet
  facet normal 0 1 0
    outer loop
      vertex 55.862 36.8796 2.57332
      vertex 55.9364 36.8796 2.95786
      vertex 55.7814 36.8796 2.12088
    endloop
  endfacet
  facet normal 0 1 0
    outer loop
      vertex 54.7871 36.8796 2.12088
      vertex 54.7065 36.8796 2.57332
      vertex 55.862 36.8796 2.57332
    endloop
  endfacet
  facet normal 0 1 0
    outer loop
      vertex 55.7814 36.8796 2.12088
      vertex 54.7871 36.8796 2.12088
      vertex 55.862 36.8796 2.57332
    endloop
  endfacet
  facet normal 0.9099 0 -0.414829
    outer loop
      vertex 56.1629 33.2709 2.95786
      vertex 55.7814 33.2709 2.12088
      vertex 55.7814 33.964 2.12088
    endloop
  endfacet
  facet normal 0.9099 0 -0.414829
    outer loop
      vertex 55.7814 33.964 2.12088
      vertex 56.1629 33.964 2.95786
      vertex 56.1629 33.2709 2.95786
    endloop
  endfacet
  facet normal 0 -1 0
    outer loop
      vertex 54.632 33.2709 2.95786
      vertex 54.4055 33.2709 2.95786
      vertex 54.7871 33.2709 2.12088
    endloop
  endfacet
  facet normal 0 -1 0
    outer loop
      vertex 55.7814 33.2709 2.12088
      vertex 56.1629 33.2709 2.95786
      vertex 55.9364 33.2709 2.95786
    endloop
  endfacet
  facet normal 0 -1 0
    outer loop
      vertex 55.7814 33.2709 2.12088
      vertex 55.9364 33.2709 2.95786
      vertex 55.862 33.2709 2.57332
    endloop
  endfacet
  facet normal 0 -1 0
    outer loop
      vertex 54.7065 33.2709 2.57332
      vertex 54.632 33.2709 2.95786
      vertex 54.7871 33.2709 2.12088
    endloop
  endfacet
  facet normal 0 -1 0
    outer loop
      vertex 55.7814 33.2709 2.12088
      vertex 55.862 33.2709 2.57332
      vertex 54.7065 33.2709 2.57332
    endloop
  endfacet
  facet normal 0 -1 0
    outer loop
      vertex 54.7871 33.2709 2.12088
      vertex 55.7814 33.2709 2.12088
      vertex 54.7065 33.2709 2.57332
    endloop
  endfacet
  facet normal 0 -1 0
    outer loop
      vertex 54.632 21.16 2.95786
      vertex 54.4055 21.16 2.95786
      vertex 54.7871 21.16 2.12088
    endloop
  endfacet
  facet normal 0 -1 0
    outer loop
      vertex 55.7814 21.16 2.12088
      vertex 56.1629 21.16 2.95786
      vertex 55.9364 21.16 2.95786
    endloop
  endfacet
  facet normal 0 -1 0
    outer loop
      vertex 55.7814 21.16 2.12088
      vertex 55.9364 21.16 2.95786
      vertex 55.862 21.16 2.57332
    endloop
  endfacet
  facet normal 0 -1 0
    outer loop
      vertex 54.7065 21.16 2.57332
      vertex 54.632 21.16 2.95786
      vertex 54.7871 21.16 2.12088
    endloop
  endfacet
  facet normal 0 -1 0
    outer loop
      vertex 55.7814 21.16 2.12088
      vertex 55.862 21.16 2.57332
      vertex 54.7065 21.16 2.57332
    endloop
  endfacet
  facet normal 0 -1 0
    outer loop
      vertex 54.7871 21.16 2.12088
      vertex 55.7814 21.16 2.12088
      vertex 54.7065 21.16 2.57332
    endloop
  endfacet
  facet normal 0.981778 0 -0.190033
    outer loop
      vertex 55.862 42.1923 2.57332
      vertex 55.9364 42.1923 2.95786
      vertex 55.9364 41.3605 2.95786
    endloop
  endfacet
  facet normal 0.981778 0 -0.190033
    outer loop
      vertex 55.9364 41.3605 2.95786
      vertex 55.862 41.3605 2.57332
      vertex 55.862 42.1923 2.57332
    endloop
  endfacet
  facet normal 0.981778 0 -0.190033
    outer loop
      vertex 55.862 40.6674 2.57332
      vertex 55.9364 40.6674 2.95786
      vertex 55.9364 39.827 2.95786
    endloop
  endfacet
  facet normal 0.981778 0 -0.190033
    outer loop
      vertex 55.9364 39.827 2.95786
      vertex 55.862 39.827 2.57332
      vertex 55.862 40.6674 2.57332
    endloop
  endfacet
  facet normal 0.981778 0 -0.190033
    outer loop
      vertex 55.862 39.134 2.57332
      vertex 55.9364 39.134 2.95786
      vertex 55.9364 38.3173 2.95786
    endloop
  endfacet
  facet normal 0.981778 0 -0.190033
    outer loop
      vertex 55.9364 38.3173 2.95786
      vertex 55.862 38.3173 2.57332
      vertex 55.862 39.134 2.57332
    endloop
  endfacet
  facet normal 0.981778 0 -0.190033
    outer loop
      vertex 55.862 37.6242 2.57332
      vertex 55.9364 37.6242 2.95786
      vertex 55.9364 36.8796 2.95786
    endloop
  endfacet
  facet normal 0.981778 0 -0.190033
    outer loop
      vertex 55.9364 36.8796 2.95786
      vertex 55.862 36.8796 2.57332
      vertex 55.862 37.6242 2.57332
    endloop
  endfacet
  facet normal 0.981778 0 -0.190033
    outer loop
      vertex 55.862 36.1866 2.57332
      vertex 55.9364 36.1866 2.95786
      vertex 55.9364 35.7489 2.95786
    endloop
  endfacet
  facet normal 0.981778 0 -0.190033
    outer loop
      vertex 55.9364 35.7489 2.95786
      vertex 55.862 35.7489 2.57332
      vertex 55.862 36.1866 2.57332
    endloop
  endfacet
  facet normal 0.981778 0 -0.190033
    outer loop
      vertex 55.862 33.2709 2.57332
      vertex 55.9364 33.2709 2.95786
      vertex 55.9364 32.4392 2.95786
    endloop
  endfacet
  facet normal 0.981778 0 -0.190033
    outer loop
      vertex 55.9364 32.4392 2.95786
      vertex 55.862 32.4392 2.57332
      vertex 55.862 33.2709 2.57332
    endloop
  endfacet
  facet normal 0.981778 0 -0.190033
    outer loop
      vertex 55.862 31.7461 2.57332
      vertex 55.9364 31.7461 2.95786
      vertex 55.9364 30.9057 2.95786
    endloop
  endfacet
  facet normal 0.981778 0 -0.190033
    outer loop
      vertex 55.9364 30.9057 2.95786
      vertex 55.862 30.9057 2.57332
      vertex 55.862 31.7461 2.57332
    endloop
  endfacet
  facet normal 0.981778 0 -0.190033
    outer loop
      vertex 55.862 30.2127 2.57332
      vertex 55.9364 30.2127 2.95786
      vertex 55.9364 29.8144 2.95786
    endloop
  endfacet
  facet normal 0.981778 0 -0.190033
    outer loop
      vertex 55.9364 29.8144 2.95786
      vertex 55.862 29.8144 2.57332
      vertex 55.862 30.2127 2.57332
    endloop
  endfacet
  facet normal 0.981778 0 -0.190033
    outer loop
      vertex 55.862 27.2653 2.57332
      vertex 55.9364 27.2653 2.95786
      vertex 55.9364 26.4211 2.95786
    endloop
  endfacet
  facet normal 0.981778 0 -0.190033
    outer loop
      vertex 55.9364 26.4211 2.95786
      vertex 55.862 26.4211 2.57332
      vertex 55.862 27.2653 2.57332
    endloop
  endfacet
  facet normal 0.981778 0 -0.190033
    outer loop
      vertex 55.862 25.7281 2.57332
      vertex 55.9364 25.7281 2.95786
      vertex 55.9364 24.8963 2.95786
    endloop
  endfacet
  facet normal 0.981778 0 -0.190033
    outer loop
      vertex 55.9364 24.8963 2.95786
      vertex 55.862 24.8963 2.57332
      vertex 55.862 25.7281 2.57332
    endloop
  endfacet
  facet normal 0.981778 0 -0.190033
    outer loop
      vertex 55.862 24.2033 2.57332
      vertex 55.9364 24.2033 2.95786
      vertex 55.9364 23.3628 2.95786
    endloop
  endfacet
  facet normal 0.981778 0 -0.190033
    outer loop
      vertex 55.9364 23.3628 2.95786
      vertex 55.862 23.3628 2.57332
      vertex 55.862 24.2033 2.57332
    endloop
  endfacet
  facet normal 0.981778 0 -0.190033
    outer loop
      vertex 55.862 22.6698 2.57332
      vertex 55.9364 22.6698 2.95786
      vertex 55.9364 21.8531 2.95786
    endloop
  endfacet
  facet normal 0.981778 0 -0.190033
    outer loop
      vertex 55.9364 21.8531 2.95786
      vertex 55.862 21.8531 2.57332
      vertex 55.862 22.6698 2.57332
    endloop
  endfacet
  facet normal 0.981778 0 -0.190033
    outer loop
      vertex 55.862 21.16 2.57332
      vertex 55.9364 21.16 2.95786
      vertex 55.9364 20.4155 2.95786
    endloop
  endfacet
  facet normal 0.981778 0 -0.190033
    outer loop
      vertex 55.9364 20.4155 2.95786
      vertex 55.862 20.4155 2.57332
      vertex 55.862 21.16 2.57332
    endloop
  endfacet
  facet normal 0.981794 0 -0.189947
    outer loop
      vertex 55.862 19.7225 2.57332
      vertex 55.8933 19.7225 2.735
      vertex 55.862 19.4657 2.57332
    endloop
  endfacet
  facet normal 0.9099 0 -0.414828
    outer loop
      vertex 56.1629 37.6242 2.95786
      vertex 55.7814 37.6242 2.12088
      vertex 55.7814 38.3173 2.12088
    endloop
  endfacet
  facet normal 0.9099 0 -0.414828
    outer loop
      vertex 55.7814 38.3173 2.12088
      vertex 56.1629 38.3173 2.95786
      vertex 56.1629 37.6242 2.95786
    endloop
  endfacet
  facet normal 0 1 0
    outer loop
      vertex 54.7871 23.3628 2.12088
      vertex 54.4055 23.3628 2.95786
      vertex 54.632 23.3628 2.95786
    endloop
  endfacet
  facet normal 0 1 0
    outer loop
      vertex 54.7871 23.3628 2.12088
      vertex 54.632 23.3628 2.95786
      vertex 54.7065 23.3628 2.57332
    endloop
  endfacet
  facet normal 0 1 0
    outer loop
      vertex 55.9364 23.3628 2.95786
      vertex 56.1629 23.3628 2.95786
      vertex 55.7814 23.3628 2.12088
    endloop
  endfacet
  facet normal 0 1 0
    outer loop
      vertex 54.7871 23.3628 2.12088
      vertex 54.7065 23.3628 2.57332
      vertex 55.862 23.3628 2.57332
    endloop
  endfacet
  facet normal 0 1 0
    outer loop
      vertex 55.862 23.3628 2.57332
      vertex 55.9364 23.3628 2.95786
      vertex 55.7814 23.3628 2.12088
    endloop
  endfacet
  facet normal 0 1 0
    outer loop
      vertex 55.862 23.3628 2.57332
      vertex 55.7814 23.3628 2.12088
      vertex 54.7871 23.3628 2.12088
    endloop
  endfacet
  facet normal 0.9099 0 -0.414828
    outer loop
      vertex 56.1629 25.7281 2.95786
      vertex 55.7814 25.7281 2.12088
      vertex 55.7814 26.4211 2.12088
    endloop
  endfacet
  facet normal 0.9099 0 -0.414828
    outer loop
      vertex 55.7814 26.4211 2.12088
      vertex 56.1629 26.4211 2.95786
      vertex 56.1629 25.7281 2.95786
    endloop
  endfacet
  facet normal 0 1 0
    outer loop
      vertex 55.9364 32.4392 2.95786
      vertex 56.1629 32.4392 2.95786
      vertex 55.7814 32.4392 2.12088
    endloop
  endfacet
  facet normal 0 1 0
    outer loop
      vertex 54.7871 32.4392 2.12088
      vertex 54.4055 32.4392 2.95786
      vertex 54.632 32.4392 2.95786
    endloop
  endfacet
  facet normal 0 1 0
    outer loop
      vertex 54.7871 32.4392 2.12088
      vertex 54.632 32.4392 2.95786
      vertex 54.7065 32.4392 2.57332
    endloop
  endfacet
  facet normal 0 1 0
    outer loop
      vertex 55.862 32.4392 2.57332
      vertex 55.9364 32.4392 2.95786
      vertex 55.7814 32.4392 2.12088
    endloop
  endfacet
  facet normal 0 1 0
    outer loop
      vertex 54.7871 32.4392 2.12088
      vertex 54.7065 32.4392 2.57332
      vertex 55.862 32.4392 2.57332
    endloop
  endfacet
  facet normal 0 1 0
    outer loop
      vertex 55.7814 32.4392 2.12088
      vertex 54.7871 32.4392 2.12088
      vertex 55.862 32.4392 2.57332
    endloop
  endfacet
  facet normal 0 1 0
    outer loop
      vertex 55.9364 42.8853 2.95786
      vertex 56.1629 42.8853 2.95786
      vertex 55.7814 42.8853 2.12088
    endloop
  endfacet
  facet normal 0 1 0
    outer loop
      vertex 54.7871 42.8853 2.12088
      vertex 54.4055 42.8853 2.95786
      vertex 54.632 42.8853 2.95786
    endloop
  endfacet
  facet normal 0 1 0
    outer loop
      vertex 54.7871 42.8853 2.12088
      vertex 54.632 42.8853 2.95786
      vertex 54.7065 42.8853 2.57332
    endloop
  endfacet
  facet normal 0 1 0
    outer loop
      vertex 55.862 42.8853 2.57332
      vertex 55.9364 42.8853 2.95786
      vertex 55.7814 42.8853 2.12088
    endloop
  endfacet
  facet normal 0 1 0
    outer loop
      vertex 54.7871 42.8853 2.12088
      vertex 54.7065 42.8853 2.57332
      vertex 55.862 42.8853 2.57332
    endloop
  endfacet
  facet normal 0 1 0
    outer loop
      vertex 55.7814 42.8853 2.12088
      vertex 54.7871 42.8853 2.12088
      vertex 55.862 42.8853 2.57332
    endloop
  endfacet
  facet normal 0 1 0
    outer loop
      vertex 55.9364 24.8963 2.95786
      vertex 56.1629 24.8963 2.95786
      vertex 55.7814 24.8963 2.12088
    endloop
  endfacet
  facet normal 0 1 0
    outer loop
      vertex 54.7871 24.8963 2.12088
      vertex 54.4055 24.8963 2.95786
      vertex 54.632 24.8963 2.95786
    endloop
  endfacet
  facet normal 0 1 0
    outer loop
      vertex 54.7871 24.8963 2.12088
      vertex 54.632 24.8963 2.95786
      vertex 54.7065 24.8963 2.57332
    endloop
  endfacet
  facet normal 0 1 0
    outer loop
      vertex 55.862 24.8963 2.57332
      vertex 55.9364 24.8963 2.95786
      vertex 55.7814 24.8963 2.12088
    endloop
  endfacet
  facet normal 0 1 0
    outer loop
      vertex 54.7871 24.8963 2.12088
      vertex 54.7065 24.8963 2.57332
      vertex 55.862 24.8963 2.57332
    endloop
  endfacet
  facet normal 0 1 0
    outer loop
      vertex 55.7814 24.8963 2.12088
      vertex 54.7871 24.8963 2.12088
      vertex 55.862 24.8963 2.57332
    endloop
  endfacet
  facet normal 0 -1 0
    outer loop
      vertex 55.7814 39.134 2.12088
      vertex 56.1629 39.134 2.95786
      vertex 55.9364 39.134 2.95786
    endloop
  endfacet
  facet normal 0 -1 0
    outer loop
      vertex 55.7814 39.134 2.12088
      vertex 55.9364 39.134 2.95786
      vertex 55.862 39.134 2.57332
    endloop
  endfacet
  facet normal 0 -1 0
    outer loop
      vertex 54.632 39.134 2.95786
      vertex 54.4055 39.134 2.95786
      vertex 54.7871 39.134 2.12088
    endloop
  endfacet
  facet normal 0 -1 0
    outer loop
      vertex 55.7814 39.134 2.12088
      vertex 55.862 39.134 2.57332
      vertex 54.7065 39.134 2.57332
    endloop
  endfacet
  facet normal 0 -1 0
    outer loop
      vertex 54.7065 39.134 2.57332
      vertex 54.632 39.134 2.95786
      vertex 54.7871 39.134 2.12088
    endloop
  endfacet
  facet normal 0 -1 0
    outer loop
      vertex 54.7065 39.134 2.57332
      vertex 54.7871 39.134 2.12088
      vertex 55.7814 39.134 2.12088
    endloop
  endfacet
  facet normal 0 -1 0
    outer loop
      vertex 55.7814 22.6698 2.12088
      vertex 56.1629 22.6698 2.95786
      vertex 55.9364 22.6698 2.95786
    endloop
  endfacet
  facet normal 0 -1 0
    outer loop
      vertex 55.7814 22.6698 2.12088
      vertex 55.9364 22.6698 2.95786
      vertex 55.862 22.6698 2.57332
    endloop
  endfacet
  facet normal 0 -1 0
    outer loop
      vertex 54.632 22.6698 2.95786
      vertex 54.4055 22.6698 2.95786
      vertex 54.7871 22.6698 2.12088
    endloop
  endfacet
  facet normal 0 -1 0
    outer loop
      vertex 55.7814 22.6698 2.12088
      vertex 55.862 22.6698 2.57332
      vertex 54.7065 22.6698 2.57332
    endloop
  endfacet
  facet normal 0 -1 0
    outer loop
      vertex 54.7065 22.6698 2.57332
      vertex 54.632 22.6698 2.95786
      vertex 54.7871 22.6698 2.12088
    endloop
  endfacet
  facet normal 0 -1 0
    outer loop
      vertex 54.7065 22.6698 2.57332
      vertex 54.7871 22.6698 2.12088
      vertex 55.7814 22.6698 2.12088
    endloop
  endfacet
  facet normal 0 -1 0
    outer loop
      vertex 54.632 27.2653 2.95786
      vertex 54.4055 27.2653 2.95786
      vertex 54.7871 27.2653 2.12088
    endloop
  endfacet
  facet normal 0 -1 0
    outer loop
      vertex 55.7814 27.2653 2.12088
      vertex 56.1629 27.2653 2.95786
      vertex 55.9364 27.2653 2.95786
    endloop
  endfacet
  facet normal 0 -1 0
    outer loop
      vertex 55.7814 27.2653 2.12088
      vertex 55.9364 27.2653 2.95786
      vertex 55.862 27.2653 2.57332
    endloop
  endfacet
  facet normal 0 -1 0
    outer loop
      vertex 54.7065 27.2653 2.57332
      vertex 54.632 27.2653 2.95786
      vertex 54.7871 27.2653 2.12088
    endloop
  endfacet
  facet normal 0 -1 0
    outer loop
      vertex 55.7814 27.2653 2.12088
      vertex 55.862 27.2653 2.57332
      vertex 54.7065 27.2653 2.57332
    endloop
  endfacet
  facet normal 0 -1 0
    outer loop
      vertex 54.7871 27.2653 2.12088
      vertex 55.7814 27.2653 2.12088
      vertex 54.7065 27.2653 2.57332
    endloop
  endfacet
  facet normal 0 -1 0
    outer loop
      vertex 54.632 25.7281 2.95786
      vertex 54.4055 25.7281 2.95786
      vertex 54.7871 25.7281 2.12088
    endloop
  endfacet
  facet normal 0 -1 0
    outer loop
      vertex 55.7814 25.7281 2.12088
      vertex 56.1629 25.7281 2.95786
      vertex 55.9364 25.7281 2.95786
    endloop
  endfacet
  facet normal 0 -1 0
    outer loop
      vertex 55.7814 25.7281 2.12088
      vertex 55.9364 25.7281 2.95786
      vertex 55.862 25.7281 2.57332
    endloop
  endfacet
  facet normal 0 -1 0
    outer loop
      vertex 54.7065 25.7281 2.57332
      vertex 54.632 25.7281 2.95786
      vertex 54.7871 25.7281 2.12088
    endloop
  endfacet
  facet normal 0 -1 0
    outer loop
      vertex 55.7814 25.7281 2.12088
      vertex 55.862 25.7281 2.57332
      vertex 54.7065 25.7281 2.57332
    endloop
  endfacet
  facet normal 0 -1 0
    outer loop
      vertex 54.7871 25.7281 2.12088
      vertex 55.7814 25.7281 2.12088
      vertex 54.7065 25.7281 2.57332
    endloop
  endfacet
  facet normal 0 1 0
    outer loop
      vertex 54.7871 30.9057 2.12088
      vertex 54.4055 30.9057 2.95786
      vertex 54.632 30.9057 2.95786
    endloop
  endfacet
  facet normal 0 1 0
    outer loop
      vertex 54.7871 30.9057 2.12088
      vertex 54.632 30.9057 2.95786
      vertex 54.7065 30.9057 2.57332
    endloop
  endfacet
  facet normal 0 1 0
    outer loop
      vertex 55.9364 30.9057 2.95786
      vertex 56.1629 30.9057 2.95786
      vertex 55.7814 30.9057 2.12088
    endloop
  endfacet
  facet normal 0 1 0
    outer loop
      vertex 54.7871 30.9057 2.12088
      vertex 54.7065 30.9057 2.57332
      vertex 55.862 30.9057 2.57332
    endloop
  endfacet
  facet normal 0 1 0
    outer loop
      vertex 55.862 30.9057 2.57332
      vertex 55.9364 30.9057 2.95786
      vertex 55.7814 30.9057 2.12088
    endloop
  endfacet
  facet normal 0 1 0
    outer loop
      vertex 55.862 30.9057 2.57332
      vertex 55.7814 30.9057 2.12088
      vertex 54.7871 30.9057 2.12088
    endloop
  endfacet
  facet normal 0 1 0
    outer loop
      vertex 55.9364 26.4211 2.95786
      vertex 56.1629 26.4211 2.95786
      vertex 55.7814 26.4211 2.12088
    endloop
  endfacet
  facet normal 0 1 0
    outer loop
      vertex 54.7871 26.4211 2.12088
      vertex 54.4055 26.4211 2.95786
      vertex 54.632 26.4211 2.95786
    endloop
  endfacet
  facet normal 0 1 0
    outer loop
      vertex 54.7871 26.4211 2.12088
      vertex 54.632 26.4211 2.95786
      vertex 54.7065 26.4211 2.57332
    endloop
  endfacet
  facet normal 0 1 0
    outer loop
      vertex 55.862 26.4211 2.57332
      vertex 55.9364 26.4211 2.95786
      vertex 55.7814 26.4211 2.12088
    endloop
  endfacet
  facet normal 0 1 0
    outer loop
      vertex 54.7871 26.4211 2.12088
      vertex 54.7065 26.4211 2.57332
      vertex 55.862 26.4211 2.57332
    endloop
  endfacet
  facet normal 0 1 0
    outer loop
      vertex 55.7814 26.4211 2.12088
      vertex 54.7871 26.4211 2.12088
      vertex 55.862 26.4211 2.57332
    endloop
  endfacet
  facet normal 0 1 0
    outer loop
      vertex 55.9364 38.3173 2.95786
      vertex 56.1629 38.3173 2.95786
      vertex 55.7814 38.3173 2.12088
    endloop
  endfacet
  facet normal 0 1 0
    outer loop
      vertex 54.7871 38.3173 2.12088
      vertex 54.4055 38.3173 2.95786
      vertex 54.632 38.3173 2.95786
    endloop
  endfacet
  facet normal 0 1 0
    outer loop
      vertex 54.7871 38.3173 2.12088
      vertex 54.632 38.3173 2.95786
      vertex 54.7065 38.3173 2.57332
    endloop
  endfacet
  facet normal 0 1 0
    outer loop
      vertex 55.862 38.3173 2.57332
      vertex 55.9364 38.3173 2.95786
      vertex 55.7814 38.3173 2.12088
    endloop
  endfacet
  facet normal 0 1 0
    outer loop
      vertex 54.7871 38.3173 2.12088
      vertex 54.7065 38.3173 2.57332
      vertex 55.862 38.3173 2.57332
    endloop
  endfacet
  facet normal 0 1 0
    outer loop
      vertex 55.7814 38.3173 2.12088
      vertex 54.7871 38.3173 2.12088
      vertex 55.862 38.3173 2.57332
    endloop
  endfacet
  facet normal 0 0 -1
    outer loop
      vertex 56.5765 20.0764 2.95786
      vertex 56.1629 20.0764 2.95786
      vertex 56.1629 20.4155 2.95786
    endloop
  endfacet
  facet normal 0 0 -1
    outer loop
      vertex 56.1629 20.4155 2.95786
      vertex 55.9364 20.4155 2.95786
      vertex 55.9364 21.16 2.95786
    endloop
  endfacet
  facet normal 0 0 -1
    outer loop
      vertex 56.1629 20.4155 2.95786
      vertex 55.9364 21.16 2.95786
      vertex 56.1629 21.16 2.95786
    endloop
  endfacet
  facet normal 0 0 -1
    outer loop
      vertex 56.5765 21.255 2.95786
      vertex 56.5765 20.0764 2.95786
      vertex 56.1629 20.4155 2.95786
    endloop
  endfacet
  facet normal 0 0 -1
    outer loop
      vertex 56.399 21.255 2.95786
      vertex 56.5765 21.255 2.95786
      vertex 56.1629 20.4155 2.95786
    endloop
  endfacet
  facet normal 0 0 0
    outer loop
      vertex 56.1629 20.4155 2.95786
      vertex 56.1629 21.16 2.95786
      vertex 56.1629 21.8531 2.95786
    endloop
  endfacet
  facet normal 0 0 -1
    outer loop
      vertex 56.1629 21.8531 2.95786
      vertex 55.9364 21.8531 2.95786
      vertex 55.9364 22.6698 2.95786
    endloop
  endfacet
  facet normal 0 0 -1
    outer loop
      vertex 56.1629 21.8531 2.95786
      vertex 55.9364 22.6698 2.95786
      vertex 56.1629 22.6698 2.95786
    endloop
  endfacet
  facet normal 0 0 -1
    outer loop
      vertex 56.399 21.255 2.95786
      vertex 56.1629 20.4155 2.95786
      vertex 56.1629 21.8531 2.95786
    endloop
  endfacet
  facet normal 0 0 -1
    outer loop
      vertex 56.5765 24.1719 2.95786
      vertex 56.5765 21.5908 2.95786
      vertex 56.399 21.5908 2.95786
    endloop
  endfacet
  facet normal 0 0 -1
    outer loop
      vertex 56.399 21.5908 2.95786
      vertex 56.399 21.255 2.95786
      vertex 56.1629 21.8531 2.95786
    endloop
  endfacet
  facet normal 0 0 0
    outer loop
      vertex 56.1629 21.8531 2.95786
      vertex 56.1629 22.6698 2.95786
      vertex 56.1629 23.3628 2.95786
    endloop
  endfacet
  facet normal 0 0 -1
    outer loop
      vertex 56.1629 23.3628 2.95786
      vertex 55.9364 23.3628 2.95786
      vertex 55.9364 24.2033 2.95786
    endloop
  endfacet
  facet normal 0 0 -1
    outer loop
      vertex 56.1629 23.3628 2.95786
      vertex 55.9364 24.2033 2.95786
      vertex 56.1629 24.2033 2.95786
    endloop
  endfacet
  facet normal 0 0 -1
    outer loop
      vertex 56.399 21.5908 2.95786
      vertex 56.1629 21.8531 2.95786
      vertex 56.1629 23.3628 2.95786
    endloop
  endfacet
  facet normal 0 0 -1
    outer loop
      vertex 56.399 24.1719 2.95786
      vertex 56.5765 24.1719 2.95786
      vertex 56.399 21.5908 2.95786
    endloop
  endfacet
  facet normal 0 0 -1
    outer loop
      vertex 56.5765 28.0464 2.95786
      vertex 56.5765 24.5077 2.95786
      vertex 56.399 24.5077 2.95786
    endloop
  endfacet
  facet normal 0 0 -1
    outer loop
      vertex 56.399 24.1719 2.95786
      vertex 56.399 21.5908 2.95786
      vertex 56.1629 23.3628 2.95786
    endloop
  endfacet
  facet normal 0 0 -1
    outer loop
      vertex 56.399 24.5077 2.95786
      vertex 56.399 24.1719 2.95786
      vertex 56.1629 23.3628 2.95786
    endloop
  endfacet
  facet normal 0 0 0
    outer loop
      vertex 56.1629 23.3628 2.95786
      vertex 56.1629 24.2033 2.95786
      vertex 56.1629 24.8963 2.95786
    endloop
  endfacet
  facet normal 0 0 -1
    outer loop
      vertex 56.1629 24.8963 2.95786
      vertex 55.9364 24.8963 2.95786
      vertex 55.9364 25.7281 2.95786
    endloop
  endfacet
  facet normal 0 0 -1
    outer loop
      vertex 56.1629 24.8963 2.95786
      vertex 55.9364 25.7281 2.95786
      vertex 56.1629 25.7281 2.95786
    endloop
  endfacet
  facet normal 0 0 -1
    outer loop
      vertex 56.399 24.5077 2.95786
      vertex 56.1629 23.3628 2.95786
      vertex 56.1629 24.8963 2.95786
    endloop
  endfacet
  facet normal 0 0 -1
    outer loop
      vertex 55.9364 27.9583 2.95786
      vertex 55.9364 28.0464 2.95786
      vertex 56.5765 28.0464 2.95786
    endloop
  endfacet
  facet normal 0 0 -1
    outer loop
      vertex 56.1629 27.9583 2.95786
      vertex 55.9364 27.9583 2.95786
      vertex 56.5765 28.0464 2.95786
    endloop
  endfacet
  facet normal 0 0 -1
    outer loop
      vertex 56.5765 28.0464 2.95786
      vertex 56.399 24.5077 2.95786
      vertex 56.1629 24.8963 2.95786
    endloop
  endfacet
  facet normal 0 0 -1
    outer loop
      vertex 56.5765 28.0464 2.95786
      vertex 56.1629 24.8963 2.95786
      vertex 56.1629 25.7281 2.95786
    endloop
  endfacet
  facet normal 0 0 -1
    outer loop
      vertex 56.1629 27.2653 2.95786
      vertex 56.1629 27.9583 2.95786
      vertex 56.5765 28.0464 2.95786
    endloop
  endfacet
  facet normal 0 0 -1
    outer loop
      vertex 55.9364 26.4211 2.95786
      vertex 55.9364 27.2653 2.95786
      vertex 56.1629 27.2653 2.95786
    endloop
  endfacet
  facet normal 0 0 -1
    outer loop
      vertex 56.5765 28.0464 2.95786
      vertex 56.1629 25.7281 2.95786
      vertex 56.1629 26.4211 2.95786
    endloop
  endfacet
  facet normal 0 0 -1
    outer loop
      vertex 56.1629 26.4211 2.95786
      vertex 55.9364 26.4211 2.95786
      vertex 56.1629 27.2653 2.95786
    endloop
  endfacet
  facet normal 0 0 -1
    outer loop
      vertex 56.1629 26.4211 2.95786
      vertex 56.1629 27.2653 2.95786
      vertex 56.5765 28.0464 2.95786
    endloop
  endfacet
  facet normal 0 1 0
    outer loop
      vertex 55.9364 41.3605 2.95786
      vertex 56.1629 41.3605 2.95786
      vertex 55.7814 41.3605 2.12088
    endloop
  endfacet
  facet normal 0 1 0
    outer loop
      vertex 54.7871 41.3605 2.12088
      vertex 54.4055 41.3605 2.95786
      vertex 54.632 41.3605 2.95786
    endloop
  endfacet
  facet normal 0 1 0
    outer loop
      vertex 54.7871 41.3605 2.12088
      vertex 54.632 41.3605 2.95786
      vertex 54.7065 41.3605 2.57332
    endloop
  endfacet
  facet normal 0 1 0
    outer loop
      vertex 55.862 41.3605 2.57332
      vertex 55.9364 41.3605 2.95786
      vertex 55.7814 41.3605 2.12088
    endloop
  endfacet
  facet normal 0 1 0
    outer loop
      vertex 54.7871 41.3605 2.12088
      vertex 54.7065 41.3605 2.57332
      vertex 55.862 41.3605 2.57332
    endloop
  endfacet
  facet normal 0 1 0
    outer loop
      vertex 55.7814 41.3605 2.12088
      vertex 54.7871 41.3605 2.12088
      vertex 55.862 41.3605 2.57332
    endloop
  endfacet
  facet normal 0.9099 0 -0.414828
    outer loop
      vertex 56.1629 24.2033 2.95786
      vertex 55.7814 24.2033 2.12088
      vertex 55.7814 24.8963 2.12088
    endloop
  endfacet
  facet normal 0.9099 0 -0.414828
    outer loop
      vertex 55.7814 24.8963 2.12088
      vertex 56.1629 24.8963 2.95786
      vertex 56.1629 24.2033 2.95786
    endloop
  endfacet
  facet normal 0 0 -1
    outer loop
      vertex 54.7065 42.1923 2.57332
      vertex 55.862 42.1923 2.57332
      vertex 55.862 41.3605 2.57332
    endloop
  endfacet
  facet normal 0 0 -1
    outer loop
      vertex 55.862 41.3605 2.57332
      vertex 54.7065 41.3605 2.57332
      vertex 54.7065 42.1923 2.57332
    endloop
  endfacet
  facet normal 0 0 -1
    outer loop
      vertex 54.7065 40.6674 2.57332
      vertex 55.862 40.6674 2.57332
      vertex 55.862 39.827 2.57332
    endloop
  endfacet
  facet normal 0 0 -1
    outer loop
      vertex 55.862 39.827 2.57332
      vertex 54.7065 39.827 2.57332
      vertex 54.7065 40.6674 2.57332
    endloop
  endfacet
  facet normal 0 0 -1
    outer loop
      vertex 54.7065 39.134 2.57332
      vertex 55.862 39.134 2.57332
      vertex 55.862 38.3173 2.57332
    endloop
  endfacet
  facet normal 0 0 -1
    outer loop
      vertex 55.862 38.3173 2.57332
      vertex 54.7065 38.3173 2.57332
      vertex 54.7065 39.134 2.57332
    endloop
  endfacet
  facet normal 0 0 -1
    outer loop
      vertex 54.7065 37.6242 2.57332
      vertex 55.862 37.6242 2.57332
      vertex 55.862 36.8796 2.57332
    endloop
  endfacet
  facet normal 0 0 -1
    outer loop
      vertex 55.862 36.8796 2.57332
      vertex 54.7065 36.8796 2.57332
      vertex 54.7065 37.6242 2.57332
    endloop
  endfacet
  facet normal 0 0 -1
    outer loop
      vertex 54.7065 36.1866 2.57332
      vertex 55.862 36.1866 2.57332
      vertex 55.862 35.7489 2.57332
    endloop
  endfacet
  facet normal 0 0 -1
    outer loop
      vertex 55.862 35.7489 2.57332
      vertex 54.7065 35.7488 2.57332
      vertex 54.7065 36.1866 2.57332
    endloop
  endfacet
  facet normal 0 0 -1
    outer loop
      vertex 54.7065 33.2709 2.57332
      vertex 55.862 33.2709 2.57332
      vertex 55.862 32.4392 2.57332
    endloop
  endfacet
  facet normal 0 0 -1
    outer loop
      vertex 55.862 32.4392 2.57332
      vertex 54.7065 32.4392 2.57332
      vertex 54.7065 33.2709 2.57332
    endloop
  endfacet
  facet normal 0 0 -1
    outer loop
      vertex 54.7065 31.7461 2.57332
      vertex 55.862 31.7461 2.57332
      vertex 55.862 30.9057 2.57332
    endloop
  endfacet
  facet normal 0 0 -1
    outer loop
      vertex 55.862 30.9057 2.57332
      vertex 54.7065 30.9057 2.57332
      vertex 54.7065 31.7461 2.57332
    endloop
  endfacet
  facet normal 0 0 -1
    outer loop
      vertex 54.7065 30.2127 2.57332
      vertex 55.862 30.2127 2.57332
      vertex 55.862 29.8144 2.57332
    endloop
  endfacet
  facet normal 0 0 -1
    outer loop
      vertex 55.862 29.8144 2.57332
      vertex 54.7065 29.8144 2.57332
      vertex 54.7065 30.2127 2.57332
    endloop
  endfacet
  facet normal 0 0 -1
    outer loop
      vertex 54.7065 27.2653 2.57332
      vertex 55.862 27.2653 2.57332
      vertex 55.862 26.4211 2.57332
    endloop
  endfacet
  facet normal 0 0 -1
    outer loop
      vertex 55.862 26.4211 2.57332
      vertex 54.7065 26.4211 2.57332
      vertex 54.7065 27.2653 2.57332
    endloop
  endfacet
  facet normal 0 0 -1
    outer loop
      vertex 54.7065 25.7281 2.57332
      vertex 55.862 25.7281 2.57332
      vertex 55.862 24.8963 2.57332
    endloop
  endfacet
  facet normal 0 0 -1
    outer loop
      vertex 55.862 24.8963 2.57332
      vertex 54.7065 24.8963 2.57332
      vertex 54.7065 25.7281 2.57332
    endloop
  endfacet
  facet normal 0 0 -1
    outer loop
      vertex 54.7065 24.2033 2.57332
      vertex 55.862 24.2033 2.57332
      vertex 55.862 23.3628 2.57332
    endloop
  endfacet
  facet normal 0 0 -1
    outer loop
      vertex 55.862 23.3628 2.57332
      vertex 54.7065 23.3628 2.57332
      vertex 54.7065 24.2033 2.57332
    endloop
  endfacet
  facet normal 0 0 -1
    outer loop
      vertex 54.7065 22.6698 2.57332
      vertex 55.862 22.6698 2.57332
      vertex 55.862 21.8531 2.57332
    endloop
  endfacet
  facet normal 0 0 -1
    outer loop
      vertex 55.862 21.8531 2.57332
      vertex 54.7065 21.8531 2.57332
      vertex 54.7065 22.6698 2.57332
    endloop
  endfacet
  facet normal 0 0 -1
    outer loop
      vertex 54.7065 21.16 2.57332
      vertex 55.862 21.16 2.57332
      vertex 55.862 20.4155 2.57332
    endloop
  endfacet
  facet normal 0 0 -1
    outer loop
      vertex 55.862 20.4155 2.57332
      vertex 54.7065 20.4155 2.57332
      vertex 54.7065 21.16 2.57332
    endloop
  endfacet
  facet normal 0 0 -1
    outer loop
      vertex 54.7065 19.4657 2.57332
      vertex 54.7065 19.7225 2.57332
      vertex 55.862 19.7225 2.57332
    endloop
  endfacet
  facet normal 0 0 -1
    outer loop
      vertex 55.862 19.7225 2.57332
      vertex 55.862 19.4657 2.57332
      vertex 55.2842 19.4657 2.57332
    endloop
  endfacet
  facet normal 0 0 -1
    outer loop
      vertex 55.862 19.7225 2.57332
      vertex 55.2842 19.4657 2.57332
      vertex 54.7065 19.4657 2.57332
    endloop
  endfacet
  facet normal 7.57754e-05 1 -3.45465e-05
    outer loop
      vertex 55.9364 27.9583 2.95786
      vertex 56.1629 27.9583 2.95786
      vertex 55.7814 27.9583 2.12088
    endloop
  endfacet
  facet normal -7.57754e-05 1 -3.45465e-05
    outer loop
      vertex 54.7871 27.9583 2.12088
      vertex 54.4055 27.9583 2.95786
      vertex 54.632 27.9583 2.95786
    endloop
  endfacet
  facet normal 0.0029013 0.999996 0.000516935
    outer loop
      vertex 54.7871 27.9583 2.12088
      vertex 54.632 27.9583 2.95786
      vertex 54.7065 27.9583 2.57332
    endloop
  endfacet
  facet normal -0.0029013 0.999996 0.000516935
    outer loop
      vertex 55.862 27.9583 2.57332
      vertex 55.9364 27.9583 2.95786
      vertex 55.7814 27.9583 2.12088
    endloop
  endfacet
  facet normal 0 1 0
    outer loop
      vertex 54.7871 27.9583 2.12088
      vertex 54.7065 27.9583 2.57332
      vertex 55.862 27.9583 2.57332
    endloop
  endfacet
  facet normal 0 1 0
    outer loop
      vertex 55.7814 27.9583 2.12088
      vertex 54.7871 27.9583 2.12088
      vertex 55.862 27.9583 2.57332
    endloop
  endfacet
  facet normal 0 0.532829 -0.846223
    outer loop
      vertex 53.992 20.0764 2.95786
      vertex 54.4055 20.0764 2.95786
      vertex 54.5071 19.7225 2.735
    endloop
  endfacet
  facet normal 0 0.532798 -0.846242
    outer loop
      vertex 54.5071 19.7225 2.735
      vertex 54.6752 19.7225 2.735
      vertex 54.7065 19.4657 2.57332
    endloop
  endfacet
  facet normal 0 0.532817 -0.846231
    outer loop
      vertex 54.7065 19.4657 2.57332
      vertex 55.2842 19.4657 2.57332
      vertex 55.2842 18.6022 2.02968
    endloop
  endfacet
  facet normal 0 0.532816 -0.846231
    outer loop
      vertex 55.2842 18.6022 2.02968
      vertex 54.4646 18.6022 2.02968
      vertex 53.992 20.0764 2.95786
    endloop
  endfacet
  facet normal -6.27171e-05 0.532764 -0.846264
    outer loop
      vertex 53.992 20.0764 2.95786
      vertex 54.5071 19.7225 2.735
      vertex 54.7065 19.4657 2.57332
    endloop
  endfacet
  facet normal 2.19657e-06 0.532818 -0.84623
    outer loop
      vertex 54.7065 19.4657 2.57332
      vertex 55.2842 18.6022 2.02968
      vertex 53.992 20.0764 2.95786
    endloop
  endfacet
  facet normal -0.981778 0 -0.190033
    outer loop
      vertex 54.7065 20.4155 2.57332
      vertex 54.632 20.4155 2.95786
      vertex 54.632 21.16 2.95786
    endloop
  endfacet
  facet normal -0.981778 0 -0.190033
    outer loop
      vertex 54.632 21.16 2.95786
      vertex 54.7065 21.16 2.57332
      vertex 54.7065 20.4155 2.57332
    endloop
  endfacet
  facet normal -0.981778 0 -0.190033
    outer loop
      vertex 54.7065 21.8531 2.57332
      vertex 54.632 21.8531 2.95786
      vertex 54.632 22.6698 2.95786
    endloop
  endfacet
  facet normal -0.981778 0 -0.190033
    outer loop
      vertex 54.632 22.6698 2.95786
      vertex 54.7065 22.6698 2.57332
      vertex 54.7065 21.8531 2.57332
    endloop
  endfacet
  facet normal -0.981778 0 -0.190033
    outer loop
      vertex 54.7065 23.3628 2.57332
      vertex 54.632 23.3628 2.95786
      vertex 54.632 24.2033 2.95786
    endloop
  endfacet
  facet normal -0.981778 0 -0.190033
    outer loop
      vertex 54.632 24.2033 2.95786
      vertex 54.7065 24.2033 2.57332
      vertex 54.7065 23.3628 2.57332
    endloop
  endfacet
  facet normal -0.981778 0 -0.190033
    outer loop
      vertex 54.7065 24.8963 2.57332
      vertex 54.632 24.8963 2.95786
      vertex 54.632 25.7281 2.95786
    endloop
  endfacet
  facet normal -0.981778 0 -0.190033
    outer loop
      vertex 54.632 25.7281 2.95786
      vertex 54.7065 25.7281 2.57332
      vertex 54.7065 24.8963 2.57332
    endloop
  endfacet
  facet normal -0.981778 0 -0.190033
    outer loop
      vertex 54.7065 26.4211 2.57332
      vertex 54.632 26.4211 2.95786
      vertex 54.632 27.2653 2.95786
    endloop
  endfacet
  facet normal -0.981778 0 -0.190033
    outer loop
      vertex 54.632 27.2653 2.95786
      vertex 54.7065 27.2653 2.57332
      vertex 54.7065 26.4211 2.57332
    endloop
  endfacet
  facet normal -0.981778 0 -0.190033
    outer loop
      vertex 54.7065 27.9583 2.57332
      vertex 54.632 27.9583 2.95786
      vertex 54.632 28.0464 2.95786
    endloop
  endfacet
  facet normal -0.981778 0 -0.190033
    outer loop
      vertex 54.632 28.0464 2.95786
      vertex 54.7065 28.0464 2.57332
      vertex 54.7065 27.9583 2.57332
    endloop
  endfacet
  facet normal -0.981778 0 -0.190033
    outer loop
      vertex 54.7065 30.9057 2.57332
      vertex 54.632 30.9057 2.95786
      vertex 54.632 31.7461 2.95786
    endloop
  endfacet
  facet normal -0.981778 0 -0.190033
    outer loop
      vertex 54.632 31.7461 2.95786
      vertex 54.7065 31.7461 2.57332
      vertex 54.7065 30.9057 2.57332
    endloop
  endfacet
  facet normal -0.981778 0 -0.190033
    outer loop
      vertex 54.7065 32.4392 2.57332
      vertex 54.632 32.4392 2.95786
      vertex 54.632 33.2709 2.95786
    endloop
  endfacet
  facet normal -0.981778 0 -0.190033
    outer loop
      vertex 54.632 33.2709 2.95786
      vertex 54.7065 33.2709 2.57332
      vertex 54.7065 32.4392 2.57332
    endloop
  endfacet
  facet normal -0.981778 0 -0.190033
    outer loop
      vertex 54.7065 33.964 2.57332
      vertex 54.632 33.964 2.95786
      vertex 54.632 33.9809 2.95786
    endloop
  endfacet
  facet normal -0.981778 0 -0.190033
    outer loop
      vertex 54.632 33.9809 2.95786
      vertex 54.7065 33.9809 2.57332
      vertex 54.7065 33.964 2.57332
    endloop
  endfacet
  facet normal -0.981778 0 -0.190033
    outer loop
      vertex 54.7065 36.8796 2.57332
      vertex 54.632 36.8796 2.95786
      vertex 54.632 37.6242 2.95786
    endloop
  endfacet
  facet normal -0.981778 0 -0.190033
    outer loop
      vertex 54.632 37.6242 2.95786
      vertex 54.7065 37.6242 2.57332
      vertex 54.7065 36.8796 2.57332
    endloop
  endfacet
  facet normal -0.981778 0 -0.190033
    outer loop
      vertex 54.7065 38.3173 2.57332
      vertex 54.632 38.3173 2.95786
      vertex 54.632 39.134 2.95786
    endloop
  endfacet
  facet normal -0.981778 0 -0.190033
    outer loop
      vertex 54.632 39.134 2.95786
      vertex 54.7065 39.134 2.57332
      vertex 54.7065 38.3173 2.57332
    endloop
  endfacet
  facet normal -0.981778 0 -0.190033
    outer loop
      vertex 54.7065 39.827 2.57332
      vertex 54.632 39.827 2.95786
      vertex 54.632 40.6674 2.95786
    endloop
  endfacet
  facet normal -0.981778 0 -0.190033
    outer loop
      vertex 54.632 40.6674 2.95786
      vertex 54.7065 40.6674 2.57332
      vertex 54.7065 39.827 2.57332
    endloop
  endfacet
  facet normal -0.981778 0 -0.190033
    outer loop
      vertex 54.7065 41.3605 2.57332
      vertex 54.632 41.3605 2.95786
      vertex 54.632 42.1923 2.95786
    endloop
  endfacet
  facet normal -0.981778 0 -0.190033
    outer loop
      vertex 54.632 42.1923 2.95786
      vertex 54.7065 42.1923 2.57332
      vertex 54.7065 41.3605 2.57332
    endloop
  endfacet
  facet normal -0.981778 0 -0.190033
    outer loop
      vertex 54.7065 42.8853 2.57332
      vertex 54.632 42.8853 2.95786
      vertex 54.632 43.3008 2.95786
    endloop
  endfacet
  facet normal -0.981778 0 -0.190033
    outer loop
      vertex 54.632 43.3008 2.95786
      vertex 54.7065 43.5582 2.57332
      vertex 54.7065 42.8853 2.57332
    endloop
  endfacet
  facet normal 0 -1 0
    outer loop
      vertex 54.632 36.1866 2.95786
      vertex 54.4055 36.1866 2.95786
      vertex 54.7871 36.1866 2.12088
    endloop
  endfacet
  facet normal 0 -1 0
    outer loop
      vertex 55.7814 36.1866 2.12088
      vertex 56.1629 36.1866 2.95786
      vertex 55.9364 36.1866 2.95786
    endloop
  endfacet
  facet normal 0 -1 0
    outer loop
      vertex 55.7814 36.1866 2.12088
      vertex 55.9364 36.1866 2.95786
      vertex 55.862 36.1866 2.57332
    endloop
  endfacet
  facet normal 0 -1 0
    outer loop
      vertex 54.7065 36.1866 2.57332
      vertex 54.632 36.1866 2.95786
      vertex 54.7871 36.1866 2.12088
    endloop
  endfacet
  facet normal 0 -1 0
    outer loop
      vertex 55.7814 36.1866 2.12088
      vertex 55.862 36.1866 2.57332
      vertex 54.7065 36.1866 2.57332
    endloop
  endfacet
  facet normal 0 -1 0
    outer loop
      vertex 54.7871 36.1866 2.12088
      vertex 55.7814 36.1866 2.12088
      vertex 54.7065 36.1866 2.57332
    endloop
  endfacet
  facet normal 0 -1 0
    outer loop
      vertex 55.7814 30.2127 2.12088
      vertex 56.1629 30.2127 2.95786
      vertex 55.9364 30.2127 2.95786
    endloop
  endfacet
  facet normal 0 -1 0
    outer loop
      vertex 55.7814 30.2127 2.12088
      vertex 55.9364 30.2127 2.95786
      vertex 55.862 30.2127 2.57332
    endloop
  endfacet
  facet normal 0 -1 0
    outer loop
      vertex 54.632 30.2127 2.95786
      vertex 54.4055 30.2127 2.95786
      vertex 54.7871 30.2127 2.12088
    endloop
  endfacet
  facet normal 0 -1 0
    outer loop
      vertex 55.7814 30.2127 2.12088
      vertex 55.862 30.2127 2.57332
      vertex 54.7065 30.2127 2.57332
    endloop
  endfacet
  facet normal 0 -1 0
    outer loop
      vertex 54.7065 30.2127 2.57332
      vertex 54.632 30.2127 2.95786
      vertex 54.7871 30.2127 2.12088
    endloop
  endfacet
  facet normal 0 -1 0
    outer loop
      vertex 54.7065 30.2127 2.57332
      vertex 54.7871 30.2127 2.12088
      vertex 55.7814 30.2127 2.12088
    endloop
  endfacet
  facet normal 0.9099 0 -0.414829
    outer loop
      vertex 56.1629 30.9057 2.95786
      vertex 56.1629 30.2127 2.95786
      vertex 55.7814 30.2127 2.12088
    endloop
  endfacet
  facet normal 0.9099 0 -0.414829
    outer loop
      vertex 55.7814 30.2127 2.12088
      vertex 55.7814 30.9057 2.12088
      vertex 56.1629 30.9057 2.95786
    endloop
  endfacet
  facet normal 0.9099 0 -0.414829
    outer loop
      vertex 56.1629 42.1923 2.95786
      vertex 55.7814 42.1923 2.12088
      vertex 55.7814 42.8853 2.12088
    endloop
  endfacet
  facet normal 0.9099 0 -0.414829
    outer loop
      vertex 55.7814 42.8853 2.12088
      vertex 56.1629 42.8853 2.95786
      vertex 56.1629 42.1923 2.95786
    endloop
  endfacet
  facet normal 0.9099 0 -0.414829
    outer loop
      vertex 56.1629 27.2653 2.95786
      vertex 55.7814 27.2653 2.12088
      vertex 55.7814 27.9583 2.12088
    endloop
  endfacet
  facet normal 0.9099 0 -0.414829
    outer loop
      vertex 55.7814 27.9583 2.12088
      vertex 56.1629 27.9583 2.95786
      vertex 56.1629 27.2653 2.95786
    endloop
  endfacet
  facet normal 0 1 0
    outer loop
      vertex 54.7871 39.827 2.12088
      vertex 54.4055 39.827 2.95786
      vertex 54.632 39.827 2.95786
    endloop
  endfacet
  facet normal 0 1 0
    outer loop
      vertex 54.7871 39.827 2.12088
      vertex 54.632 39.827 2.95786
      vertex 54.7065 39.827 2.57332
    endloop
  endfacet
  facet normal 0 1 0
    outer loop
      vertex 55.9364 39.827 2.95786
      vertex 56.1629 39.827 2.95786
      vertex 55.7814 39.827 2.12088
    endloop
  endfacet
  facet normal 0 1 0
    outer loop
      vertex 54.7871 39.827 2.12088
      vertex 54.7065 39.827 2.57332
      vertex 55.862 39.827 2.57332
    endloop
  endfacet
  facet normal 0 1 0
    outer loop
      vertex 55.862 39.827 2.57332
      vertex 55.9364 39.827 2.95786
      vertex 55.7814 39.827 2.12088
    endloop
  endfacet
  facet normal 0 1 0
    outer loop
      vertex 55.862 39.827 2.57332
      vertex 55.7814 39.827 2.12088
      vertex 54.7871 39.827 2.12088
    endloop
  endfacet
  facet normal 0 1 0
    outer loop
      vertex 55.9364 20.4155 2.95786
      vertex 56.1629 20.4155 2.95786
      vertex 55.7814 20.4155 2.12088
    endloop
  endfacet
  facet normal 0 1 0
    outer loop
      vertex 54.7871 20.4155 2.12088
      vertex 54.4055 20.4155 2.95786
      vertex 54.632 20.4155 2.95786
    endloop
  endfacet
  facet normal 0 1 0
    outer loop
      vertex 54.7871 20.4155 2.12088
      vertex 54.632 20.4155 2.95786
      vertex 54.7065 20.4155 2.57332
    endloop
  endfacet
  facet normal 0 1 0
    outer loop
      vertex 55.862 20.4155 2.57332
      vertex 55.9364 20.4155 2.95786
      vertex 55.7814 20.4155 2.12088
    endloop
  endfacet
  facet normal 0 1 0
    outer loop
      vertex 54.7871 20.4155 2.12088
      vertex 54.7065 20.4155 2.57332
      vertex 55.862 20.4155 2.57332
    endloop
  endfacet
  facet normal 0 1 0
    outer loop
      vertex 55.7814 20.4155 2.12088
      vertex 54.7871 20.4155 2.12088
      vertex 55.862 20.4155 2.57332
    endloop
  endfacet
  facet normal 0 1 0
    outer loop
      vertex 55.9364 21.8531 2.95786
      vertex 56.1629 21.8531 2.95786
      vertex 55.7814 21.8531 2.12088
    endloop
  endfacet
  facet normal 0 1 0
    outer loop
      vertex 54.7871 21.8531 2.12088
      vertex 54.4055 21.8531 2.95786
      vertex 54.632 21.8531 2.95786
    endloop
  endfacet
  facet normal 0 1 0
    outer loop
      vertex 54.7871 21.8531 2.12088
      vertex 54.632 21.8531 2.95786
      vertex 54.7065 21.8531 2.57332
    endloop
  endfacet
  facet normal 0 1 0
    outer loop
      vertex 55.862 21.8531 2.57332
      vertex 55.9364 21.8531 2.95786
      vertex 55.7814 21.8531 2.12088
    endloop
  endfacet
  facet normal 0 1 0
    outer loop
      vertex 54.7871 21.8531 2.12088
      vertex 54.7065 21.8531 2.57332
      vertex 55.862 21.8531 2.57332
    endloop
  endfacet
  facet normal 0 1 0
    outer loop
      vertex 55.7814 21.8531 2.12088
      vertex 54.7871 21.8531 2.12088
      vertex 55.862 21.8531 2.57332
    endloop
  endfacet
  facet normal 0 -1 0
    outer loop
      vertex 54.6752 19.7225 2.735
      vertex 54.5071 19.7225 2.735
      vertex 54.7871 19.7225 2.12088
    endloop
  endfacet
  facet normal 0 -1 0
    outer loop
      vertex 55.7814 19.7225 2.12088
      vertex 56.0613 19.7225 2.735
      vertex 55.8933 19.7225 2.735
    endloop
  endfacet
  facet normal 0 -1 0
    outer loop
      vertex 55.7814 19.7225 2.12088
      vertex 55.8933 19.7225 2.735
      vertex 55.862 19.7225 2.57332
    endloop
  endfacet
  facet normal 0 -1 0
    outer loop
      vertex 54.7065 19.7225 2.57332
      vertex 54.6752 19.7225 2.735
      vertex 54.7871 19.7225 2.12088
    endloop
  endfacet
  facet normal 0 -1 0
    outer loop
      vertex 55.7814 19.7225 2.12088
      vertex 55.862 19.7225 2.57332
      vertex 54.7065 19.7225 2.57332
    endloop
  endfacet
  facet normal 0 -1 0
    outer loop
      vertex 54.7871 19.7225 2.12088
      vertex 55.7814 19.7225 2.12088
      vertex 54.7065 19.7225 2.57332
    endloop
  endfacet
  facet normal 0 -1 0
    outer loop
      vertex 54.632 37.6242 2.95786
      vertex 54.4055 37.6242 2.95786
      vertex 54.7871 37.6242 2.12088
    endloop
  endfacet
  facet normal 0 -1 0
    outer loop
      vertex 55.7814 37.6242 2.12088
      vertex 56.1629 37.6242 2.95786
      vertex 55.9364 37.6242 2.95786
    endloop
  endfacet
  facet normal 0 -1 0
    outer loop
      vertex 55.7814 37.6242 2.12088
      vertex 55.9364 37.6242 2.95786
      vertex 55.862 37.6242 2.57332
    endloop
  endfacet
  facet normal 0 -1 0
    outer loop
      vertex 54.7065 37.6242 2.57332
      vertex 54.632 37.6242 2.95786
      vertex 54.7871 37.6242 2.12088
    endloop
  endfacet
  facet normal 0 -1 0
    outer loop
      vertex 55.7814 37.6242 2.12088
      vertex 55.862 37.6242 2.57332
      vertex 54.7065 37.6242 2.57332
    endloop
  endfacet
  facet normal 0 -1 0
    outer loop
      vertex 54.7871 37.6242 2.12088
      vertex 55.7814 37.6242 2.12088
      vertex 54.7065 37.6242 2.57332
    endloop
  endfacet
  facet normal 0 -1 0
    outer loop
      vertex 54.632 40.6674 2.95786
      vertex 54.4055 40.6674 2.95786
      vertex 54.7871 40.6674 2.12088
    endloop
  endfacet
  facet normal 0 -1 0
    outer loop
      vertex 55.7814 40.6674 2.12088
      vertex 56.1629 40.6674 2.95786
      vertex 55.9364 40.6674 2.95786
    endloop
  endfacet
  facet normal 0 -1 0
    outer loop
      vertex 55.7814 40.6674 2.12088
      vertex 55.9364 40.6674 2.95786
      vertex 55.862 40.6674 2.57332
    endloop
  endfacet
  facet normal 0 -1 0
    outer loop
      vertex 54.7065 40.6674 2.57332
      vertex 54.632 40.6674 2.95786
      vertex 54.7871 40.6674 2.12088
    endloop
  endfacet
  facet normal 0 -1 0
    outer loop
      vertex 55.7814 40.6674 2.12088
      vertex 55.862 40.6674 2.57332
      vertex 54.7065 40.6674 2.57332
    endloop
  endfacet
  facet normal 0 -1 0
    outer loop
      vertex 54.7871 40.6674 2.12088
      vertex 55.7814 40.6674 2.12088
      vertex 54.7065 40.6674 2.57332
    endloop
  endfacet
  facet normal 0.909902 -1.47211e-05 -0.414823
    outer loop
      vertex 56.1629 20.0764 2.95786
      vertex 56.0613 19.7225 2.735
      vertex 55.7814 19.7225 2.12088
    endloop
  endfacet
  facet normal 0.9099 0 -0.414828
    outer loop
      vertex 55.7814 19.7225 2.12088
      vertex 55.7814 20.4155 2.12088
      vertex 56.1629 20.4155 2.95786
    endloop
  endfacet
  facet normal 0.9099 0 -0.414828
    outer loop
      vertex 55.7814 19.7225 2.12088
      vertex 56.1629 20.4155 2.95786
      vertex 56.1629 20.0764 2.95786
    endloop
  endfacet
  facet normal 0.9099 0 -0.414828
    outer loop
      vertex 56.1629 23.3628 2.95786
      vertex 56.1629 22.6698 2.95786
      vertex 55.7814 22.6698 2.12088
    endloop
  endfacet
  facet normal 0.9099 0 -0.414828
    outer loop
      vertex 55.7814 22.6698 2.12088
      vertex 55.7814 23.3628 2.12088
      vertex 56.1629 23.3628 2.95786
    endloop
  endfacet
  facet normal 0.9099 0 -0.414829
    outer loop
      vertex 56.1629 40.6674 2.95786
      vertex 55.7814 40.6674 2.12088
      vertex 55.7814 41.3605 2.12088
    endloop
  endfacet
  facet normal 0.9099 0 -0.414829
    outer loop
      vertex 55.7814 41.3605 2.12088
      vertex 56.1629 41.3605 2.95786
      vertex 56.1629 40.6674 2.95786
    endloop
  endfacet
  facet normal 0 1 0
    outer loop
      vertex 55.9364 33.964 2.95786
      vertex 56.1629 33.964 2.95786
      vertex 55.7814 33.964 2.12088
    endloop
  endfacet
  facet normal 0 1 0
    outer loop
      vertex 54.7871 33.964 2.12088
      vertex 54.4055 33.964 2.95786
      vertex 54.632 33.964 2.95786
    endloop
  endfacet
  facet normal 0 1 0
    outer loop
      vertex 54.7871 33.964 2.12088
      vertex 54.632 33.964 2.95786
      vertex 54.7065 33.964 2.57332
    endloop
  endfacet
  facet normal 0 1 0
    outer loop
      vertex 55.862 33.964 2.57332
      vertex 55.9364 33.964 2.95786
      vertex 55.7814 33.964 2.12088
    endloop
  endfacet
  facet normal 0 1 0
    outer loop
      vertex 54.7871 33.964 2.12088
      vertex 54.7065 33.964 2.57332
      vertex 55.862 33.964 2.57332
    endloop
  endfacet
  facet normal 0 1 0
    outer loop
      vertex 55.7814 33.964 2.12088
      vertex 54.7871 33.964 2.12088
      vertex 55.862 33.964 2.57332
    endloop
  endfacet
  facet normal 0.9099 0 -0.414828
    outer loop
      vertex 56.1629 21.16 2.95786
      vertex 55.7814 21.16 2.12088
      vertex 55.7814 21.8531 2.12088
    endloop
  endfacet
  facet normal 0.9099 0 -0.414828
    outer loop
      vertex 55.7814 21.8531 2.12088
      vertex 56.1629 21.8531 2.95786
      vertex 56.1629 21.16 2.95786
    endloop
  endfacet
  facet normal 0.9099 0 -0.414828
    outer loop
      vertex 56.1629 36.1866 2.95786
      vertex 55.7814 36.1866 2.12088
      vertex 55.7814 36.8796 2.12088
    endloop
  endfacet
  facet normal 0.9099 0 -0.414828
    outer loop
      vertex 55.7814 36.8796 2.12088
      vertex 56.1629 36.8796 2.95786
      vertex 56.1629 36.1866 2.95786
    endloop
  endfacet
  facet normal 0 -1 0
    outer loop
      vertex 54.632 24.2033 2.95786
      vertex 54.4055 24.2033 2.95786
      vertex 54.7871 24.2033 2.12088
    endloop
  endfacet
  facet normal 0 -1 0
    outer loop
      vertex 55.7814 24.2033 2.12088
      vertex 56.1629 24.2033 2.95786
      vertex 55.9364 24.2033 2.95786
    endloop
  endfacet
  facet normal 0 -1 0
    outer loop
      vertex 55.7814 24.2033 2.12088
      vertex 55.9364 24.2033 2.95786
      vertex 55.862 24.2033 2.57332
    endloop
  endfacet
  facet normal 0 -1 0
    outer loop
      vertex 54.7065 24.2033 2.57332
      vertex 54.632 24.2033 2.95786
      vertex 54.7871 24.2033 2.12088
    endloop
  endfacet
  facet normal 0 -1 0
    outer loop
      vertex 55.7814 24.2033 2.12088
      vertex 55.862 24.2033 2.57332
      vertex 54.7065 24.2033 2.57332
    endloop
  endfacet
  facet normal 0 -1 0
    outer loop
      vertex 54.7871 24.2033 2.12088
      vertex 55.7814 24.2033 2.12088
      vertex 54.7065 24.2033 2.57332
    endloop
  endfacet
  facet normal 0.9099 0 -0.414828
    outer loop
      vertex 56.1629 31.7461 2.95786
      vertex 55.7814 31.7461 2.12088
      vertex 55.7814 32.4392 2.12088
    endloop
  endfacet
  facet normal 0.9099 0 -0.414828
    outer loop
      vertex 55.7814 32.4392 2.12088
      vertex 56.1629 32.4392 2.95786
      vertex 56.1629 31.7461 2.95786
    endloop
  endfacet
  facet normal 0 -1 0
    outer loop
      vertex 54.632 42.1923 2.95786
      vertex 54.4055 42.1923 2.95786
      vertex 54.7871 42.1923 2.12088
    endloop
  endfacet
  facet normal 0 -1 0
    outer loop
      vertex 55.7814 42.1923 2.12088
      vertex 56.1629 42.1923 2.95786
      vertex 55.9364 42.1923 2.95786
    endloop
  endfacet
  facet normal 0 -1 0
    outer loop
      vertex 55.7814 42.1923 2.12088
      vertex 55.9364 42.1923 2.95786
      vertex 55.862 42.1923 2.57332
    endloop
  endfacet
  facet normal 0 -1 0
    outer loop
      vertex 54.7065 42.1923 2.57332
      vertex 54.632 42.1923 2.95786
      vertex 54.7871 42.1923 2.12088
    endloop
  endfacet
  facet normal 0 -1 0
    outer loop
      vertex 55.7814 42.1923 2.12088
      vertex 55.862 42.1923 2.57332
      vertex 54.7065 42.1923 2.57332
    endloop
  endfacet
  facet normal 0 -1 0
    outer loop
      vertex 54.7871 42.1923 2.12088
      vertex 55.7814 42.1923 2.12088
      vertex 54.7065 42.1923 2.57332
    endloop
  endfacet
  facet normal 0.9099 0 -0.414828
    outer loop
      vertex 56.1629 39.827 2.95786
      vertex 56.1629 39.134 2.95786
      vertex 55.7814 39.134 2.12088
    endloop
  endfacet
  facet normal 0.9099 0 -0.414828
    outer loop
      vertex 55.7814 39.134 2.12088
      vertex 55.7814 39.827 2.12088
      vertex 56.1629 39.827 2.95786
    endloop
  endfacet
  facet normal 0 1 0
    outer loop
      vertex 54.8302 50.1804 6.74348
      vertex 54.8302 50.1804 7.85264
      vertex 55.2842 50.1804 6.74348
    endloop
  endfacet
  facet normal 1 0 0
    outer loop
      vertex 55.7383 45.6944 7.78677
      vertex 55.7383 46.4954 7.52575
      vertex 55.7383 47.0039 7.52575
    endloop
  endfacet
  facet normal 1 0 0
    outer loop
      vertex 55.7383 47.0039 7.52575
      vertex 55.7383 45.8039 7.78677
      vertex 55.7383 45.6944 7.78677
    endloop
  endfacet
  facet normal -1 0 0
    outer loop
      vertex 54.8302 30.9132 6.8006
      vertex 54.8302 31.0746 6.74348
      vertex 54.8302 29.97 6.74348
    endloop
  endfacet
  facet normal -1 0 0
    outer loop
      vertex 54.8302 29.8327 7.52575
      vertex 54.8302 28.1881 7.52575
      vertex 54.8302 26.9881 7.85264
    endloop
  endfacet
  facet normal -1 0 0
    outer loop
      vertex 54.8302 26.9881 7.85264
      vertex 54.8302 31.1247 7.85264
      vertex 54.8302 30.2506 7.52575
    endloop
  endfacet
  facet normal -1 0 0
    outer loop
      vertex 54.8302 29.612 6.8006
      vertex 54.8302 30.9132 6.8006
      vertex 54.8302 29.97 6.74348
    endloop
  endfacet
  facet normal -1 0 0
    outer loop
      vertex 54.8302 29.8327 7.52575
      vertex 54.8302 26.9881 7.85264
      vertex 54.8302 30.2506 7.52575
    endloop
  endfacet
  facet normal -1 0 0
    outer loop
      vertex 54.8302 29.612 6.8006
      vertex 54.8302 29.97 6.74348
      vertex 54.8302 29.1941 6.8006
    endloop
  endfacet
  facet normal -1 0 0
    outer loop
      vertex 54.8302 29.8327 7.52575
      vertex 54.8302 30.2506 7.52575
      vertex 54.8302 29.612 6.8006
    endloop
  endfacet
  facet normal -1 0 0
    outer loop
      vertex 54.8302 29.1941 6.8006
      vertex 54.8302 29.8327 7.52575
      vertex 54.8302 29.612 6.8006
    endloop
  endfacet
  facet normal 1 0 0
    outer loop
      vertex 55.7383 29.1941 6.8006
      vertex 55.7383 29.97 6.74348
      vertex 55.7383 31.0746 6.74348
    endloop
  endfacet
  facet normal 1 0 0
    outer loop
      vertex 55.7383 31.0746 6.74348
      vertex 55.7383 30.9132 6.8006
      vertex 55.7383 29.612 6.8006
    endloop
  endfacet
  facet normal 1 0 0
    outer loop
      vertex 55.7383 30.2506 7.52575
      vertex 55.7383 31.1247 7.85264
      vertex 55.7383 26.9881 7.85264
    endloop
  endfacet
  facet normal 1 0 0
    outer loop
      vertex 55.7383 29.1941 6.8006
      vertex 55.7383 31.0746 6.74348
      vertex 55.7383 29.612 6.8006
    endloop
  endfacet
  facet normal 1 0 0
    outer loop
      vertex 55.7383 26.9881 7.85264
      vertex 55.7383 28.1881 7.52575
      vertex 55.7383 29.8327 7.52575
    endloop
  endfacet
  facet normal 1 0 0
    outer loop
      vertex 55.7383 29.8327 7.52575
      vertex 55.7383 29.1941 6.8006
      vertex 55.7383 29.612 6.8006
    endloop
  endfacet
  facet normal 1 0 0
    outer loop
      vertex 55.7383 30.2506 7.52575
      vertex 55.7383 26.9881 7.85264
      vertex 55.7383 29.8327 7.52575
    endloop
  endfacet
  facet normal 1 0 0
    outer loop
      vertex 55.7383 29.612 6.8006
      vertex 55.7383 30.2506 7.52575
      vertex 55.7383 29.8327 7.52575
    endloop
  endfacet
  facet normal 0 1 0
    outer loop
      vertex 55.7383 50.1804 7.85264
      vertex 55.7383 50.1804 6.74348
      vertex 55.2842 50.1804 6.74348
    endloop
  endfacet
  facet normal 0 1 0
    outer loop
      vertex 55.2842 50.1804 6.74348
      vertex 54.8302 50.1804 7.85264
      vertex 55.7383 50.1804 7.85264
    endloop
  endfacet
  facet normal 0 1 0
    outer loop
      vertex 54.8302 31.3646 6.74348
      vertex 54.8302 31.3646 7.85264
      vertex 55.7383 31.3646 7.85264
    endloop
  endfacet
  facet normal 0 1 0
    outer loop
      vertex 55.7383 31.3646 7.85264
      vertex 55.7383 31.3646 6.74348
      vertex 55.2842 31.3646 6.74348
    endloop
  endfacet
  facet normal 0 1 0
    outer loop
      vertex 55.7383 31.3646 7.85264
      vertex 55.2842 31.3646 6.74348
      vertex 54.8302 31.3646 6.74348
    endloop
  endfacet
  facet normal -1 0 0
    outer loop
      vertex 54.8302 30.2506 7.52575
      vertex 54.8302 31.1247 7.85264
      vertex 54.8302 31.3646 7.85264
    endloop
  endfacet
  facet normal -1 0 0
    outer loop
      vertex 54.8302 31.3646 7.85264
      vertex 54.8302 31.3646 6.74348
      vertex 54.8302 31.0746 6.74348
    endloop
  endfacet
  facet normal -1 0 0
    outer loop
      vertex 54.8302 31.0746 6.74348
      vertex 54.8302 30.9132 6.8006
      vertex 54.8302 30.2745 7.52575
    endloop
  endfacet
  facet normal -1 0 0
    outer loop
      vertex 54.8302 30.2745 7.52575
      vertex 54.8302 30.2506 7.52575
      vertex 54.8302 31.3646 7.85264
    endloop
  endfacet
  facet normal -1 0 0
    outer loop
      vertex 54.8302 31.3646 7.85264
      vertex 54.8302 31.0746 6.74348
      vertex 54.8302 30.2745 7.52575
    endloop
  endfacet
  facet normal 0 0 -1
    outer loop
      vertex 54.5557 14.4147 7.85264
      vertex 54.5557 56.1901 7.85264
      vertex 54.8302 50.1804 7.85264
    endloop
  endfacet
  facet normal -1 0 0
    outer loop
      vertex 54.8302 49.9456 7.85264
      vertex 54.8302 45.8039 7.85249
      vertex 54.8302 45.6944 7.85249
    endloop
  endfacet
  facet normal 0 0 -1
    outer loop
      vertex 54.5557 14.4147 7.85264
      vertex 54.8302 50.1804 7.85264
      vertex 54.8302 49.9456 7.85264
    endloop
  endfacet
  facet normal -0.00431221 3.33121e-05 -0.999991
    outer loop
      vertex 54.5557 14.4147 7.85264
      vertex 54.8302 49.9456 7.85264
      vertex 54.8302 45.6944 7.85249
    endloop
  endfacet
  facet normal 0.0726921 -0.000642389 -0.997354
    outer loop
      vertex 54.5557 14.4147 7.85264
      vertex 54.8302 45.6944 7.85249
      vertex 54.8302 45.4745 7.85264
    endloop
  endfacet
  facet normal 0 0 -1
    outer loop
      vertex 54.8302 31.3646 7.85264
      vertex 54.5557 14.4147 7.85264
      vertex 54.8302 45.4745 7.85264
    endloop
  endfacet
  facet normal 0 0 -1
    outer loop
      vertex 55.7383 45.4745 7.85264
      vertex 56.0128 56.1901 7.85264
      vertex 56.0128 14.4147 7.85264
    endloop
  endfacet
  facet normal 0 0 -1
    outer loop
      vertex 54.8302 31.3646 7.85264
      vertex 54.8302 45.4745 7.85264
      vertex 55.7383 45.4745 7.85264
    endloop
  endfacet
  facet normal 0 0 0
    outer loop
      vertex 55.7383 26.9881 7.85264
      vertex 55.7383 31.1247 7.85264
      vertex 55.7383 31.3646 7.85264
    endloop
  endfacet
  facet normal 0 0 -1
    outer loop
      vertex 55.7383 31.3646 7.85264
      vertex 54.8302 31.3646 7.85264
      vertex 55.7383 45.4745 7.85264
    endloop
  endfacet
  facet normal 0 0 -1
    outer loop
      vertex 56.0128 14.4147 7.85264
      vertex 55.7383 26.6587 7.85264
      vertex 55.7383 26.9881 7.85264
    endloop
  endfacet
  facet normal 0 0 -1
    outer loop
      vertex 55.7383 31.3646 7.85264
      vertex 55.7383 45.4745 7.85264
      vertex 56.0128 14.4147 7.85264
    endloop
  endfacet
  facet normal 0 0 -1
    outer loop
      vertex 56.0128 14.4147 7.85264
      vertex 55.7383 26.9881 7.85264
      vertex 55.7383 31.3646 7.85264
    endloop
  endfacet
  facet normal 0 0 -1
    outer loop
      vertex 54.5557 14.4147 7.85264
      vertex 54.8302 31.3646 7.85264
      vertex 54.8302 31.1298 7.85264
    endloop
  endfacet
  facet normal 0 0 0
    outer loop
      vertex 54.8302 26.9881 7.85264
      vertex 54.8302 26.8786 7.85264
      vertex 54.8302 26.6587 7.85264
    endloop
  endfacet
  facet normal 0 0 -1
    outer loop
      vertex 54.5557 14.4147 7.85264
      vertex 54.8302 31.1298 7.85264
      vertex 54.8302 26.9881 7.85264
    endloop
  endfacet
  facet normal 0 0 -1
    outer loop
      vertex 55.7383 26.6587 7.85264
      vertex 56.0128 14.4147 7.85264
      vertex 54.5557 14.4147 7.85264
    endloop
  endfacet
  facet normal 0 0 -1
    outer loop
      vertex 54.5557 14.4147 7.85264
      vertex 54.8302 26.9881 7.85264
      vertex 54.8302 26.6587 7.85264
    endloop
  endfacet
  facet normal 0 0 -1
    outer loop
      vertex 54.8302 26.6587 7.85264
      vertex 55.7383 26.6587 7.85264
      vertex 54.5557 14.4147 7.85264
    endloop
  endfacet
  facet normal 1 0 0
    outer loop
      vertex 55.7383 46.4954 7.52575
      vertex 55.7383 45.6944 7.78677
      vertex 55.7383 45.4745 7.85264
    endloop
  endfacet
  facet normal 1 0 0
    outer loop
      vertex 55.7383 45.4745 7.85264
      vertex 55.7383 45.4745 6.74348
      vertex 55.7383 45.7047 6.74348
    endloop
  endfacet
  facet normal 1 0 0
    outer loop
      vertex 55.7383 45.7047 6.74348
      vertex 55.7383 45.8328 6.8006
      vertex 55.7383 46.4715 7.52575
    endloop
  endfacet
  facet normal 1 0 0
    outer loop
      vertex 55.7383 46.4715 7.52575
      vertex 55.7383 46.4954 7.52575
      vertex 55.7383 45.4745 7.85264
    endloop
  endfacet
  facet normal 1 0 0
    outer loop
      vertex 55.7383 45.4745 7.85264
      vertex 55.7383 45.7047 6.74348
      vertex 55.7383 46.4715 7.52575
    endloop
  endfacet
  facet normal 1 0 0
    outer loop
      vertex 55.7383 27.6795 7.52575
      vertex 55.7383 26.8786 7.85264
      vertex 55.7383 26.6587 7.85264
    endloop
  endfacet
  facet normal 1 0 0
    outer loop
      vertex 55.7383 26.6587 7.85264
      vertex 55.7383 26.6587 6.74348
      vertex 55.7383 26.8889 6.74348
    endloop
  endfacet
  facet normal 1 0 0
    outer loop
      vertex 55.7383 26.8889 6.74348
      vertex 55.7383 27.017 6.8006
      vertex 55.7383 27.6556 7.52575
    endloop
  endfacet
  facet normal 1 0 0
    outer loop
      vertex 55.7383 27.6556 7.52575
      vertex 55.7383 27.6795 7.52575
      vertex 55.7383 26.6587 7.85264
    endloop
  endfacet
  facet normal 1 0 0
    outer loop
      vertex 55.7383 26.6587 7.85264
      vertex 55.7383 26.8889 6.74348
      vertex 55.7383 27.6556 7.52575
    endloop
  endfacet
  facet normal -1 0 0
    outer loop
      vertex 54.5557 63.2491 9.3098
      vertex 54.5557 63.2491 8.91828
      vertex 54.5557 62.881 8.91828
    endloop
  endfacet
  facet normal -1 0 0
    outer loop
      vertex 54.5557 63.2491 9.3098
      vertex 54.5557 62.881 8.91828
      vertex 54.5557 62.881 9.10718
    endloop
  endfacet
  facet normal -1 0 0
    outer loop
      vertex 54.5557 60.2373 8.91828
      vertex 54.5557 60.2373 9.3098
      vertex 54.5557 63.2491 9.3098
    endloop
  endfacet
  facet normal -1 0 0
    outer loop
      vertex 54.5557 62.2878 9.10718
      vertex 54.5557 62.2878 8.91828
      vertex 54.5557 60.2373 8.91828
    endloop
  endfacet
  facet normal -1 0 0
    outer loop
      vertex 54.5557 63.2491 9.3098
      vertex 54.5557 62.881 9.10718
      vertex 54.5557 62.2878 9.10718
    endloop
  endfacet
  facet normal -1 0 0
    outer loop
      vertex 54.5557 63.2491 9.3098
      vertex 54.5557 62.2878 9.10718
      vertex 54.5557 60.2373 8.91828
    endloop
  endfacet
  facet normal -1 0 0
    outer loop
      vertex 54.5557 14.1002 9.3098
      vertex 54.5557 56.1901 9.3098
      vertex 54.5557 36.6134 9.10718
    endloop
  endfacet
  facet normal -1 0 0
    outer loop
      vertex 54.5557 36.6134 8.06244
      vertex 54.5557 56.1901 7.85264
      vertex 54.5557 14.4147 7.85264
    endloop
  endfacet
  facet normal -1 0 0
    outer loop
      vertex 54.5557 32.9511 9.10718
      vertex 54.5557 14.1002 9.3098
      vertex 54.5557 36.6134 9.10718
    endloop
  endfacet
  facet normal -1 0 0
    outer loop
      vertex 54.5557 14.4147 7.85264
      vertex 54.5557 32.3578 8.06244
      vertex 54.5557 32.951 8.06244
    endloop
  endfacet
  facet normal -1 0 0
    outer loop
      vertex 54.5557 32.951 8.06244
      vertex 54.5557 32.9511 9.10718
      vertex 54.5557 36.6134 9.10718
    endloop
  endfacet
  facet normal -1 0 0
    outer loop
      vertex 54.5557 36.6134 8.06244
      vertex 54.5557 14.4147 7.85264
      vertex 54.5557 32.951 8.06244
    endloop
  endfacet
  facet normal -1 0 0
    outer loop
      vertex 54.5557 36.6134 9.10718
      vertex 54.5557 36.6134 8.06244
      vertex 54.5557 32.951 8.06244
    endloop
  endfacet
  facet normal 0 -1 0
    outer loop
      vertex 55.7383 26.6587 6.74348
      vertex 55.7383 26.6587 7.85264
      vertex 54.8302 26.6587 7.85264
    endloop
  endfacet
  facet normal 0 -1 0
    outer loop
      vertex 54.8302 26.6587 7.85264
      vertex 54.8302 26.6587 6.74348
      vertex 55.2842 26.6587 6.74348
    endloop
  endfacet
  facet normal 0 -1 0
    outer loop
      vertex 54.8302 26.6587 7.85264
      vertex 55.2842 26.6587 6.74348
      vertex 55.7383 26.6587 6.74348
    endloop
  endfacet
  facet normal 0 0 1
    outer loop
      vertex 56.0128 63.2491 8.91828
      vertex 56.0128 62.881 8.91828
      vertex 56.2019 62.881 8.91828
    endloop
  endfacet
  facet normal 0 0 1
    outer loop
      vertex 56.2019 62.881 8.91828
      vertex 56.2019 63.2491 8.91828
      vertex 56.0128 63.2491 8.91828
    endloop
  endfacet
  facet normal 1 0 0
    outer loop
      vertex 55.7383 50.1804 6.74348
      vertex 55.7383 50.1804 7.85264
      vertex 55.7383 49.9405 7.85264
    endloop
  endfacet
  facet normal 1 0 0
    outer loop
      vertex 55.7383 49.9405 7.85264
      vertex 55.7383 49.0665 7.52575
      vertex 55.7383 49.0904 7.52575
    endloop
  endfacet
  facet normal 1 0 0
    outer loop
      vertex 55.7383 49.0904 7.52575
      vertex 55.7383 49.729 6.8006
      vertex 55.7383 49.8904 6.74348
    endloop
  endfacet
  facet normal 1 0 0
    outer loop
      vertex 55.7383 49.8904 6.74348
      vertex 55.7383 50.1804 6.74348
      vertex 55.7383 49.9405 7.85264
    endloop
  endfacet
  facet normal 1 0 0
    outer loop
      vertex 55.7383 49.9405 7.85264
      vertex 55.7383 49.0904 7.52575
      vertex 55.7383 49.8904 6.74348
    endloop
  endfacet
  facet normal 0 0 1
    outer loop
      vertex 56.0128 60.2373 9.3098
      vertex 56.0128 63.2491 9.3098
      vertex 55.2842 63.2491 9.3098
    endloop
  endfacet
  facet normal 0 0 1
    outer loop
      vertex 55.2842 63.2491 9.3098
      vertex 54.5557 63.2491 9.3098
      vertex 54.5557 60.2373 9.3098
    endloop
  endfacet
  facet normal 0 0 1
    outer loop
      vertex 55.2842 60.2373 9.3098
      vertex 56.0128 60.2373 9.3098
      vertex 55.2842 63.2491 9.3098
    endloop
  endfacet
  facet normal 0 0 1
    outer loop
      vertex 55.2842 63.2491 9.3098
      vertex 54.5557 60.2373 9.3098
      vertex 55.2842 60.2373 9.3098
    endloop
  endfacet
  facet normal 0 0 1
    outer loop
      vertex 56.0128 14.1002 9.3098
      vertex 56.0128 56.1901 9.3098
      vertex 55.2842 56.1901 9.3098
    endloop
  endfacet
  facet normal 0 0 1
    outer loop
      vertex 55.2842 56.1901 9.3098
      vertex 54.5557 56.1901 9.3098
      vertex 54.5557 14.1002 9.3098
    endloop
  endfacet
  facet normal 0 0 1
    outer loop
      vertex 55.2842 56.1901 9.3098
      vertex 54.5557 14.1002 9.3098
      vertex 56.0128 14.1002 9.3098
    endloop
  endfacet
  facet normal 0 -1 0
    outer loop
      vertex 55.2842 63.2491 9.73401
      vertex 55.2842 63.2491 9.3098
      vertex 56.0128 63.2491 9.3098
    endloop
  endfacet
  facet normal 0 -1 0
    outer loop
      vertex 56.0128 63.2491 9.3098
      vertex 56.0128 63.2491 8.91828
      vertex 56.2019 63.2491 8.91828
    endloop
  endfacet
  facet normal 0 -1 0
    outer loop
      vertex 56.9672 63.2491 9.73401
      vertex 55.2842 63.2491 9.73401
      vertex 56.0128 63.2491 9.3098
    endloop
  endfacet
  facet normal 0 -1 0
    outer loop
      vertex 56.0128 63.2491 9.3098
      vertex 56.2019 63.2491 8.91828
      vertex 56.9672 63.2491 9.73401
    endloop
  endfacet
  facet normal 0 0 1
    outer loop
      vertex 54.5557 60.2373 8.91828
      vertex 54.5557 62.2878 8.91828
      vertex 54.3665 62.2878 8.91828
    endloop
  endfacet
  facet normal 0 0 1
    outer loop
      vertex 54.3665 62.2878 8.91828
      vertex 54.3665 60.2373 8.91828
      vertex 54.5557 60.2373 8.91828
    endloop
  endfacet
  facet normal 1 0 0
    outer loop
      vertex 56.0128 14.4147 7.85264
      vertex 56.0128 56.1901 7.85264
      vertex 56.0128 37.2066 8.06244
    endloop
  endfacet
  facet normal 1 0 0
    outer loop
      vertex 56.0128 14.4147 7.85264
      vertex 56.0128 37.2066 8.06244
      vertex 56.0128 36.6134 8.06244
    endloop
  endfacet
  facet normal 1 0 0
    outer loop
      vertex 56.0128 32.951 8.06244
      vertex 56.0128 14.4147 7.85264
      vertex 56.0128 36.6134 8.06244
    endloop
  endfacet
  facet normal 1 0 0
    outer loop
      vertex 56.0128 36.6134 9.10718
      vertex 56.0128 37.2066 9.10718
      vertex 56.0128 56.1901 9.3098
    endloop
  endfacet
  facet normal 1 0 0
    outer loop
      vertex 56.0128 32.951 8.06244
      vertex 56.0128 36.6134 8.06244
      vertex 56.0128 36.6134 9.10718
    endloop
  endfacet
  facet normal 1 0 0
    outer loop
      vertex 56.0128 14.1002 9.3098
      vertex 56.0128 32.3578 9.10718
      vertex 56.0128 32.951 9.10718
    endloop
  endfacet
  facet normal 1 0 0
    outer loop
      vertex 56.0128 32.951 9.10718
      vertex 56.0128 32.951 8.06244
      vertex 56.0128 36.6134 9.10718
    endloop
  endfacet
  facet normal 1 0 0
    outer loop
      vertex 56.0128 36.6134 9.10718
      vertex 56.0128 56.1901 9.3098
      vertex 56.0128 14.1002 9.3098
    endloop
  endfacet
  facet normal 1 0 0
    outer loop
      vertex 56.0128 36.6134 9.10718
      vertex 56.0128 14.1002 9.3098
      vertex 56.0128 32.951 9.10718
    endloop
  endfacet
  facet normal 1 0 0
    outer loop
      vertex 56.0128 63.2491 9.3098
      vertex 56.0128 60.2373 9.3098
      vertex 56.0128 60.2373 8.91828
    endloop
  endfacet
  facet normal 1 0 0
    outer loop
      vertex 56.0128 60.2373 8.91828
      vertex 56.0128 62.2878 8.91828
      vertex 56.0128 62.2878 9.10718
    endloop
  endfacet
  facet normal 1 0 0
    outer loop
      vertex 56.0128 62.881 9.10718
      vertex 56.0128 62.881 8.91828
      vertex 56.0128 63.2491 8.91828
    endloop
  endfacet
  facet normal 1 0 0
    outer loop
      vertex 56.0128 63.2491 9.3098
      vertex 56.0128 60.2373 8.91828
      vertex 56.0128 62.2878 9.10718
    endloop
  endfacet
  facet normal 1 0 0
    outer loop
      vertex 56.0128 62.881 9.10718
      vertex 56.0128 63.2491 8.91828
      vertex 56.0128 63.2491 9.3098
    endloop
  endfacet
  facet normal 1 0 0
    outer loop
      vertex 56.0128 62.2878 9.10718
      vertex 56.0128 62.881 9.10718
      vertex 56.0128 63.2491 9.3098
    endloop
  endfacet
  facet normal 1 0 0
    outer loop
      vertex 55.7383 31.3646 6.74348
      vertex 55.7383 31.3646 7.85264
      vertex 55.7383 31.1247 7.85264
    endloop
  endfacet
  facet normal 1 0 0
    outer loop
      vertex 55.7383 31.1247 7.85264
      vertex 55.7383 30.2506 7.52575
      vertex 55.7383 30.2745 7.52575
    endloop
  endfacet
  facet normal 1 0 0
    outer loop
      vertex 55.7383 30.2745 7.52575
      vertex 55.7383 30.9132 6.8006
      vertex 55.7383 31.0746 6.74348
    endloop
  endfacet
  facet normal 1 0 0
    outer loop
      vertex 55.7383 31.0746 6.74348
      vertex 55.7383 31.3646 6.74348
      vertex 55.7383 31.1247 7.85264
    endloop
  endfacet
  facet normal 1 0 0
    outer loop
      vertex 55.7383 31.1247 7.85264
      vertex 55.7383 30.2745 7.52575
      vertex 55.7383 31.0746 6.74348
    endloop
  endfacet
  facet normal -1 0 0
    outer loop
      vertex 54.8302 26.6587 6.74348
      vertex 54.8302 26.6587 7.85264
      vertex 54.8302 26.8786 7.85264
    endloop
  endfacet
  facet normal -1 0 0
    outer loop
      vertex 54.8302 26.8786 7.85264
      vertex 54.8302 27.6795 7.52575
      vertex 54.8302 27.6556 7.52575
    endloop
  endfacet
  facet normal -1 0 0
    outer loop
      vertex 54.8302 27.6556 7.52575
      vertex 54.8302 27.017 6.8006
      vertex 54.8302 26.8889 6.74348
    endloop
  endfacet
  facet normal -1 0 0
    outer loop
      vertex 54.8302 26.8889 6.74348
      vertex 54.8302 26.6587 6.74348
      vertex 54.8302 26.8786 7.85264
    endloop
  endfacet
  facet normal -1 0 0
    outer loop
      vertex 54.8302 26.8786 7.85264
      vertex 54.8302 27.6556 7.52575
      vertex 54.8302 26.8889 6.74348
    endloop
  endfacet
  facet normal 0 -1 0
    outer loop
      vertex 54.3665 63.2491 8.91828
      vertex 54.5557 63.2491 8.91828
      vertex 54.5557 63.2491 9.3098
    endloop
  endfacet
  facet normal 0 -1 0
    outer loop
      vertex 54.5557 63.2491 9.3098
      vertex 55.2842 63.2491 9.3098
      vertex 55.2842 63.2491 9.73401
    endloop
  endfacet
  facet normal 0 -1 0
    outer loop
      vertex 53.6013 63.2491 9.73401
      vertex 54.3665 63.2491 8.91828
      vertex 54.5557 63.2491 9.3098
    endloop
  endfacet
  facet normal 0 -1 0
    outer loop
      vertex 54.5557 63.2491 9.3098
      vertex 55.2842 63.2491 9.73401
      vertex 53.6013 63.2491 9.73401
    endloop
  endfacet
  facet normal 0 -1 0
    outer loop
      vertex 54.5557 49.4541 8.06244
      vertex 54.5557 49.4541 9.10718
      vertex 54.2865 49.4541 8.95257
    endloop
  endfacet
  facet normal 0 -1 0
    outer loop
      vertex 54.2865 49.4541 8.95257
      vertex 54.2865 49.4541 8.21704
      vertex 54.5557 49.4541 8.06244
    endloop
  endfacet
  facet normal -0.498023 0 -0.867164
    outer loop
      vertex 54.5557 32.951 8.06244
      vertex 54.5557 32.3578 8.06244
      vertex 54.2865 32.3578 8.21704
    endloop
  endfacet
  facet normal -0.498023 0 -0.867164
    outer loop
      vertex 54.2865 32.3578 8.21704
      vertex 54.2865 32.951 8.21704
      vertex 54.5557 32.951 8.06244
    endloop
  endfacet
  facet normal 0 0 1
    outer loop
      vertex 54.3665 62.881 8.91828
      vertex 54.5557 62.881 8.91828
      vertex 54.5557 63.2491 8.91828
    endloop
  endfacet
  facet normal 0 0 1
    outer loop
      vertex 54.5557 63.2491 8.91828
      vertex 54.3665 63.2491 8.91828
      vertex 54.3665 62.881 8.91828
    endloop
  endfacet
  facet normal 0.498021 0 0.867165
    outer loop
      vertex 56.0128 54.3174 9.10718
      vertex 56.0128 53.7242 9.10718
      vertex 56.282 53.7242 8.95257
    endloop
  endfacet
  facet normal 0.498021 0 0.867165
    outer loop
      vertex 56.282 53.7242 8.95257
      vertex 56.282 54.3174 8.95257
      vertex 56.0128 54.3174 9.10718
    endloop
  endfacet
  facet normal -0.498023 0 -0.867164
    outer loop
      vertex 54.5557 15.8806 8.06244
      vertex 54.5557 15.2874 8.06244
      vertex 54.2865 15.2874 8.21704
    endloop
  endfacet
  facet normal -0.498023 0 -0.867164
    outer loop
      vertex 54.2865 15.2874 8.21704
      vertex 54.2865 15.8806 8.21704
      vertex 54.5557 15.8806 8.06244
    endloop
  endfacet
  facet normal 0.498021 0 0.867165
    outer loop
      vertex 56.0128 20.1318 9.10718
      vertex 56.0128 19.5386 9.10718
      vertex 56.282 19.5386 8.95257
    endloop
  endfacet
  facet normal 0.498021 0 0.867165
    outer loop
      vertex 56.282 19.5386 8.95257
      vertex 56.282 20.1318 8.95257
      vertex 56.0128 20.1318 9.10718
    endloop
  endfacet
  facet normal 0 -1 0
    outer loop
      vertex 54.5557 75.1285 8.06244
      vertex 54.5557 75.1285 9.10718
      vertex 54.2865 75.1285 8.95257
    endloop
  endfacet
  facet normal 0 -1 0
    outer loop
      vertex 54.2865 75.1285 8.95257
      vertex 54.2865 75.1285 8.21704
      vertex 54.5557 75.1285 8.06244
    endloop
  endfacet
  facet normal 0 0 1
    outer loop
      vertex 56.2019 62.2878 8.91828
      vertex 56.0128 62.2878 8.91828
      vertex 56.0128 60.2373 8.91828
    endloop
  endfacet
  facet normal 0 0 1
    outer loop
      vertex 56.0128 60.2373 8.91828
      vertex 56.2019 60.2373 8.91828
      vertex 56.2019 62.2878 8.91828
    endloop
  endfacet
  facet normal -0.498023 0 -0.867164
    outer loop
      vertex 54.5557 54.3174 8.06244
      vertex 54.5557 53.7242 8.06244
      vertex 54.2865 53.7242 8.21704
    endloop
  endfacet
  facet normal -0.498023 0 -0.867164
    outer loop
      vertex 54.2865 53.7242 8.21704
      vertex 54.2865 54.3174 8.21704
      vertex 54.5557 54.3174 8.06244
    endloop
  endfacet
  facet normal 0 -1 0
    outer loop
      vertex 54.5557 32.3578 8.06244
      vertex 54.5557 32.3578 9.10718
      vertex 54.2865 32.3578 8.95257
    endloop
  endfacet
  facet normal 0 -1 0
    outer loop
      vertex 54.2865 32.3578 8.95257
      vertex 54.2865 32.3578 8.21704
      vertex 54.5557 32.3578 8.06244
    endloop
  endfacet
  facet normal 1 0 0
    outer loop
      vertex 56.0128 14.4147 7.85264
      vertex 56.0128 15.8806 8.06244
      vertex 56.0128 15.2874 8.06244
    endloop
  endfacet
  facet normal 1 0 0
    outer loop
      vertex 56.0128 15.2874 9.10718
      vertex 56.0128 15.8806 9.10718
      vertex 56.0128 14.1002 9.3098
    endloop
  endfacet
  facet normal 1 0 0
    outer loop
      vertex 56.0128 14.4147 7.85264
      vertex 56.0128 15.2874 8.06244
      vertex 56.0128 15.2874 9.10718
    endloop
  endfacet
  facet normal 1 0 0
    outer loop
      vertex 56.0128 14.4147 7.85264
      vertex 56.0128 15.2874 9.10718
      vertex 56.0128 14.1002 9.3098
    endloop
  endfacet
  facet normal 1 0 0
    outer loop
      vertex 56.0128 15.8806 8.06244
      vertex 56.0128 14.4147 7.85264
      vertex 56.0128 20.1318 8.06244
    endloop
  endfacet
  facet normal 0 0 0
    outer loop
      vertex 56.0128 15.8806 8.06244
      vertex 56.0128 20.1318 8.06244
      vertex 56.0128 19.5386 8.06244
    endloop
  endfacet
  facet normal 1 0 0
    outer loop
      vertex 56.0128 20.1318 9.10718
      vertex 56.0128 14.1002 9.3098
      vertex 56.0128 15.8806 9.10718
    endloop
  endfacet
  facet normal 1 0 0
    outer loop
      vertex 56.0128 15.8806 9.10718
      vertex 56.0128 15.8806 8.06244
      vertex 56.0128 19.5386 8.06244
    endloop
  endfacet
  facet normal 0 0 0
    outer loop
      vertex 56.0128 19.5386 9.10718
      vertex 56.0128 20.1318 9.10718
      vertex 56.0128 15.8806 9.10718
    endloop
  endfacet
  facet normal 1 0 0
    outer loop
      vertex 56.0128 15.8806 9.10718
      vertex 56.0128 19.5386 8.06244
      vertex 56.0128 19.5386 9.10718
    endloop
  endfacet
  facet normal 1 0 0
    outer loop
      vertex 56.0128 14.4147 7.85264
      vertex 56.0128 24.3874 8.06244
      vertex 56.0128 23.7942 8.06244
    endloop
  endfacet
  facet normal 1 0 0
    outer loop
      vertex 56.0128 23.7942 9.10718
      vertex 56.0128 24.3874 9.10718
      vertex 56.0128 14.1002 9.3098
    endloop
  endfacet
  facet normal 1 0 0
    outer loop
      vertex 56.0128 20.1318 8.06244
      vertex 56.0128 14.4147 7.85264
      vertex 56.0128 23.7942 8.06244
    endloop
  endfacet
  facet normal 1 0 0
    outer loop
      vertex 56.0128 23.7942 9.10718
      vertex 56.0128 14.1002 9.3098
      vertex 56.0128 20.1318 9.10718
    endloop
  endfacet
  facet normal 1 0 0
    outer loop
      vertex 56.0128 20.1318 9.10718
      vertex 56.0128 20.1318 8.06244
      vertex 56.0128 23.7942 8.06244
    endloop
  endfacet
  facet normal 1 0 0
    outer loop
      vertex 56.0128 20.1318 9.10718
      vertex 56.0128 23.7942 8.06244
      vertex 56.0128 23.7942 9.10718
    endloop
  endfacet
  facet normal 1 0 0
    outer loop
      vertex 56.0128 14.4147 7.85264
      vertex 56.0128 28.6998 8.06244
      vertex 56.0128 28.1066 8.06244
    endloop
  endfacet
  facet normal 1 0 0
    outer loop
      vertex 56.0128 28.1066 9.10718
      vertex 56.0128 28.6998 9.10718
      vertex 56.0128 14.1002 9.3098
    endloop
  endfacet
  facet normal 1 0 0
    outer loop
      vertex 56.0128 24.3874 8.06244
      vertex 56.0128 14.4147 7.85264
      vertex 56.0128 28.1066 8.06244
    endloop
  endfacet
  facet normal 1 0 0
    outer loop
      vertex 56.0128 28.1066 9.10718
      vertex 56.0128 14.1002 9.3098
      vertex 56.0128 24.3874 9.10718
    endloop
  endfacet
  facet normal 1 0 0
    outer loop
      vertex 56.0128 24.3874 9.10718
      vertex 56.0128 24.3874 8.06244
      vertex 56.0128 28.1066 8.06244
    endloop
  endfacet
  facet normal 1 0 0
    outer loop
      vertex 56.0128 24.3874 9.10718
      vertex 56.0128 28.1066 8.06244
      vertex 56.0128 28.1066 9.10718
    endloop
  endfacet
  facet normal 1 0 0
    outer loop
      vertex 56.0128 14.4147 7.85264
      vertex 56.0128 32.951 8.06244
      vertex 56.0128 32.3578 8.06244
    endloop
  endfacet
  facet normal 1 0 0
    outer loop
      vertex 56.0128 32.3578 9.10718
      vertex 56.0128 14.1002 9.3098
      vertex 56.0128 28.6998 9.10718
    endloop
  endfacet
  facet normal 1 0 0
    outer loop
      vertex 56.0128 28.6998 8.06244
      vertex 56.0128 14.4147 7.85264
      vertex 56.0128 32.3578 8.06244
    endloop
  endfacet
  facet normal 1 0 0
    outer loop
      vertex 56.0128 32.3578 9.10718
      vertex 56.0128 28.6998 9.10718
      vertex 56.0128 28.6998 8.06244
    endloop
  endfacet
  facet normal 1 0 0
    outer loop
      vertex 56.0128 28.6998 8.06244
      vertex 56.0128 32.3578 8.06244
      vertex 56.0128 32.3578 9.10718
    endloop
  endfacet
  facet normal 1 0 0
    outer loop
      vertex 56.0128 56.1901 9.3098
      vertex 56.0128 53.7242 9.10718
      vertex 56.0128 54.3174 9.10718
    endloop
  endfacet
  facet normal 1 0 0
    outer loop
      vertex 56.0128 54.3174 9.10718
      vertex 56.0128 54.3174 8.06244
      vertex 56.0128 56.1901 7.85264
    endloop
  endfacet
  facet normal 1 0 0
    outer loop
      vertex 56.0128 56.1901 9.3098
      vertex 56.0128 54.3174 9.10718
      vertex 56.0128 56.1901 7.85264
    endloop
  endfacet
  facet normal 1 0 0
    outer loop
      vertex 56.0128 53.7242 9.10718
      vertex 56.0128 56.1901 9.3098
      vertex 56.0128 45.7917 9.10718
    endloop
  endfacet
  facet normal 0 0 0
    outer loop
      vertex 56.0128 53.7242 9.10718
      vertex 56.0128 45.7917 9.10718
      vertex 56.0128 50.0473 9.10718
    endloop
  endfacet
  facet normal 1 0 0
    outer loop
      vertex 56.0128 56.1901 7.85264
      vertex 56.0128 54.3174 8.06244
      vertex 56.0128 53.7242 8.06244
    endloop
  endfacet
  facet normal 1 0 0
    outer loop
      vertex 56.0128 53.7242 8.06244
      vertex 56.0128 53.7242 9.10718
      vertex 56.0128 50.0473 9.10718
    endloop
  endfacet
  facet normal 1 0 0
    outer loop
      vertex 56.0128 50.0473 8.06244
      vertex 56.0128 56.1901 7.85264
      vertex 56.0128 53.7242 8.06244
    endloop
  endfacet
  facet normal 1 0 0
    outer loop
      vertex 56.0128 53.7242 8.06244
      vertex 56.0128 50.0473 9.10718
      vertex 56.0128 50.0473 8.06244
    endloop
  endfacet
  facet normal 0 0 0
    outer loop
      vertex 56.0128 49.4541 9.10718
      vertex 56.0128 50.0473 9.10718
      vertex 56.0128 45.7917 9.10718
    endloop
  endfacet
  facet normal 1 0 0
    outer loop
      vertex 56.0128 45.7917 8.06244
      vertex 56.0128 56.1901 7.85264
      vertex 56.0128 50.0473 8.06244
    endloop
  endfacet
  facet normal 1 0 0
    outer loop
      vertex 56.0128 49.4541 8.06244
      vertex 56.0128 49.4541 9.10718
      vertex 56.0128 45.7917 9.10718
    endloop
  endfacet
  facet normal 0 0 0
    outer loop
      vertex 56.0128 45.7917 8.06244
      vertex 56.0128 50.0473 8.06244
      vertex 56.0128 49.4541 8.06244
    endloop
  endfacet
  facet normal 1 0 0
    outer loop
      vertex 56.0128 49.4541 8.06244
      vertex 56.0128 45.7917 9.10718
      vertex 56.0128 45.7917 8.06244
    endloop
  endfacet
  facet normal 1 0 0
    outer loop
      vertex 56.0128 45.1985 9.10718
      vertex 56.0128 45.7917 9.10718
      vertex 56.0128 56.1901 9.3098
    endloop
  endfacet
  facet normal 1 0 0
    outer loop
      vertex 56.0128 56.1901 9.3098
      vertex 56.0128 37.2066 9.10718
      vertex 56.0128 41.5405 9.10718
    endloop
  endfacet
  facet normal 1 0 0
    outer loop
      vertex 56.0128 56.1901 7.85264
      vertex 56.0128 45.7917 8.06244
      vertex 56.0128 45.1985 8.06244
    endloop
  endfacet
  facet normal 1 0 0
    outer loop
      vertex 56.0128 45.1985 9.10718
      vertex 56.0128 56.1901 9.3098
      vertex 56.0128 41.5405 9.10718
    endloop
  endfacet
  facet normal 1 0 0
    outer loop
      vertex 56.0128 41.5405 8.06244
      vertex 56.0128 56.1901 7.85264
      vertex 56.0128 45.1985 8.06244
    endloop
  endfacet
  facet normal 1 0 0
    outer loop
      vertex 56.0128 45.1985 8.06244
      vertex 56.0128 45.1985 9.10718
      vertex 56.0128 41.5405 9.10718
    endloop
  endfacet
  facet normal 1 0 0
    outer loop
      vertex 56.0128 45.1985 8.06244
      vertex 56.0128 41.5405 9.10718
      vertex 56.0128 41.5405 8.06244
    endloop
  endfacet
  facet normal 0 0 0
    outer loop
      vertex 56.0128 40.9473 9.10718
      vertex 56.0128 41.5405 9.10718
      vertex 56.0128 37.2066 9.10718
    endloop
  endfacet
  facet normal 1 0 0
    outer loop
      vertex 56.0128 56.1901 7.85264
      vertex 56.0128 41.5405 8.06244
      vertex 56.0128 40.9473 8.06244
    endloop
  endfacet
  facet normal 1 0 0
    outer loop
      vertex 56.0128 40.9473 8.06244
      vertex 56.0128 40.9473 9.10718
      vertex 56.0128 37.2066 9.10718
    endloop
  endfacet
  facet normal 1 0 0
    outer loop
      vertex 56.0128 37.2066 8.06244
      vertex 56.0128 56.1901 7.85264
      vertex 56.0128 40.9473 8.06244
    endloop
  endfacet
  facet normal 1 0 0
    outer loop
      vertex 56.0128 40.9473 8.06244
      vertex 56.0128 37.2066 9.10718
      vertex 56.0128 37.2066 8.06244
    endloop
  endfacet
  facet normal 0 1 0
    outer loop
      vertex 56.0128 15.8806 8.06244
      vertex 56.0128 15.8806 9.10718
      vertex 56.282 15.8806 8.95257
    endloop
  endfacet
  facet normal 0 1 0
    outer loop
      vertex 56.282 15.8806 8.95257
      vertex 56.282 15.8806 8.21704
      vertex 56.0128 15.8806 8.06244
    endloop
  endfacet
  facet normal 0 -1 0
    outer loop
      vertex 54.5557 79.3841 8.06244
      vertex 54.5557 79.3841 9.10718
      vertex 54.2865 79.3841 8.95257
    endloop
  endfacet
  facet normal 0 -1 0
    outer loop
      vertex 54.2865 79.3841 8.95257
      vertex 54.2865 79.3841 8.21704
      vertex 54.5557 79.3841 8.06244
    endloop
  endfacet
  facet normal -0.498023 0 -0.867164
    outer loop
      vertex 54.5557 24.3874 8.06244
      vertex 54.5557 23.7942 8.06244
      vertex 54.2865 23.7942 8.21704
    endloop
  endfacet
  facet normal -0.498023 0 -0.867164
    outer loop
      vertex 54.2865 23.7942 8.21704
      vertex 54.2865 24.3874 8.21704
      vertex 54.5557 24.3874 8.06244
    endloop
  endfacet
  facet normal -1 0 0
    outer loop
      vertex 54.5557 14.1002 9.3098
      vertex 54.5557 15.2874 9.10718
      vertex 54.5557 15.2874 8.06244
    endloop
  endfacet
  facet normal -1 0 0
    outer loop
      vertex 54.5557 15.2874 8.06244
      vertex 54.5557 14.4147 7.85264
      vertex 54.5557 14.1002 9.3098
    endloop
  endfacet
  facet normal -1 0 0
    outer loop
      vertex 54.5557 14.4147 7.85264
      vertex 54.5557 15.2874 8.06244
      vertex 54.5557 15.8806 8.06244
    endloop
  endfacet
  facet normal -1 0 0
    outer loop
      vertex 54.5557 15.8806 9.10718
      vertex 54.5557 15.2874 9.10718
      vertex 54.5557 14.1002 9.3098
    endloop
  endfacet
  facet normal -1 0 0
    outer loop
      vertex 54.5557 19.5386 8.06244
      vertex 54.5557 14.4147 7.85264
      vertex 54.5557 15.8806 8.06244
    endloop
  endfacet
  facet normal -1 0 0
    outer loop
      vertex 54.5557 15.8806 9.10718
      vertex 54.5557 14.1002 9.3098
      vertex 54.5557 19.5386 9.10718
    endloop
  endfacet
  facet normal -1 0 0
    outer loop
      vertex 54.5557 19.5386 8.06244
      vertex 54.5557 15.8806 8.06244
      vertex 54.5557 15.8806 9.10718
    endloop
  endfacet
  facet normal -1 0 0
    outer loop
      vertex 54.5557 15.8806 9.10718
      vertex 54.5557 19.5386 9.10718
      vertex 54.5557 19.5386 8.06244
    endloop
  endfacet
  facet normal -1 0 0
    outer loop
      vertex 54.5557 14.4147 7.85264
      vertex 54.5557 19.5386 8.06244
      vertex 54.5557 20.1318 8.06244
    endloop
  endfacet
  facet normal -1 0 0
    outer loop
      vertex 54.5557 20.1318 9.10718
      vertex 54.5557 19.5386 9.10718
      vertex 54.5557 14.1002 9.3098
    endloop
  endfacet
  facet normal -1 0 0
    outer loop
      vertex 54.5557 23.7942 8.06244
      vertex 54.5557 14.4147 7.85264
      vertex 54.5557 20.1318 8.06244
    endloop
  endfacet
  facet normal -1 0 0
    outer loop
      vertex 54.5557 20.1318 9.10718
      vertex 54.5557 14.1002 9.3098
      vertex 54.5557 23.7942 9.10718
    endloop
  endfacet
  facet normal -1 0 0
    outer loop
      vertex 54.5557 23.7942 8.06244
      vertex 54.5557 20.1318 8.06244
      vertex 54.5557 20.1318 9.10718
    endloop
  endfacet
  facet normal -1 0 0
    outer loop
      vertex 54.5557 20.1318 9.10718
      vertex 54.5557 23.7942 9.10718
      vertex 54.5557 23.7942 8.06244
    endloop
  endfacet
  facet normal -1 0 0
    outer loop
      vertex 54.5557 14.4147 7.85264
      vertex 54.5557 23.7942 8.06244
      vertex 54.5557 24.3874 8.06244
    endloop
  endfacet
  facet normal -1 0 0
    outer loop
      vertex 54.5557 24.3874 9.10718
      vertex 54.5557 23.7942 9.10718
      vertex 54.5557 14.1002 9.3098
    endloop
  endfacet
  facet normal -1 0 0
    outer loop
      vertex 54.5557 28.1066 8.06244
      vertex 54.5557 14.4147 7.85264
      vertex 54.5557 24.3874 8.06244
    endloop
  endfacet
  facet normal -1 0 0
    outer loop
      vertex 54.5557 24.3874 9.10718
      vertex 54.5557 14.1002 9.3098
      vertex 54.5557 28.1066 9.10718
    endloop
  endfacet
  facet normal -1 0 0
    outer loop
      vertex 54.5557 28.1066 8.06244
      vertex 54.5557 24.3874 8.06244
      vertex 54.5557 24.3874 9.10718
    endloop
  endfacet
  facet normal -1 0 0
    outer loop
      vertex 54.5557 24.3874 9.10718
      vertex 54.5557 28.1066 9.10718
      vertex 54.5557 28.1066 8.06244
    endloop
  endfacet
  facet normal -1 0 0
    outer loop
      vertex 54.5557 14.4147 7.85264
      vertex 54.5557 28.1066 8.06244
      vertex 54.5557 28.6998 8.06244
    endloop
  endfacet
  facet normal -1 0 0
    outer loop
      vertex 54.5557 28.6998 9.10718
      vertex 54.5557 28.1066 9.10718
      vertex 54.5557 14.1002 9.3098
    endloop
  endfacet
  facet normal -1 0 0
    outer loop
      vertex 54.5557 32.3578 8.06244
      vertex 54.5557 14.4147 7.85264
      vertex 54.5557 28.6998 8.06244
    endloop
  endfacet
  facet normal -1 0 0
    outer loop
      vertex 54.5557 28.6998 9.10718
      vertex 54.5557 14.1002 9.3098
      vertex 54.5557 32.9511 9.10718
    endloop
  endfacet
  facet normal -1 0 0
    outer loop
      vertex 54.5557 32.3578 8.06244
      vertex 54.5557 28.6998 8.06244
      vertex 54.5557 28.6998 9.10718
    endloop
  endfacet
  facet normal 0 0 0
    outer loop
      vertex 54.5557 28.6998 9.10718
      vertex 54.5557 32.9511 9.10718
      vertex 54.5557 32.3578 9.10718
    endloop
  endfacet
  facet normal -1 0 0
    outer loop
      vertex 54.5557 28.6998 9.10718
      vertex 54.5557 32.3578 9.10718
      vertex 54.5557 32.3578 8.06244
    endloop
  endfacet
  facet normal -1 0 0
    outer loop
      vertex 54.5557 56.1901 7.85264
      vertex 54.5557 36.6134 8.06244
      vertex 54.5557 37.2066 8.06244
    endloop
  endfacet
  facet normal -1 0 0
    outer loop
      vertex 54.5557 37.2066 9.10718
      vertex 54.5557 36.6134 9.10718
      vertex 54.5557 56.1901 9.3098
    endloop
  endfacet
  facet normal -1 0 0
    outer loop
      vertex 54.5557 40.9473 8.06244
      vertex 54.5557 56.1901 7.85264
      vertex 54.5557 37.2066 8.06244
    endloop
  endfacet
  facet normal -1 0 0
    outer loop
      vertex 54.5557 37.2066 9.10718
      vertex 54.5557 56.1901 9.3098
      vertex 54.5557 40.9473 9.10718
    endloop
  endfacet
  facet normal -1 0 0
    outer loop
      vertex 54.5557 40.9473 9.10718
      vertex 54.5557 40.9473 8.06244
      vertex 54.5557 37.2066 8.06244
    endloop
  endfacet
  facet normal -1 0 0
    outer loop
      vertex 54.5557 37.2066 8.06244
      vertex 54.5557 37.2066 9.10718
      vertex 54.5557 40.9473 9.10718
    endloop
  endfacet
  facet normal -1 0 0
    outer loop
      vertex 54.5557 56.1901 7.85264
      vertex 54.5557 40.9473 8.06244
      vertex 54.5557 41.5405 8.06244
    endloop
  endfacet
  facet normal -1 0 0
    outer loop
      vertex 54.5557 41.5405 9.10718
      vertex 54.5557 40.9473 9.10718
      vertex 54.5557 56.1901 9.3098
    endloop
  endfacet
  facet normal -1 0 0
    outer loop
      vertex 54.5557 45.1985 8.06244
      vertex 54.5557 56.1901 7.85264
      vertex 54.5557 41.5405 8.06244
    endloop
  endfacet
  facet normal -1 0 0
    outer loop
      vertex 54.5557 41.5405 9.10718
      vertex 54.5557 56.1901 9.3098
      vertex 54.5557 45.1985 9.10718
    endloop
  endfacet
  facet normal -1 0 0
    outer loop
      vertex 54.5557 45.1985 9.10718
      vertex 54.5557 45.1985 8.06244
      vertex 54.5557 41.5405 8.06244
    endloop
  endfacet
  facet normal -1 0 0
    outer loop
      vertex 54.5557 41.5405 8.06244
      vertex 54.5557 41.5405 9.10718
      vertex 54.5557 45.1985 9.10718
    endloop
  endfacet
  facet normal -1 0 0
    outer loop
      vertex 54.5557 56.1901 7.85264
      vertex 54.5557 45.1985 8.06244
      vertex 54.5557 45.7917 8.06244
    endloop
  endfacet
  facet normal -1 0 0
    outer loop
      vertex 54.5557 45.7917 9.10718
      vertex 54.5557 45.1985 9.10718
      vertex 54.5557 56.1901 9.3098
    endloop
  endfacet
  facet normal -1 0 0
    outer loop
      vertex 54.5557 49.4541 8.06244
      vertex 54.5557 56.1901 7.85264
      vertex 54.5557 45.7917 8.06244
    endloop
  endfacet
  facet normal -1 0 0
    outer loop
      vertex 54.5557 45.7917 9.10718
      vertex 54.5557 56.1901 9.3098
      vertex 54.5557 49.4541 9.10718
    endloop
  endfacet
  facet normal -1 0 0
    outer loop
      vertex 54.5557 49.4541 9.10718
      vertex 54.5557 49.4541 8.06244
      vertex 54.5557 45.7917 8.06244
    endloop
  endfacet
  facet normal -1 0 0
    outer loop
      vertex 54.5557 45.7917 8.06244
      vertex 54.5557 45.7917 9.10718
      vertex 54.5557 49.4541 9.10718
    endloop
  endfacet
  facet normal -1 0 0
    outer loop
      vertex 54.5557 56.1901 7.85264
      vertex 54.5557 49.4541 8.06244
      vertex 54.5557 50.0473 8.06244
    endloop
  endfacet
  facet normal -1 0 0
    outer loop
      vertex 54.5557 50.0473 9.10718
      vertex 54.5557 49.4541 9.10718
      vertex 54.5557 56.1901 9.3098
    endloop
  endfacet
  facet normal -1 0 0
    outer loop
      vertex 54.5557 53.7242 8.06244
      vertex 54.5557 56.1901 7.85264
      vertex 54.5557 50.0473 8.06244
    endloop
  endfacet
  facet normal -1 0 0
    outer loop
      vertex 54.5557 56.1901 9.3098
      vertex 54.5557 54.3174 9.10718
      vertex 54.5557 53.7242 9.10718
    endloop
  endfacet
  facet normal -1 0 0
    outer loop
      vertex 54.5557 53.7242 9.10718
      vertex 54.5557 53.7242 8.06244
      vertex 54.5557 50.0473 8.06244
    endloop
  endfacet
  facet normal -1 0 0
    outer loop
      vertex 54.5557 50.0473 9.10718
      vertex 54.5557 56.1901 9.3098
      vertex 54.5557 53.7242 9.10718
    endloop
  endfacet
  facet normal -1 0 0
    outer loop
      vertex 54.5557 50.0473 8.06244
      vertex 54.5557 50.0473 9.10718
      vertex 54.5557 53.7242 9.10718
    endloop
  endfacet
  facet normal -1 0 0
    outer loop
      vertex 54.5557 56.1901 7.85264
      vertex 54.5557 53.7242 8.06244
      vertex 54.5557 54.3174 8.06244
    endloop
  endfacet
  facet normal -1 0 0
    outer loop
      vertex 54.5557 54.3174 8.06244
      vertex 54.5557 54.3174 9.10718
      vertex 54.5557 56.1901 9.3098
    endloop
  endfacet
  facet normal -1 0 0
    outer loop
      vertex 54.5557 54.3174 8.06244
      vertex 54.5557 56.1901 9.3098
      vertex 54.5557 56.1901 7.85264
    endloop
  endfacet
  facet normal -0.498023 0 -0.867164
    outer loop
      vertex 54.5557 45.7917 8.06244
      vertex 54.5557 45.1985 8.06244
      vertex 54.2865 45.1985 8.21704
    endloop
  endfacet
  facet normal -0.498023 0 -0.867164
    outer loop
      vertex 54.2865 45.1985 8.21704
      vertex 54.2865 45.7917 8.21704
      vertex 54.5557 45.7917 8.06244
    endloop
  endfacet
  facet normal 0 1 0
    outer loop
      vertex 56.0128 71.4705 8.06244
      vertex 56.0128 71.4705 9.10718
      vertex 56.282 71.4705 8.95257
    endloop
  endfacet
  facet normal 0 1 0
    outer loop
      vertex 56.282 71.4705 8.95257
      vertex 56.282 71.4705 8.21704
      vertex 56.0128 71.4705 8.06244
    endloop
  endfacet
  facet normal -0.498093 0 -0.867124
    outer loop
      vertex 54.3672 62.881 8.17068
      vertex 54.3672 62.2878 8.17068
      vertex 54.2865 62.2878 8.21704
    endloop
  endfacet
  facet normal -0.498093 0 -0.867124
    outer loop
      vertex 54.2865 62.2878 8.21704
      vertex 54.2865 62.881 8.21704
      vertex 54.3672 62.881 8.17068
    endloop
  endfacet
  facet normal 0 1 0
    outer loop
      vertex 56.0128 32.951 8.06244
      vertex 56.0128 32.951 9.10718
      vertex 56.282 32.951 8.95257
    endloop
  endfacet
  facet normal 0 1 0
    outer loop
      vertex 56.282 32.951 8.95257
      vertex 56.282 32.951 8.21704
      vertex 56.0128 32.951 8.06244
    endloop
  endfacet
  facet normal 0 -1 0
    outer loop
      vertex 54.5557 40.9473 8.06244
      vertex 54.5557 40.9473 9.10718
      vertex 54.2865 40.9473 8.95257
    endloop
  endfacet
  facet normal 0 -1 0
    outer loop
      vertex 54.2865 40.9473 8.95257
      vertex 54.2865 40.9473 8.21704
      vertex 54.5557 40.9473 8.06244
    endloop
  endfacet
  facet normal -0.498023 0 -0.867164
    outer loop
      vertex 54.5557 28.6998 8.06244
      vertex 54.5557 28.1066 8.06244
      vertex 54.2865 28.1066 8.21704
    endloop
  endfacet
  facet normal -0.498023 0 -0.867164
    outer loop
      vertex 54.2865 28.1066 8.21704
      vertex 54.2865 28.6998 8.21704
      vertex 54.5557 28.6998 8.06244
    endloop
  endfacet
  facet normal 0.498021 0 0.867165
    outer loop
      vertex 56.0128 32.951 9.10718
      vertex 56.0128 32.3578 9.10718
      vertex 56.282 32.3578 8.95257
    endloop
  endfacet
  facet normal 0.498021 0 0.867165
    outer loop
      vertex 56.282 32.3578 8.95257
      vertex 56.282 32.951 8.95257
      vertex 56.0128 32.951 9.10718
    endloop
  endfacet
  facet normal -0.498023 0 -0.867164
    outer loop
      vertex 54.5557 50.0473 8.06244
      vertex 54.5557 49.4541 8.06244
      vertex 54.2865 49.4541 8.21704
    endloop
  endfacet
  facet normal -0.498023 0 -0.867164
    outer loop
      vertex 54.2865 49.4541 8.21704
      vertex 54.2865 50.0473 8.21704
      vertex 54.5557 50.0473 8.06244
    endloop
  endfacet
  facet normal 0.498021 0 0.867165
    outer loop
      vertex 56.0128 41.5405 9.10718
      vertex 56.0128 40.9473 9.10718
      vertex 56.282 40.9473 8.95257
    endloop
  endfacet
  facet normal 0.498021 0 0.867165
    outer loop
      vertex 56.282 40.9473 8.95257
      vertex 56.282 41.5405 8.95257
      vertex 56.0128 41.5405 9.10718
    endloop
  endfacet
  facet normal -0.498023 0 -0.867164
    outer loop
      vertex 54.5557 79.9773 8.06244
      vertex 54.5557 79.3841 8.06244
      vertex 54.2865 79.3841 8.21704
    endloop
  endfacet
  facet normal -0.498023 0 -0.867164
    outer loop
      vertex 54.2865 79.3841 8.21704
      vertex 54.2865 79.9773 8.21704
      vertex 54.5557 79.9773 8.06244
    endloop
  endfacet
  facet normal 0 1 0
    outer loop
      vertex 56.0128 79.9773 8.06244
      vertex 56.0128 79.9773 9.10718
      vertex 56.282 79.9773 8.95257
    endloop
  endfacet
  facet normal 0 1 0
    outer loop
      vertex 56.282 79.9773 8.95257
      vertex 56.282 79.9773 8.21704
      vertex 56.0128 79.9773 8.06244
    endloop
  endfacet
  facet normal 0.498021 0 0.867165
    outer loop
      vertex 56.0128 15.8806 9.10718
      vertex 56.0128 15.2874 9.10718
      vertex 56.282 15.2874 8.95257
    endloop
  endfacet
  facet normal 0.498021 0 0.867165
    outer loop
      vertex 56.282 15.2874 8.95257
      vertex 56.282 15.8806 8.95257
      vertex 56.0128 15.8806 9.10718
    endloop
  endfacet
  facet normal -0.498023 0 -0.867164
    outer loop
      vertex 54.5557 41.5405 8.06244
      vertex 54.5557 40.9473 8.06244
      vertex 54.2865 40.9473 8.21704
    endloop
  endfacet
  facet normal -0.498023 0 -0.867164
    outer loop
      vertex 54.2865 40.9473 8.21704
      vertex 54.2865 41.5405 8.21704
      vertex 54.5557 41.5405 8.06244
    endloop
  endfacet
  facet normal 0.498021 0 0.867165
    outer loop
      vertex 56.0128 79.9773 9.10718
      vertex 56.0128 79.3841 9.10718
      vertex 56.282 79.3841 8.95257
    endloop
  endfacet
  facet normal 0.498021 0 0.867165
    outer loop
      vertex 56.282 79.3841 8.95257
      vertex 56.282 79.9773 8.95257
      vertex 56.0128 79.9773 9.10718
    endloop
  endfacet
  facet normal 0.498021 0 0.867165
    outer loop
      vertex 56.0128 28.6998 9.10718
      vertex 56.0128 28.1066 9.10718
      vertex 56.282 28.1066 8.95257
    endloop
  endfacet
  facet normal 0.498021 0 0.867165
    outer loop
      vertex 56.282 28.1066 8.95257
      vertex 56.282 28.6998 8.95257
      vertex 56.0128 28.6998 9.10718
    endloop
  endfacet
  facet normal 0 -1 0
    outer loop
      vertex 54.5557 53.7242 8.06244
      vertex 54.5557 53.7242 9.10718
      vertex 54.2865 53.7242 8.95257
    endloop
  endfacet
  facet normal 0 -1 0
    outer loop
      vertex 54.2865 53.7242 8.95257
      vertex 54.2865 53.7242 8.21704
      vertex 54.5557 53.7242 8.06244
    endloop
  endfacet
  facet normal -0.498023 0 -0.867164
    outer loop
      vertex 54.5557 20.1318 8.06244
      vertex 54.5557 19.5386 8.06244
      vertex 54.2865 19.5386 8.21704
    endloop
  endfacet
  facet normal -0.498023 0 -0.867164
    outer loop
      vertex 54.2865 19.5386 8.21704
      vertex 54.2865 20.1318 8.21704
      vertex 54.5557 20.1318 8.06244
    endloop
  endfacet
  facet normal 0.498021 0 0.867165
    outer loop
      vertex 56.0128 75.7217 9.10718
      vertex 56.0128 75.1285 9.10718
      vertex 56.282 75.1285 8.95257
    endloop
  endfacet
  facet normal 0.498021 0 0.867165
    outer loop
      vertex 56.282 75.1285 8.95257
      vertex 56.282 75.7217 8.95257
      vertex 56.0128 75.7217 9.10718
    endloop
  endfacet
  facet normal 0 -1 0
    outer loop
      vertex 54.5557 36.6134 8.06244
      vertex 54.5557 36.6134 9.10718
      vertex 54.2865 36.6134 8.95257
    endloop
  endfacet
  facet normal 0 -1 0
    outer loop
      vertex 54.2865 36.6134 8.95257
      vertex 54.2865 36.6134 8.21704
      vertex 54.5557 36.6134 8.06244
    endloop
  endfacet
  facet normal 0 -1 0
    outer loop
      vertex 54.5557 23.7942 8.06244
      vertex 54.5557 23.7942 9.10718
      vertex 54.2865 23.7942 8.95257
    endloop
  endfacet
  facet normal 0 -1 0
    outer loop
      vertex 54.2865 23.7942 8.95257
      vertex 54.2865 23.7942 8.21704
      vertex 54.5557 23.7942 8.06244
    endloop
  endfacet
  facet normal 0 -1 0
    outer loop
      vertex 54.5557 28.1066 8.06244
      vertex 54.5557 28.1066 9.10718
      vertex 54.2865 28.1066 8.95257
    endloop
  endfacet
  facet normal 0 -1 0
    outer loop
      vertex 54.2865 28.1066 8.95257
      vertex 54.2865 28.1066 8.21704
      vertex 54.5557 28.1066 8.06244
    endloop
  endfacet
  facet normal -0.498023 0 -0.867164
    outer loop
      vertex 54.5557 75.7217 8.06244
      vertex 54.5557 75.1285 8.06244
      vertex 54.2865 75.1285 8.21704
    endloop
  endfacet
  facet normal -0.498023 0 -0.867164
    outer loop
      vertex 54.2865 75.1285 8.21704
      vertex 54.2865 75.7217 8.21704
      vertex 54.5557 75.7217 8.06244
    endloop
  endfacet
  facet normal 0 1 0
    outer loop
      vertex 56.282 62.881 8.21704
      vertex 56.2013 62.881 8.17068
      vertex 56.2019 62.881 8.91828
    endloop
  endfacet
  facet normal 0 1 0
    outer loop
      vertex 56.2019 62.881 8.91828
      vertex 56.0128 62.881 8.91828
      vertex 56.0128 62.881 9.10718
    endloop
  endfacet
  facet normal 0 1 0
    outer loop
      vertex 56.282 62.881 8.95257
      vertex 56.282 62.881 8.21704
      vertex 56.2019 62.881 8.91828
    endloop
  endfacet
  facet normal 0 1 0
    outer loop
      vertex 56.2019 62.881 8.91828
      vertex 56.0128 62.881 9.10718
      vertex 56.282 62.881 8.95257
    endloop
  endfacet
  facet normal -0.498023 0 -0.867164
    outer loop
      vertex 54.5557 71.4705 8.06244
      vertex 54.5557 70.8773 8.06244
      vertex 54.2865 70.8773 8.21704
    endloop
  endfacet
  facet normal -0.498023 0 -0.867164
    outer loop
      vertex 54.2865 70.8773 8.21704
      vertex 54.2865 71.4705 8.21704
      vertex 54.5557 71.4705 8.06244
    endloop
  endfacet
  facet normal 0 1 0
    outer loop
      vertex 56.0128 50.0473 8.06244
      vertex 56.0128 50.0473 9.10718
      vertex 56.282 50.0473 8.95257
    endloop
  endfacet
  facet normal 0 1 0
    outer loop
      vertex 56.282 50.0473 8.95257
      vertex 56.282 50.0473 8.21704
      vertex 56.0128 50.0473 8.06244
    endloop
  endfacet
  facet normal 0 1 0
    outer loop
      vertex 56.0128 45.7917 8.06244
      vertex 56.0128 45.7917 9.10718
      vertex 56.282 45.7917 8.95257
    endloop
  endfacet
  facet normal 0 1 0
    outer loop
      vertex 56.282 45.7917 8.95257
      vertex 56.282 45.7917 8.21704
      vertex 56.0128 45.7917 8.06244
    endloop
  endfacet
  facet normal 0 1 0
    outer loop
      vertex 56.0128 28.6998 8.06244
      vertex 56.0128 28.6998 9.10718
      vertex 56.282 28.6998 8.95257
    endloop
  endfacet
  facet normal 0 1 0
    outer loop
      vertex 56.282 28.6998 8.95257
      vertex 56.282 28.6998 8.21704
      vertex 56.0128 28.6998 8.06244
    endloop
  endfacet
  facet normal 0 1 0
    outer loop
      vertex 56.0128 41.5405 8.06244
      vertex 56.0128 41.5405 9.10718
      vertex 56.282 41.5405 8.95257
    endloop
  endfacet
  facet normal 0 1 0
    outer loop
      vertex 56.282 41.5405 8.95257
      vertex 56.282 41.5405 8.21704
      vertex 56.0128 41.5405 8.06244
    endloop
  endfacet
  facet normal -0.498023 0 -0.867164
    outer loop
      vertex 54.5557 37.2066 8.06244
      vertex 54.5557 36.6134 8.06244
      vertex 54.2865 36.6134 8.21704
    endloop
  endfacet
  facet normal -0.498023 0 -0.867164
    outer loop
      vertex 54.2865 36.6134 8.21704
      vertex 54.2865 37.2066 8.21704
      vertex 54.5557 37.2066 8.06244
    endloop
  endfacet
  facet normal 0 -1 0
    outer loop
      vertex 54.5557 45.1985 8.06244
      vertex 54.5557 45.1985 9.10718
      vertex 54.2865 45.1985 8.95257
    endloop
  endfacet
  facet normal 0 -1 0
    outer loop
      vertex 54.2865 45.1985 8.95257
      vertex 54.2865 45.1985 8.21704
      vertex 54.5557 45.1985 8.06244
    endloop
  endfacet
  facet normal 0.498021 0 0.867165
    outer loop
      vertex 56.0128 24.3874 9.10718
      vertex 56.0128 23.7942 9.10718
      vertex 56.282 23.7942 8.95257
    endloop
  endfacet
  facet normal 0.498021 0 0.867165
    outer loop
      vertex 56.282 23.7942 8.95257
      vertex 56.282 24.3874 8.95257
      vertex 56.0128 24.3874 9.10718
    endloop
  endfacet
  facet normal 0.498021 0 0.867165
    outer loop
      vertex 56.0128 50.0473 9.10718
      vertex 56.0128 49.4541 9.10718
      vertex 56.282 49.4541 8.95257
    endloop
  endfacet
  facet normal 0.498021 0 0.867165
    outer loop
      vertex 56.282 49.4541 8.95257
      vertex 56.282 50.0473 8.95257
      vertex 56.0128 50.0473 9.10718
    endloop
  endfacet
  facet normal 0.498021 0 0.867165
    outer loop
      vertex 56.0128 37.2066 9.10718
      vertex 56.0128 36.6134 9.10718
      vertex 56.282 36.6134 8.95257
    endloop
  endfacet
  facet normal 0.498021 0 0.867165
    outer loop
      vertex 56.282 36.6134 8.95257
      vertex 56.282 37.2066 8.95257
      vertex 56.0128 37.2066 9.10718
    endloop
  endfacet
  facet normal 0 -1 0
    outer loop
      vertex 54.5557 19.5386 8.06244
      vertex 54.5557 19.5386 9.10718
      vertex 54.2865 19.5386 8.95257
    endloop
  endfacet
  facet normal 0 -1 0
    outer loop
      vertex 54.2865 19.5386 8.95257
      vertex 54.2865 19.5386 8.21704
      vertex 54.5557 19.5386 8.06244
    endloop
  endfacet
  facet normal 0 -1 0
    outer loop
      vertex 54.2865 62.2878 8.21704
      vertex 54.3672 62.2878 8.17068
      vertex 54.3665 62.2878 8.91828
    endloop
  endfacet
  facet normal 0 -1 0
    outer loop
      vertex 54.3665 62.2878 8.91828
      vertex 54.5557 62.2878 8.91828
      vertex 54.5557 62.2878 9.10718
    endloop
  endfacet
  facet normal 0 -1 0
    outer loop
      vertex 54.2865 62.2878 8.95257
      vertex 54.2865 62.2878 8.21704
      vertex 54.3665 62.2878 8.91828
    endloop
  endfacet
  facet normal 0 -1 0
    outer loop
      vertex 54.3665 62.2878 8.91828
      vertex 54.5557 62.2878 9.10718
      vertex 54.2865 62.2878 8.95257
    endloop
  endfacet
  facet normal 0 1 0
    outer loop
      vertex 56.0128 75.7217 8.06244
      vertex 56.0128 75.7217 9.10718
      vertex 56.282 75.7217 8.95257
    endloop
  endfacet
  facet normal 0 1 0
    outer loop
      vertex 56.282 75.7217 8.95257
      vertex 56.282 75.7217 8.21704
      vertex 56.0128 75.7217 8.06244
    endloop
  endfacet
  facet normal 0 1 0
    outer loop
      vertex 56.0128 20.1318 8.06244
      vertex 56.0128 20.1318 9.10718
      vertex 56.282 20.1318 8.95257
    endloop
  endfacet
  facet normal 0 1 0
    outer loop
      vertex 56.282 20.1318 8.95257
      vertex 56.282 20.1318 8.21704
      vertex 56.0128 20.1318 8.06244
    endloop
  endfacet
  facet normal 0.498021 0 0.867165
    outer loop
      vertex 56.0128 62.881 9.10718
      vertex 56.0128 62.2878 9.10718
      vertex 56.282 62.2878 8.95257
    endloop
  endfacet
  facet normal 0.498021 0 0.867165
    outer loop
      vertex 56.282 62.2878 8.95257
      vertex 56.282 62.881 8.95257
      vertex 56.0128 62.881 9.10718
    endloop
  endfacet
  facet normal -1 0 0
    outer loop
      vertex 54.5557 81.1389 7.85264
      vertex 54.5557 75.1285 8.06244
      vertex 54.5557 75.7217 8.06244
    endloop
  endfacet
  facet normal -1 0 0
    outer loop
      vertex 54.5557 75.7217 9.10718
      vertex 54.5557 81.0555 9.3098
      vertex 54.5557 79.9773 9.10718
    endloop
  endfacet
  facet normal 0 0 0
    outer loop
      vertex 54.5557 75.7217 9.10718
      vertex 54.5557 79.9773 9.10718
      vertex 54.5557 79.3841 9.10718
    endloop
  endfacet
  facet normal -1 0 0
    outer loop
      vertex 54.5557 79.3841 8.06244
      vertex 54.5557 81.1389 7.85264
      vertex 54.5557 75.7217 8.06244
    endloop
  endfacet
  facet normal -1 0 0
    outer loop
      vertex 54.5557 75.7217 9.10718
      vertex 54.5557 79.3841 9.10718
      vertex 54.5557 79.3841 8.06244
    endloop
  endfacet
  facet normal -1 0 0
    outer loop
      vertex 54.5557 75.7217 8.06244
      vertex 54.5557 75.7217 9.10718
      vertex 54.5557 79.3841 8.06244
    endloop
  endfacet
  facet normal -1 0 0
    outer loop
      vertex 54.5557 81.1389 7.85264
      vertex 54.5557 79.3841 8.06244
      vertex 54.5557 79.9773 8.06244
    endloop
  endfacet
  facet normal -1 0 0
    outer loop
      vertex 54.5557 79.9773 8.06244
      vertex 54.5557 79.9773 9.10718
      vertex 54.5557 81.0555 9.3098
    endloop
  endfacet
  facet normal -1 0 0
    outer loop
      vertex 54.5557 79.9773 8.06244
      vertex 54.5557 81.0555 9.3098
      vertex 54.5557 81.1389 7.85264
    endloop
  endfacet
  facet normal -1 0 0
    outer loop
      vertex 54.5557 66.7399 9.3098
      vertex 54.5557 71.4705 9.10718
      vertex 54.5557 70.8773 9.10718
    endloop
  endfacet
  facet normal -1 0 0
    outer loop
      vertex 54.5557 70.8773 9.10718
      vertex 54.5557 70.8773 8.06244
      vertex 54.5557 66.7399 7.85264
    endloop
  endfacet
  facet normal -1 0 0
    outer loop
      vertex 54.5557 66.7399 9.3098
      vertex 54.5557 70.8773 9.10718
      vertex 54.5557 66.7399 7.85264
    endloop
  endfacet
  facet normal 0 1 0
    outer loop
      vertex 56.0128 54.3174 8.06244
      vertex 56.0128 54.3174 9.10718
      vertex 56.282 54.3174 8.95257
    endloop
  endfacet
  facet normal 0 1 0
    outer loop
      vertex 56.282 54.3174 8.95257
      vertex 56.282 54.3174 8.21704
      vertex 56.0128 54.3174 8.06244
    endloop
  endfacet
  facet normal 0 1 0
    outer loop
      vertex 56.0128 37.2066 8.06244
      vertex 56.0128 37.2066 9.10718
      vertex 56.282 37.2066 8.95257
    endloop
  endfacet
  facet normal 0 1 0
    outer loop
      vertex 56.282 37.2066 8.95257
      vertex 56.282 37.2066 8.21704
      vertex 56.0128 37.2066 8.06244
    endloop
  endfacet
  facet normal 0 -1 0
    outer loop
      vertex 54.5557 15.2874 8.06244
      vertex 54.5557 15.2874 9.10718
      vertex 54.2865 15.2874 8.95257
    endloop
  endfacet
  facet normal 0 -1 0
    outer loop
      vertex 54.2865 15.2874 8.95257
      vertex 54.2865 15.2874 8.21704
      vertex 54.5557 15.2874 8.06244
    endloop
  endfacet
  facet normal 0.498021 0 0.867165
    outer loop
      vertex 56.0128 71.4705 9.10718
      vertex 56.0128 70.8773 9.10718
      vertex 56.282 70.8773 8.95257
    endloop
  endfacet
  facet normal 0.498021 0 0.867165
    outer loop
      vertex 56.282 70.8773 8.95257
      vertex 56.282 71.4705 8.95257
      vertex 56.0128 71.4705 9.10718
    endloop
  endfacet
  facet normal 0 -1 0
    outer loop
      vertex 54.5557 70.8773 8.06244
      vertex 54.5557 70.8773 9.10718
      vertex 54.2865 70.8773 8.95257
    endloop
  endfacet
  facet normal 0 -1 0
    outer loop
      vertex 54.2865 70.8773 8.95257
      vertex 54.2865 70.8773 8.21704
      vertex 54.5557 70.8773 8.06244
    endloop
  endfacet
  facet normal 0 1 0
    outer loop
      vertex 56.0128 24.3874 8.06244
      vertex 56.0128 24.3874 9.10718
      vertex 56.282 24.3874 8.95257
    endloop
  endfacet
  facet normal 0 1 0
    outer loop
      vertex 56.282 24.3874 8.95257
      vertex 56.282 24.3874 8.21704
      vertex 56.0128 24.3874 8.06244
    endloop
  endfacet
  facet normal 1 0 0
    outer loop
      vertex 56.0128 75.7217 8.06244
      vertex 56.0128 81.1389 7.85264
      vertex 56.0128 79.9773 8.06244
    endloop
  endfacet
  facet normal 0 0 0
    outer loop
      vertex 56.0128 75.7217 8.06244
      vertex 56.0128 79.9773 8.06244
      vertex 56.0128 79.3841 8.06244
    endloop
  endfacet
  facet normal 1 0 0
    outer loop
      vertex 56.0128 81.0555 9.3098
      vertex 56.0128 75.1285 9.10718
      vertex 56.0128 75.7217 9.10718
    endloop
  endfacet
  facet normal 1 0 0
    outer loop
      vertex 56.0128 75.7217 9.10718
      vertex 56.0128 75.7217 8.06244
      vertex 56.0128 79.3841 8.06244
    endloop
  endfacet
  facet normal 1 0 0
    outer loop
      vertex 56.0128 79.3841 9.10718
      vertex 56.0128 81.0555 9.3098
      vertex 56.0128 75.7217 9.10718
    endloop
  endfacet
  facet normal 1 0 0
    outer loop
      vertex 56.0128 79.3841 8.06244
      vertex 56.0128 79.3841 9.10718
      vertex 56.0128 75.7217 9.10718
    endloop
  endfacet
  facet normal 1 0 0
    outer loop
      vertex 56.0128 81.1389 7.85264
      vertex 56.0128 75.7217 8.06244
      vertex 56.0128 75.1285 8.06244
    endloop
  endfacet
  facet normal 1 0 0
    outer loop
      vertex 56.0128 75.1285 9.10718
      vertex 56.0128 81.0555 9.3098
      vertex 56.0128 66.7399 9.3098
    endloop
  endfacet
  facet normal 1 0 0
    outer loop
      vertex 56.0128 66.7399 7.85264
      vertex 56.0128 81.1389 7.85264
      vertex 56.0128 75.1285 8.06244
    endloop
  endfacet
  facet normal 1 0 0
    outer loop
      vertex 56.0128 75.1285 9.10718
      vertex 56.0128 66.7399 9.3098
      vertex 56.0128 70.8773 9.10718
    endloop
  endfacet
  facet normal 0 0 0
    outer loop
      vertex 56.0128 75.1285 9.10718
      vertex 56.0128 70.8773 9.10718
      vertex 56.0128 71.4705 9.10718
    endloop
  endfacet
  facet normal 1 0 0
    outer loop
      vertex 56.0128 71.4705 8.06244
      vertex 56.0128 66.7399 7.85264
      vertex 56.0128 75.1285 8.06244
    endloop
  endfacet
  facet normal 1 0 0
    outer loop
      vertex 56.0128 75.1285 9.10718
      vertex 56.0128 71.4705 9.10718
      vertex 56.0128 71.4705 8.06244
    endloop
  endfacet
  facet normal 1 0 0
    outer loop
      vertex 56.0128 75.1285 8.06244
      vertex 56.0128 75.1285 9.10718
      vertex 56.0128 71.4705 8.06244
    endloop
  endfacet
  facet normal 1 0 0
    outer loop
      vertex 56.0128 66.7399 7.85264
      vertex 56.0128 71.4705 8.06244
      vertex 56.0128 70.8773 8.06244
    endloop
  endfacet
  facet normal 1 0 0
    outer loop
      vertex 56.0128 70.8773 8.06244
      vertex 56.0128 70.8773 9.10718
      vertex 56.0128 66.7399 9.3098
    endloop
  endfacet
  facet normal 1 0 0
    outer loop
      vertex 56.0128 66.7399 7.85264
      vertex 56.0128 70.8773 8.06244
      vertex 56.0128 66.7399 9.3098
    endloop
  endfacet
  facet normal 0.498021 0 0.867165
    outer loop
      vertex 56.0128 45.7917 9.10718
      vertex 56.0128 45.1985 9.10718
      vertex 56.282 45.1985 8.95257
    endloop
  endfacet
  facet normal 0.498021 0 0.867165
    outer loop
      vertex 56.282 45.1985 8.95257
      vertex 56.282 45.7917 8.95257
      vertex 56.0128 45.7917 9.10718
    endloop
  endfacet
  facet normal 0 1 0
    outer loop
      vertex 57.0437 46.2958 3.31384
      vertex 56.7834 46.2958 3.31384
      vertex 56.7834 46.2958 4.10836
    endloop
  endfacet
  facet normal 0 1 0
    outer loop
      vertex 56.7834 46.2958 4.10836
      vertex 57.0437 46.2958 4.10836
      vertex 57.0437 46.2958 3.31384
    endloop
  endfacet
  facet normal 1 0 0
    outer loop
      vertex 57.0437 45.7494 2.96207
      vertex 57.0437 47.117 3.31184
      vertex 57.0437 46.2958 3.31384
    endloop
  endfacet
  facet normal 1 0 0
    outer loop
      vertex 57.0437 46.2958 3.31384
      vertex 57.0437 46.2958 4.10836
      vertex 57.0437 45.7494 5.0432
    endloop
  endfacet
  facet normal 1 0 0
    outer loop
      vertex 57.0437 45.7494 2.96207
      vertex 57.0437 46.2958 3.31384
      vertex 57.0437 45.7494 5.0432
    endloop
  endfacet
  facet normal 0 0 1
    outer loop
      vertex 55.2842 58.6296 10.2185
      vertex 56.1067 58.6296 10.2185
      vertex 56.1067 60.2373 10.2185
    endloop
  endfacet
  facet normal 0 0 1
    outer loop
      vertex 56.1067 60.2373 10.2185
      vertex 55.2842 60.2373 10.2185
      vertex 55.2842 58.6296 10.2185
    endloop
  endfacet
  facet normal 0 0 1
    outer loop
      vertex 55.2842 58.6296 10.2185
      vertex 55.2842 60.2373 10.2185
      vertex 54.4618 60.2373 10.2185
    endloop
  endfacet
  facet normal 0 0 1
    outer loop
      vertex 54.4618 60.2373 10.2185
      vertex 54.4618 58.6296 10.2185
      vertex 55.2842 58.6296 10.2185
    endloop
  endfacet
  facet normal 0 -1 0
    outer loop
      vertex 54.4618 58.6296 9.82645
      vertex 55.2842 58.6296 9.82645
      vertex 55.2842 58.6296 10.2185
    endloop
  endfacet
  facet normal 0 -1 0
    outer loop
      vertex 55.2842 58.6296 10.2185
      vertex 54.4618 58.6296 10.2185
      vertex 54.4618 58.6296 9.82645
    endloop
  endfacet
  facet normal 0 -1 0
    outer loop
      vertex 55.2842 58.6296 9.82645
      vertex 56.1067 58.6296 9.82645
      vertex 56.1067 58.6296 10.2185
    endloop
  endfacet
  facet normal 0 -1 0
    outer loop
      vertex 56.1067 58.6296 10.2185
      vertex 55.2842 58.6296 10.2185
      vertex 55.2842 58.6296 9.82645
    endloop
  endfacet
  facet normal 1 0 0
    outer loop
      vertex 56.1067 58.6296 9.82645
      vertex 56.1067 60.2373 9.82645
      vertex 56.1067 60.2373 10.2185
    endloop
  endfacet
  facet normal 1 0 0
    outer loop
      vertex 56.1067 60.2373 10.2185
      vertex 56.1067 58.6296 10.2185
      vertex 56.1067 58.6296 9.82645
    endloop
  endfacet
  facet normal 0 1 0
    outer loop
      vertex 55.2842 60.2373 9.82645
      vertex 54.4618 60.2373 9.82645
      vertex 54.4618 60.2373 10.2185
    endloop
  endfacet
  facet normal 0 1 0
    outer loop
      vertex 54.4618 60.2373 10.2185
      vertex 55.2842 60.2373 10.2185
      vertex 55.2842 60.2373 9.82645
    endloop
  endfacet
  facet normal 1 0 0
    outer loop
      vertex 55.7383 49.0665 7.52575
      vertex 55.7383 49.9405 7.85264
      vertex 55.7383 45.4745 7.85264
    endloop
  endfacet
  facet normal 1 0 0
    outer loop
      vertex 55.7383 45.8039 7.78677
      vertex 55.7383 47.0039 7.52575
      vertex 55.7383 48.6485 7.52575
    endloop
  endfacet
  facet normal 1 0 0
    outer loop
      vertex 55.7383 49.0665 7.52575
      vertex 55.7383 45.4745 7.85264
      vertex 55.7383 45.8039 7.78677
    endloop
  endfacet
  facet normal 0 0 0
    outer loop
      vertex 55.7383 49.729 6.8006
      vertex 55.7383 49.3394 6.8006
      vertex 55.7383 48.4278 6.8006
    endloop
  endfacet
  facet normal 1 0 0
    outer loop
      vertex 55.7383 49.0665 7.52575
      vertex 55.7383 45.8039 7.78677
      vertex 55.7383 48.6485 7.52575
    endloop
  endfacet
  facet normal 1 0 0
    outer loop
      vertex 55.7383 48.0099 6.8006
      vertex 55.7383 48.7858 6.74348
      vertex 55.7383 49.8904 6.74348
    endloop
  endfacet
  facet normal 1 0 0
    outer loop
      vertex 55.7383 49.8904 6.74348
      vertex 55.7383 49.729 6.8006
      vertex 55.7383 48.4278 6.8006
    endloop
  endfacet
  facet normal 1 0 0
    outer loop
      vertex 55.7383 48.4278 6.8006
      vertex 55.7383 49.0665 7.52575
      vertex 55.7383 48.6485 7.52575
    endloop
  endfacet
  facet normal 1 0 0
    outer loop
      vertex 55.7383 48.0099 6.8006
      vertex 55.7383 49.8904 6.74348
      vertex 55.7383 48.4278 6.8006
    endloop
  endfacet
  facet normal 1 0 0
    outer loop
      vertex 55.7383 48.6485 7.52575
      vertex 55.7383 48.0099 6.8006
      vertex 55.7383 48.4278 6.8006
    endloop
  endfacet
  facet normal -1 0 0
    outer loop
      vertex 54.8302 50.1804 6.74348
      vertex 54.8302 49.6401 6.74348
      vertex 54.8302 49.3394 6.8006
    endloop
  endfacet
  facet normal -1 0 0
    outer loop
      vertex 54.8302 49.729 6.8006
      vertex 54.8302 49.0904 7.52575
      vertex 54.8302 49.9456 7.85264
    endloop
  endfacet
  facet normal -1 0 0
    outer loop
      vertex 54.8302 50.1804 6.74348
      vertex 54.8302 49.3394 6.8006
      vertex 54.8302 49.729 6.8006
    endloop
  endfacet
  facet normal -1 0 0
    outer loop
      vertex 54.8302 49.9456 7.85264
      vertex 54.8302 50.1804 7.85264
      vertex 54.8302 50.1804 6.74348
    endloop
  endfacet
  facet normal -1 0 0
    outer loop
      vertex 54.8302 49.729 6.8006
      vertex 54.8302 49.9456 7.85264
      vertex 54.8302 50.1804 6.74348
    endloop
  endfacet
  facet normal 0 0 -1
    outer loop
      vertex 54.9875 49.0665 7.52575
      vertex 54.8302 49.0665 7.52575
      vertex 54.8302 49.0904 7.52575
    endloop
  endfacet
  facet normal 0 0 -1
    outer loop
      vertex 54.8302 49.0904 7.52575
      vertex 54.9875 49.0904 7.52575
      vertex 54.9875 49.0665 7.52575
    endloop
  endfacet
  facet normal 0 -0.750478 -0.660896
    outer loop
      vertex 54.9875 49.729 6.8006
      vertex 54.9875 49.0904 7.52575
      vertex 54.8302 49.0904 7.52575
    endloop
  endfacet
  facet normal 0 -0.750478 -0.660896
    outer loop
      vertex 54.8302 49.0904 7.52575
      vertex 54.8302 49.729 6.8006
      vertex 54.9875 49.729 6.8006
    endloop
  endfacet
  facet normal 0 0 -1
    outer loop
      vertex 54.8302 46.4715 7.52575
      vertex 54.8302 46.4954 7.52575
      vertex 54.9875 46.4954 7.52575
    endloop
  endfacet
  facet normal 0 0 -1
    outer loop
      vertex 54.9875 46.4954 7.52575
      vertex 54.9875 46.4715 7.52575
      vertex 54.8302 46.4715 7.52575
    endloop
  endfacet
  facet normal 0 0.750462 -0.660913
    outer loop
      vertex 54.9875 46.4715 7.52575
      vertex 54.9875 45.8328 6.8006
      vertex 54.8302 45.8328 6.8006
    endloop
  endfacet
  facet normal 0 0.750462 -0.660913
    outer loop
      vertex 54.8302 45.8328 6.8006
      vertex 54.8302 46.4715 7.52575
      vertex 54.9875 46.4715 7.52575
    endloop
  endfacet
  facet normal 0 0 1
    outer loop
      vertex 54.4954 44.3605 6.74348
      vertex 55.2842 44.3605 6.74348
      vertex 55.2842 45.4745 6.74348
    endloop
  endfacet
  facet normal 0 0 0
    outer loop
      vertex 54.8302 45.4745 6.74348
      vertex 54.8302 45.7047 6.74348
      vertex 54.8302 48.7858 6.74348
    endloop
  endfacet
  facet normal 0 0 1
    outer loop
      vertex 54.4954 44.3605 6.74348
      vertex 55.2842 45.4745 6.74348
      vertex 54.8302 45.4745 6.74348
    endloop
  endfacet
  facet normal 0 0 1
    outer loop
      vertex 55.2842 50.1804 6.74348
      vertex 55.2842 56.1901 6.74348
      vertex 54.4954 56.1901 6.74348
    endloop
  endfacet
  facet normal 0 0 0
    outer loop
      vertex 54.8302 48.7858 6.74348
      vertex 54.8302 49.6401 6.74348
      vertex 54.8302 50.1804 6.74348
    endloop
  endfacet
  facet normal 0 0 1
    outer loop
      vertex 54.8302 50.1804 6.74348
      vertex 55.2842 50.1804 6.74348
      vertex 54.4954 56.1901 6.74348
    endloop
  endfacet
  facet normal 0 0 1
    outer loop
      vertex 54.4954 56.1901 6.74348
      vertex 54.4954 44.3605 6.74348
      vertex 54.8302 45.4745 6.74348
    endloop
  endfacet
  facet normal 0 0 0
    outer loop
      vertex 54.8302 45.4745 6.74348
      vertex 54.8302 48.7858 6.74348
      vertex 54.8302 50.1804 6.74348
    endloop
  endfacet
  facet normal 0 0 1
    outer loop
      vertex 54.8302 45.4745 6.74348
      vertex 54.8302 50.1804 6.74348
      vertex 54.4954 56.1901 6.74348
    endloop
  endfacet
  facet normal 0 -1 0
    outer loop
      vertex 54.8302 45.4745 7.85264
      vertex 54.8302 45.4745 6.74348
      vertex 55.2842 45.4745 6.74348
    endloop
  endfacet
  facet normal 0 -1 0
    outer loop
      vertex 55.2842 45.4745 6.74348
      vertex 55.7383 45.4745 6.74348
      vertex 55.7383 45.4745 7.85264
    endloop
  endfacet
  facet normal 0 -1 0
    outer loop
      vertex 55.2842 45.4745 6.74348
      vertex 55.7383 45.4745 7.85264
      vertex 54.8302 45.4745 7.85264
    endloop
  endfacet
  facet normal -1 0 0
    outer loop
      vertex 54.8302 45.4745 7.85264
      vertex 54.8302 45.6944 7.85249
      vertex 54.8302 46.4954 7.52575
    endloop
  endfacet
  facet normal -1 0 0
    outer loop
      vertex 54.8302 46.4715 7.52575
      vertex 54.8302 45.8328 6.8006
      vertex 54.8302 45.7047 6.74348
    endloop
  endfacet
  facet normal -1 0 0
    outer loop
      vertex 54.8302 45.4745 7.85264
      vertex 54.8302 46.4954 7.52575
      vertex 54.8302 46.4715 7.52575
    endloop
  endfacet
  facet normal -1 0 0
    outer loop
      vertex 54.8302 45.7047 6.74348
      vertex 54.8302 45.4745 6.74348
      vertex 54.8302 45.4745 7.85264
    endloop
  endfacet
  facet normal -1 0 0
    outer loop
      vertex 54.8302 46.4715 7.52575
      vertex 54.8302 45.7047 6.74348
      vertex 54.8302 45.4745 7.85264
    endloop
  endfacet
  facet normal -1 0 0
    outer loop
      vertex 54.8302 47.6426 6.8006
      vertex 54.8302 48.0099 6.8006
      vertex 54.8302 48.7858 6.74348
    endloop
  endfacet
  facet normal -1 0 0
    outer loop
      vertex 54.8302 48.7858 6.74348
      vertex 54.8302 45.7047 6.74348
      vertex 54.8302 45.8328 6.8006
    endloop
  endfacet
  facet normal -1 0 0
    outer loop
      vertex 54.8302 47.134 6.8006
      vertex 54.8302 46.4954 7.52575
      vertex 54.8302 47.0039 7.52575
    endloop
  endfacet
  facet normal -1 0 0
    outer loop
      vertex 54.8302 48.7858 6.74348
      vertex 54.8302 45.8328 6.8006
      vertex 54.8302 47.134 6.8006
    endloop
  endfacet
  facet normal -1 0 0
    outer loop
      vertex 54.8302 47.134 6.8006
      vertex 54.8302 47.0039 7.52575
      vertex 54.8302 47.6426 6.8006
    endloop
  endfacet
  facet normal -1 0 0
    outer loop
      vertex 54.8302 48.7858 6.74348
      vertex 54.8302 47.134 6.8006
      vertex 54.8302 47.6426 6.8006
    endloop
  endfacet
  facet normal -1 0 0
    outer loop
      vertex 54.8302 48.4278 6.8006
      vertex 54.8302 49.3394 6.8006
      vertex 54.8302 49.6401 6.74348
    endloop
  endfacet
  facet normal -1 0 0
    outer loop
      vertex 54.8302 49.6401 6.74348
      vertex 54.8302 48.7858 6.74348
      vertex 54.8302 48.0099 6.8006
    endloop
  endfacet
  facet normal -1 0 0
    outer loop
      vertex 54.8302 48.4278 6.8006
      vertex 54.8302 49.6401 6.74348
      vertex 54.8302 48.0099 6.8006
    endloop
  endfacet
  facet normal -1 0 0
    outer loop
      vertex 54.8302 49.9456 7.85264
      vertex 54.8302 49.0904 7.52575
      vertex 54.8302 49.0665 7.52575
    endloop
  endfacet
  facet normal -1 0 0
    outer loop
      vertex 54.8302 49.0665 7.52575
      vertex 54.8302 48.4278 6.8006
      vertex 54.8302 48.0099 6.8006
    endloop
  endfacet
  facet normal -1 0 0
    outer loop
      vertex 54.8302 49.0665 7.52575
      vertex 54.8302 48.0099 6.8006
      vertex 54.8302 48.6485 7.52575
    endloop
  endfacet
  facet normal -1 0 0
    outer loop
      vertex 54.8302 45.8039 7.85249
      vertex 54.8302 49.9456 7.85264
      vertex 54.8302 49.0665 7.52575
    endloop
  endfacet
  facet normal -1 0 0
    outer loop
      vertex 54.8302 46.4954 7.52575
      vertex 54.8302 45.6944 7.85249
      vertex 54.8302 45.8039 7.85249
    endloop
  endfacet
  facet normal 0 0 0
    outer loop
      vertex 54.8302 49.0665 7.52575
      vertex 54.8302 48.6485 7.52575
      vertex 54.8302 47.0039 7.52575
    endloop
  endfacet
  facet normal -1 0 0
    outer loop
      vertex 54.8302 47.0039 7.52575
      vertex 54.8302 46.4954 7.52575
      vertex 54.8302 45.8039 7.85249
    endloop
  endfacet
  facet normal -1 0 0
    outer loop
      vertex 54.8302 47.0039 7.52575
      vertex 54.8302 45.8039 7.85249
      vertex 54.8302 49.0665 7.52575
    endloop
  endfacet
  facet normal 1 0 0
    outer loop
      vertex 55.581 27.6556 7.52575
      vertex 55.581 27.017 6.8006
      vertex 55.581 28.3182 6.8006
    endloop
  endfacet
  facet normal 1 0 0
    outer loop
      vertex 55.581 28.3182 6.8006
      vertex 55.581 27.6795 7.52575
      vertex 55.581 27.6556 7.52575
    endloop
  endfacet
  facet normal 1 0 0
    outer loop
      vertex 55.581 29.8327 7.52575
      vertex 55.581 28.1881 7.52575
      vertex 55.581 28.8267 6.8006
    endloop
  endfacet
  facet normal 1 0 0
    outer loop
      vertex 55.581 28.8267 6.8006
      vertex 55.581 29.1941 6.8006
      vertex 55.581 29.8327 7.52575
    endloop
  endfacet
  facet normal 1 0 0
    outer loop
      vertex 55.581 30.2745 7.52575
      vertex 55.581 30.2506 7.52575
      vertex 55.581 29.612 6.8006
    endloop
  endfacet
  facet normal 1 0 0
    outer loop
      vertex 55.581 29.612 6.8006
      vertex 55.581 30.9132 6.8006
      vertex 55.581 30.2745 7.52575
    endloop
  endfacet
  facet normal -1 0 0
    outer loop
      vertex 54.9875 29.612 6.8006
      vertex 54.9875 30.2506 7.52575
      vertex 54.9875 30.2745 7.52575
    endloop
  endfacet
  facet normal -1 0 0
    outer loop
      vertex 54.9875 30.2745 7.52575
      vertex 54.9875 30.9132 6.8006
      vertex 54.9875 29.612 6.8006
    endloop
  endfacet
  facet normal -1 0 0
    outer loop
      vertex 54.9875 28.1881 7.52575
      vertex 54.9875 29.8327 7.52575
      vertex 54.9875 29.1941 6.8006
    endloop
  endfacet
  facet normal -1 0 0
    outer loop
      vertex 54.9875 29.1941 6.8006
      vertex 54.9875 28.8267 6.8006
      vertex 54.9875 28.1881 7.52575
    endloop
  endfacet
  facet normal -1 0 0
    outer loop
      vertex 54.9875 27.017 6.8006
      vertex 54.9875 27.6556 7.52575
      vertex 54.9875 27.6795 7.52575
    endloop
  endfacet
  facet normal -1 0 0
    outer loop
      vertex 54.9875 27.6795 7.52575
      vertex 54.9875 28.3182 6.8006
      vertex 54.9875 27.017 6.8006
    endloop
  endfacet
  facet normal 1 0 0
    outer loop
      vertex 55.7383 45.4745 7.85264
      vertex 55.7383 45.6944 7.78677
      vertex 55.7383 45.8039 7.78677
    endloop
  endfacet
  facet normal -1 0 0
    outer loop
      vertex 54.8302 28.1881 7.52575
      vertex 54.8302 27.6795 7.52575
      vertex 54.8302 26.8786 7.85264
    endloop
  endfacet
  facet normal -1 0 0
    outer loop
      vertex 54.8302 26.8786 7.85264
      vertex 54.8302 26.9881 7.85264
      vertex 54.8302 28.1881 7.52575
    endloop
  endfacet
  facet normal 0 0 0
    outer loop
      vertex 55.7383 26.9881 7.85264
      vertex 55.7383 26.6587 7.85264
      vertex 55.7383 26.8786 7.85264
    endloop
  endfacet
  facet normal 1 0 0
    outer loop
      vertex 55.7383 26.8786 7.85264
      vertex 55.7383 27.6795 7.52575
      vertex 55.7383 28.1881 7.52575
    endloop
  endfacet
  facet normal 1 0 0
    outer loop
      vertex 55.7383 26.8786 7.85264
      vertex 55.7383 28.1881 7.52575
      vertex 55.7383 26.9881 7.85264
    endloop
  endfacet
  facet normal 1 0 0
    outer loop
      vertex 56.5309 79.1183 3.57475
      vertex 56.5309 79.142 3.57475
      vertex 56.5309 79.142 3.60437
    endloop
  endfacet
  facet normal 1 0 0
    outer loop
      vertex 56.5309 79.142 3.60437
      vertex 56.5309 79.4753 3.60437
      vertex 56.5309 79.4753 3.93178
    endloop
  endfacet
  facet normal 1 0 0
    outer loop
      vertex 56.5309 79.1183 3.93178
      vertex 56.5309 79.1183 3.57475
      vertex 56.5309 79.142 3.60437
    endloop
  endfacet
  facet normal 1 0 0
    outer loop
      vertex 56.5309 79.142 3.60437
      vertex 56.5309 79.4753 3.93178
      vertex 56.5309 79.1183 3.93178
    endloop
  endfacet
  facet normal 0 1 0
    outer loop
      vertex 53.992 28.0464 2.95786
      vertex 53.992 28.0464 3.09658
      vertex 56.5765 28.0464 3.09658
    endloop
  endfacet
  facet normal 0 1 0
    outer loop
      vertex 56.5765 28.0464 3.09658
      vertex 56.5765 28.0464 2.95786
      vertex 55.9364 28.0464 2.95786
    endloop
  endfacet
  facet normal 0 1 0
    outer loop
      vertex 55.9364 28.0464 2.95786
      vertex 55.862 28.0464 2.57332
      vertex 54.7065 28.0464 2.57332
    endloop
  endfacet
  facet normal 0 1 0
    outer loop
      vertex 54.632 28.0464 2.95786
      vertex 53.992 28.0464 2.95786
      vertex 56.5765 28.0464 3.09658
    endloop
  endfacet
  facet normal 0 1 0
    outer loop
      vertex 55.9364 28.0464 2.95786
      vertex 54.7065 28.0464 2.57332
      vertex 54.632 28.0464 2.95786
    endloop
  endfacet
  facet normal 0 1 0
    outer loop
      vertex 56.5765 28.0464 3.09658
      vertex 55.9364 28.0464 2.95786
      vertex 54.632 28.0464 2.95786
    endloop
  endfacet
  facet normal 0 1 0
    outer loop
      vertex 56.7722 82.1027 3.60437
      vertex 56.5571 82.1027 3.60437
      vertex 56.5571 82.1027 6.51935
    endloop
  endfacet
  facet normal 0 1 0
    outer loop
      vertex 56.5571 82.1027 6.51935
      vertex 56.7722 82.1027 6.51935
      vertex 56.7722 82.1027 3.60437
    endloop
  endfacet
  facet normal 1 0 0
    outer loop
      vertex 56.7722 82.4253 6.51935
      vertex 56.7722 82.4253 3.60437
      vertex 56.7722 82.6414 3.60437
    endloop
  endfacet
  facet normal 1 0 0
    outer loop
      vertex 56.7722 82.6414 3.93178
      vertex 56.7722 82.9984 3.93178
      vertex 56.7722 82.9984 5.90402
    endloop
  endfacet
  facet normal 1 0 0
    outer loop
      vertex 56.7722 82.4253 6.51935
      vertex 56.7722 82.6414 3.60437
      vertex 56.7722 82.6414 3.93178
    endloop
  endfacet
  facet normal 1 0 0
    outer loop
      vertex 56.7722 82.6414 5.90402
      vertex 56.7722 82.6414 6.26106
      vertex 56.7722 82.4253 6.51935
    endloop
  endfacet
  facet normal 1 0 0
    outer loop
      vertex 56.7722 82.6414 3.93178
      vertex 56.7722 82.9984 5.90402
      vertex 56.7722 82.6414 5.90402
    endloop
  endfacet
  facet normal 1 0 0
    outer loop
      vertex 56.7722 82.6414 3.93178
      vertex 56.7722 82.6414 5.90402
      vertex 56.7722 82.4253 6.51935
    endloop
  endfacet
  facet normal 0 0 -1
    outer loop
      vertex 56.7722 85.0425 3.60437
      vertex 56.7722 84.84 3.60437
      vertex 53.7963 84.84 3.60437
    endloop
  endfacet
  facet normal 0 0 -1
    outer loop
      vertex 53.7963 84.84 3.60437
      vertex 53.7963 85.0425 3.60437
      vertex 54.0376 85.0425 3.60437
    endloop
  endfacet
  facet normal 0 0 -1
    outer loop
      vertex 54.0376 85.3995 3.60437
      vertex 53.7963 85.3995 3.60437
      vertex 53.7963 85.6509 3.60437
    endloop
  endfacet
  facet normal 0 0 -1
    outer loop
      vertex 54.0376 85.3995 3.60437
      vertex 53.7963 85.6509 3.60437
      vertex 54.0114 85.6509 3.60437
    endloop
  endfacet
  facet normal 0 0 -1
    outer loop
      vertex 54.0114 85.8122 3.60437
      vertex 54.0114 87.656 3.60437
      vertex 55.2842 87.6567 3.60437
    endloop
  endfacet
  facet normal 0 0 -1
    outer loop
      vertex 54.0376 85.3995 3.60437
      vertex 54.0114 85.6509 3.60437
      vertex 54.0114 85.8122 3.60437
    endloop
  endfacet
  facet normal 0 0 -1
    outer loop
      vertex 54.0376 85.3995 3.60437
      vertex 54.0114 85.8122 3.60437
      vertex 55.2842 87.6567 3.60437
    endloop
  endfacet
  facet normal 0 0 -1
    outer loop
      vertex 55.2842 87.6567 3.60437
      vertex 56.5571 87.656 3.60437
      vertex 56.5571 85.8122 3.60437
    endloop
  endfacet
  facet normal 0 0 -1
    outer loop
      vertex 56.5571 85.6509 3.60437
      vertex 56.7722 85.6509 3.60437
      vertex 56.7722 85.3995 3.60437
    endloop
  endfacet
  facet normal 0 0 -1
    outer loop
      vertex 55.2842 87.6567 3.60437
      vertex 56.5571 85.8122 3.60437
      vertex 56.5571 85.6509 3.60437
    endloop
  endfacet
  facet normal 0 0 -1
    outer loop
      vertex 54.0376 85.0425 3.60437
      vertex 54.0376 85.3995 3.60437
      vertex 55.2842 87.6567 3.60437
    endloop
  endfacet
  facet normal 0 0 -1
    outer loop
      vertex 56.5309 85.0425 3.60437
      vertex 56.7722 85.0425 3.60437
      vertex 53.7963 84.84 3.60437
    endloop
  endfacet
  facet normal 0 0 -1
    outer loop
      vertex 56.5571 85.6509 3.60437
      vertex 56.7722 85.3995 3.60437
      vertex 56.5309 85.3995 3.60437
    endloop
  endfacet
  facet normal 0 0 -1
    outer loop
      vertex 56.5309 85.3995 3.60437
      vertex 56.5309 85.0425 3.60437
      vertex 53.7963 84.84 3.60437
    endloop
  endfacet
  facet normal 0 0 -1
    outer loop
      vertex 54.0376 85.0425 3.60437
      vertex 55.2842 87.6567 3.60437
      vertex 56.5571 85.6509 3.60437
    endloop
  endfacet
  facet normal 0 0 -1
    outer loop
      vertex 56.5309 85.3995 3.60437
      vertex 53.7963 84.84 3.60437
      vertex 54.0376 85.0425 3.60437
    endloop
  endfacet
  facet normal 0 0 -1
    outer loop
      vertex 54.0376 85.0425 3.60437
      vertex 56.5571 85.6509 3.60437
      vertex 56.5309 85.3995 3.60437
    endloop
  endfacet
  facet normal -1 0 0
    outer loop
      vertex 54.0376 79.4753 3.93178
      vertex 54.0376 79.4753 3.60437
      vertex 54.0376 79.142 3.60437
    endloop
  endfacet
  facet normal -1 0 0
    outer loop
      vertex 54.0376 79.142 3.60437
      vertex 54.0376 79.142 3.57475
      vertex 54.0376 79.1183 3.57475
    endloop
  endfacet
  facet normal -1 0 0
    outer loop
      vertex 54.0376 79.1183 3.93178
      vertex 54.0376 79.4753 3.93178
      vertex 54.0376 79.142 3.60437
    endloop
  endfacet
  facet normal -1 0 0
    outer loop
      vertex 54.0376 79.142 3.60437
      vertex 54.0376 79.1183 3.57475
      vertex 54.0376 79.1183 3.93178
    endloop
  endfacet
  facet normal -1 0 0
    outer loop
      vertex 53.7963 82.6414 3.93178
      vertex 53.7963 82.6414 3.60437
      vertex 53.7963 82.4253 3.60437
    endloop
  endfacet
  facet normal -1 0 0
    outer loop
      vertex 53.7963 82.4253 3.60437
      vertex 53.7963 82.4253 6.51935
      vertex 53.7963 82.6414 6.26106
    endloop
  endfacet
  facet normal -1 0 0
    outer loop
      vertex 53.7963 82.6414 5.90402
      vertex 53.7963 82.9984 5.90402
      vertex 53.7963 82.9984 3.93178
    endloop
  endfacet
  facet normal -1 0 0
    outer loop
      vertex 53.7963 82.4253 3.60437
      vertex 53.7963 82.6414 6.26106
      vertex 53.7963 82.6414 5.90402
    endloop
  endfacet
  facet normal -1 0 0
    outer loop
      vertex 53.7963 82.6414 5.90402
      vertex 53.7963 82.9984 3.93178
      vertex 53.7963 82.6414 3.93178
    endloop
  endfacet
  facet normal -1 0 0
    outer loop
      vertex 53.7963 82.4253 3.60437
      vertex 53.7963 82.6414 5.90402
      vertex 53.7963 82.6414 3.93178
    endloop
  endfacet
  facet normal -1 0 0
    outer loop
      vertex 54.0114 79.142 3.31691
      vertex 54.0114 79.142 3.13099
      vertex 54.0114 78.716 3.13099
    endloop
  endfacet
  facet normal -1 0 0
    outer loop
      vertex 54.0114 78.716 3.13099
      vertex 54.0114 78.8774 3.31691
      vertex 54.0114 79.142 3.31691
    endloop
  endfacet
  facet normal 0 0 -1
    outer loop
      vertex 56.5765 29.8144 2.95786
      vertex 55.9364 29.8144 2.95786
      vertex 55.9364 30.2127 2.95786
    endloop
  endfacet
  facet normal 0 0 -1
    outer loop
      vertex 56.5765 29.8144 2.95786
      vertex 55.9364 30.2127 2.95786
      vertex 56.1629 30.2127 2.95786
    endloop
  endfacet
  facet normal 0 0 -1
    outer loop
      vertex 55.9364 33.964 2.95786
      vertex 55.9364 33.9809 2.95786
      vertex 56.5765 33.9809 2.95786
    endloop
  endfacet
  facet normal 0 0 -1
    outer loop
      vertex 56.1629 33.964 2.95786
      vertex 55.9364 33.964 2.95786
      vertex 56.5765 33.9809 2.95786
    endloop
  endfacet
  facet normal 0 0 -1
    outer loop
      vertex 56.5765 33.9809 2.95786
      vertex 56.5765 29.8144 2.95786
      vertex 56.1629 30.2127 2.95786
    endloop
  endfacet
  facet normal 0 0 -1
    outer loop
      vertex 56.1629 30.9057 2.95786
      vertex 55.9364 30.9057 2.95786
      vertex 55.9364 31.7461 2.95786
    endloop
  endfacet
  facet normal 0 0 -1
    outer loop
      vertex 56.5765 33.9809 2.95786
      vertex 56.1629 30.2127 2.95786
      vertex 56.1629 30.9057 2.95786
    endloop
  endfacet
  facet normal 0 0 -1
    outer loop
      vertex 56.1629 33.2709 2.95786
      vertex 56.1629 33.964 2.95786
      vertex 56.5765 33.9809 2.95786
    endloop
  endfacet
  facet normal 0 0 -1
    outer loop
      vertex 55.9364 32.4392 2.95786
      vertex 55.9364 33.2709 2.95786
      vertex 56.1629 33.2709 2.95786
    endloop
  endfacet
  facet normal 0 0 -1
    outer loop
      vertex 56.1629 32.4392 2.95786
      vertex 55.9364 32.4392 2.95786
      vertex 56.1629 33.2709 2.95786
    endloop
  endfacet
  facet normal 0 0 -1
    outer loop
      vertex 56.1629 30.9057 2.95786
      vertex 55.9364 31.7461 2.95786
      vertex 56.1629 31.7461 2.95786
    endloop
  endfacet
  facet normal 0 0 0
    outer loop
      vertex 56.1629 31.7461 2.95786
      vertex 56.1629 32.4392 2.95786
      vertex 56.1629 33.2709 2.95786
    endloop
  endfacet
  facet normal 0 0 -1
    outer loop
      vertex 56.1629 33.2709 2.95786
      vertex 56.5765 33.9809 2.95786
      vertex 56.1629 30.9057 2.95786
    endloop
  endfacet
  facet normal 0 0 0
    outer loop
      vertex 56.1629 30.9057 2.95786
      vertex 56.1629 31.7461 2.95786
      vertex 56.1629 33.2709 2.95786
    endloop
  endfacet
  facet normal 0 0 -1
    outer loop
      vertex 56.5765 35.7489 2.95786
      vertex 55.9364 35.7489 2.95786
      vertex 55.9364 36.1866 2.95786
    endloop
  endfacet
  facet normal 0 0 -1
    outer loop
      vertex 56.5765 35.7489 2.95786
      vertex 55.9364 36.1866 2.95786
      vertex 56.1629 36.1866 2.95786
    endloop
  endfacet
  facet normal 0 0 -1
    outer loop
      vertex 55.9364 42.8853 2.95786
      vertex 55.9364 43.3008 2.95786
      vertex 56.5765 43.3008 2.95786
    endloop
  endfacet
  facet normal 0 0 -1
    outer loop
      vertex 56.1629 42.8853 2.95786
      vertex 55.9364 42.8853 2.95786
      vertex 56.5765 43.3008 2.95786
    endloop
  endfacet
  facet normal 0 0 -1
    outer loop
      vertex 56.5765 43.3008 2.95786
      vertex 56.5765 35.7489 2.95786
      vertex 56.1629 36.1866 2.95786
    endloop
  endfacet
  facet normal 0 0 -1
    outer loop
      vertex 56.1629 36.8796 2.95786
      vertex 55.9364 36.8796 2.95786
      vertex 55.9364 37.6242 2.95786
    endloop
  endfacet
  facet normal 0 0 -1
    outer loop
      vertex 56.5765 43.3008 2.95786
      vertex 56.1629 36.1866 2.95786
      vertex 56.1629 36.8796 2.95786
    endloop
  endfacet
  facet normal 0 0 -1
    outer loop
      vertex 56.1629 42.1923 2.95786
      vertex 56.1629 42.8853 2.95786
      vertex 56.5765 43.3008 2.95786
    endloop
  endfacet
  facet normal 0 0 -1
    outer loop
      vertex 55.9364 41.3605 2.95786
      vertex 55.9364 42.1923 2.95786
      vertex 56.1629 42.1923 2.95786
    endloop
  endfacet
  facet normal 0 0 -1
    outer loop
      vertex 56.1629 41.3605 2.95786
      vertex 55.9364 41.3605 2.95786
      vertex 56.1629 42.1923 2.95786
    endloop
  endfacet
  facet normal 0 0 -1
    outer loop
      vertex 56.1629 36.8796 2.95786
      vertex 55.9364 37.6242 2.95786
      vertex 56.1629 37.6242 2.95786
    endloop
  endfacet
  facet normal 0 0 -1
    outer loop
      vertex 56.1629 38.3173 2.95786
      vertex 55.9364 38.3173 2.95786
      vertex 55.9364 39.134 2.95786
    endloop
  endfacet
  facet normal 0 0 -1
    outer loop
      vertex 56.5765 43.3008 2.95786
      vertex 56.1629 36.8796 2.95786
      vertex 56.1629 37.6242 2.95786
    endloop
  endfacet
  facet normal 0 0 -1
    outer loop
      vertex 56.1629 38.3173 2.95786
      vertex 55.9364 39.134 2.95786
      vertex 56.1629 39.134 2.95786
    endloop
  endfacet
  facet normal 0 0 -1
    outer loop
      vertex 56.5765 43.3008 2.95786
      vertex 56.1629 37.6242 2.95786
      vertex 56.1629 38.3173 2.95786
    endloop
  endfacet
  facet normal 0 0 -1
    outer loop
      vertex 56.1629 41.3605 2.95786
      vertex 56.1629 42.1923 2.95786
      vertex 56.5765 43.3008 2.95786
    endloop
  endfacet
  facet normal 0 0 -1
    outer loop
      vertex 55.9364 39.827 2.95786
      vertex 55.9364 40.6674 2.95786
      vertex 56.1629 40.6674 2.95786
    endloop
  endfacet
  facet normal 0 0 -1
    outer loop
      vertex 56.1629 40.6674 2.95786
      vertex 56.1629 41.3605 2.95786
      vertex 56.5765 43.3008 2.95786
    endloop
  endfacet
  facet normal 0 0 -1
    outer loop
      vertex 56.5765 43.3008 2.95786
      vertex 56.1629 38.3173 2.95786
      vertex 56.1629 39.134 2.95786
    endloop
  endfacet
  facet normal 0 0 -1
    outer loop
      vertex 56.1629 39.827 2.95786
      vertex 55.9364 39.827 2.95786
      vertex 56.1629 40.6674 2.95786
    endloop
  endfacet
  facet normal 0 0 -1
    outer loop
      vertex 56.5765 43.3008 2.95786
      vertex 56.1629 39.134 2.95786
      vertex 56.1629 39.827 2.95786
    endloop
  endfacet
  facet normal 0 0 -1
    outer loop
      vertex 56.1629 39.827 2.95786
      vertex 56.1629 40.6674 2.95786
      vertex 56.5765 43.3008 2.95786
    endloop
  endfacet
  facet normal 1 0 0
    outer loop
      vertex 56.5309 85.0425 3.60437
      vertex 56.5309 85.3995 3.60437
      vertex 56.5309 85.3995 3.93178
    endloop
  endfacet
  facet normal 1 0 0
    outer loop
      vertex 56.5309 85.3995 3.93178
      vertex 56.5309 85.0425 3.93178
      vertex 56.5309 85.0425 3.60437
    endloop
  endfacet
  facet normal 1 0 0
    outer loop
      vertex 56.5571 82.2641 3.60437
      vertex 56.5571 82.4253 3.60437
      vertex 56.5571 82.4253 6.51935
    endloop
  endfacet
  facet normal 1 0 0
    outer loop
      vertex 56.5571 82.4253 6.51935
      vertex 56.5571 82.2641 6.70529
      vertex 56.5571 82.2641 3.60437
    endloop
  endfacet
  facet normal 0 -1 0
    outer loop
      vertex 56.5765 29.8144 2.95786
      vertex 56.5765 29.8144 3.09658
      vertex 53.992 29.8144 3.09658
    endloop
  endfacet
  facet normal 0 -1 0
    outer loop
      vertex 53.992 29.8144 3.09658
      vertex 53.992 29.8144 2.95786
      vertex 54.632 29.8144 2.95786
    endloop
  endfacet
  facet normal 0 -1 0
    outer loop
      vertex 54.632 29.8144 2.95786
      vertex 54.7065 29.8144 2.57332
      vertex 55.862 29.8144 2.57332
    endloop
  endfacet
  facet normal 0 -1 0
    outer loop
      vertex 55.9364 29.8144 2.95786
      vertex 56.5765 29.8144 2.95786
      vertex 53.992 29.8144 3.09658
    endloop
  endfacet
  facet normal 0 -1 0
    outer loop
      vertex 54.632 29.8144 2.95786
      vertex 55.862 29.8144 2.57332
      vertex 55.9364 29.8144 2.95786
    endloop
  endfacet
  facet normal 0 -1 0
    outer loop
      vertex 53.992 29.8144 3.09658
      vertex 54.632 29.8144 2.95786
      vertex 55.9364 29.8144 2.95786
    endloop
  endfacet
  facet normal 0 0 1
    outer loop
      vertex 54.0376 79.142 3.57475
      vertex 53.7963 79.142 3.57475
      vertex 53.7963 79.1183 3.57475
    endloop
  endfacet
  facet normal 0 0 1
    outer loop
      vertex 53.7963 79.1183 3.57475
      vertex 54.0376 79.1183 3.57475
      vertex 54.0376 79.142 3.57475
    endloop
  endfacet
  facet normal 0 0 -1
    outer loop
      vertex 54.7065 28.0464 2.57332
      vertex 55.862 28.0464 2.57332
      vertex 55.862 27.9583 2.57332
    endloop
  endfacet
  facet normal 0 0 -1
    outer loop
      vertex 55.862 27.9583 2.57332
      vertex 54.7065 27.9583 2.57332
      vertex 54.7065 28.0464 2.57332
    endloop
  endfacet
  facet normal 0 1 0
    outer loop
      vertex 54.0376 85.0425 3.60437
      vertex 53.7963 85.0425 3.60437
      vertex 53.7963 85.0425 3.93178
    endloop
  endfacet
  facet normal 0 1 0
    outer loop
      vertex 53.7963 85.0425 3.93178
      vertex 54.0376 85.0425 3.93178
      vertex 54.0376 85.0425 3.60437
    endloop
  endfacet
  facet normal 0 1 0
    outer loop
      vertex 54.0114 85.6509 3.60437
      vertex 53.7963 85.6509 3.60437
      vertex 53.7963 85.6509 6.51935
    endloop
  endfacet
  facet normal 0 1 0
    outer loop
      vertex 53.7963 85.6509 6.51935
      vertex 54.0114 85.6509 6.51935
      vertex 54.0114 85.6509 3.60437
    endloop
  endfacet
  facet normal 0 0 -1
    outer loop
      vertex 57.5713 56.1901 0.046243
      vertex 55.2842 56.1901 0.046243
      vertex 55.2842 57.6813 0.046243
    endloop
  endfacet
  facet normal 0 0 -1
    outer loop
      vertex 55.2842 57.6813 0.046243
      vertex 57.5746 57.6813 0.046243
      vertex 57.5746 56.1901 0.046243
    endloop
  endfacet
  facet normal 0 0 -1
    outer loop
      vertex 55.2842 57.6813 0.046243
      vertex 57.5746 56.1901 0.046243
      vertex 57.5713 56.1901 0.046243
    endloop
  endfacet
  facet normal -1 0 0
    outer loop
      vertex 53.7963 79.142 3.43104
      vertex 53.7963 79.142 3.31691
      vertex 53.7963 78.8774 3.31691
    endloop
  endfacet
  facet normal 0 1 0
    outer loop
      vertex 53.992 33.9809 2.95786
      vertex 53.992 33.9809 3.09658
      vertex 56.5765 33.9809 3.09658
    endloop
  endfacet
  facet normal 0 1 0
    outer loop
      vertex 56.5765 33.9809 3.09658
      vertex 56.5765 33.9809 2.95786
      vertex 55.9364 33.9809 2.95786
    endloop
  endfacet
  facet normal 0 1 0
    outer loop
      vertex 55.9364 33.9809 2.95786
      vertex 55.862 33.9809 2.57332
      vertex 54.7065 33.9809 2.57332
    endloop
  endfacet
  facet normal 0 1 0
    outer loop
      vertex 54.632 33.9809 2.95786
      vertex 53.992 33.9809 2.95786
      vertex 56.5765 33.9809 3.09658
    endloop
  endfacet
  facet normal 0 1 0
    outer loop
      vertex 55.9364 33.9809 2.95786
      vertex 54.7065 33.9809 2.57332
      vertex 54.632 33.9809 2.95786
    endloop
  endfacet
  facet normal 0 1 0
    outer loop
      vertex 56.5765 33.9809 3.09658
      vertex 55.9364 33.9809 2.95786
      vertex 54.632 33.9809 2.95786
    endloop
  endfacet
  facet normal 0 0 1
    outer loop
      vertex 56.7722 79.142 3.57475
      vertex 56.5309 79.142 3.57475
      vertex 56.5309 79.1183 3.57475
    endloop
  endfacet
  facet normal 0 0 1
    outer loop
      vertex 56.5309 79.1183 3.57475
      vertex 56.7722 79.1183 3.57475
      vertex 56.7722 79.142 3.57475
    endloop
  endfacet
  facet normal 0 1 0
    outer loop
      vertex 54.0376 82.6414 3.60437
      vertex 53.7963 82.6414 3.60437
      vertex 53.7963 82.6414 3.93178
    endloop
  endfacet
  facet normal 0 1 0
    outer loop
      vertex 53.7963 82.6414 3.93178
      vertex 54.0376 82.6414 3.93178
      vertex 54.0376 82.6414 3.60437
    endloop
  endfacet
  facet normal 0 0 -1
    outer loop
      vertex 54.7065 33.9809 2.57332
      vertex 55.862 33.9809 2.57332
      vertex 55.862 33.964 2.57332
    endloop
  endfacet
  facet normal 0 0 -1
    outer loop
      vertex 55.862 33.964 2.57332
      vertex 54.7065 33.964 2.57332
      vertex 54.7065 33.9809 2.57332
    endloop
  endfacet
  facet normal 0 0 -1
    outer loop
      vertex 55.2842 58.4905 0.0438168
      vertex 52.9938 58.4905 0.0438168
      vertex 52.9938 58.5063 0.0438168
    endloop
  endfacet
  facet normal 0 0 -1
    outer loop
      vertex 52.9938 58.5063 0.0438168
      vertex 55.2842 58.5063 0.0438168
      vertex 55.2842 58.4905 0.0438168
    endloop
  endfacet
  facet normal 0.950252 0 -0.311481
    outer loop
      vertex 56.1576 79.142 1.91219
      vertex 56.5571 79.142 3.13099
      vertex 56.5571 78.716 3.13099
    endloop
  endfacet
  facet normal 0.950252 0 -0.311481
    outer loop
      vertex 56.5571 78.716 3.13099
      vertex 56.1576 78.716 1.91219
      vertex 56.1576 79.142 1.91219
    endloop
  endfacet
  facet normal 1 0 0
    outer loop
      vertex 56.5309 82.6414 3.60437
      vertex 56.5309 82.9984 3.60437
      vertex 56.5309 82.9984 3.93178
    endloop
  endfacet
  facet normal 1 0 0
    outer loop
      vertex 56.5309 82.9984 3.93178
      vertex 56.5309 82.6414 3.93178
      vertex 56.5309 82.6414 3.60437
    endloop
  endfacet
  facet normal 0 1 0
    outer loop
      vertex 56.7722 82.6414 3.60437
      vertex 56.5309 82.6414 3.60437
      vertex 56.5309 82.6414 3.93178
    endloop
  endfacet
  facet normal 0 1 0
    outer loop
      vertex 56.5309 82.6414 3.93178
      vertex 56.7722 82.6414 3.93178
      vertex 56.7722 82.6414 3.60437
    endloop
  endfacet
  facet normal 0 0 -1
    outer loop
      vertex 53.7963 79.4753 3.60437
      vertex 53.7963 80.3389 3.60437
      vertex 56.7722 80.3389 3.60437
    endloop
  endfacet
  facet normal 0 0 -1
    outer loop
      vertex 56.7722 80.3389 3.60437
      vertex 56.7722 79.4753 3.60437
      vertex 56.5309 79.4753 3.60437
    endloop
  endfacet
  facet normal 0 0 -1
    outer loop
      vertex 56.5309 79.4753 3.60437
      vertex 56.5309 79.142 3.60437
      vertex 54.0376 79.142 3.60437
    endloop
  endfacet
  facet normal 0 0 -1
    outer loop
      vertex 54.0376 79.4753 3.60437
      vertex 53.7963 79.4753 3.60437
      vertex 56.7722 80.3389 3.60437
    endloop
  endfacet
  facet normal 0 0 -1
    outer loop
      vertex 56.5309 79.4753 3.60437
      vertex 54.0376 79.142 3.60437
      vertex 54.0376 79.4753 3.60437
    endloop
  endfacet
  facet normal 0 0 -1
    outer loop
      vertex 56.7722 80.3389 3.60437
      vertex 56.5309 79.4753 3.60437
      vertex 54.0376 79.4753 3.60437
    endloop
  endfacet
  facet normal 0 0 -1
    outer loop
      vertex 57.5746 58.4905 0.0438168
      vertex 55.2842 58.4905 0.0438168
      vertex 55.2842 58.5063 0.0438168
    endloop
  endfacet
  facet normal 0 0 -1
    outer loop
      vertex 55.2842 58.5063 0.0438168
      vertex 57.5746 58.5063 0.0438168
      vertex 57.5746 58.4905 0.0438168
    endloop
  endfacet
  facet normal -0.981778 0 -0.190033
    outer loop
      vertex 54.7065 35.7488 2.57332
      vertex 54.632 35.7489 2.95786
      vertex 54.632 36.1866 2.95786
    endloop
  endfacet
  facet normal -0.981778 0 -0.190033
    outer loop
      vertex 54.632 36.1866 2.95786
      vertex 54.7065 36.1866 2.57332
      vertex 54.7065 35.7488 2.57332
    endloop
  endfacet
  facet normal 0.981778 0 -0.190033
    outer loop
      vertex 55.862 33.9809 2.57332
      vertex 55.9364 33.9809 2.95786
      vertex 55.9364 33.964 2.95786
    endloop
  endfacet
  facet normal 0.981778 0 -0.190033
    outer loop
      vertex 55.9364 33.964 2.95786
      vertex 55.862 33.964 2.57332
      vertex 55.862 33.9809 2.57332
    endloop
  endfacet
  facet normal -0.950252 0 -0.311481
    outer loop
      vertex 54.0114 79.142 3.13099
      vertex 54.4109 79.142 1.91219
      vertex 54.4109 78.716 1.91219
    endloop
  endfacet
  facet normal -0.950252 0 -0.311481
    outer loop
      vertex 54.4109 78.716 1.91219
      vertex 54.0114 78.716 3.13099
      vertex 54.0114 79.142 3.13099
    endloop
  endfacet
  facet normal 0 1 0
    outer loop
      vertex 54.0376 79.142 3.57475
      vertex 54.0376 79.142 3.60437
      vertex 56.5309 79.142 3.60437
    endloop
  endfacet
  facet normal 0 1 0
    outer loop
      vertex 56.5309 79.142 3.57475
      vertex 56.7722 79.142 3.57475
      vertex 56.7722 79.142 3.43104
    endloop
  endfacet
  facet normal 0 1 0
    outer loop
      vertex 54.0376 79.142 3.57475
      vertex 56.5309 79.142 3.60437
      vertex 56.5309 79.142 3.57475
    endloop
  endfacet
  facet normal 0 1 0
    outer loop
      vertex 53.7963 79.142 3.43104
      vertex 53.7963 79.142 3.57475
      vertex 54.0376 79.142 3.57475
    endloop
  endfacet
  facet normal 0 1 0
    outer loop
      vertex 54.0114 79.142 3.31691
      vertex 53.7963 79.142 3.31691
      vertex 53.7963 79.142 3.43104
    endloop
  endfacet
  facet normal 0 1 0
    outer loop
      vertex 54.4109 79.142 1.91219
      vertex 54.0114 79.142 3.13099
      vertex 54.0114 79.142 3.31691
    endloop
  endfacet
  facet normal 0 1 0
    outer loop
      vertex 56.5571 79.142 3.13099
      vertex 56.1576 79.142 1.91219
      vertex 55.2842 79.142 1.91417
    endloop
  endfacet
  facet normal 0 1 0
    outer loop
      vertex 55.2842 79.142 1.91417
      vertex 54.4109 79.142 1.91219
      vertex 54.0114 79.142 3.31691
    endloop
  endfacet
  facet normal 0 1 0
    outer loop
      vertex 54.0114 79.142 3.31691
      vertex 53.7963 79.142 3.43104
      vertex 54.0376 79.142 3.57475
    endloop
  endfacet
  facet normal 0 1 0
    outer loop
      vertex 54.0376 79.142 3.57475
      vertex 56.5309 79.142 3.57475
      vertex 56.7722 79.142 3.43104
    endloop
  endfacet
  facet normal 0 1 0
    outer loop
      vertex 56.7722 79.142 3.43104
      vertex 56.7722 79.142 3.31691
      vertex 56.5571 79.142 3.31691
    endloop
  endfacet
  facet normal 0 1 0
    outer loop
      vertex 56.5571 79.142 3.31691
      vertex 56.5571 79.142 3.13099
      vertex 55.2842 79.142 1.91417
    endloop
  endfacet
  facet normal 0 1 0
    outer loop
      vertex 55.2842 79.142 1.91417
      vertex 54.0114 79.142 3.31691
      vertex 54.0376 79.142 3.57475
    endloop
  endfacet
  facet normal 0 1 0
    outer loop
      vertex 54.0376 79.142 3.57475
      vertex 56.7722 79.142 3.43104
      vertex 56.5571 79.142 3.31691
    endloop
  endfacet
  facet normal 0 1 0
    outer loop
      vertex 56.5571 79.142 3.31691
      vertex 55.2842 79.142 1.91417
      vertex 54.0376 79.142 3.57475
    endloop
  endfacet
  facet normal 0 1 0
    outer loop
      vertex 54.0376 81.5194 3.60437
      vertex 53.7963 81.5194 3.60437
      vertex 53.7963 81.5194 3.93178
    endloop
  endfacet
  facet normal 0 1 0
    outer loop
      vertex 53.7963 81.5194 3.93178
      vertex 54.0376 81.5194 3.93178
      vertex 54.0376 81.5194 3.60437
    endloop
  endfacet
  facet normal 0.901446 0 -0.432893
    outer loop
      vertex 53.9919 29.8144 4.02549
      vertex 54.0066 29.8144 4.05594
      vertex 54.0066 28.0464 4.05594
    endloop
  endfacet
  facet normal 0.901446 0 -0.432893
    outer loop
      vertex 54.0066 28.0464 4.05594
      vertex 53.9919 28.0464 4.02549
      vertex 53.9919 29.8144 4.02549
    endloop
  endfacet
  facet normal 0 0 -1
    outer loop
      vertex 53.7963 84.84 3.60437
      vertex 56.7722 84.84 3.60437
      vertex 56.7722 84.545 3.60437
    endloop
  endfacet
  facet normal 0 0 -1
    outer loop
      vertex 56.7722 84.545 3.60437
      vertex 53.7963 84.545 3.60437
      vertex 53.7963 84.84 3.60437
    endloop
  endfacet
  facet normal -1 0 0
    outer loop
      vertex 54.0114 82.4253 3.60437
      vertex 54.0114 82.2641 3.60437
      vertex 54.0114 82.2641 6.70529
    endloop
  endfacet
  facet normal -1 0 0
    outer loop
      vertex 54.0114 82.2641 6.70529
      vertex 54.0114 82.4253 6.51935
      vertex 54.0114 82.4253 3.60437
    endloop
  endfacet
  facet normal 0 0 -1
    outer loop
      vertex 53.7963 80.8583 3.60437
      vertex 56.7722 80.8583 3.60437
      vertex 56.7722 80.3389 3.60437
    endloop
  endfacet
  facet normal 0 0 -1
    outer loop
      vertex 56.7722 80.3389 3.60437
      vertex 53.7963 80.3389 3.60437
      vertex 53.7963 80.8583 3.60437
    endloop
  endfacet
  facet normal -1 0 0
    outer loop
      vertex 54.0376 82.9984 3.60437
      vertex 54.0376 82.6414 3.60437
      vertex 54.0376 82.6414 3.93178
    endloop
  endfacet
  facet normal -1 0 0
    outer loop
      vertex 54.0376 82.6414 3.93178
      vertex 54.0376 82.9984 3.93178
      vertex 54.0376 82.9984 3.60437
    endloop
  endfacet
  facet normal 0 0 -1
    outer loop
      vertex 53.992 33.9809 2.95786
      vertex 54.632 33.9809 2.95786
      vertex 54.632 33.964 2.95786
    endloop
  endfacet
  facet normal 0 0 -1
    outer loop
      vertex 53.992 33.9809 2.95786
      vertex 54.632 33.964 2.95786
      vertex 54.4055 33.964 2.95786
    endloop
  endfacet
  facet normal 0 0 -1
    outer loop
      vertex 54.632 30.2127 2.95786
      vertex 54.632 29.8144 2.95786
      vertex 53.992 29.8144 2.95786
    endloop
  endfacet
  facet normal 0 0 -1
    outer loop
      vertex 54.4055 30.2127 2.95786
      vertex 54.632 30.2127 2.95786
      vertex 53.992 29.8144 2.95786
    endloop
  endfacet
  facet normal 0 0 -1
    outer loop
      vertex 53.992 29.8144 2.95786
      vertex 53.992 33.9809 2.95786
      vertex 54.4055 33.964 2.95786
    endloop
  endfacet
  facet normal 0 0 -1
    outer loop
      vertex 54.4055 33.2709 2.95786
      vertex 54.632 33.2709 2.95786
      vertex 54.632 32.4392 2.95786
    endloop
  endfacet
  facet normal 0 0 -1
    outer loop
      vertex 53.992 29.8144 2.95786
      vertex 54.4055 33.964 2.95786
      vertex 54.4055 33.2709 2.95786
    endloop
  endfacet
  facet normal 0 0 -1
    outer loop
      vertex 54.4055 30.9057 2.95786
      vertex 54.4055 30.2127 2.95786
      vertex 53.992 29.8144 2.95786
    endloop
  endfacet
  facet normal 0 0 -1
    outer loop
      vertex 54.632 31.7461 2.95786
      vertex 54.632 30.9057 2.95786
      vertex 54.4055 30.9057 2.95786
    endloop
  endfacet
  facet normal 0 0 -1
    outer loop
      vertex 54.4055 31.7461 2.95786
      vertex 54.632 31.7461 2.95786
      vertex 54.4055 30.9057 2.95786
    endloop
  endfacet
  facet normal 0 0 -1
    outer loop
      vertex 54.4055 30.9057 2.95786
      vertex 53.992 29.8144 2.95786
      vertex 54.4055 33.2709 2.95786
    endloop
  endfacet
  facet normal 0 0 -1
    outer loop
      vertex 54.4055 33.2709 2.95786
      vertex 54.632 32.4392 2.95786
      vertex 54.4055 32.4392 2.95786
    endloop
  endfacet
  facet normal 0 0 0
    outer loop
      vertex 54.4055 32.4392 2.95786
      vertex 54.4055 31.7461 2.95786
      vertex 54.4055 30.9057 2.95786
    endloop
  endfacet
  facet normal 0 0 0
    outer loop
      vertex 54.4055 33.2709 2.95786
      vertex 54.4055 32.4392 2.95786
      vertex 54.4055 30.9057 2.95786
    endloop
  endfacet
  facet normal 0 0 -1
    outer loop
      vertex 53.992 28.0464 2.95786
      vertex 54.632 28.0464 2.95786
      vertex 54.632 27.9583 2.95786
    endloop
  endfacet
  facet normal 0 0 -1
    outer loop
      vertex 53.992 28.0464 2.95786
      vertex 54.632 27.9583 2.95786
      vertex 54.4055 27.9583 2.95786
    endloop
  endfacet
  facet normal 0 0 -1
    outer loop
      vertex 54.1694 24.5077 2.95786
      vertex 53.992 24.5077 2.95786
      vertex 53.992 28.0464 2.95786
    endloop
  endfacet
  facet normal 0 0 -1
    outer loop
      vertex 53.992 21.5908 2.95786
      vertex 53.992 24.1719 2.95786
      vertex 54.1694 24.1719 2.95786
    endloop
  endfacet
  facet normal 0 0 -1
    outer loop
      vertex 54.1694 24.5077 2.95786
      vertex 53.992 28.0464 2.95786
      vertex 54.4055 27.9583 2.95786
    endloop
  endfacet
  facet normal 0 0 -1
    outer loop
      vertex 54.1694 21.5908 2.95786
      vertex 53.992 21.5908 2.95786
      vertex 54.1694 24.1719 2.95786
    endloop
  endfacet
  facet normal 0 0 -1
    outer loop
      vertex 54.1694 24.1719 2.95786
      vertex 54.1694 24.5077 2.95786
      vertex 54.4055 27.9583 2.95786
    endloop
  endfacet
  facet normal 0 0 -1
    outer loop
      vertex 54.4055 27.2653 2.95786
      vertex 54.632 27.2653 2.95786
      vertex 54.632 26.4211 2.95786
    endloop
  endfacet
  facet normal 0 0 -1
    outer loop
      vertex 54.1694 24.1719 2.95786
      vertex 54.4055 27.9583 2.95786
      vertex 54.4055 27.2653 2.95786
    endloop
  endfacet
  facet normal 0 0 0
    outer loop
      vertex 54.1694 21.255 2.95786
      vertex 54.1694 21.5908 2.95786
      vertex 54.1694 24.1719 2.95786
    endloop
  endfacet
  facet normal 0 0 -1
    outer loop
      vertex 54.4055 27.2653 2.95786
      vertex 54.632 26.4211 2.95786
      vertex 54.4055 26.4211 2.95786
    endloop
  endfacet
  facet normal 0 0 -1
    outer loop
      vertex 54.4055 25.7281 2.95786
      vertex 54.632 25.7281 2.95786
      vertex 54.632 24.8963 2.95786
    endloop
  endfacet
  facet normal 0 0 -1
    outer loop
      vertex 54.1694 24.1719 2.95786
      vertex 54.4055 27.2653 2.95786
      vertex 54.4055 26.4211 2.95786
    endloop
  endfacet
  facet normal 0 0 -1
    outer loop
      vertex 54.4055 25.7281 2.95786
      vertex 54.632 24.8963 2.95786
      vertex 54.4055 24.8963 2.95786
    endloop
  endfacet
  facet normal 0 0 -1
    outer loop
      vertex 54.1694 24.1719 2.95786
      vertex 54.4055 26.4211 2.95786
      vertex 54.4055 25.7281 2.95786
    endloop
  endfacet
  facet normal 0 0 -1
    outer loop
      vertex 53.992 20.0764 2.95786
      vertex 53.992 21.255 2.95786
      vertex 54.1694 21.255 2.95786
    endloop
  endfacet
  facet normal 0 0 -1
    outer loop
      vertex 54.1694 21.255 2.95786
      vertex 54.1694 24.1719 2.95786
      vertex 54.4055 25.7281 2.95786
    endloop
  endfacet
  facet normal 0 0 0
    outer loop
      vertex 54.4055 25.7281 2.95786
      vertex 54.4055 24.8963 2.95786
      vertex 54.4055 24.2033 2.95786
    endloop
  endfacet
  facet normal 0 0 -1
    outer loop
      vertex 54.4055 20.0764 2.95786
      vertex 53.992 20.0764 2.95786
      vertex 54.1694 21.255 2.95786
    endloop
  endfacet
  facet normal 0 0 -1
    outer loop
      vertex 54.1694 21.255 2.95786
      vertex 54.4055 25.7281 2.95786
      vertex 54.4055 24.2033 2.95786
    endloop
  endfacet
  facet normal 0 0 -1
    outer loop
      vertex 54.4055 24.2033 2.95786
      vertex 54.632 24.2033 2.95786
      vertex 54.632 23.3628 2.95786
    endloop
  endfacet
  facet normal 0 0 -1
    outer loop
      vertex 54.4055 24.2033 2.95786
      vertex 54.632 23.3628 2.95786
      vertex 54.4055 23.3628 2.95786
    endloop
  endfacet
  facet normal 0 0 -1
    outer loop
      vertex 54.4055 20.0764 2.95786
      vertex 54.1694 21.255 2.95786
      vertex 54.4055 24.2033 2.95786
    endloop
  endfacet
  facet normal 0 0 -1
    outer loop
      vertex 54.632 21.16 2.95786
      vertex 54.632 20.4155 2.95786
      vertex 54.4055 20.4155 2.95786
    endloop
  endfacet
  facet normal 0 0 0
    outer loop
      vertex 54.4055 20.4155 2.95786
      vertex 54.4055 20.0764 2.95786
      vertex 54.4055 24.2033 2.95786
    endloop
  endfacet
  facet normal 0 0 0
    outer loop
      vertex 54.4055 24.2033 2.95786
      vertex 54.4055 23.3628 2.95786
      vertex 54.4055 22.6698 2.95786
    endloop
  endfacet
  facet normal 0 0 -1
    outer loop
      vertex 54.4055 22.6698 2.95786
      vertex 54.632 22.6698 2.95786
      vertex 54.632 21.8531 2.95786
    endloop
  endfacet
  facet normal 0 0 -1
    outer loop
      vertex 54.4055 22.6698 2.95786
      vertex 54.632 21.8531 2.95786
      vertex 54.4055 21.8531 2.95786
    endloop
  endfacet
  facet normal 0 0 0
    outer loop
      vertex 54.4055 20.4155 2.95786
      vertex 54.4055 24.2033 2.95786
      vertex 54.4055 22.6698 2.95786
    endloop
  endfacet
  facet normal 0 0 -1
    outer loop
      vertex 54.4055 21.16 2.95786
      vertex 54.632 21.16 2.95786
      vertex 54.4055 20.4155 2.95786
    endloop
  endfacet
  facet normal 0 0 0
    outer loop
      vertex 54.4055 22.6698 2.95786
      vertex 54.4055 21.8531 2.95786
      vertex 54.4055 21.16 2.95786
    endloop
  endfacet
  facet normal 0 0 0
    outer loop
      vertex 54.4055 22.6698 2.95786
      vertex 54.4055 21.16 2.95786
      vertex 54.4055 20.4155 2.95786
    endloop
  endfacet
  facet normal 0 1 0
    outer loop
      vertex 56.7722 81.5194 3.60437
      vertex 56.5309 81.5194 3.60437
      vertex 56.5309 81.5194 3.93178
    endloop
  endfacet
  facet normal 0 1 0
    outer loop
      vertex 56.5309 81.5194 3.93178
      vertex 56.7722 81.5194 3.93178
      vertex 56.7722 81.5194 3.60437
    endloop
  endfacet
  facet normal 1 0 0
    outer loop
      vertex 56.5571 79.142 3.13099
      vertex 56.5571 79.142 3.31691
      vertex 56.5571 78.8774 3.31691
    endloop
  endfacet
  facet normal 1 0 0
    outer loop
      vertex 56.5571 78.8774 3.31691
      vertex 56.5571 78.716 3.13099
      vertex 56.5571 79.142 3.13099
    endloop
  endfacet
  facet normal 0 0 -1
    outer loop
      vertex 53.7963 82.9984 3.60437
      vertex 53.7963 84.545 3.60437
      vertex 56.7722 84.545 3.60437
    endloop
  endfacet
  facet normal 0 0 -1
    outer loop
      vertex 56.7722 84.545 3.60437
      vertex 56.7722 82.9984 3.60437
      vertex 56.5309 82.9984 3.60437
    endloop
  endfacet
  facet normal 0 0 -1
    outer loop
      vertex 56.5309 82.6414 3.60437
      vertex 56.7722 82.6414 3.60437
      vertex 56.7722 82.4253 3.60437
    endloop
  endfacet
  facet normal 0 0 -1
    outer loop
      vertex 56.5309 82.6414 3.60437
      vertex 56.7722 82.4253 3.60437
      vertex 56.5571 82.4253 3.60437
    endloop
  endfacet
  facet normal 0 0 0
    outer loop
      vertex 56.5571 82.4253 3.60437
      vertex 56.5571 82.2641 3.60437
      vertex 56.5571 82.1027 3.60437
    endloop
  endfacet
  facet normal 0 0 -1
    outer loop
      vertex 56.5309 82.6414 3.60437
      vertex 56.5571 82.4253 3.60437
      vertex 56.5571 82.1027 3.60437
    endloop
  endfacet
  facet normal 0 0 -1
    outer loop
      vertex 56.5571 82.1027 3.60437
      vertex 56.7722 82.1027 3.60437
      vertex 56.7722 81.8765 3.60437
    endloop
  endfacet
  facet normal 0 0 -1
    outer loop
      vertex 56.5571 82.1027 3.60437
      vertex 56.7722 81.8765 3.60437
      vertex 56.5309 81.8765 3.60437
    endloop
  endfacet
  facet normal 0 0 -1
    outer loop
      vertex 56.5309 82.6414 3.60437
      vertex 56.5571 82.1027 3.60437
      vertex 56.5309 81.8765 3.60437
    endloop
  endfacet
  facet normal 0 0 -1
    outer loop
      vertex 56.5309 81.5194 3.60437
      vertex 56.7722 81.5194 3.60437
      vertex 56.7722 80.8583 3.60437
    endloop
  endfacet
  facet normal 0 0 -1
    outer loop
      vertex 56.5309 81.5194 3.60437
      vertex 56.7722 80.8583 3.60437
      vertex 53.7963 80.8583 3.60437
    endloop
  endfacet
  facet normal 0 0 -1
    outer loop
      vertex 53.7963 80.8583 3.60437
      vertex 53.7963 81.5194 3.60437
      vertex 54.0376 81.5194 3.60437
    endloop
  endfacet
  facet normal 0 0 -1
    outer loop
      vertex 54.0376 81.8765 3.60437
      vertex 53.7963 81.8765 3.60437
      vertex 53.7963 82.1027 3.60437
    endloop
  endfacet
  facet normal 0 0 -1
    outer loop
      vertex 56.5309 81.5194 3.60437
      vertex 53.7963 80.8583 3.60437
      vertex 54.0376 81.5194 3.60437
    endloop
  endfacet
  facet normal 0 0 -1
    outer loop
      vertex 54.0376 81.8765 3.60437
      vertex 53.7963 82.1027 3.60437
      vertex 54.0114 82.1027 3.60437
    endloop
  endfacet
  facet normal 0 0 -1
    outer loop
      vertex 56.5309 81.5194 3.60437
      vertex 54.0376 81.5194 3.60437
      vertex 54.0376 81.8765 3.60437
    endloop
  endfacet
  facet normal 0 0 -1
    outer loop
      vertex 56.5309 81.8765 3.60437
      vertex 56.5309 81.5194 3.60437
      vertex 54.0376 81.8765 3.60437
    endloop
  endfacet
  facet normal 0 0 -1
    outer loop
      vertex 54.0376 81.8765 3.60437
      vertex 54.0114 82.1027 3.60437
      vertex 54.0114 82.2641 3.60437
    endloop
  endfacet
  facet normal 0 0 -1
    outer loop
      vertex 54.0114 82.4253 3.60437
      vertex 53.7963 82.4253 3.60437
      vertex 53.7963 82.6414 3.60437
    endloop
  endfacet
  facet normal 0 0 -1
    outer loop
      vertex 54.0376 81.8765 3.60437
      vertex 54.0114 82.2641 3.60437
      vertex 54.0114 82.4253 3.60437
    endloop
  endfacet
  facet normal 0 0 -1
    outer loop
      vertex 56.5309 82.6414 3.60437
      vertex 56.5309 81.8765 3.60437
      vertex 54.0376 81.8765 3.60437
    endloop
  endfacet
  facet normal 0 0 -1
    outer loop
      vertex 56.5309 82.9984 3.60437
      vertex 56.5309 82.6414 3.60437
      vertex 54.0376 81.8765 3.60437
    endloop
  endfacet
  facet normal 0 0 -1
    outer loop
      vertex 54.0114 82.4253 3.60437
      vertex 53.7963 82.6414 3.60437
      vertex 54.0376 82.6414 3.60437
    endloop
  endfacet
  facet normal 0 0 -1
    outer loop
      vertex 56.5309 82.9984 3.60437
      vertex 54.0376 81.8765 3.60437
      vertex 54.0114 82.4253 3.60437
    endloop
  endfacet
  facet normal 0 0 -1
    outer loop
      vertex 54.0376 82.9984 3.60437
      vertex 53.7963 82.9984 3.60437
      vertex 56.7722 84.545 3.60437
    endloop
  endfacet
  facet normal 0 0 -1
    outer loop
      vertex 56.5309 82.9984 3.60437
      vertex 54.0114 82.4253 3.60437
      vertex 54.0376 82.6414 3.60437
    endloop
  endfacet
  facet normal 0 0 -1
    outer loop
      vertex 54.0376 82.6414 3.60437
      vertex 54.0376 82.9984 3.60437
      vertex 56.7722 84.545 3.60437
    endloop
  endfacet
  facet normal 0 0 -1
    outer loop
      vertex 56.7722 84.545 3.60437
      vertex 56.5309 82.9984 3.60437
      vertex 54.0376 82.6414 3.60437
    endloop
  endfacet
  facet normal 0 0 -1
    outer loop
      vertex 52.9938 56.1901 0.046243
      vertex 52.9938 57.6813 0.046243
      vertex 55.2842 57.6813 0.046243
    endloop
  endfacet
  facet normal 0 0 -1
    outer loop
      vertex 55.2842 57.6813 0.046243
      vertex 55.2842 56.1901 0.046243
      vertex 52.9971 56.1901 0.046243
    endloop
  endfacet
  facet normal 0 0 -1
    outer loop
      vertex 55.2842 57.6813 0.046243
      vertex 52.9971 56.1901 0.046243
      vertex 52.9938 56.1901 0.046243
    endloop
  endfacet
  facet normal -0.981778 0 -0.190033
    outer loop
      vertex 54.7065 29.8144 2.57332
      vertex 54.632 29.8144 2.95786
      vertex 54.632 30.2127 2.95786
    endloop
  endfacet
  facet normal -0.981778 0 -0.190033
    outer loop
      vertex 54.632 30.2127 2.95786
      vertex 54.7065 30.2127 2.57332
      vertex 54.7065 29.8144 2.57332
    endloop
  endfacet
  facet normal 0.901446 0 -0.432893
    outer loop
      vertex 53.9919 35.7489 4.02549
      vertex 54.0066 35.7489 4.05594
      vertex 54.0066 33.9809 4.05594
    endloop
  endfacet
  facet normal 0.901446 0 -0.432893
    outer loop
      vertex 54.0066 33.9809 4.05594
      vertex 53.9919 33.9809 4.02549
      vertex 53.9919 35.7489 4.02549
    endloop
  endfacet
  facet normal 0 1 0
    outer loop
      vertex 56.7722 85.0425 3.60437
      vertex 56.5309 85.0425 3.60437
      vertex 56.5309 85.0425 3.93178
    endloop
  endfacet
  facet normal 0 1 0
    outer loop
      vertex 56.5309 85.0425 3.93178
      vertex 56.7722 85.0425 3.93178
      vertex 56.7722 85.0425 3.60437
    endloop
  endfacet
  facet normal 0.981778 0 -0.190033
    outer loop
      vertex 55.862 28.0464 2.57332
      vertex 55.9364 28.0464 2.95786
      vertex 55.9364 27.9583 2.95786
    endloop
  endfacet
  facet normal 0.981778 0 -0.190033
    outer loop
      vertex 55.9364 27.9583 2.95786
      vertex 55.862 27.9583 2.57332
      vertex 55.862 28.0464 2.57332
    endloop
  endfacet
  facet normal 0 1 0
    outer loop
      vertex 56.7722 85.6509 3.60437
      vertex 56.5571 85.6509 3.60437
      vertex 56.5571 85.6509 6.51935
    endloop
  endfacet
  facet normal 0 1 0
    outer loop
      vertex 56.5571 85.6509 6.51935
      vertex 56.7722 85.6509 6.51935
      vertex 56.7722 85.6509 3.60437
    endloop
  endfacet
  facet normal 0 -1 0
    outer loop
      vertex 56.5765 35.7489 2.95786
      vertex 56.5765 35.7489 3.09658
      vertex 53.992 35.7489 3.09658
    endloop
  endfacet
  facet normal 0 -1 0
    outer loop
      vertex 53.992 35.7489 3.09658
      vertex 53.992 35.7489 2.95786
      vertex 54.632 35.7489 2.95786
    endloop
  endfacet
  facet normal 2.97122e-05 -1 9.50315e-05
    outer loop
      vertex 54.632 35.7489 2.95786
      vertex 54.7065 35.7488 2.57332
      vertex 55.862 35.7489 2.57332
    endloop
  endfacet
  facet normal 0 -1 0
    outer loop
      vertex 55.9364 35.7489 2.95786
      vertex 56.5765 35.7489 2.95786
      vertex 53.992 35.7489 3.09658
    endloop
  endfacet
  facet normal 0 -1 0
    outer loop
      vertex 54.632 35.7489 2.95786
      vertex 55.862 35.7489 2.57332
      vertex 55.9364 35.7489 2.95786
    endloop
  endfacet
  facet normal 0 -1 0
    outer loop
      vertex 53.992 35.7489 3.09658
      vertex 54.632 35.7489 2.95786
      vertex 55.9364 35.7489 2.95786
    endloop
  endfacet
  facet normal 1 0 0
    outer loop
      vertex 56.5309 81.5194 3.60437
      vertex 56.5309 81.8765 3.60437
      vertex 56.5309 81.8765 3.93178
    endloop
  endfacet
  facet normal 1 0 0
    outer loop
      vertex 56.5309 81.8765 3.93178
      vertex 56.5309 81.5194 3.93178
      vertex 56.5309 81.5194 3.60437
    endloop
  endfacet
  facet normal 1 0 0
    outer loop
      vertex 56.7722 79.142 3.31691
      vertex 56.7722 79.142 3.43104
      vertex 56.7722 78.8774 3.31691
    endloop
  endfacet
  facet normal -1 0 0
    outer loop
      vertex 54.0376 85.3995 3.60437
      vertex 54.0376 85.0425 3.60437
      vertex 54.0376 85.0425 3.93178
    endloop
  endfacet
  facet normal -1 0 0
    outer loop
      vertex 54.0376 85.0425 3.93178
      vertex 54.0376 85.3995 3.93178
      vertex 54.0376 85.3995 3.60437
    endloop
  endfacet
  facet normal -1 0 0
    outer loop
      vertex 54.0376 81.8765 3.60437
      vertex 54.0376 81.5194 3.60437
      vertex 54.0376 81.5194 3.93178
    endloop
  endfacet
  facet normal -1 0 0
    outer loop
      vertex 54.0376 81.5194 3.93178
      vertex 54.0376 81.8765 3.93178
      vertex 54.0376 81.8765 3.60437
    endloop
  endfacet
  facet normal 0 1 0
    outer loop
      vertex 54.0114 82.1027 3.60437
      vertex 53.7963 82.1027 3.60437
      vertex 53.7963 82.1027 6.51935
    endloop
  endfacet
  facet normal 0 1 0
    outer loop
      vertex 53.7963 82.1027 6.51935
      vertex 54.0114 82.1027 6.51935
      vertex 54.0114 82.1027 3.60437
    endloop
  endfacet
  facet normal 0 0 1
    outer loop
      vertex 56.0731 56.1901 6.74348
      vertex 55.2842 56.1901 6.74348
      vertex 55.2842 50.1804 6.74348
    endloop
  endfacet
  facet normal 0 0 0
    outer loop
      vertex 55.7383 50.1804 6.74348
      vertex 55.7383 49.8904 6.74348
      vertex 55.7383 48.7858 6.74348
    endloop
  endfacet
  facet normal 0 0 1
    outer loop
      vertex 56.0731 56.1901 6.74348
      vertex 55.2842 50.1804 6.74348
      vertex 55.7383 50.1804 6.74348
    endloop
  endfacet
  facet normal 0 0 1
    outer loop
      vertex 55.2842 45.4745 6.74348
      vertex 55.2842 44.3605 6.74348
      vertex 56.0731 44.3605 6.74348
    endloop
  endfacet
  facet normal 0 0 0
    outer loop
      vertex 55.7383 48.7858 6.74348
      vertex 55.7383 45.7047 6.74348
      vertex 55.7383 45.4745 6.74348
    endloop
  endfacet
  facet normal 0 0 1
    outer loop
      vertex 55.7383 45.4745 6.74348
      vertex 55.2842 45.4745 6.74348
      vertex 56.0731 44.3605 6.74348
    endloop
  endfacet
  facet normal 0 0 1
    outer loop
      vertex 56.0731 44.3605 6.74348
      vertex 56.0731 56.1901 6.74348
      vertex 55.7383 50.1804 6.74348
    endloop
  endfacet
  facet normal 0 0 0
    outer loop
      vertex 55.7383 50.1804 6.74348
      vertex 55.7383 48.7858 6.74348
      vertex 55.7383 45.4745 6.74348
    endloop
  endfacet
  facet normal 0 0 1
    outer loop
      vertex 55.7383 50.1804 6.74348
      vertex 55.7383 45.4745 6.74348
      vertex 56.0731 44.3605 6.74348
    endloop
  endfacet
  facet normal 0 0 1
    outer loop
      vertex 55.2842 43.3008 6.74348
      vertex 54.4954 43.3008 6.74348
      vertex 54.4954 24.5077 6.74348
    endloop
  endfacet
  facet normal 0 0 1
    outer loop
      vertex 54.5465 24.5077 6.74348
      vertex 55.2842 24.5077 6.74348
      vertex 55.2842 26.6587 6.74348
    endloop
  endfacet
  facet normal 0 0 1
    outer loop
      vertex 55.2842 43.3008 6.74348
      vertex 54.4954 24.5077 6.74348
      vertex 54.5465 24.5077 6.74348
    endloop
  endfacet
  facet normal 0 0 1
    outer loop
      vertex 54.8302 31.3646 6.74348
      vertex 55.2842 31.3646 6.74348
      vertex 55.2842 43.3008 6.74348
    endloop
  endfacet
  facet normal 0 0 0
    outer loop
      vertex 54.8302 26.8889 6.74348
      vertex 54.8302 29.97 6.74348
      vertex 54.8302 31.0746 6.74348
    endloop
  endfacet
  facet normal 0 0 1
    outer loop
      vertex 54.8302 31.3646 6.74348
      vertex 55.2842 43.3008 6.74348
      vertex 54.5465 24.5077 6.74348
    endloop
  endfacet
  facet normal 0 0 0
    outer loop
      vertex 54.8302 26.6587 6.74348
      vertex 54.8302 26.8889 6.74348
      vertex 54.8302 31.0746 6.74348
    endloop
  endfacet
  facet normal 0 0 1
    outer loop
      vertex 54.8302 31.0746 6.74348
      vertex 54.8302 31.3646 6.74348
      vertex 54.5465 24.5077 6.74348
    endloop
  endfacet
  facet normal 0 0 1
    outer loop
      vertex 54.5465 24.5077 6.74348
      vertex 55.2842 26.6587 6.74348
      vertex 54.8302 26.6587 6.74348
    endloop
  endfacet
  facet normal 0 0 1
    outer loop
      vertex 54.5465 24.5077 6.74348
      vertex 54.8302 26.6587 6.74348
      vertex 54.8302 31.0746 6.74348
    endloop
  endfacet
endsolid SMAC Gun.stl
