solid SMAC Magazine.stl
  facet normal -0.849842 -0.467382 -0.243561
    outer loop
      vertex 46.2457 17.9225 3.17566
      vertex 46.2457 17.3004 4.36936
      vertex 45.6526 18.6178 3.91101
    endloop
  endfacet
  facet normal -0.853448 -0.450018 -0.262889
    outer loop
      vertex 45.6526 18.6178 3.91101
      vertex 45.6526 19.1011 3.08379
      vertex 46.2457 17.9225 3.17566
    endloop
  endfacet
  facet normal 0 0 -1
    outer loop
      vertex 46.2457 26.9011 0.495477
      vertex 46.2457 28.098 0.495477
      vertex 49.4088 28.098 0.495477
    endloop
  endfacet
  facet normal 0 0 -1
    outer loop
      vertex 49.4088 28.098 0.495477
      vertex 49.4088 26.9011 0.495477
      vertex 46.2457 26.9011 0.495477
    endloop
  endfacet
  facet normal -0.878759 0.477266 0
    outer loop
      vertex 46.2457 28.098 2.85767
      vertex 46.2457 28.098 0.495477
      vertex 45.6526 27.0058 1.22646
    endloop
  endfacet
  facet normal -0.878759 0.477266 0
    outer loop
      vertex 45.6526 27.0058 1.22646
      vertex 45.6526 27.0058 2.86343
      vertex 46.2457 28.098 2.85767
    endloop
  endfacet
  facet normal 0 1 0
    outer loop
      vertex 49.4088 28.098 4.36936
      vertex 49.1003 28.098 4.36936
      vertex 49.1003 28.098 4.69896
    endloop
  endfacet
  facet normal 0 1 0
    outer loop
      vertex 49.1003 28.098 4.69896
      vertex 49.4088 28.098 4.69896
      vertex 49.4088 28.098 4.36936
    endloop
  endfacet
  facet normal 0 -0.886811 -0.462133
    outer loop
      vertex 49.4088 17.9225 3.17566
      vertex 49.4088 17.3004 4.36936
      vertex 49.1003 17.3004 4.36936
    endloop
  endfacet
  facet normal -1 0 0
    outer loop
      vertex 49.1003 17.3004 4.36936
      vertex 49.1003 17.5468 3.89651
      vertex 49.1003 17.6883 3.62511
    endloop
  endfacet
  facet normal -5.61773e-05 -0.886805 -0.462144
    outer loop
      vertex 49.4088 17.9225 3.17566
      vertex 49.1003 17.3004 4.36936
      vertex 49.1003 17.6883 3.62511
    endloop
  endfacet
  facet normal 0 -0.886811 -0.462133
    outer loop
      vertex 46.5542 17.3004 4.36936
      vertex 46.2457 17.3004 4.36936
      vertex 46.2457 17.9225 3.17566
    endloop
  endfacet
  facet normal 7.65541e-05 -0.886803 -0.462148
    outer loop
      vertex 46.5542 17.5468 3.89651
      vertex 46.5542 17.3004 4.36936
      vertex 46.2457 17.9225 3.17566
    endloop
  endfacet
  facet normal 0 -0.886821 -0.462114
    outer loop
      vertex 46.2457 17.9225 3.17566
      vertex 49.4088 17.9225 3.17566
      vertex 49.1003 17.6883 3.62511
    endloop
  endfacet
  facet normal 0 -0.886821 -0.462114
    outer loop
      vertex 46.2457 17.9225 3.17566
      vertex 49.1003 17.6883 3.62511
      vertex 47.8273 17.6883 3.62511
    endloop
  endfacet
  facet normal 4.27741e-05 -0.886809 -0.462137
    outer loop
      vertex 46.5542 17.6883 3.62511
      vertex 46.5542 17.5468 3.89651
      vertex 46.2457 17.9225 3.17566
    endloop
  endfacet
  facet normal 0 -0.886821 -0.462114
    outer loop
      vertex 46.2457 17.9225 3.17566
      vertex 47.8273 17.6883 3.62511
      vertex 46.5542 17.6883 3.62511
    endloop
  endfacet
  facet normal 0 1 0
    outer loop
      vertex 46.2457 28.098 3.17566
      vertex 46.2457 28.098 4.36936
      vertex 46.5542 28.098 4.36936
    endloop
  endfacet
  facet normal 0 0 0
    outer loop
      vertex 46.5542 28.098 4.36936
      vertex 46.5542 28.098 4.31284
      vertex 46.5542 28.098 3.62511
    endloop
  endfacet
  facet normal 0 1 0
    outer loop
      vertex 49.1003 28.098 4.36936
      vertex 49.4088 28.098 4.36936
      vertex 49.4088 28.098 3.17566
    endloop
  endfacet
  facet normal 0 0 0
    outer loop
      vertex 49.1003 28.098 3.62511
      vertex 49.1003 28.098 4.31284
      vertex 49.1003 28.098 4.36936
    endloop
  endfacet
  facet normal 0 0 0
    outer loop
      vertex 46.5542 28.098 3.62511
      vertex 47.8273 28.098 3.62511
      vertex 49.1003 28.098 3.62511
    endloop
  endfacet
  facet normal 0 1 0
    outer loop
      vertex 49.1003 28.098 3.62511
      vertex 49.1003 28.098 4.36936
      vertex 49.4088 28.098 3.17566
    endloop
  endfacet
  facet normal 0 1 0
    outer loop
      vertex 46.2457 28.098 3.17566
      vertex 46.5542 28.098 4.36936
      vertex 46.5542 28.098 3.62511
    endloop
  endfacet
  facet normal 0 1 0
    outer loop
      vertex 46.5542 28.098 3.62511
      vertex 49.1003 28.098 3.62511
      vertex 49.4088 28.098 3.17566
    endloop
  endfacet
  facet normal 0 1 0
    outer loop
      vertex 49.4088 28.098 3.17566
      vertex 46.2457 28.098 3.17566
      vertex 46.5542 28.098 3.62511
    endloop
  endfacet
  facet normal -1 0 0
    outer loop
      vertex 45.6526 25.0378 2.86343
      vertex 45.6526 27.0058 2.86343
      vertex 45.6526 27.0058 1.22646
    endloop
  endfacet
  facet normal -1 0 0
    outer loop
      vertex 45.6526 27.0058 1.22646
      vertex 45.6526 25.0378 1.22646
      vertex 45.6526 25.0378 2.86343
    endloop
  endfacet
  facet normal 1 0 0
    outer loop
      vertex 50.002 25.0378 3.08379
      vertex 50.002 27.0058 3.08379
      vertex 50.002 27.0058 3.91101
    endloop
  endfacet
  facet normal 1 0 0
    outer loop
      vertex 50.002 27.0058 3.91101
      vertex 50.002 26.1879 3.91101
      vertex 50.002 25.0378 3.08379
    endloop
  endfacet
  facet normal 0.611434 0 0.791296
    outer loop
      vertex 49.4088 20.7011 4.36936
      vertex 49.4088 17.3004 4.36936
      vertex 50.002 18.6178 3.91101
    endloop
  endfacet
  facet normal 0.611434 0 0.791296
    outer loop
      vertex 50.002 18.6178 3.91101
      vertex 50.002 21.3079 3.91101
      vertex 49.4088 20.7011 4.36936
    endloop
  endfacet
  facet normal 0.881364 -0.418964 -0.218329
    outer loop
      vertex 49.4088 18.0882 2.85767
      vertex 49.4088 19.3192 0.495477
      vertex 50.002 20.1861 1.22646
    endloop
  endfacet
  facet normal 0.8575 -0.444238 -0.259512
    outer loop
      vertex 50.002 20.1861 1.22646
      vertex 50.002 19.2298 2.86343
      vertex 49.4088 18.0882 2.85767
    endloop
  endfacet
  facet normal -0.776501 0 -0.630116
    outer loop
      vertex 46.2457 22.4001 0.495477
      vertex 46.2457 19.3192 0.495477
      vertex 45.6526 20.1861 1.22646
    endloop
  endfacet
  facet normal -0.776501 0 -0.630116
    outer loop
      vertex 45.6526 20.1861 1.22646
      vertex 45.6526 22.3796 1.22646
      vertex 46.2457 22.4001 0.495477
    endloop
  endfacet
  facet normal -0.611434 0 0.791296
    outer loop
      vertex 46.2457 26.9011 4.36936
      vertex 46.2457 28.098 4.36936
      vertex 45.6526 27.0058 3.91101
    endloop
  endfacet
  facet normal -0.611434 0 0.791296
    outer loop
      vertex 45.6526 27.0058 3.91101
      vertex 45.6526 26.1879 3.91101
      vertex 46.2457 26.9011 4.36936
    endloop
  endfacet
  facet normal 0.878759 0.477266 0
    outer loop
      vertex 49.4088 28.098 3.17566
      vertex 49.4088 28.098 4.36936
      vertex 50.002 27.0058 3.91101
    endloop
  endfacet
  facet normal 0.878759 0.477266 0
    outer loop
      vertex 50.002 27.0058 3.91101
      vertex 50.002 27.0058 3.08379
      vertex 49.4088 28.098 3.17566
    endloop
  endfacet
  facet normal 0.776501 0 -0.630116
    outer loop
      vertex 49.4088 26.9011 0.495477
      vertex 49.4088 28.098 0.495477
      vertex 50.002 27.0058 1.22646
    endloop
  endfacet
  facet normal 0.776501 0 -0.630116
    outer loop
      vertex 50.002 27.0058 1.22646
      vertex 50.002 25.0378 1.22646
      vertex 49.4088 26.9011 0.495477
    endloop
  endfacet
  facet normal 0 0 1
    outer loop
      vertex 49.4088 26.9011 4.69896
      vertex 49.4088 28.098 4.69896
      vertex 49.1003 28.098 4.69896
    endloop
  endfacet
  facet normal 0 0 1
    outer loop
      vertex 49.1003 28.098 4.69896
      vertex 49.1003 26.9011 4.69896
      vertex 49.4088 26.9011 4.69896
    endloop
  endfacet
  facet normal 1 0 0
    outer loop
      vertex 49.4088 26.9011 4.36936
      vertex 49.4088 28.098 4.36936
      vertex 49.4088 28.098 4.69896
    endloop
  endfacet
  facet normal 1 0 0
    outer loop
      vertex 49.4088 28.098 4.69896
      vertex 49.4088 26.9011 4.69896
      vertex 49.4088 26.9011 4.36936
    endloop
  endfacet
  facet normal -1 0 0
    outer loop
      vertex 46.2457 20.7011 4.36936
      vertex 46.2457 17.3004 4.36936
      vertex 46.2457 17.3004 4.69896
    endloop
  endfacet
  facet normal -1 0 0
    outer loop
      vertex 46.2457 17.3004 4.69896
      vertex 46.2457 20.7011 4.69896
      vertex 46.2457 20.7011 4.36936
    endloop
  endfacet
  facet normal 0 -1 0
    outer loop
      vertex 46.2457 17.3004 4.36936
      vertex 46.5542 17.3004 4.36936
      vertex 46.5542 17.3004 4.69896
    endloop
  endfacet
  facet normal 0 -1 0
    outer loop
      vertex 46.5542 17.3004 4.69896
      vertex 46.2457 17.3004 4.69896
      vertex 46.2457 17.3004 4.36936
    endloop
  endfacet
  facet normal -1 0 0
    outer loop
      vertex 46.2457 28.098 4.36936
      vertex 46.2457 26.9011 4.36936
      vertex 46.2457 26.9011 4.69896
    endloop
  endfacet
  facet normal -1 0 0
    outer loop
      vertex 46.2457 26.9011 4.69896
      vertex 46.2457 28.098 4.69896
      vertex 46.2457 28.098 4.36936
    endloop
  endfacet
  facet normal 1 0 0
    outer loop
      vertex 49.4088 26.3818 4.36936
      vertex 49.4088 26.9011 4.36936
      vertex 49.4088 26.9011 4.69896
    endloop
  endfacet
  facet normal 1 0 0
    outer loop
      vertex 49.4088 26.9011 4.69896
      vertex 49.4088 26.3818 4.69896
      vertex 49.4088 26.3818 4.36936
    endloop
  endfacet
  facet normal 0 0 1
    outer loop
      vertex 49.4088 26.3818 4.69896
      vertex 49.4088 26.9011 4.69896
      vertex 49.1003 26.9011 4.69896
    endloop
  endfacet
  facet normal 0 0 1
    outer loop
      vertex 49.1003 26.9011 4.69896
      vertex 49.1003 26.3818 4.69896
      vertex 49.4088 26.3818 4.69896
    endloop
  endfacet
  facet normal 0.776501 0 -0.630116
    outer loop
      vertex 49.4088 26.3818 0.495477
      vertex 49.4088 26.9011 0.495477
      vertex 50.002 25.0378 1.22646
    endloop
  endfacet
  facet normal 0.776501 0 -0.630116
    outer loop
      vertex 50.002 25.0378 1.22646
      vertex 50.002 24.7388 1.22646
      vertex 49.4088 26.3818 0.495477
    endloop
  endfacet
  facet normal -0.427246 -0.489717 0.760025
    outer loop
      vertex 46.2457 26.3818 4.36936
      vertex 45.6526 26.1879 3.91101
      vertex 46.2478 25.6686 3.91101
    endloop
  endfacet
  facet normal -0.776501 0 -0.630116
    outer loop
      vertex 46.2457 28.098 0.495477
      vertex 46.2457 26.9011 0.495477
      vertex 45.6526 25.0378 1.22646
    endloop
  endfacet
  facet normal -0.776501 0 -0.630116
    outer loop
      vertex 45.6526 25.0378 1.22646
      vertex 45.6526 27.0058 1.22646
      vertex 46.2457 28.098 0.495477
    endloop
  endfacet
  facet normal 0.611434 0 0.791296
    outer loop
      vertex 49.4088 28.098 4.36936
      vertex 49.4088 26.9011 4.36936
      vertex 50.002 26.1879 3.91101
    endloop
  endfacet
  facet normal 0.611434 0 0.791296
    outer loop
      vertex 50.002 26.1879 3.91101
      vertex 50.002 27.0058 3.91101
      vertex 49.4088 28.098 4.36936
    endloop
  endfacet
  facet normal 0.453926 -0.52029 0.72336
    outer loop
      vertex 49.4067 24.5185 3.08379
      vertex 50.002 25.0378 3.08379
      vertex 50.002 26.1879 3.91101
    endloop
  endfacet
  facet normal 0.453919 -0.52029 0.723364
    outer loop
      vertex 50.002 26.1879 3.91101
      vertex 49.4067 25.6686 3.91101
      vertex 49.4067 24.5185 3.08379
    endloop
  endfacet
  facet normal -1 0 0
    outer loop
      vertex 45.6526 24.7388 2.86343
      vertex 45.6526 25.0378 2.86343
      vertex 45.6526 25.0378 1.22646
    endloop
  endfacet
  facet normal -1 0 0
    outer loop
      vertex 45.6526 25.0378 1.22646
      vertex 45.6526 24.7388 1.22646
      vertex 45.6526 24.7388 2.86343
    endloop
  endfacet
  facet normal 0 0 -1
    outer loop
      vertex 46.2457 26.3818 0.495477
      vertex 46.2457 26.9011 0.495477
      vertex 49.4088 26.9011 0.495477
    endloop
  endfacet
  facet normal 0 0 -1
    outer loop
      vertex 49.4088 26.9011 0.495477
      vertex 49.4088 26.3818 0.495477
      vertex 46.2457 26.3818 0.495477
    endloop
  endfacet
  facet normal 0 0 -1
    outer loop
      vertex 46.2457 19.3192 0.495477
      vertex 46.2457 22.4001 0.495477
      vertex 49.4088 22.4001 0.495477
    endloop
  endfacet
  facet normal 0 0 -1
    outer loop
      vertex 49.4088 22.4001 0.495477
      vertex 49.4088 19.3192 0.495477
      vertex 46.2457 19.3192 0.495477
    endloop
  endfacet
  facet normal -1 0 0
    outer loop
      vertex 45.6526 19.2298 2.86343
      vertex 45.6526 22.3796 2.86343
      vertex 45.6526 22.3796 1.22646
    endloop
  endfacet
  facet normal -1 0 0
    outer loop
      vertex 45.6526 22.3796 1.22646
      vertex 45.6526 20.1861 1.22646
      vertex 45.6526 19.2298 2.86343
    endloop
  endfacet
  facet normal 1 0 0
    outer loop
      vertex 50.002 19.1011 3.08379
      vertex 50.002 22.3796 3.08379
      vertex 50.002 21.3079 3.91101
    endloop
  endfacet
  facet normal 1 0 0
    outer loop
      vertex 50.002 21.3079 3.91101
      vertex 50.002 18.6178 3.91101
      vertex 50.002 19.1011 3.08379
    endloop
  endfacet
  facet normal -0.611434 0 0.791296
    outer loop
      vertex 46.2457 17.3004 4.36936
      vertex 46.2457 20.7011 4.36936
      vertex 45.6526 21.3079 3.91101
    endloop
  endfacet
  facet normal -0.611434 0 0.791296
    outer loop
      vertex 45.6526 21.3079 3.91101
      vertex 45.6526 18.6178 3.91101
      vertex 46.2457 17.3004 4.36936
    endloop
  endfacet
  facet normal 0.776501 0 -0.630116
    outer loop
      vertex 49.4088 19.3192 0.495477
      vertex 49.4088 22.4001 0.495477
      vertex 50.002 22.3796 1.22646
    endloop
  endfacet
  facet normal 0.776501 0 -0.630116
    outer loop
      vertex 50.002 22.3796 1.22646
      vertex 50.002 20.1861 1.22646
      vertex 49.4088 19.3192 0.495477
    endloop
  endfacet
  facet normal 0 0 1
    outer loop
      vertex 49.4088 17.3004 4.69896
      vertex 49.4088 20.7011 4.69896
      vertex 49.1003 20.7011 4.69896
    endloop
  endfacet
  facet normal 0 0 1
    outer loop
      vertex 49.1003 20.7011 4.69896
      vertex 49.1003 17.3004 4.69896
      vertex 49.4088 17.3004 4.69896
    endloop
  endfacet
  facet normal 1 0 0
    outer loop
      vertex 49.4088 17.3004 4.36936
      vertex 49.4088 20.7011 4.36936
      vertex 49.4088 20.7011 4.69896
    endloop
  endfacet
  facet normal 1 0 0
    outer loop
      vertex 49.4088 20.7011 4.69896
      vertex 49.4088 17.3004 4.69896
      vertex 49.4088 17.3004 4.36936
    endloop
  endfacet
  facet normal -1 0 0
    outer loop
      vertex 46.2457 21.14 4.36936
      vertex 46.2457 20.7011 4.36936
      vertex 46.2457 20.7011 4.69896
    endloop
  endfacet
  facet normal -1 0 0
    outer loop
      vertex 46.2457 20.7011 4.69896
      vertex 46.2457 21.14 4.69896
      vertex 46.2457 21.14 4.36936
    endloop
  endfacet
  facet normal -0.776501 0 -0.630116
    outer loop
      vertex 46.2457 22.6951 0.495477
      vertex 46.2457 22.4001 0.495477
      vertex 45.6526 22.3796 1.22646
    endloop
  endfacet
  facet normal -0.776501 0 -0.630116
    outer loop
      vertex 45.6526 22.3796 1.22646
      vertex 45.6526 22.6701 1.22646
      vertex 46.2457 22.6951 0.495477
    endloop
  endfacet
  facet normal 0.406668 0.551534 0.728307
    outer loop
      vertex 49.4088 21.14 4.36936
      vertex 50.002 21.3079 3.91101
      vertex 49.4067 21.7468 3.91101
    endloop
  endfacet
  facet normal 0.611434 0 0.791296
    outer loop
      vertex 49.4088 26.9011 4.36936
      vertex 49.4088 26.3818 4.36936
      vertex 50.002 26.1879 3.91101
    endloop
  endfacet
  facet normal -0.776501 0 -0.630116
    outer loop
      vertex 46.2457 26.9011 0.495477
      vertex 46.2457 26.3818 0.495477
      vertex 45.6526 24.7388 1.22646
    endloop
  endfacet
  facet normal -0.776501 0 -0.630116
    outer loop
      vertex 45.6526 24.7388 1.22646
      vertex 45.6526 25.0378 1.22646
      vertex 46.2457 26.9011 0.495477
    endloop
  endfacet
  facet normal -1 0 0
    outer loop
      vertex 46.2457 26.9011 4.36936
      vertex 46.2457 26.3818 4.36936
      vertex 46.2457 26.3818 4.69896
    endloop
  endfacet
  facet normal -1 0 0
    outer loop
      vertex 46.2457 26.3818 4.69896
      vertex 46.2457 26.9011 4.69896
      vertex 46.2457 26.9011 4.36936
    endloop
  endfacet
  facet normal 0 0 -1
    outer loop
      vertex 46.2457 22.6951 0.495477
      vertex 46.2457 26.3818 0.495477
      vertex 49.4088 26.3818 0.495477
    endloop
  endfacet
  facet normal 0 0 -1
    outer loop
      vertex 49.4088 26.3818 0.495477
      vertex 49.4088 22.6951 0.495477
      vertex 46.2457 22.6951 0.495477
    endloop
  endfacet
  facet normal -1 0 0
    outer loop
      vertex 45.6526 22.6701 2.86343
      vertex 45.6526 24.7388 2.86343
      vertex 45.6526 24.7388 1.22646
    endloop
  endfacet
  facet normal -1 0 0
    outer loop
      vertex 45.6526 24.7388 1.22646
      vertex 45.6526 22.6701 1.22646
      vertex 45.6526 22.6701 2.86343
    endloop
  endfacet
  facet normal 1 0 0
    outer loop
      vertex 49.4067 22.8185 3.08379
      vertex 49.4067 24.5185 3.08379
      vertex 49.4067 25.6686 3.91101
    endloop
  endfacet
  facet normal 1 0 0
    outer loop
      vertex 49.4067 25.6686 3.91101
      vertex 49.4067 21.7468 3.91101
      vertex 49.4067 22.8185 3.08379
    endloop
  endfacet
  facet normal -0.99999 0 -0.00458576
    outer loop
      vertex 46.2457 21.14 4.36936
      vertex 46.2457 26.3818 4.36936
      vertex 46.2478 25.6686 3.91101
    endloop
  endfacet
  facet normal -0.99999 0 -0.00458576
    outer loop
      vertex 46.2478 25.6686 3.91101
      vertex 46.2478 21.7468 3.91101
      vertex 46.2457 21.14 4.36936
    endloop
  endfacet
  facet normal 0.776501 0 -0.630116
    outer loop
      vertex 49.4088 22.6951 0.495477
      vertex 49.4088 26.3818 0.495477
      vertex 50.002 24.7388 1.22646
    endloop
  endfacet
  facet normal 0.776501 0 -0.630116
    outer loop
      vertex 50.002 24.7388 1.22646
      vertex 50.002 22.6701 1.22646
      vertex 49.4088 22.6951 0.495477
    endloop
  endfacet
  facet normal 0 0 1
    outer loop
      vertex 49.4088 21.14 4.69896
      vertex 49.4088 26.3818 4.69896
      vertex 49.1003 26.3818 4.69896
    endloop
  endfacet
  facet normal 0 0 1
    outer loop
      vertex 49.1003 26.3818 4.69896
      vertex 49.1003 21.14 4.69896
      vertex 49.4088 21.14 4.69896
    endloop
  endfacet
  facet normal 1 0 0
    outer loop
      vertex 49.4088 21.14 4.36936
      vertex 49.4088 26.3818 4.36936
      vertex 49.4088 26.3818 4.69896
    endloop
  endfacet
  facet normal 1 0 0
    outer loop
      vertex 49.4088 26.3818 4.69896
      vertex 49.4088 21.14 4.69896
      vertex 49.4088 21.14 4.36936
    endloop
  endfacet
  facet normal 1 0 0
    outer loop
      vertex 49.4088 20.7011 4.36936
      vertex 49.4088 21.14 4.36936
      vertex 49.4088 21.14 4.69896
    endloop
  endfacet
  facet normal 1 0 0
    outer loop
      vertex 49.4088 21.14 4.69896
      vertex 49.4088 20.7011 4.69896
      vertex 49.4088 20.7011 4.36936
    endloop
  endfacet
  facet normal 0 0 1
    outer loop
      vertex 49.4088 20.7011 4.69896
      vertex 49.4088 21.14 4.69896
      vertex 49.1003 21.14 4.69896
    endloop
  endfacet
  facet normal 0 0 1
    outer loop
      vertex 49.1003 21.14 4.69896
      vertex 49.1003 20.7011 4.69896
      vertex 49.4088 20.7011 4.69896
    endloop
  endfacet
  facet normal 0.776501 0 -0.630116
    outer loop
      vertex 49.4088 22.4001 0.495477
      vertex 49.4088 22.6951 0.495477
      vertex 50.002 22.6701 1.22646
    endloop
  endfacet
  facet normal 0.776501 0 -0.630116
    outer loop
      vertex 50.002 22.6701 1.22646
      vertex 50.002 22.3796 1.22646
      vertex 49.4088 22.4001 0.495477
    endloop
  endfacet
  facet normal -0.611434 0 0.791296
    outer loop
      vertex 46.2457 20.7011 4.36936
      vertex 46.2457 21.14 4.36936
      vertex 45.6526 21.3079 3.91101
    endloop
  endfacet
  facet normal 0.410774 0.557104 0.721734
    outer loop
      vertex 50.002 22.3796 3.08379
      vertex 49.4067 22.8185 3.08379
      vertex 49.4067 21.7468 3.91101
    endloop
  endfacet
  facet normal 0.410774 0.557104 0.721734
    outer loop
      vertex 49.4067 21.7468 3.91101
      vertex 50.002 21.3079 3.91101
      vertex 50.002 22.3796 3.08379
    endloop
  endfacet
  facet normal -1 0 0
    outer loop
      vertex 45.6526 22.3796 2.86343
      vertex 45.6526 22.6701 2.86343
      vertex 45.6526 22.6701 1.22646
    endloop
  endfacet
  facet normal -1 0 0
    outer loop
      vertex 45.6526 22.6701 1.22646
      vertex 45.6526 22.3796 1.22646
      vertex 45.6526 22.3796 2.86343
    endloop
  endfacet
  facet normal 0 0 -1
    outer loop
      vertex 46.2457 22.4001 0.495477
      vertex 46.2457 22.6951 0.495477
      vertex 49.4088 22.6951 0.495477
    endloop
  endfacet
  facet normal 0 0 -1
    outer loop
      vertex 49.4088 22.6951 0.495477
      vertex 49.4088 22.4001 0.495477
      vertex 46.2457 22.4001 0.495477
    endloop
  endfacet
  facet normal 0.99999 0 -0.00458576
    outer loop
      vertex 49.4088 26.3818 4.36936
      vertex 49.4088 21.14 4.36936
      vertex 49.4067 21.7468 3.91101
    endloop
  endfacet
  facet normal 0.99999 0 -0.00458576
    outer loop
      vertex 49.4067 21.7468 3.91101
      vertex 49.4067 25.6686 3.91101
      vertex 49.4088 26.3818 4.36936
    endloop
  endfacet
  facet normal -0.776501 0 -0.630116
    outer loop
      vertex 46.2457 26.3818 0.495477
      vertex 46.2457 22.6951 0.495477
      vertex 45.6526 22.6701 1.22646
    endloop
  endfacet
  facet normal -0.776501 0 -0.630116
    outer loop
      vertex 45.6526 22.6701 1.22646
      vertex 45.6526 24.7388 1.22646
      vertex 46.2457 26.3818 0.495477
    endloop
  endfacet
  facet normal -1 0 0
    outer loop
      vertex 46.2457 26.3818 4.36936
      vertex 46.2457 21.14 4.36936
      vertex 46.2457 21.14 4.69896
    endloop
  endfacet
  facet normal -1 0 0
    outer loop
      vertex 46.2457 21.14 4.69896
      vertex 46.2457 26.3818 4.69896
      vertex 46.2457 26.3818 4.36936
    endloop
  endfacet
  facet normal -0.410774 0.557104 0.721734
    outer loop
      vertex 45.6526 21.3079 3.91101
      vertex 46.2478 21.7468 3.91101
      vertex 46.2478 22.8185 3.08379
    endloop
  endfacet
  facet normal -0.410774 0.557104 0.721734
    outer loop
      vertex 46.2478 22.8185 3.08379
      vertex 45.6526 22.3796 3.08379
      vertex 45.6526 21.3079 3.91101
    endloop
  endfacet
  facet normal 1 0 0
    outer loop
      vertex 50.002 22.3796 2.86343
      vertex 50.002 22.6701 2.86343
      vertex 50.002 22.3796 3.08379
    endloop
  endfacet
  facet normal 0.347155 0 0.937808
    outer loop
      vertex 50.002 22.6701 2.86343
      vertex 50.002 24.7388 2.86343
      vertex 49.4067 24.5185 3.08379
    endloop
  endfacet
  facet normal 0.347155 0 0.937808
    outer loop
      vertex 49.4067 24.5185 3.08379
      vertex 49.4067 22.8185 3.08379
      vertex 50.002 22.6701 2.86343
    endloop
  endfacet
  facet normal -1 0 0
    outer loop
      vertex 46.2478 21.7468 3.91101
      vertex 46.2478 25.6686 3.91101
      vertex 46.2478 24.5185 3.08379
    endloop
  endfacet
  facet normal -1 0 0
    outer loop
      vertex 46.2478 24.5185 3.08379
      vertex 46.2478 22.8185 3.08379
      vertex 46.2478 21.7468 3.91101
    endloop
  endfacet
  facet normal 1 0 0
    outer loop
      vertex 50.002 19.2298 2.86343
      vertex 50.002 22.3796 2.86343
      vertex 50.002 22.3796 3.08379
    endloop
  endfacet
  facet normal 1 0 0
    outer loop
      vertex 50.002 22.3796 3.08379
      vertex 50.002 19.1011 3.08379
      vertex 50.002 19.2298 2.86343
    endloop
  endfacet
  facet normal -1 0 0
    outer loop
      vertex 45.6526 18.6178 3.91101
      vertex 45.6526 21.3079 3.91101
      vertex 45.6526 22.3796 3.08379
    endloop
  endfacet
  facet normal -1 0 0
    outer loop
      vertex 45.6526 22.3796 3.08379
      vertex 45.6526 19.1011 3.08379
      vertex 45.6526 18.6178 3.91101
    endloop
  endfacet
  facet normal -0.45392 -0.520292 0.723362
    outer loop
      vertex 46.2478 25.6686 3.91101
      vertex 45.6526 26.1879 3.91101
      vertex 45.6526 25.0378 3.08379
    endloop
  endfacet
  facet normal -0.453924 -0.520288 0.723362
    outer loop
      vertex 45.6526 25.0378 3.08379
      vertex 46.2478 24.5185 3.08379
      vertex 46.2478 25.6686 3.91101
    endloop
  endfacet
  facet normal 1 0 0
    outer loop
      vertex 50.002 24.7388 2.86343
      vertex 50.002 25.0378 2.86343
      vertex 50.002 25.0378 3.08379
    endloop
  endfacet
  facet normal 0.878759 0.477266 0
    outer loop
      vertex 49.4088 28.098 2.85767
      vertex 49.4088 28.098 3.17566
      vertex 50.002 27.0058 3.08379
    endloop
  endfacet
  facet normal 0.878759 0.477266 0
    outer loop
      vertex 50.002 27.0058 3.08379
      vertex 50.002 27.0058 2.86343
      vertex 49.4088 28.098 2.85767
    endloop
  endfacet
  facet normal 0.860685 -0.451509 -0.23529
    outer loop
      vertex 49.4088 17.3004 4.36936
      vertex 49.4088 17.9225 3.17566
      vertex 50.002 19.1011 3.08379
    endloop
  endfacet
  facet normal 0.836732 -0.472843 -0.276222
    outer loop
      vertex 50.002 19.1011 3.08379
      vertex 50.002 18.6178 3.91101
      vertex 49.4088 17.3004 4.36936
    endloop
  endfacet
  facet normal 1 0 0
    outer loop
      vertex 50.002 25.0378 2.86343
      vertex 50.002 27.0058 2.86343
      vertex 50.002 27.0058 3.08379
    endloop
  endfacet
  facet normal 1 0 0
    outer loop
      vertex 50.002 27.0058 3.08379
      vertex 50.002 25.0378 3.08379
      vertex 50.002 25.0378 2.86343
    endloop
  endfacet
  facet normal -1 0 0
    outer loop
      vertex 45.6526 26.1879 3.91101
      vertex 45.6526 27.0058 3.91101
      vertex 45.6526 27.0058 3.08379
    endloop
  endfacet
  facet normal -1 0 0
    outer loop
      vertex 45.6526 27.0058 3.08379
      vertex 45.6526 25.0378 3.08379
      vertex 45.6526 26.1879 3.91101
    endloop
  endfacet
  facet normal 0 1 0
    outer loop
      vertex 49.4088 28.098 2.85767
      vertex 46.2457 28.098 2.85767
      vertex 46.2457 28.098 3.17566
    endloop
  endfacet
  facet normal 0 1 0
    outer loop
      vertex 46.2457 28.098 3.17566
      vertex 49.4088 28.098 3.17566
      vertex 49.4088 28.098 2.85767
    endloop
  endfacet
  facet normal 3.1713e-06 -0.886815 -0.462124
    outer loop
      vertex 49.4088 18.0882 2.85767
      vertex 49.4088 17.9225 3.17566
      vertex 48.9223 18.0245 2.97982
    endloop
  endfacet
  facet normal -4.42158e-06 -0.886803 -0.462148
    outer loop
      vertex 48.9223 18.0245 2.97982
      vertex 48.9223 18.1974 2.64808
      vertex 49.4088 18.0882 2.85767
    endloop
  endfacet
  facet normal -0.878759 0.477266 0
    outer loop
      vertex 46.2457 28.098 4.36936
      vertex 46.2457 28.098 3.17566
      vertex 45.6526 27.0058 3.08379
    endloop
  endfacet
  facet normal -0.878759 0.477266 0
    outer loop
      vertex 45.6526 27.0058 3.08379
      vertex 45.6526 27.0058 3.91101
      vertex 46.2457 28.098 4.36936
    endloop
  endfacet
  facet normal -0.860686 -0.45151 -0.235284
    outer loop
      vertex 46.2457 18.0882 2.85767
      vertex 46.2457 17.9225 3.17566
      vertex 45.6526 19.1011 3.08379
    endloop
  endfacet
  facet normal -0.857502 -0.444239 -0.259503
    outer loop
      vertex 45.6526 19.1011 3.08379
      vertex 45.6526 19.2298 2.86343
      vertex 46.2457 18.0882 2.85767
    endloop
  endfacet
  facet normal -0.863389 -0.44743 -0.233164
    outer loop
      vertex 46.2457 19.3192 0.495477
      vertex 46.2457 18.0882 2.85767
      vertex 45.6526 19.2298 2.86343
    endloop
  endfacet
  facet normal -0.883238 -0.404899 -0.236531
    outer loop
      vertex 45.6526 19.2298 2.86343
      vertex 45.6526 20.1861 1.22646
      vertex 46.2457 19.3192 0.495477
    endloop
  endfacet
  facet normal -1.2879e-05 -0.886811 -0.462132
    outer loop
      vertex 49.4088 19.3192 0.495477
      vertex 49.4088 18.0882 2.85767
      vertex 48.9223 18.1974 2.64808
    endloop
  endfacet
  facet normal -1.44818e-05 -0.886811 -0.462133
    outer loop
      vertex 48.9223 18.1974 2.64808
      vertex 48.9223 19.0497 1.0125
      vertex 49.4088 19.3192 0.495477
    endloop
  endfacet
  facet normal 0 1 0
    outer loop
      vertex 49.4088 28.098 0.495477
      vertex 46.2457 28.098 0.495477
      vertex 46.2457 28.098 2.85767
    endloop
  endfacet
  facet normal 0 1 0
    outer loop
      vertex 46.2457 28.098 2.85767
      vertex 49.4088 28.098 2.85767
      vertex 49.4088 28.098 0.495477
    endloop
  endfacet
  facet normal 1 0 0
    outer loop
      vertex 50.002 25.0378 1.22646
      vertex 50.002 27.0058 1.22646
      vertex 50.002 27.0058 2.86343
    endloop
  endfacet
  facet normal 1 0 0
    outer loop
      vertex 50.002 27.0058 2.86343
      vertex 50.002 25.0378 2.86343
      vertex 50.002 25.0378 1.22646
    endloop
  endfacet
  facet normal 0.878759 0.477266 0
    outer loop
      vertex 49.4088 28.098 0.495477
      vertex 49.4088 28.098 2.85767
      vertex 50.002 27.0058 2.86343
    endloop
  endfacet
  facet normal 0.878759 0.477266 0
    outer loop
      vertex 50.002 27.0058 2.86343
      vertex 50.002 27.0058 1.22646
      vertex 49.4088 28.098 0.495477
    endloop
  endfacet
  facet normal 1 0 0
    outer loop
      vertex 50.002 24.7388 1.22646
      vertex 50.002 25.0378 1.22646
      vertex 50.002 25.0378 2.86343
    endloop
  endfacet
  facet normal 1 0 0
    outer loop
      vertex 50.002 25.0378 2.86343
      vertex 50.002 24.7388 2.86343
      vertex 50.002 24.7388 1.22646
    endloop
  endfacet
  facet normal 1 0 0
    outer loop
      vertex 50.002 20.1861 1.22646
      vertex 50.002 22.3796 1.22646
      vertex 50.002 22.3796 2.86343
    endloop
  endfacet
  facet normal 1 0 0
    outer loop
      vertex 50.002 22.3796 2.86343
      vertex 50.002 19.2298 2.86343
      vertex 50.002 20.1861 1.22646
    endloop
  endfacet
  facet normal 1 0 0
    outer loop
      vertex 50.002 22.6701 1.22646
      vertex 50.002 24.7388 1.22646
      vertex 50.002 24.7388 2.86343
    endloop
  endfacet
  facet normal 1 0 0
    outer loop
      vertex 50.002 24.7388 2.86343
      vertex 50.002 22.6701 2.86343
      vertex 50.002 22.6701 1.22646
    endloop
  endfacet
  facet normal 1 0 0
    outer loop
      vertex 50.002 22.3796 1.22646
      vertex 50.002 22.6701 1.22646
      vertex 50.002 22.6701 2.86343
    endloop
  endfacet
  facet normal 1 0 0
    outer loop
      vertex 50.002 22.6701 2.86343
      vertex 50.002 22.3796 2.86343
      vertex 50.002 22.3796 1.22646
    endloop
  endfacet
  facet normal -1 0 0
    outer loop
      vertex 45.6526 22.3796 3.08379
      vertex 45.6526 22.6701 2.86343
      vertex 45.6526 22.3796 2.86343
    endloop
  endfacet
  facet normal -0.347155 0 0.937808
    outer loop
      vertex 46.2478 22.8185 3.08379
      vertex 46.2478 24.5185 3.08379
      vertex 45.6526 24.7388 2.86343
    endloop
  endfacet
  facet normal -0.347155 0 0.937808
    outer loop
      vertex 45.6526 24.7388 2.86343
      vertex 45.6526 22.6701 2.86343
      vertex 46.2478 22.8185 3.08379
    endloop
  endfacet
  facet normal -1 0 0
    outer loop
      vertex 45.6526 19.1011 3.08379
      vertex 45.6526 22.3796 3.08379
      vertex 45.6526 22.3796 2.86343
    endloop
  endfacet
  facet normal -1 0 0
    outer loop
      vertex 45.6526 22.3796 2.86343
      vertex 45.6526 19.2298 2.86343
      vertex 45.6526 19.1011 3.08379
    endloop
  endfacet
  facet normal -0.459682 -0.526888 0.714899
    outer loop
      vertex 46.2478 24.5185 3.08379
      vertex 45.6526 25.0378 3.08379
      vertex 45.6526 24.7388 2.86343
    endloop
  endfacet
  facet normal 0.86339 -0.447431 -0.233158
    outer loop
      vertex 49.4088 17.9225 3.17566
      vertex 49.4088 18.0882 2.85767
      vertex 50.002 19.2298 2.86343
    endloop
  endfacet
  facet normal 0.85345 -0.450019 -0.26288
    outer loop
      vertex 50.002 19.2298 2.86343
      vertex 50.002 19.1011 3.08379
      vertex 49.4088 17.9225 3.17566
    endloop
  endfacet
  facet normal -1 0 0
    outer loop
      vertex 45.6526 25.0378 3.08379
      vertex 45.6526 27.0058 3.08379
      vertex 45.6526 27.0058 2.86343
    endloop
  endfacet
  facet normal -1 0 0
    outer loop
      vertex 45.6526 27.0058 2.86343
      vertex 45.6526 25.0378 2.86343
      vertex 45.6526 25.0378 3.08379
    endloop
  endfacet
  facet normal -0.878759 0.477266 0
    outer loop
      vertex 46.2457 28.098 3.17566
      vertex 46.2457 28.098 2.85767
      vertex 45.6526 27.0058 2.86343
    endloop
  endfacet
  facet normal -0.878759 0.477266 0
    outer loop
      vertex 45.6526 27.0058 2.86343
      vertex 45.6526 27.0058 3.08379
      vertex 46.2457 28.098 3.17566
    endloop
  endfacet
  facet normal -0.611434 0 0.791296
    outer loop
      vertex 45.6526 26.1879 3.91101
      vertex 46.2457 26.3818 4.36936
      vertex 46.2457 26.9011 4.36936
    endloop
  endfacet
  facet normal 0.611434 0 0.791296
    outer loop
      vertex 50.002 21.3079 3.91101
      vertex 49.4088 21.14 4.36936
      vertex 49.4088 20.7011 4.36936
    endloop
  endfacet
  facet normal -0.406668 0.551534 0.728307
    outer loop
      vertex 45.6526 21.3079 3.91101
      vertex 46.2457 21.14 4.36936
      vertex 46.2478 21.7468 3.91101
    endloop
  endfacet
  facet normal 0.427246 -0.489717 0.760025
    outer loop
      vertex 50.002 26.1879 3.91101
      vertex 49.4088 26.3818 4.36936
      vertex 49.4067 25.6686 3.91101
    endloop
  endfacet
  facet normal -1 0 0
    outer loop
      vertex 45.6526 24.7388 2.86343
      vertex 45.6526 25.0378 3.08379
      vertex 45.6526 25.0378 2.86343
    endloop
  endfacet
  facet normal 0.407 0.551984 0.727781
    outer loop
      vertex 50.002 22.3796 3.08379
      vertex 50.002 22.6701 2.86343
      vertex 49.4067 22.8185 3.08379
    endloop
  endfacet
  facet normal -0.407 0.551984 0.727781
    outer loop
      vertex 45.6526 22.6701 2.86343
      vertex 45.6526 22.3796 3.08379
      vertex 46.2478 22.8185 3.08379
    endloop
  endfacet
  facet normal 0.459682 -0.526888 0.714899
    outer loop
      vertex 50.002 25.0378 3.08379
      vertex 49.4067 24.5185 3.08379
      vertex 50.002 24.7388 2.86343
    endloop
  endfacet
  facet normal 1 0 0
    outer loop
      vertex 46.7322 18.0245 2.97982
      vertex 46.7322 18.1974 2.64808
      vertex 46.7322 20.2666 2.64808
    endloop
  endfacet
  facet normal 1 0 0
    outer loop
      vertex 46.7322 20.2666 2.64808
      vertex 46.7322 20.2665 2.97982
      vertex 46.7322 18.0245 2.97982
    endloop
  endfacet
  facet normal -1 0 0
    outer loop
      vertex 48.9223 18.1974 2.64808
      vertex 48.9223 18.0245 2.97982
      vertex 48.9223 20.2665 2.97982
    endloop
  endfacet
  facet normal -1 0 0
    outer loop
      vertex 48.9223 20.2665 2.97982
      vertex 48.9223 20.2666 2.64808
      vertex 48.9223 18.1974 2.64808
    endloop
  endfacet
  facet normal 1.74687e-05 -0.886815 -0.462124
    outer loop
      vertex 46.2457 17.9225 3.17566
      vertex 46.2457 18.0882 2.85767
      vertex 46.7322 18.1974 2.64808
    endloop
  endfacet
  facet normal -1.53935e-05 -0.886803 -0.462148
    outer loop
      vertex 46.7322 18.1974 2.64808
      vertex 46.7322 18.0245 2.97982
      vertex 46.2457 17.9225 3.17566
    endloop
  endfacet
  facet normal 0 -0.886816 -0.462122
    outer loop
      vertex 46.2457 19.3192 0.495477
      vertex 49.4088 19.3192 0.495477
      vertex 48.9223 19.0497 1.0125
    endloop
  endfacet
  facet normal 0 -0.886816 -0.462122
    outer loop
      vertex 48.9223 19.0497 1.0125
      vertex 46.7322 19.0497 1.0125
      vertex 46.2457 19.3192 0.495477
    endloop
  endfacet
  facet normal 1.41668e-05 -0.886811 -0.462132
    outer loop
      vertex 46.2457 18.0882 2.85767
      vertex 46.2457 19.3192 0.495477
      vertex 46.7322 19.0497 1.0125
    endloop
  endfacet
  facet normal 1.26217e-05 -0.886811 -0.462133
    outer loop
      vertex 46.7322 19.0497 1.0125
      vertex 46.7322 18.1974 2.64808
      vertex 46.2457 18.0882 2.85767
    endloop
  endfacet
  facet normal 0 -0.886819 -0.462118
    outer loop
      vertex 49.4088 17.9225 3.17566
      vertex 46.2457 17.9225 3.17566
      vertex 46.7322 18.0245 2.97982
    endloop
  endfacet
  facet normal 0 -0.886819 -0.462118
    outer loop
      vertex 46.7322 18.0245 2.97982
      vertex 48.9223 18.0245 2.97982
      vertex 49.4088 17.9225 3.17566
    endloop
  endfacet
  facet normal 0 -1 -0.00044272
    outer loop
      vertex 46.7322 20.2666 2.64808
      vertex 48.9223 20.2666 2.64808
      vertex 48.9223 20.2665 2.97982
    endloop
  endfacet
  facet normal 0 -1 -0.00044272
    outer loop
      vertex 48.9223 20.2665 2.97982
      vertex 46.7322 20.2665 2.97982
      vertex 46.7322 20.2666 2.64808
    endloop
  endfacet
  facet normal 0 -1 0.000109619
    outer loop
      vertex 46.7322 20.2664 1.0125
      vertex 48.9223 20.2664 1.0125
      vertex 48.9223 20.2666 2.64808
    endloop
  endfacet
  facet normal 0 -1 0.000109619
    outer loop
      vertex 48.9223 20.2666 2.64808
      vertex 46.7322 20.2666 2.64808
      vertex 46.7322 20.2664 1.0125
    endloop
  endfacet
  facet normal 0 0 1
    outer loop
      vertex 46.7322 19.0497 1.0125
      vertex 48.9223 19.0497 1.0125
      vertex 48.9223 20.2664 1.0125
    endloop
  endfacet
  facet normal 0 0 1
    outer loop
      vertex 48.9223 20.2664 1.0125
      vertex 46.7322 20.2664 1.0125
      vertex 46.7322 19.0497 1.0125
    endloop
  endfacet
  facet normal 1 0 0
    outer loop
      vertex 46.7322 18.1974 2.64808
      vertex 46.7322 19.0497 1.0125
      vertex 46.7322 20.2664 1.0125
    endloop
  endfacet
  facet normal 1 0 0
    outer loop
      vertex 46.7322 20.2664 1.0125
      vertex 46.7322 20.2666 2.64808
      vertex 46.7322 18.1974 2.64808
    endloop
  endfacet
  facet normal 0 0 -1
    outer loop
      vertex 48.9223 18.0245 2.97982
      vertex 46.7322 18.0245 2.97982
      vertex 46.7322 20.2665 2.97982
    endloop
  endfacet
  facet normal 0 0 -1
    outer loop
      vertex 46.7322 20.2665 2.97982
      vertex 48.9223 20.2665 2.97982
      vertex 48.9223 18.0245 2.97982
    endloop
  endfacet
  facet normal -1 0 0
    outer loop
      vertex 48.9223 19.0497 1.0125
      vertex 48.9223 18.1974 2.64808
      vertex 48.9223 20.2666 2.64808
    endloop
  endfacet
  facet normal -1 0 0
    outer loop
      vertex 48.9223 20.2666 2.64808
      vertex 48.9223 20.2664 1.0125
      vertex 48.9223 19.0497 1.0125
    endloop
  endfacet
  facet normal -0.901717 0 -0.432326
    outer loop
      vertex 46.0896 71.4912 1.00329
      vertex 46.0896 73.2591 1.00329
      vertex 46.5496 73.2591 0.0439222
    endloop
  endfacet
  facet normal -0.901717 0 -0.432326
    outer loop
      vertex 46.5496 73.2591 0.0439222
      vertex 46.5496 71.4912 0.0439222
      vertex 46.0896 71.4912 1.00329
    endloop
  endfacet
  facet normal 0 0 -1
    outer loop
      vertex 46.5496 71.4912 0.0439222
      vertex 46.5496 73.2591 0.0439222
      vertex 49.1049 73.2591 0.0439222
    endloop
  endfacet
  facet normal 0 0 -1
    outer loop
      vertex 49.1049 73.2591 0.0439222
      vertex 49.1049 71.4912 0.0439222
      vertex 46.5496 71.4912 0.0439222
    endloop
  endfacet
  facet normal 0.955418 0 0.295257
    outer loop
      vertex 49.5649 71.4912 5.16206
      vertex 49.5649 73.2591 5.16206
      vertex 49.1049 73.2591 6.65045
    endloop
  endfacet
  facet normal 0.955418 0 0.295257
    outer loop
      vertex 49.1049 73.2591 6.65045
      vertex 49.1049 71.4912 6.65045
      vertex 49.5649 71.4912 5.16206
    endloop
  endfacet
  facet normal 0 0 1
    outer loop
      vertex 49.1049 71.4912 6.65045
      vertex 49.1049 73.2591 6.65045
      vertex 49.1047 73.2591 6.65045
    endloop
  endfacet
  facet normal 0 0 1
    outer loop
      vertex 49.1047 73.2591 6.65045
      vertex 49.1047 71.4912 6.65045
      vertex 49.1049 71.4912 6.65045
    endloop
  endfacet
  facet normal 0 -1 0.000199786
    outer loop
      vertex 46.0896 71.4912 5.16206
      vertex 46.5654 71.4912 5.16206
      vertex 46.5499 71.4912 5.23843
    endloop
  endfacet
  facet normal 1 0 0
    outer loop
      vertex 46.5499 71.4912 6.03751
      vertex 46.5499 71.4912 6.30578
      vertex 46.5499 71.4912 6.65045
    endloop
  endfacet
  facet normal 3.31551e-05 -1 0
    outer loop
      vertex 46.0896 71.4912 5.16206
      vertex 46.5499 71.4912 5.23843
      vertex 46.5499 71.4912 6.03751
    endloop
  endfacet
  facet normal 0 -1 0
    outer loop
      vertex 46.5499 71.4912 6.65045
      vertex 46.5496 71.4912 6.65045
      vertex 46.0896 71.4912 5.16206
    endloop
  endfacet
  facet normal 8.05098e-05 -1 -2.48943e-05
    outer loop
      vertex 46.0896 71.4912 5.16206
      vertex 46.5499 71.4912 6.03751
      vertex 46.5499 71.4912 6.65045
    endloop
  endfacet
  facet normal 0 1 0
    outer loop
      vertex 49.5649 73.2591 5.16206
      vertex 49.0891 73.2591 5.16206
      vertex 49.1047 73.2591 5.23843
    endloop
  endfacet
  facet normal 0 0 0
    outer loop
      vertex 49.1047 73.2591 6.03751
      vertex 49.1047 73.2591 6.30578
      vertex 49.1047 73.2591 6.65045
    endloop
  endfacet
  facet normal 0 1 0
    outer loop
      vertex 49.5649 73.2591 5.16206
      vertex 49.1047 73.2591 5.23843
      vertex 49.1047 73.2591 6.03751
    endloop
  endfacet
  facet normal 0 1 0
    outer loop
      vertex 49.1047 73.2591 6.65045
      vertex 49.1049 73.2591 6.65045
      vertex 49.5649 73.2591 5.16206
    endloop
  endfacet
  facet normal 0 1 0
    outer loop
      vertex 49.5649 73.2591 5.16206
      vertex 49.1047 73.2591 6.03751
      vertex 49.1047 73.2591 6.65045
    endloop
  endfacet
  facet normal 0 1 0
    outer loop
      vertex 49.1049 73.2591 0.0439222
      vertex 46.5496 73.2591 0.0439222
      vertex 46.0896 73.2591 1.00329
    endloop
  endfacet
  facet normal 0 1 0
    outer loop
      vertex 46.0896 73.2591 1.00329
      vertex 49.5649 73.2591 1.00329
      vertex 49.1049 73.2591 0.0439222
    endloop
  endfacet
  facet normal 0 -1 0
    outer loop
      vertex 46.5496 71.4912 0.0439222
      vertex 49.1049 71.4912 0.0439222
      vertex 49.5649 71.4912 1.00329
    endloop
  endfacet
  facet normal 0 -1 0
    outer loop
      vertex 49.5649 71.4912 1.00329
      vertex 46.0896 71.4912 1.00329
      vertex 46.5496 71.4912 0.0439222
    endloop
  endfacet
  facet normal 0.901717 0 -0.432326
    outer loop
      vertex 49.1049 71.4912 0.0439222
      vertex 49.1049 73.2591 0.0439222
      vertex 49.5649 73.2591 1.00329
    endloop
  endfacet
  facet normal 0.901717 0 -0.432326
    outer loop
      vertex 49.5649 73.2591 1.00329
      vertex 49.5649 71.4912 1.00329
      vertex 49.1049 71.4912 0.0439222
    endloop
  endfacet
  facet normal -1 0 0
    outer loop
      vertex 46.0896 71.4912 5.16206
      vertex 46.0896 73.2591 5.16206
      vertex 46.0896 73.2591 1.00329
    endloop
  endfacet
  facet normal -1 0 0
    outer loop
      vertex 46.0896 73.2591 1.00329
      vertex 46.0896 71.4912 1.00329
      vertex 46.0896 71.4912 5.16206
    endloop
  endfacet
  facet normal -0.955418 0 0.295257
    outer loop
      vertex 46.5496 71.4912 6.65045
      vertex 46.5496 73.2591 6.65045
      vertex 46.0896 73.2591 5.16206
    endloop
  endfacet
  facet normal -0.955418 0 0.295257
    outer loop
      vertex 46.0896 73.2591 5.16206
      vertex 46.0896 71.4912 5.16206
      vertex 46.5496 71.4912 6.65045
    endloop
  endfacet
  facet normal 0 1 0
    outer loop
      vertex 46.0896 73.2591 1.00329
      vertex 46.0896 73.2591 5.16206
      vertex 46.5654 73.2591 5.16206
    endloop
  endfacet
  facet normal 0 0 0
    outer loop
      vertex 46.8233 73.2591 3.89794
      vertex 47.8273 73.2591 3.89794
      vertex 48.8312 73.2591 3.89794
    endloop
  endfacet
  facet normal 0 1 0
    outer loop
      vertex 46.0896 73.2591 1.00329
      vertex 46.5654 73.2591 5.16206
      vertex 46.8233 73.2591 3.89794
    endloop
  endfacet
  facet normal 0 1 0
    outer loop
      vertex 49.0891 73.2591 5.16206
      vertex 49.5649 73.2591 5.16206
      vertex 49.5649 73.2591 1.00329
    endloop
  endfacet
  facet normal 0 1 0
    outer loop
      vertex 46.0896 73.2591 1.00329
      vertex 46.8233 73.2591 3.89794
      vertex 48.8312 73.2591 3.89794
    endloop
  endfacet
  facet normal 0 1 0
    outer loop
      vertex 48.8312 73.2591 3.89794
      vertex 49.0891 73.2591 5.16206
      vertex 49.5649 73.2591 1.00329
    endloop
  endfacet
  facet normal 0 1 0
    outer loop
      vertex 49.5649 73.2591 1.00329
      vertex 46.0896 73.2591 1.00329
      vertex 48.8312 73.2591 3.89794
    endloop
  endfacet
  facet normal 0 -1 0
    outer loop
      vertex 49.5649 71.4912 1.00329
      vertex 49.5649 71.4912 5.16206
      vertex 49.0891 71.4912 5.16206
    endloop
  endfacet
  facet normal 0 0 1
    outer loop
      vertex 48.8312 71.4912 3.89794
      vertex 47.8273 71.4912 3.89794
      vertex 46.8233 71.4912 3.89794
    endloop
  endfacet
  facet normal 0 -1 0
    outer loop
      vertex 49.5649 71.4912 1.00329
      vertex 49.0891 71.4912 5.16206
      vertex 48.8312 71.4912 3.89794
    endloop
  endfacet
  facet normal 0 -1 0
    outer loop
      vertex 46.5654 71.4912 5.16206
      vertex 46.0896 71.4912 5.16206
      vertex 46.0896 71.4912 1.00329
    endloop
  endfacet
  facet normal 0 -1 0
    outer loop
      vertex 49.5649 71.4912 1.00329
      vertex 48.8312 71.4912 3.89794
      vertex 46.8233 71.4912 3.89794
    endloop
  endfacet
  facet normal 0 -1 0
    outer loop
      vertex 46.8233 71.4912 3.89794
      vertex 46.5654 71.4912 5.16206
      vertex 46.0896 71.4912 1.00329
    endloop
  endfacet
  facet normal 0 -1 0
    outer loop
      vertex 46.0896 71.4912 1.00329
      vertex 49.5649 71.4912 1.00329
      vertex 46.8233 71.4912 3.89794
    endloop
  endfacet
  facet normal 1 0 0
    outer loop
      vertex 49.5649 71.4912 1.00329
      vertex 49.5649 73.2591 1.00329
      vertex 49.5649 73.2591 5.16206
    endloop
  endfacet
  facet normal 1 0 0
    outer loop
      vertex 49.5649 73.2591 5.16206
      vertex 49.5649 71.4912 5.16206
      vertex 49.5649 71.4912 1.00329
    endloop
  endfacet
  facet normal -0.901717 0 -0.432326
    outer loop
      vertex 46.0896 77.4257 1.00329
      vertex 46.0896 79.1936 1.00329
      vertex 46.5496 79.1936 0.0439222
    endloop
  endfacet
  facet normal -0.901717 0 -0.432326
    outer loop
      vertex 46.5496 79.1936 0.0439222
      vertex 46.5496 77.4257 0.0439222
      vertex 46.0896 77.4257 1.00329
    endloop
  endfacet
  facet normal 0 0 -1
    outer loop
      vertex 46.5496 77.4257 0.0439222
      vertex 46.5496 79.1936 0.0439222
      vertex 49.1049 79.1936 0.0439222
    endloop
  endfacet
  facet normal 0 0 -1
    outer loop
      vertex 49.1049 79.1936 0.0439222
      vertex 49.1049 77.4257 0.0439222
      vertex 46.5496 77.4257 0.0439222
    endloop
  endfacet
  facet normal 0.955418 0 0.295257
    outer loop
      vertex 49.5649 77.4257 5.16206
      vertex 49.5649 79.1936 5.16206
      vertex 49.1049 79.1936 6.65045
    endloop
  endfacet
  facet normal 0.955418 0 0.295257
    outer loop
      vertex 49.1049 79.1936 6.65045
      vertex 49.1049 77.4257 6.65045
      vertex 49.5649 77.4257 5.16206
    endloop
  endfacet
  facet normal 0 0 1
    outer loop
      vertex 49.1049 77.4257 6.65045
      vertex 49.1049 79.1936 6.65045
      vertex 49.1047 79.1936 6.65045
    endloop
  endfacet
  facet normal 0 0 1
    outer loop
      vertex 49.1047 79.1936 6.65045
      vertex 49.1047 77.4257 6.65045
      vertex 49.1049 77.4257 6.65045
    endloop
  endfacet
  facet normal 0 -1 0
    outer loop
      vertex 46.0896 77.4257 5.16206
      vertex 46.5654 77.4257 5.16206
      vertex 46.5499 77.4257 5.23843
    endloop
  endfacet
  facet normal 0 0 0
    outer loop
      vertex 46.5499 77.4257 6.03751
      vertex 46.5499 77.4257 6.30578
      vertex 46.5499 77.4257 6.65045
    endloop
  endfacet
  facet normal 0 -1 0
    outer loop
      vertex 46.0896 77.4257 5.16206
      vertex 46.5499 77.4257 5.23843
      vertex 46.5499 77.4257 6.03751
    endloop
  endfacet
  facet normal 0 -1 0
    outer loop
      vertex 46.5499 77.4257 6.65045
      vertex 46.5496 77.4257 6.65045
      vertex 46.0896 77.4257 5.16206
    endloop
  endfacet
  facet normal 0 -1 0
    outer loop
      vertex 46.0896 77.4257 5.16206
      vertex 46.5499 77.4257 6.03751
      vertex 46.5499 77.4257 6.65045
    endloop
  endfacet
  facet normal 0 1 0
    outer loop
      vertex 49.5649 79.1936 5.16206
      vertex 49.0891 79.1936 5.16206
      vertex 49.1047 79.1936 5.23843
    endloop
  endfacet
  facet normal 0 0 0
    outer loop
      vertex 49.1047 79.1936 6.03751
      vertex 49.1047 79.1936 6.30578
      vertex 49.1047 79.1936 6.65045
    endloop
  endfacet
  facet normal 0 1 0
    outer loop
      vertex 49.5649 79.1936 5.16206
      vertex 49.1047 79.1936 5.23843
      vertex 49.1047 79.1936 6.03751
    endloop
  endfacet
  facet normal 0 1 0
    outer loop
      vertex 49.1047 79.1936 6.65045
      vertex 49.1049 79.1936 6.65045
      vertex 49.5649 79.1936 5.16206
    endloop
  endfacet
  facet normal 0 1 0
    outer loop
      vertex 49.5649 79.1936 5.16206
      vertex 49.1047 79.1936 6.03751
      vertex 49.1047 79.1936 6.65045
    endloop
  endfacet
  facet normal 0 1 0
    outer loop
      vertex 49.1049 79.1936 0.0439222
      vertex 46.5496 79.1936 0.0439222
      vertex 46.0896 79.1936 1.00329
    endloop
  endfacet
  facet normal 0 1 0
    outer loop
      vertex 46.0896 79.1936 1.00329
      vertex 49.5649 79.1936 1.00329
      vertex 49.1049 79.1936 0.0439222
    endloop
  endfacet
  facet normal 0 -1 0
    outer loop
      vertex 46.5496 77.4257 0.0439222
      vertex 49.1049 77.4257 0.0439222
      vertex 49.5649 77.4257 1.00329
    endloop
  endfacet
  facet normal 0 -1 0
    outer loop
      vertex 49.5649 77.4257 1.00329
      vertex 46.0896 77.4257 1.00329
      vertex 46.5496 77.4257 0.0439222
    endloop
  endfacet
  facet normal 0.901717 0 -0.432326
    outer loop
      vertex 49.1049 77.4257 0.0439222
      vertex 49.1049 79.1936 0.0439222
      vertex 49.5649 79.1936 1.00329
    endloop
  endfacet
  facet normal 0.901717 0 -0.432326
    outer loop
      vertex 49.5649 79.1936 1.00329
      vertex 49.5649 77.4257 1.00329
      vertex 49.1049 77.4257 0.0439222
    endloop
  endfacet
  facet normal -1 0 0
    outer loop
      vertex 46.0896 77.4257 5.16206
      vertex 46.0896 79.1936 5.16206
      vertex 46.0896 79.1936 1.00329
    endloop
  endfacet
  facet normal -1 0 0
    outer loop
      vertex 46.0896 79.1936 1.00329
      vertex 46.0896 77.4257 1.00329
      vertex 46.0896 77.4257 5.16206
    endloop
  endfacet
  facet normal -0.955418 0 0.295257
    outer loop
      vertex 46.5496 77.4257 6.65045
      vertex 46.5496 79.1936 6.65045
      vertex 46.0896 79.1936 5.16206
    endloop
  endfacet
  facet normal -0.955418 0 0.295257
    outer loop
      vertex 46.0896 79.1936 5.16206
      vertex 46.0896 77.4257 5.16206
      vertex 46.5496 77.4257 6.65045
    endloop
  endfacet
  facet normal 0 1 0
    outer loop
      vertex 46.0896 79.1936 1.00329
      vertex 46.0896 79.1936 5.16206
      vertex 46.5654 79.1936 5.16206
    endloop
  endfacet
  facet normal 0 0 0
    outer loop
      vertex 46.8233 79.1936 3.89794
      vertex 47.8273 79.1936 3.89794
      vertex 48.8312 79.1936 3.89794
    endloop
  endfacet
  facet normal 0 1 0
    outer loop
      vertex 46.0896 79.1936 1.00329
      vertex 46.5654 79.1936 5.16206
      vertex 46.8233 79.1936 3.89794
    endloop
  endfacet
  facet normal 0 1 0
    outer loop
      vertex 49.0891 79.1936 5.16206
      vertex 49.5649 79.1936 5.16206
      vertex 49.5649 79.1936 1.00329
    endloop
  endfacet
  facet normal 0 1 0
    outer loop
      vertex 46.0896 79.1936 1.00329
      vertex 46.8233 79.1936 3.89794
      vertex 48.8312 79.1936 3.89794
    endloop
  endfacet
  facet normal 0 1 0
    outer loop
      vertex 48.8312 79.1936 3.89794
      vertex 49.0891 79.1936 5.16206
      vertex 49.5649 79.1936 1.00329
    endloop
  endfacet
  facet normal 0 1 0
    outer loop
      vertex 49.5649 79.1936 1.00329
      vertex 46.0896 79.1936 1.00329
      vertex 48.8312 79.1936 3.89794
    endloop
  endfacet
  facet normal 0 -1 0
    outer loop
      vertex 49.5649 77.4257 1.00329
      vertex 49.5649 77.4257 5.16206
      vertex 49.0891 77.4257 5.16206
    endloop
  endfacet
  facet normal 0 0 0
    outer loop
      vertex 48.8312 77.4257 3.89794
      vertex 47.8273 77.4257 3.89794
      vertex 46.8233 77.4257 3.89794
    endloop
  endfacet
  facet normal 0 -1 0
    outer loop
      vertex 49.5649 77.4257 1.00329
      vertex 49.0891 77.4257 5.16206
      vertex 48.8312 77.4257 3.89794
    endloop
  endfacet
  facet normal 0 -1 0
    outer loop
      vertex 46.5654 77.4257 5.16206
      vertex 46.0896 77.4257 5.16206
      vertex 46.0896 77.4257 1.00329
    endloop
  endfacet
  facet normal 0 -1 0
    outer loop
      vertex 49.5649 77.4257 1.00329
      vertex 48.8312 77.4257 3.89794
      vertex 46.8233 77.4257 3.89794
    endloop
  endfacet
  facet normal 0 -1 0
    outer loop
      vertex 46.8233 77.4257 3.89794
      vertex 46.5654 77.4257 5.16206
      vertex 46.0896 77.4257 1.00329
    endloop
  endfacet
  facet normal 0 -1 0
    outer loop
      vertex 46.0896 77.4257 1.00329
      vertex 49.5649 77.4257 1.00329
      vertex 46.8233 77.4257 3.89794
    endloop
  endfacet
  facet normal 1 0 0
    outer loop
      vertex 49.5649 77.4257 1.00329
      vertex 49.5649 79.1936 1.00329
      vertex 49.5649 79.1936 5.16206
    endloop
  endfacet
  facet normal 1 0 0
    outer loop
      vertex 49.5649 79.1936 5.16206
      vertex 49.5649 77.4257 5.16206
      vertex 49.5649 77.4257 1.00329
    endloop
  endfacet
  facet normal -1 0 0
    outer loop
      vertex 46.8295 61.1414 10.1854
      vertex 46.8295 61.7346 10.1854
      vertex 46.8295 61.7346 9.44987
    endloop
  endfacet
  facet normal -1 0 0
    outer loop
      vertex 46.8295 61.7346 9.44987
      vertex 46.8295 61.1414 9.44987
      vertex 46.8295 61.1414 10.1854
    endloop
  endfacet
  facet normal 0.498065 0 -0.86714
    outer loop
      vertex 48.4471 61.1414 9.23278
      vertex 48.4471 61.7346 9.23278
      vertex 48.825 61.7346 9.44987
    endloop
  endfacet
  facet normal 0.498065 0 -0.86714
    outer loop
      vertex 48.825 61.7346 9.44987
      vertex 48.825 61.1414 9.44987
      vertex 48.4471 61.1414 9.23278
    endloop
  endfacet
  facet normal 1 0 0
    outer loop
      vertex 48.825 61.1414 9.44987
      vertex 48.825 61.7346 9.44987
      vertex 48.825 61.7346 10.1854
    endloop
  endfacet
  facet normal 1 0 0
    outer loop
      vertex 48.825 61.7346 10.1854
      vertex 48.825 61.1414 10.1854
      vertex 48.825 61.1414 9.44987
    endloop
  endfacet
  facet normal -0.498067 0 0.867139
    outer loop
      vertex 47.2075 61.1414 10.4025
      vertex 47.2075 61.7346 10.4025
      vertex 46.8295 61.7346 10.1854
    endloop
  endfacet
  facet normal -0.498067 0 0.867139
    outer loop
      vertex 46.8295 61.7346 10.1854
      vertex 46.8295 61.1414 10.1854
      vertex 47.2075 61.1414 10.4025
    endloop
  endfacet
  facet normal 0 -1 0
    outer loop
      vertex 48.4471 61.1414 9.23278
      vertex 48.825 61.1414 9.44987
      vertex 48.825 61.1414 10.1854
    endloop
  endfacet
  facet normal 0 -1 0
    outer loop
      vertex 48.825 61.1414 10.1854
      vertex 48.4471 61.1414 10.4025
      vertex 48.4471 61.1414 9.23278
    endloop
  endfacet
  facet normal 0 1 0
    outer loop
      vertex 47.2075 61.7346 9.23278
      vertex 46.8295 61.7346 9.44987
      vertex 46.8295 61.7346 10.1854
    endloop
  endfacet
  facet normal 0 1 0
    outer loop
      vertex 46.8295 61.7346 10.1854
      vertex 47.2075 61.7346 10.4025
      vertex 47.2075 61.7346 9.23278
    endloop
  endfacet
  facet normal 0 1 0
    outer loop
      vertex 48.825 61.7346 9.44987
      vertex 48.4471 61.7346 9.23278
      vertex 48.4471 61.7346 10.4025
    endloop
  endfacet
  facet normal 0 1 0
    outer loop
      vertex 48.4471 61.7346 10.4025
      vertex 48.825 61.7346 10.1854
      vertex 48.825 61.7346 9.44987
    endloop
  endfacet
  facet normal 0 1 0
    outer loop
      vertex 48.4471 61.7346 9.23278
      vertex 48.4389 61.7346 9.23278
      vertex 48.4389 61.7346 10.4025
    endloop
  endfacet
  facet normal 0 1 0
    outer loop
      vertex 48.4389 61.7346 10.4025
      vertex 48.4471 61.7346 10.4025
      vertex 48.4471 61.7346 9.23278
    endloop
  endfacet
  facet normal 0 -1 0
    outer loop
      vertex 46.8295 61.1414 9.44987
      vertex 47.2075 61.1414 9.23278
      vertex 47.2075 61.1414 10.4025
    endloop
  endfacet
  facet normal 0 -1 0
    outer loop
      vertex 47.2075 61.1414 10.4025
      vertex 46.8295 61.1414 10.1854
      vertex 46.8295 61.1414 9.44987
    endloop
  endfacet
  facet normal 0 -1 0
    outer loop
      vertex 47.2075 61.1414 9.23278
      vertex 47.2157 61.1414 9.23278
      vertex 47.2157 61.1414 10.4025
    endloop
  endfacet
  facet normal 0 -1 0
    outer loop
      vertex 47.2157 61.1414 10.4025
      vertex 47.2075 61.1414 10.4025
      vertex 47.2075 61.1414 9.23278
    endloop
  endfacet
  facet normal 0.498067 0 0.867139
    outer loop
      vertex 48.825 61.1414 10.1854
      vertex 48.825 61.7346 10.1854
      vertex 48.4471 61.7346 10.4025
    endloop
  endfacet
  facet normal 0.498067 0 0.867139
    outer loop
      vertex 48.4471 61.7346 10.4025
      vertex 48.4471 61.1414 10.4025
      vertex 48.825 61.1414 10.1854
    endloop
  endfacet
  facet normal 0 0 1
    outer loop
      vertex 48.4471 61.1414 10.4025
      vertex 48.4471 61.7346 10.4025
      vertex 48.4389 61.7346 10.4025
    endloop
  endfacet
  facet normal 0 0 1
    outer loop
      vertex 48.4389 61.7346 10.4025
      vertex 48.4389 61.1414 10.4025
      vertex 48.4471 61.1414 10.4025
    endloop
  endfacet
  facet normal -0.498065 0 -0.86714
    outer loop
      vertex 46.8295 61.1414 9.44987
      vertex 46.8295 61.7346 9.44987
      vertex 47.2075 61.7346 9.23278
    endloop
  endfacet
  facet normal -0.498065 0 -0.86714
    outer loop
      vertex 47.2075 61.7346 9.23278
      vertex 47.2075 61.1414 9.23278
      vertex 46.8295 61.1414 9.44987
    endloop
  endfacet
  facet normal 0 0 -1
    outer loop
      vertex 47.2075 61.1414 9.23278
      vertex 47.2075 61.7346 9.23278
      vertex 47.2157 61.7346 9.23278
    endloop
  endfacet
  facet normal 0 0 -1
    outer loop
      vertex 47.2157 61.7346 9.23278
      vertex 47.2157 61.1414 9.23278
      vertex 47.2075 61.1414 9.23278
    endloop
  endfacet
  facet normal -1 0 0
    outer loop
      vertex 46.8295 65.3926 10.1854
      vertex 46.8295 65.9858 10.1854
      vertex 46.8295 65.9858 9.44987
    endloop
  endfacet
  facet normal -1 0 0
    outer loop
      vertex 46.8295 65.9858 9.44987
      vertex 46.8295 65.3926 9.44987
      vertex 46.8295 65.3926 10.1854
    endloop
  endfacet
  facet normal 0.498065 0 -0.86714
    outer loop
      vertex 48.4471 65.3926 9.23278
      vertex 48.4471 65.9858 9.23278
      vertex 48.825 65.9858 9.44987
    endloop
  endfacet
  facet normal 0.498065 0 -0.86714
    outer loop
      vertex 48.825 65.9858 9.44987
      vertex 48.825 65.3926 9.44987
      vertex 48.4471 65.3926 9.23278
    endloop
  endfacet
  facet normal 1 0 0
    outer loop
      vertex 48.825 65.3926 9.44987
      vertex 48.825 65.9858 9.44987
      vertex 48.825 65.9858 10.1854
    endloop
  endfacet
  facet normal 1 0 0
    outer loop
      vertex 48.825 65.9858 10.1854
      vertex 48.825 65.3926 10.1854
      vertex 48.825 65.3926 9.44987
    endloop
  endfacet
  facet normal -0.498067 0 0.867139
    outer loop
      vertex 47.2075 65.3926 10.4025
      vertex 47.2075 65.9858 10.4025
      vertex 46.8295 65.9858 10.1854
    endloop
  endfacet
  facet normal -0.498067 0 0.867139
    outer loop
      vertex 46.8295 65.9858 10.1854
      vertex 46.8295 65.3926 10.1854
      vertex 47.2075 65.3926 10.4025
    endloop
  endfacet
  facet normal 0 -1 0
    outer loop
      vertex 48.4471 65.3926 9.23278
      vertex 48.825 65.3926 9.44987
      vertex 48.825 65.3926 10.1854
    endloop
  endfacet
  facet normal 0 -1 0
    outer loop
      vertex 48.825 65.3926 10.1854
      vertex 48.4471 65.3926 10.4025
      vertex 48.4471 65.3926 9.23278
    endloop
  endfacet
  facet normal 0 1 0
    outer loop
      vertex 47.2075 65.9858 9.23278
      vertex 46.8295 65.9858 9.44987
      vertex 46.8295 65.9858 10.1854
    endloop
  endfacet
  facet normal 0 1 0
    outer loop
      vertex 46.8295 65.9858 10.1854
      vertex 47.2075 65.9858 10.4025
      vertex 47.2075 65.9858 9.23278
    endloop
  endfacet
  facet normal 0 1 0
    outer loop
      vertex 48.825 65.9858 9.44987
      vertex 48.4471 65.9858 9.23278
      vertex 48.4471 65.9858 10.4025
    endloop
  endfacet
  facet normal 0 1 0
    outer loop
      vertex 48.4471 65.9858 10.4025
      vertex 48.825 65.9858 10.1854
      vertex 48.825 65.9858 9.44987
    endloop
  endfacet
  facet normal 0 1 0
    outer loop
      vertex 48.4471 65.9858 9.23278
      vertex 48.4389 65.9858 9.23278
      vertex 48.4389 65.9858 10.4025
    endloop
  endfacet
  facet normal 0 1 0
    outer loop
      vertex 48.4389 65.9858 10.4025
      vertex 48.4471 65.9858 10.4025
      vertex 48.4471 65.9858 9.23278
    endloop
  endfacet
  facet normal 0 -1 0
    outer loop
      vertex 46.8295 65.3926 9.44987
      vertex 47.2075 65.3926 9.23278
      vertex 47.2075 65.3926 10.4025
    endloop
  endfacet
  facet normal 0 -1 0
    outer loop
      vertex 47.2075 65.3926 10.4025
      vertex 46.8295 65.3926 10.1854
      vertex 46.8295 65.3926 9.44987
    endloop
  endfacet
  facet normal 0 -1 0
    outer loop
      vertex 47.2075 65.3926 9.23278
      vertex 47.2157 65.3926 9.23278
      vertex 47.2157 65.3926 10.4025
    endloop
  endfacet
  facet normal 0 -1 0
    outer loop
      vertex 47.2157 65.3926 10.4025
      vertex 47.2075 65.3926 10.4025
      vertex 47.2075 65.3926 9.23278
    endloop
  endfacet
  facet normal 0.498067 0 0.867139
    outer loop
      vertex 48.825 65.3926 10.1854
      vertex 48.825 65.9858 10.1854
      vertex 48.4471 65.9858 10.4025
    endloop
  endfacet
  facet normal 0.498067 0 0.867139
    outer loop
      vertex 48.4471 65.9858 10.4025
      vertex 48.4471 65.3926 10.4025
      vertex 48.825 65.3926 10.1854
    endloop
  endfacet
  facet normal 0 0 1
    outer loop
      vertex 48.4471 65.3926 10.4025
      vertex 48.4471 65.9858 10.4025
      vertex 48.4389 65.9858 10.4025
    endloop
  endfacet
  facet normal 0 0 1
    outer loop
      vertex 48.4389 65.9858 10.4025
      vertex 48.4389 65.3926 10.4025
      vertex 48.4471 65.3926 10.4025
    endloop
  endfacet
  facet normal -0.498065 0 -0.86714
    outer loop
      vertex 46.8295 65.3926 9.44987
      vertex 46.8295 65.9858 9.44987
      vertex 47.2075 65.9858 9.23278
    endloop
  endfacet
  facet normal -0.498065 0 -0.86714
    outer loop
      vertex 47.2075 65.9858 9.23278
      vertex 47.2075 65.3926 9.23278
      vertex 46.8295 65.3926 9.44987
    endloop
  endfacet
  facet normal 0 0 -1
    outer loop
      vertex 47.2075 65.3926 9.23278
      vertex 47.2075 65.9858 9.23278
      vertex 47.2157 65.9858 9.23278
    endloop
  endfacet
  facet normal 0 0 -1
    outer loop
      vertex 47.2157 65.9858 9.23278
      vertex 47.2157 65.3926 9.23278
      vertex 47.2075 65.3926 9.23278
    endloop
  endfacet
  facet normal -1 0 0
    outer loop
      vertex 46.8295 56.8858 10.1854
      vertex 46.8295 57.479 10.1854
      vertex 46.8295 57.479 9.44987
    endloop
  endfacet
  facet normal -1 0 0
    outer loop
      vertex 46.8295 57.479 9.44987
      vertex 46.8295 56.8858 9.44987
      vertex 46.8295 56.8858 10.1854
    endloop
  endfacet
  facet normal 0.498065 0 -0.86714
    outer loop
      vertex 48.4471 56.8858 9.23278
      vertex 48.4471 57.479 9.23278
      vertex 48.825 57.479 9.44987
    endloop
  endfacet
  facet normal 0.498065 0 -0.86714
    outer loop
      vertex 48.825 57.479 9.44987
      vertex 48.825 56.8858 9.44987
      vertex 48.4471 56.8858 9.23278
    endloop
  endfacet
  facet normal 1 0 0
    outer loop
      vertex 48.825 56.8858 9.44987
      vertex 48.825 57.479 9.44987
      vertex 48.825 57.479 10.1854
    endloop
  endfacet
  facet normal 1 0 0
    outer loop
      vertex 48.825 57.479 10.1854
      vertex 48.825 56.8858 10.1854
      vertex 48.825 56.8858 9.44987
    endloop
  endfacet
  facet normal -0.498067 0 0.867139
    outer loop
      vertex 47.2075 56.8858 10.4025
      vertex 47.2075 57.479 10.4025
      vertex 46.8295 57.479 10.1854
    endloop
  endfacet
  facet normal -0.498067 0 0.867139
    outer loop
      vertex 46.8295 57.479 10.1854
      vertex 46.8295 56.8858 10.1854
      vertex 47.2075 56.8858 10.4025
    endloop
  endfacet
  facet normal 0 -1 0
    outer loop
      vertex 48.4471 56.8858 9.23278
      vertex 48.825 56.8858 9.44987
      vertex 48.825 56.8858 10.1854
    endloop
  endfacet
  facet normal 0 -1 0
    outer loop
      vertex 48.825 56.8858 10.1854
      vertex 48.4471 56.8858 10.4025
      vertex 48.4471 56.8858 9.23278
    endloop
  endfacet
  facet normal 0 1 0
    outer loop
      vertex 47.2075 57.479 9.23278
      vertex 46.8295 57.479 9.44987
      vertex 46.8295 57.479 10.1854
    endloop
  endfacet
  facet normal 0 1 0
    outer loop
      vertex 46.8295 57.479 10.1854
      vertex 47.2075 57.479 10.4025
      vertex 47.2075 57.479 9.23278
    endloop
  endfacet
  facet normal 0 1 0
    outer loop
      vertex 48.825 57.479 9.44987
      vertex 48.4471 57.479 9.23278
      vertex 48.4471 57.479 10.4025
    endloop
  endfacet
  facet normal 0 1 0
    outer loop
      vertex 48.4471 57.479 10.4025
      vertex 48.825 57.479 10.1854
      vertex 48.825 57.479 9.44987
    endloop
  endfacet
  facet normal 0 1 0
    outer loop
      vertex 48.4471 57.479 9.23278
      vertex 48.4389 57.479 9.23278
      vertex 48.4389 57.479 10.4025
    endloop
  endfacet
  facet normal 0 1 0
    outer loop
      vertex 48.4389 57.479 10.4025
      vertex 48.4471 57.479 10.4025
      vertex 48.4471 57.479 9.23278
    endloop
  endfacet
  facet normal 0 -1 0
    outer loop
      vertex 46.8295 56.8858 9.44987
      vertex 47.2075 56.8858 9.23278
      vertex 47.2075 56.8858 10.4025
    endloop
  endfacet
  facet normal 0 -1 0
    outer loop
      vertex 47.2075 56.8858 10.4025
      vertex 46.8295 56.8858 10.1854
      vertex 46.8295 56.8858 9.44987
    endloop
  endfacet
  facet normal 0 -1 0
    outer loop
      vertex 47.2075 56.8858 9.23278
      vertex 47.2157 56.8858 9.23278
      vertex 47.2157 56.8858 10.4025
    endloop
  endfacet
  facet normal 0 -1 0
    outer loop
      vertex 47.2157 56.8858 10.4025
      vertex 47.2075 56.8858 10.4025
      vertex 47.2075 56.8858 9.23278
    endloop
  endfacet
  facet normal 0.498067 0 0.867139
    outer loop
      vertex 48.825 56.8858 10.1854
      vertex 48.825 57.479 10.1854
      vertex 48.4471 57.479 10.4025
    endloop
  endfacet
  facet normal 0.498067 0 0.867139
    outer loop
      vertex 48.4471 57.479 10.4025
      vertex 48.4471 56.8858 10.4025
      vertex 48.825 56.8858 10.1854
    endloop
  endfacet
  facet normal 0 0 1
    outer loop
      vertex 48.4471 56.8858 10.4025
      vertex 48.4471 57.479 10.4025
      vertex 48.4389 57.479 10.4025
    endloop
  endfacet
  facet normal 0 0 1
    outer loop
      vertex 48.4389 57.479 10.4025
      vertex 48.4389 56.8858 10.4025
      vertex 48.4471 56.8858 10.4025
    endloop
  endfacet
  facet normal -0.498065 0 -0.86714
    outer loop
      vertex 46.8295 56.8858 9.44987
      vertex 46.8295 57.479 9.44987
      vertex 47.2075 57.479 9.23278
    endloop
  endfacet
  facet normal -0.498065 0 -0.86714
    outer loop
      vertex 47.2075 57.479 9.23278
      vertex 47.2075 56.8858 9.23278
      vertex 46.8295 56.8858 9.44987
    endloop
  endfacet
  facet normal 0 0 -1
    outer loop
      vertex 47.2075 56.8858 9.23278
      vertex 47.2075 57.479 9.23278
      vertex 47.2157 57.479 9.23278
    endloop
  endfacet
  facet normal 0 0 -1
    outer loop
      vertex 47.2157 57.479 9.23278
      vertex 47.2157 56.8858 9.23278
      vertex 47.2075 56.8858 9.23278
    endloop
  endfacet
  facet normal -1 0 0
    outer loop
      vertex 46.8295 73.9606 10.1854
      vertex 46.8295 74.5538 10.1854
      vertex 46.8295 74.5538 9.44987
    endloop
  endfacet
  facet normal -1 0 0
    outer loop
      vertex 46.8295 74.5538 9.44987
      vertex 46.8295 73.9606 9.44987
      vertex 46.8295 73.9606 10.1854
    endloop
  endfacet
  facet normal 0.498065 0 -0.86714
    outer loop
      vertex 48.4471 73.9606 9.23278
      vertex 48.4471 74.5538 9.23278
      vertex 48.825 74.5538 9.44987
    endloop
  endfacet
  facet normal 0.498065 0 -0.86714
    outer loop
      vertex 48.825 74.5538 9.44987
      vertex 48.825 73.9606 9.44987
      vertex 48.4471 73.9606 9.23278
    endloop
  endfacet
  facet normal 1 0 0
    outer loop
      vertex 48.825 73.9606 9.44987
      vertex 48.825 74.5538 9.44987
      vertex 48.825 74.5538 10.1854
    endloop
  endfacet
  facet normal 1 0 0
    outer loop
      vertex 48.825 74.5538 10.1854
      vertex 48.825 73.9606 10.1854
      vertex 48.825 73.9606 9.44987
    endloop
  endfacet
  facet normal -0.498067 0 0.867139
    outer loop
      vertex 47.2075 73.9606 10.4025
      vertex 47.2075 74.5538 10.4025
      vertex 46.8295 74.5538 10.1854
    endloop
  endfacet
  facet normal -0.498067 0 0.867139
    outer loop
      vertex 46.8295 74.5538 10.1854
      vertex 46.8295 73.9606 10.1854
      vertex 47.2075 73.9606 10.4025
    endloop
  endfacet
  facet normal 0 -1 0
    outer loop
      vertex 48.4471 73.9606 9.23278
      vertex 48.825 73.9606 9.44987
      vertex 48.825 73.9606 10.1854
    endloop
  endfacet
  facet normal 0 -1 0
    outer loop
      vertex 48.825 73.9606 10.1854
      vertex 48.4471 73.9606 10.4025
      vertex 48.4471 73.9606 9.23278
    endloop
  endfacet
  facet normal 0 1 0
    outer loop
      vertex 47.2075 74.5538 9.23278
      vertex 46.8295 74.5538 9.44987
      vertex 46.8295 74.5538 10.1854
    endloop
  endfacet
  facet normal 0 1 0
    outer loop
      vertex 46.8295 74.5538 10.1854
      vertex 47.2075 74.5538 10.4025
      vertex 47.2075 74.5538 9.23278
    endloop
  endfacet
  facet normal 0 1 0
    outer loop
      vertex 48.825 74.5538 9.44987
      vertex 48.4471 74.5538 9.23278
      vertex 48.4471 74.5538 10.4025
    endloop
  endfacet
  facet normal 0 1 0
    outer loop
      vertex 48.4471 74.5538 10.4025
      vertex 48.825 74.5538 10.1854
      vertex 48.825 74.5538 9.44987
    endloop
  endfacet
  facet normal 0 1 0
    outer loop
      vertex 48.4471 74.5538 9.23278
      vertex 48.4389 74.5538 9.23278
      vertex 48.4389 74.5538 10.4025
    endloop
  endfacet
  facet normal 0 1 0
    outer loop
      vertex 48.4389 74.5538 10.4025
      vertex 48.4471 74.5538 10.4025
      vertex 48.4471 74.5538 9.23278
    endloop
  endfacet
  facet normal 0 -1 0
    outer loop
      vertex 46.8295 73.9606 9.44987
      vertex 47.2075 73.9606 9.23278
      vertex 47.2075 73.9606 10.4025
    endloop
  endfacet
  facet normal 0 -1 0
    outer loop
      vertex 47.2075 73.9606 10.4025
      vertex 46.8295 73.9606 10.1854
      vertex 46.8295 73.9606 9.44987
    endloop
  endfacet
  facet normal 0 -1 0
    outer loop
      vertex 47.2075 73.9606 9.23278
      vertex 47.2157 73.9606 9.23278
      vertex 47.2157 73.9606 10.4025
    endloop
  endfacet
  facet normal 0 -1 0
    outer loop
      vertex 47.2157 73.9606 10.4025
      vertex 47.2075 73.9606 10.4025
      vertex 47.2075 73.9606 9.23278
    endloop
  endfacet
  facet normal 0.498067 0 0.867139
    outer loop
      vertex 48.825 73.9606 10.1854
      vertex 48.825 74.5538 10.1854
      vertex 48.4471 74.5538 10.4025
    endloop
  endfacet
  facet normal 0.498067 0 0.867139
    outer loop
      vertex 48.4471 74.5538 10.4025
      vertex 48.4471 73.9606 10.4025
      vertex 48.825 73.9606 10.1854
    endloop
  endfacet
  facet normal 0 0 1
    outer loop
      vertex 48.4471 73.9606 10.4025
      vertex 48.4471 74.5538 10.4025
      vertex 48.4389 74.5538 10.4025
    endloop
  endfacet
  facet normal 0 0 1
    outer loop
      vertex 48.4389 74.5538 10.4025
      vertex 48.4389 73.9606 10.4025
      vertex 48.4471 73.9606 10.4025
    endloop
  endfacet
  facet normal -0.498065 0 -0.86714
    outer loop
      vertex 46.8295 73.9606 9.44987
      vertex 46.8295 74.5538 9.44987
      vertex 47.2075 74.5538 9.23278
    endloop
  endfacet
  facet normal -0.498065 0 -0.86714
    outer loop
      vertex 47.2075 74.5538 9.23278
      vertex 47.2075 73.9606 9.23278
      vertex 46.8295 73.9606 9.44987
    endloop
  endfacet
  facet normal 0 0 -1
    outer loop
      vertex 47.2075 73.9606 9.23278
      vertex 47.2075 74.5538 9.23278
      vertex 47.2157 74.5538 9.23278
    endloop
  endfacet
  facet normal 0 0 -1
    outer loop
      vertex 47.2157 74.5538 9.23278
      vertex 47.2157 73.9606 9.23278
      vertex 47.2075 73.9606 9.23278
    endloop
  endfacet
  facet normal -1 0 0
    outer loop
      vertex 46.8295 78.2118 10.1854
      vertex 46.8295 78.805 10.1854
      vertex 46.8295 78.805 9.44987
    endloop
  endfacet
  facet normal -1 0 0
    outer loop
      vertex 46.8295 78.805 9.44987
      vertex 46.8295 78.2118 9.44987
      vertex 46.8295 78.2118 10.1854
    endloop
  endfacet
  facet normal 0.498065 0 -0.86714
    outer loop
      vertex 48.4471 78.2118 9.23278
      vertex 48.4471 78.805 9.23278
      vertex 48.825 78.805 9.44987
    endloop
  endfacet
  facet normal 0.498065 0 -0.86714
    outer loop
      vertex 48.825 78.805 9.44987
      vertex 48.825 78.2118 9.44987
      vertex 48.4471 78.2118 9.23278
    endloop
  endfacet
  facet normal 1 0 0
    outer loop
      vertex 48.825 78.2118 9.44987
      vertex 48.825 78.805 9.44987
      vertex 48.825 78.805 10.1854
    endloop
  endfacet
  facet normal 1 0 0
    outer loop
      vertex 48.825 78.805 10.1854
      vertex 48.825 78.2118 10.1854
      vertex 48.825 78.2118 9.44987
    endloop
  endfacet
  facet normal -0.498067 0 0.867139
    outer loop
      vertex 47.2075 78.2118 10.4025
      vertex 47.2075 78.805 10.4025
      vertex 46.8295 78.805 10.1854
    endloop
  endfacet
  facet normal -0.498067 0 0.867139
    outer loop
      vertex 46.8295 78.805 10.1854
      vertex 46.8295 78.2118 10.1854
      vertex 47.2075 78.2118 10.4025
    endloop
  endfacet
  facet normal 0 -1 0
    outer loop
      vertex 48.4471 78.2118 9.23278
      vertex 48.825 78.2118 9.44987
      vertex 48.825 78.2118 10.1854
    endloop
  endfacet
  facet normal 0 -1 0
    outer loop
      vertex 48.825 78.2118 10.1854
      vertex 48.4471 78.2118 10.4025
      vertex 48.4471 78.2118 9.23278
    endloop
  endfacet
  facet normal 0 1 0
    outer loop
      vertex 47.2075 78.805 9.23278
      vertex 46.8295 78.805 9.44987
      vertex 46.8295 78.805 10.1854
    endloop
  endfacet
  facet normal 0 1 0
    outer loop
      vertex 46.8295 78.805 10.1854
      vertex 47.2075 78.805 10.4025
      vertex 47.2075 78.805 9.23278
    endloop
  endfacet
  facet normal 0 1 0
    outer loop
      vertex 48.825 78.805 9.44987
      vertex 48.4471 78.805 9.23278
      vertex 48.4471 78.805 10.4025
    endloop
  endfacet
  facet normal 0 1 0
    outer loop
      vertex 48.4471 78.805 10.4025
      vertex 48.825 78.805 10.1854
      vertex 48.825 78.805 9.44987
    endloop
  endfacet
  facet normal 0 1 0
    outer loop
      vertex 48.4471 78.805 9.23278
      vertex 48.4389 78.805 9.23278
      vertex 48.4389 78.805 10.4025
    endloop
  endfacet
  facet normal 0 1 0
    outer loop
      vertex 48.4389 78.805 10.4025
      vertex 48.4471 78.805 10.4025
      vertex 48.4471 78.805 9.23278
    endloop
  endfacet
  facet normal 0 -1 0
    outer loop
      vertex 46.8295 78.2118 9.44987
      vertex 47.2075 78.2118 9.23278
      vertex 47.2075 78.2118 10.4025
    endloop
  endfacet
  facet normal 0 -1 0
    outer loop
      vertex 47.2075 78.2118 10.4025
      vertex 46.8295 78.2118 10.1854
      vertex 46.8295 78.2118 9.44987
    endloop
  endfacet
  facet normal 0 -1 0
    outer loop
      vertex 47.2075 78.2118 9.23278
      vertex 47.2157 78.2118 9.23278
      vertex 47.2157 78.2118 10.4025
    endloop
  endfacet
  facet normal 0 -1 0
    outer loop
      vertex 47.2157 78.2118 10.4025
      vertex 47.2075 78.2118 10.4025
      vertex 47.2075 78.2118 9.23278
    endloop
  endfacet
  facet normal 0.498067 0 0.867139
    outer loop
      vertex 48.825 78.2118 10.1854
      vertex 48.825 78.805 10.1854
      vertex 48.4471 78.805 10.4025
    endloop
  endfacet
  facet normal 0.498067 0 0.867139
    outer loop
      vertex 48.4471 78.805 10.4025
      vertex 48.4471 78.2118 10.4025
      vertex 48.825 78.2118 10.1854
    endloop
  endfacet
  facet normal 0 0 1
    outer loop
      vertex 48.4471 78.2118 10.4025
      vertex 48.4471 78.805 10.4025
      vertex 48.4389 78.805 10.4025
    endloop
  endfacet
  facet normal 0 0 1
    outer loop
      vertex 48.4389 78.805 10.4025
      vertex 48.4389 78.2118 10.4025
      vertex 48.4471 78.2118 10.4025
    endloop
  endfacet
  facet normal -0.498065 0 -0.86714
    outer loop
      vertex 46.8295 78.2118 9.44987
      vertex 46.8295 78.805 9.44987
      vertex 47.2075 78.805 9.23278
    endloop
  endfacet
  facet normal -0.498065 0 -0.86714
    outer loop
      vertex 47.2075 78.805 9.23278
      vertex 47.2075 78.2118 9.23278
      vertex 46.8295 78.2118 9.44987
    endloop
  endfacet
  facet normal 0 0 -1
    outer loop
      vertex 47.2075 78.2118 9.23278
      vertex 47.2075 78.805 9.23278
      vertex 47.2157 78.805 9.23278
    endloop
  endfacet
  facet normal 0 0 -1
    outer loop
      vertex 47.2157 78.805 9.23278
      vertex 47.2157 78.2118 9.23278
      vertex 47.2075 78.2118 9.23278
    endloop
  endfacet
  facet normal -1 0 0
    outer loop
      vertex 46.8295 69.7051 10.1854
      vertex 46.8295 70.2982 10.1854
      vertex 46.8295 70.2982 9.44987
    endloop
  endfacet
  facet normal -1 0 0
    outer loop
      vertex 46.8295 70.2982 9.44987
      vertex 46.8295 69.7051 9.44987
      vertex 46.8295 69.7051 10.1854
    endloop
  endfacet
  facet normal 0.498065 0 -0.86714
    outer loop
      vertex 48.4471 69.7051 9.23278
      vertex 48.4471 70.2982 9.23278
      vertex 48.825 70.2982 9.44987
    endloop
  endfacet
  facet normal 0.498065 0 -0.86714
    outer loop
      vertex 48.825 70.2982 9.44987
      vertex 48.825 69.7051 9.44987
      vertex 48.4471 69.7051 9.23278
    endloop
  endfacet
  facet normal 1 0 0
    outer loop
      vertex 48.825 69.7051 9.44987
      vertex 48.825 70.2982 9.44987
      vertex 48.825 70.2982 10.1854
    endloop
  endfacet
  facet normal 1 0 0
    outer loop
      vertex 48.825 70.2982 10.1854
      vertex 48.825 69.7051 10.1854
      vertex 48.825 69.7051 9.44987
    endloop
  endfacet
  facet normal -0.498067 0 0.867139
    outer loop
      vertex 47.2075 69.7051 10.4025
      vertex 47.2075 70.2982 10.4025
      vertex 46.8295 70.2982 10.1854
    endloop
  endfacet
  facet normal -0.498067 0 0.867139
    outer loop
      vertex 46.8295 70.2982 10.1854
      vertex 46.8295 69.7051 10.1854
      vertex 47.2075 69.7051 10.4025
    endloop
  endfacet
  facet normal 0 -1 0
    outer loop
      vertex 48.4471 69.7051 9.23278
      vertex 48.825 69.7051 9.44987
      vertex 48.825 69.7051 10.1854
    endloop
  endfacet
  facet normal 0 -1 0
    outer loop
      vertex 48.825 69.7051 10.1854
      vertex 48.4471 69.7051 10.4025
      vertex 48.4471 69.7051 9.23278
    endloop
  endfacet
  facet normal 0 1 0
    outer loop
      vertex 47.2075 70.2982 9.23278
      vertex 46.8295 70.2982 9.44987
      vertex 46.8295 70.2982 10.1854
    endloop
  endfacet
  facet normal 0 1 0
    outer loop
      vertex 46.8295 70.2982 10.1854
      vertex 47.2075 70.2982 10.4025
      vertex 47.2075 70.2982 9.23278
    endloop
  endfacet
  facet normal 0 1 0
    outer loop
      vertex 48.825 70.2982 9.44987
      vertex 48.4471 70.2982 9.23278
      vertex 48.4471 70.2982 10.4025
    endloop
  endfacet
  facet normal 0 1 0
    outer loop
      vertex 48.4471 70.2982 10.4025
      vertex 48.825 70.2982 10.1854
      vertex 48.825 70.2982 9.44987
    endloop
  endfacet
  facet normal 0 1 0
    outer loop
      vertex 48.4471 70.2982 9.23278
      vertex 48.4389 70.2982 9.23278
      vertex 48.4389 70.2982 10.4025
    endloop
  endfacet
  facet normal 0 1 0
    outer loop
      vertex 48.4389 70.2982 10.4025
      vertex 48.4471 70.2982 10.4025
      vertex 48.4471 70.2982 9.23278
    endloop
  endfacet
  facet normal 0 -1 0
    outer loop
      vertex 46.8295 69.7051 9.44987
      vertex 47.2075 69.7051 9.23278
      vertex 47.2075 69.7051 10.4025
    endloop
  endfacet
  facet normal 0 -1 0
    outer loop
      vertex 47.2075 69.7051 10.4025
      vertex 46.8295 69.7051 10.1854
      vertex 46.8295 69.7051 9.44987
    endloop
  endfacet
  facet normal 0 -1 0
    outer loop
      vertex 47.2075 69.7051 9.23278
      vertex 47.2157 69.7051 9.23278
      vertex 47.2157 69.7051 10.4025
    endloop
  endfacet
  facet normal 0 -1 0
    outer loop
      vertex 47.2157 69.7051 10.4025
      vertex 47.2075 69.7051 10.4025
      vertex 47.2075 69.7051 9.23278
    endloop
  endfacet
  facet normal 0.498067 0 0.867139
    outer loop
      vertex 48.825 69.7051 10.1854
      vertex 48.825 70.2982 10.1854
      vertex 48.4471 70.2982 10.4025
    endloop
  endfacet
  facet normal 0.498067 0 0.867139
    outer loop
      vertex 48.4471 70.2982 10.4025
      vertex 48.4471 69.7051 10.4025
      vertex 48.825 69.7051 10.1854
    endloop
  endfacet
  facet normal 0 0 1
    outer loop
      vertex 48.4471 69.7051 10.4025
      vertex 48.4471 70.2982 10.4025
      vertex 48.4389 70.2982 10.4025
    endloop
  endfacet
  facet normal 0 0 1
    outer loop
      vertex 48.4389 70.2982 10.4025
      vertex 48.4389 69.7051 10.4025
      vertex 48.4471 69.7051 10.4025
    endloop
  endfacet
  facet normal -0.498065 0 -0.86714
    outer loop
      vertex 46.8295 69.7051 9.44987
      vertex 46.8295 70.2982 9.44987
      vertex 47.2075 70.2982 9.23278
    endloop
  endfacet
  facet normal -0.498065 0 -0.86714
    outer loop
      vertex 47.2075 70.2982 9.23278
      vertex 47.2075 69.7051 9.23278
      vertex 46.8295 69.7051 9.44987
    endloop
  endfacet
  facet normal 0 0 -1
    outer loop
      vertex 47.2075 69.7051 9.23278
      vertex 47.2075 70.2982 9.23278
      vertex 47.2157 70.2982 9.23278
    endloop
  endfacet
  facet normal 0 0 -1
    outer loop
      vertex 47.2157 70.2982 9.23278
      vertex 47.2157 69.7051 9.23278
      vertex 47.2075 69.7051 9.23278
    endloop
  endfacet
  facet normal -1 0 0
    outer loop
      vertex 46.8295 52.5519 10.1854
      vertex 46.8295 53.1451 10.1854
      vertex 46.8295 53.1451 9.44987
    endloop
  endfacet
  facet normal -1 0 0
    outer loop
      vertex 46.8295 53.1451 9.44987
      vertex 46.8295 52.5519 9.44987
      vertex 46.8295 52.5519 10.1854
    endloop
  endfacet
  facet normal 0.498065 0 -0.86714
    outer loop
      vertex 48.4471 52.5519 9.23278
      vertex 48.4471 53.1451 9.23278
      vertex 48.825 53.1451 9.44987
    endloop
  endfacet
  facet normal 0.498065 0 -0.86714
    outer loop
      vertex 48.825 53.1451 9.44987
      vertex 48.825 52.5519 9.44987
      vertex 48.4471 52.5519 9.23278
    endloop
  endfacet
  facet normal 1 0 0
    outer loop
      vertex 48.825 52.5519 9.44987
      vertex 48.825 53.1451 9.44987
      vertex 48.825 53.1451 10.1854
    endloop
  endfacet
  facet normal 1 0 0
    outer loop
      vertex 48.825 53.1451 10.1854
      vertex 48.825 52.5519 10.1854
      vertex 48.825 52.5519 9.44987
    endloop
  endfacet
  facet normal -0.498067 0 0.867139
    outer loop
      vertex 47.2075 52.5519 10.4025
      vertex 47.2075 53.1451 10.4025
      vertex 46.8295 53.1451 10.1854
    endloop
  endfacet
  facet normal -0.498067 0 0.867139
    outer loop
      vertex 46.8295 53.1451 10.1854
      vertex 46.8295 52.5519 10.1854
      vertex 47.2075 52.5519 10.4025
    endloop
  endfacet
  facet normal 0 -1 0
    outer loop
      vertex 48.4471 52.5519 9.23278
      vertex 48.825 52.5519 9.44987
      vertex 48.825 52.5519 10.1854
    endloop
  endfacet
  facet normal 0 -1 0
    outer loop
      vertex 48.825 52.5519 10.1854
      vertex 48.4471 52.5519 10.4025
      vertex 48.4471 52.5519 9.23278
    endloop
  endfacet
  facet normal 0 1 0
    outer loop
      vertex 47.2075 53.1451 9.23278
      vertex 46.8295 53.1451 9.44987
      vertex 46.8295 53.1451 10.1854
    endloop
  endfacet
  facet normal 0 1 0
    outer loop
      vertex 46.8295 53.1451 10.1854
      vertex 47.2075 53.1451 10.4025
      vertex 47.2075 53.1451 9.23278
    endloop
  endfacet
  facet normal 0 1 0
    outer loop
      vertex 48.825 53.1451 9.44987
      vertex 48.4471 53.1451 9.23278
      vertex 48.4471 53.1451 10.4025
    endloop
  endfacet
  facet normal 0 1 0
    outer loop
      vertex 48.4471 53.1451 10.4025
      vertex 48.825 53.1451 10.1854
      vertex 48.825 53.1451 9.44987
    endloop
  endfacet
  facet normal 0 1 0
    outer loop
      vertex 48.4471 53.1451 9.23278
      vertex 48.4389 53.1451 9.23278
      vertex 48.4389 53.1451 10.4025
    endloop
  endfacet
  facet normal 0 1 0
    outer loop
      vertex 48.4389 53.1451 10.4025
      vertex 48.4471 53.1451 10.4025
      vertex 48.4471 53.1451 9.23278
    endloop
  endfacet
  facet normal 0 -1 0
    outer loop
      vertex 46.8295 52.5519 9.44987
      vertex 47.2075 52.5519 9.23278
      vertex 47.2075 52.5519 10.4025
    endloop
  endfacet
  facet normal 0 -1 0
    outer loop
      vertex 47.2075 52.5519 10.4025
      vertex 46.8295 52.5519 10.1854
      vertex 46.8295 52.5519 9.44987
    endloop
  endfacet
  facet normal 0 -1 0
    outer loop
      vertex 47.2075 52.5519 9.23278
      vertex 47.2157 52.5519 9.23278
      vertex 47.2157 52.5519 10.4025
    endloop
  endfacet
  facet normal 0 -1 0
    outer loop
      vertex 47.2157 52.5519 10.4025
      vertex 47.2075 52.5519 10.4025
      vertex 47.2075 52.5519 9.23278
    endloop
  endfacet
  facet normal 0.498067 0 0.867139
    outer loop
      vertex 48.825 52.5519 10.1854
      vertex 48.825 53.1451 10.1854
      vertex 48.4471 53.1451 10.4025
    endloop
  endfacet
  facet normal 0.498067 0 0.867139
    outer loop
      vertex 48.4471 53.1451 10.4025
      vertex 48.4471 52.5519 10.4025
      vertex 48.825 52.5519 10.1854
    endloop
  endfacet
  facet normal 0 0 1
    outer loop
      vertex 48.4471 52.5519 10.4025
      vertex 48.4471 53.1451 10.4025
      vertex 48.4389 53.1451 10.4025
    endloop
  endfacet
  facet normal 0 0 1
    outer loop
      vertex 48.4389 53.1451 10.4025
      vertex 48.4389 52.5519 10.4025
      vertex 48.4471 52.5519 10.4025
    endloop
  endfacet
  facet normal -0.498065 0 -0.86714
    outer loop
      vertex 46.8295 52.5519 9.44987
      vertex 46.8295 53.1451 9.44987
      vertex 47.2075 53.1451 9.23278
    endloop
  endfacet
  facet normal -0.498065 0 -0.86714
    outer loop
      vertex 47.2075 53.1451 9.23278
      vertex 47.2075 52.5519 9.23278
      vertex 46.8295 52.5519 9.44987
    endloop
  endfacet
  facet normal 0 0 -1
    outer loop
      vertex 47.2075 52.5519 9.23278
      vertex 47.2075 53.1451 9.23278
      vertex 47.2157 53.1451 9.23278
    endloop
  endfacet
  facet normal 0 0 -1
    outer loop
      vertex 47.2157 53.1451 9.23278
      vertex 47.2157 52.5519 9.23278
      vertex 47.2075 52.5519 9.23278
    endloop
  endfacet
  facet normal -1 0 0
    outer loop
      vertex 46.8295 35.4896 10.1854
      vertex 46.8295 36.0827 10.1854
      vertex 46.8295 36.0827 9.44987
    endloop
  endfacet
  facet normal -1 0 0
    outer loop
      vertex 46.8295 36.0827 9.44987
      vertex 46.8295 35.4896 9.44987
      vertex 46.8295 35.4896 10.1854
    endloop
  endfacet
  facet normal 0.498065 0 -0.86714
    outer loop
      vertex 48.4471 35.4896 9.23278
      vertex 48.4471 36.0827 9.23278
      vertex 48.825 36.0827 9.44987
    endloop
  endfacet
  facet normal 0.498065 0 -0.86714
    outer loop
      vertex 48.825 36.0827 9.44987
      vertex 48.825 35.4896 9.44987
      vertex 48.4471 35.4896 9.23278
    endloop
  endfacet
  facet normal 1 0 0
    outer loop
      vertex 48.825 35.4896 9.44987
      vertex 48.825 36.0827 9.44987
      vertex 48.825 36.0827 10.1854
    endloop
  endfacet
  facet normal 1 0 0
    outer loop
      vertex 48.825 36.0827 10.1854
      vertex 48.825 35.4896 10.1854
      vertex 48.825 35.4896 9.44987
    endloop
  endfacet
  facet normal -0.498067 0 0.867139
    outer loop
      vertex 47.2075 35.4896 10.4025
      vertex 47.2075 36.0827 10.4025
      vertex 46.8295 36.0827 10.1854
    endloop
  endfacet
  facet normal -0.498067 0 0.867139
    outer loop
      vertex 46.8295 36.0827 10.1854
      vertex 46.8295 35.4896 10.1854
      vertex 47.2075 35.4896 10.4025
    endloop
  endfacet
  facet normal 0 -1 0
    outer loop
      vertex 48.4471 35.4896 9.23278
      vertex 48.825 35.4896 9.44987
      vertex 48.825 35.4896 10.1854
    endloop
  endfacet
  facet normal 0 -1 0
    outer loop
      vertex 48.825 35.4896 10.1854
      vertex 48.4471 35.4896 10.4025
      vertex 48.4471 35.4896 9.23278
    endloop
  endfacet
  facet normal 0 1 0
    outer loop
      vertex 47.2075 36.0827 9.23278
      vertex 46.8295 36.0827 9.44987
      vertex 46.8295 36.0827 10.1854
    endloop
  endfacet
  facet normal 0 1 0
    outer loop
      vertex 46.8295 36.0827 10.1854
      vertex 47.2075 36.0827 10.4025
      vertex 47.2075 36.0827 9.23278
    endloop
  endfacet
  facet normal 0 1 0
    outer loop
      vertex 48.825 36.0827 9.44987
      vertex 48.4471 36.0827 9.23278
      vertex 48.4471 36.0827 10.4025
    endloop
  endfacet
  facet normal 0 1 0
    outer loop
      vertex 48.4471 36.0827 10.4025
      vertex 48.825 36.0827 10.1854
      vertex 48.825 36.0827 9.44987
    endloop
  endfacet
  facet normal 0 1 0
    outer loop
      vertex 48.4471 36.0827 9.23278
      vertex 48.4389 36.0827 9.23278
      vertex 48.4389 36.0827 10.4025
    endloop
  endfacet
  facet normal 0 1 0
    outer loop
      vertex 48.4389 36.0827 10.4025
      vertex 48.4471 36.0827 10.4025
      vertex 48.4471 36.0827 9.23278
    endloop
  endfacet
  facet normal 0 -1 0
    outer loop
      vertex 46.8295 35.4896 9.44987
      vertex 47.2075 35.4896 9.23278
      vertex 47.2075 35.4896 10.4025
    endloop
  endfacet
  facet normal 0 -1 0
    outer loop
      vertex 47.2075 35.4896 10.4025
      vertex 46.8295 35.4896 10.1854
      vertex 46.8295 35.4896 9.44987
    endloop
  endfacet
  facet normal 0 -1 0
    outer loop
      vertex 47.2075 35.4896 9.23278
      vertex 47.2157 35.4896 9.23278
      vertex 47.2157 35.4896 10.4025
    endloop
  endfacet
  facet normal 0 -1 0
    outer loop
      vertex 47.2157 35.4896 10.4025
      vertex 47.2075 35.4896 10.4025
      vertex 47.2075 35.4896 9.23278
    endloop
  endfacet
  facet normal 0.498067 0 0.867139
    outer loop
      vertex 48.825 35.4896 10.1854
      vertex 48.825 36.0827 10.1854
      vertex 48.4471 36.0827 10.4025
    endloop
  endfacet
  facet normal 0.498067 0 0.867139
    outer loop
      vertex 48.4471 36.0827 10.4025
      vertex 48.4471 35.4896 10.4025
      vertex 48.825 35.4896 10.1854
    endloop
  endfacet
  facet normal 0 0 1
    outer loop
      vertex 48.4471 35.4896 10.4025
      vertex 48.4471 36.0827 10.4025
      vertex 48.4389 36.0827 10.4025
    endloop
  endfacet
  facet normal 0 0 1
    outer loop
      vertex 48.4389 36.0827 10.4025
      vertex 48.4389 35.4896 10.4025
      vertex 48.4471 35.4896 10.4025
    endloop
  endfacet
  facet normal -0.498065 0 -0.86714
    outer loop
      vertex 46.8295 35.4896 9.44987
      vertex 46.8295 36.0827 9.44987
      vertex 47.2075 36.0827 9.23278
    endloop
  endfacet
  facet normal -0.498065 0 -0.86714
    outer loop
      vertex 47.2075 36.0827 9.23278
      vertex 47.2075 35.4896 9.23278
      vertex 46.8295 35.4896 9.44987
    endloop
  endfacet
  facet normal 0 0 -1
    outer loop
      vertex 47.2075 35.4896 9.23278
      vertex 47.2075 36.0827 9.23278
      vertex 47.2157 36.0827 9.23278
    endloop
  endfacet
  facet normal 0 0 -1
    outer loop
      vertex 47.2157 36.0827 9.23278
      vertex 47.2157 35.4896 9.23278
      vertex 47.2075 35.4896 9.23278
    endloop
  endfacet
  facet normal -1 0 0
    outer loop
      vertex 46.8295 26.9044 10.1854
      vertex 46.8295 27.4976 10.1854
      vertex 46.8295 27.4976 9.44987
    endloop
  endfacet
  facet normal -1 0 0
    outer loop
      vertex 46.8295 27.4976 9.44987
      vertex 46.8295 26.9044 9.44987
      vertex 46.8295 26.9044 10.1854
    endloop
  endfacet
  facet normal 0.498065 0 -0.86714
    outer loop
      vertex 48.4471 26.9044 9.23278
      vertex 48.4471 27.4976 9.23278
      vertex 48.825 27.4976 9.44987
    endloop
  endfacet
  facet normal 0.498065 0 -0.86714
    outer loop
      vertex 48.825 27.4976 9.44987
      vertex 48.825 26.9044 9.44987
      vertex 48.4471 26.9044 9.23278
    endloop
  endfacet
  facet normal 1 0 0
    outer loop
      vertex 48.825 26.9044 9.44987
      vertex 48.825 27.4976 9.44987
      vertex 48.825 27.4976 10.1854
    endloop
  endfacet
  facet normal 1 0 0
    outer loop
      vertex 48.825 27.4976 10.1854
      vertex 48.825 26.9044 10.1854
      vertex 48.825 26.9044 9.44987
    endloop
  endfacet
  facet normal -0.498067 0 0.867139
    outer loop
      vertex 47.2075 26.9044 10.4025
      vertex 47.2075 27.4976 10.4025
      vertex 46.8295 27.4976 10.1854
    endloop
  endfacet
  facet normal -0.498067 0 0.867139
    outer loop
      vertex 46.8295 27.4976 10.1854
      vertex 46.8295 26.9044 10.1854
      vertex 47.2075 26.9044 10.4025
    endloop
  endfacet
  facet normal 0 -1 0
    outer loop
      vertex 48.4471 26.9044 9.23278
      vertex 48.825 26.9044 9.44987
      vertex 48.825 26.9044 10.1854
    endloop
  endfacet
  facet normal 0 -1 0
    outer loop
      vertex 48.825 26.9044 10.1854
      vertex 48.4471 26.9044 10.4025
      vertex 48.4471 26.9044 9.23278
    endloop
  endfacet
  facet normal 0 1 0
    outer loop
      vertex 47.2075 27.4976 9.23278
      vertex 46.8295 27.4976 9.44987
      vertex 46.8295 27.4976 10.1854
    endloop
  endfacet
  facet normal 0 1 0
    outer loop
      vertex 46.8295 27.4976 10.1854
      vertex 47.2075 27.4976 10.4025
      vertex 47.2075 27.4976 9.23278
    endloop
  endfacet
  facet normal 0 1 0
    outer loop
      vertex 48.825 27.4976 9.44987
      vertex 48.4471 27.4976 9.23278
      vertex 48.4471 27.4976 10.4025
    endloop
  endfacet
  facet normal 0 1 0
    outer loop
      vertex 48.4471 27.4976 10.4025
      vertex 48.825 27.4976 10.1854
      vertex 48.825 27.4976 9.44987
    endloop
  endfacet
  facet normal 0 1 0
    outer loop
      vertex 48.4471 27.4976 9.23278
      vertex 48.4389 27.4976 9.23278
      vertex 48.4389 27.4976 10.4025
    endloop
  endfacet
  facet normal 0 1 0
    outer loop
      vertex 48.4389 27.4976 10.4025
      vertex 48.4471 27.4976 10.4025
      vertex 48.4471 27.4976 9.23278
    endloop
  endfacet
  facet normal 0 -1 0
    outer loop
      vertex 46.8295 26.9044 9.44987
      vertex 47.2075 26.9044 9.23278
      vertex 47.2075 26.9044 10.4025
    endloop
  endfacet
  facet normal 0 -1 0
    outer loop
      vertex 47.2075 26.9044 10.4025
      vertex 46.8295 26.9044 10.1854
      vertex 46.8295 26.9044 9.44987
    endloop
  endfacet
  facet normal 0 -1 0
    outer loop
      vertex 47.2075 26.9044 9.23278
      vertex 47.2157 26.9044 9.23278
      vertex 47.2157 26.9044 10.4025
    endloop
  endfacet
  facet normal 0 -1 0
    outer loop
      vertex 47.2157 26.9044 10.4025
      vertex 47.2075 26.9044 10.4025
      vertex 47.2075 26.9044 9.23278
    endloop
  endfacet
  facet normal 0.498067 0 0.867139
    outer loop
      vertex 48.825 26.9044 10.1854
      vertex 48.825 27.4976 10.1854
      vertex 48.4471 27.4976 10.4025
    endloop
  endfacet
  facet normal 0.498067 0 0.867139
    outer loop
      vertex 48.4471 27.4976 10.4025
      vertex 48.4471 26.9044 10.4025
      vertex 48.825 26.9044 10.1854
    endloop
  endfacet
  facet normal 0 0 1
    outer loop
      vertex 48.4471 26.9044 10.4025
      vertex 48.4471 27.4976 10.4025
      vertex 48.4389 27.4976 10.4025
    endloop
  endfacet
  facet normal 0 0 1
    outer loop
      vertex 48.4389 27.4976 10.4025
      vertex 48.4389 26.9044 10.4025
      vertex 48.4471 26.9044 10.4025
    endloop
  endfacet
  facet normal -0.498065 0 -0.86714
    outer loop
      vertex 46.8295 26.9044 9.44987
      vertex 46.8295 27.4976 9.44987
      vertex 47.2075 27.4976 9.23278
    endloop
  endfacet
  facet normal -0.498065 0 -0.86714
    outer loop
      vertex 47.2075 27.4976 9.23278
      vertex 47.2075 26.9044 9.23278
      vertex 46.8295 26.9044 9.44987
    endloop
  endfacet
  facet normal 0 0 -1
    outer loop
      vertex 47.2075 26.9044 9.23278
      vertex 47.2075 27.4976 9.23278
      vertex 47.2157 27.4976 9.23278
    endloop
  endfacet
  facet normal 0 0 -1
    outer loop
      vertex 47.2157 27.4976 9.23278
      vertex 47.2157 26.9044 9.23278
      vertex 47.2075 26.9044 9.23278
    endloop
  endfacet
  facet normal -1 0 0
    outer loop
      vertex 46.8295 31.1557 10.1854
      vertex 46.8295 31.7489 10.1854
      vertex 46.8295 31.7489 9.44987
    endloop
  endfacet
  facet normal -1 0 0
    outer loop
      vertex 46.8295 31.7489 9.44987
      vertex 46.8295 31.1557 9.44987
      vertex 46.8295 31.1557 10.1854
    endloop
  endfacet
  facet normal 0.498065 0 -0.86714
    outer loop
      vertex 48.4471 31.1557 9.23278
      vertex 48.4471 31.7489 9.23278
      vertex 48.825 31.7489 9.44987
    endloop
  endfacet
  facet normal 0.498065 0 -0.86714
    outer loop
      vertex 48.825 31.7489 9.44987
      vertex 48.825 31.1557 9.44987
      vertex 48.4471 31.1557 9.23278
    endloop
  endfacet
  facet normal 1 0 0
    outer loop
      vertex 48.825 31.1557 9.44987
      vertex 48.825 31.7489 9.44987
      vertex 48.825 31.7489 10.1854
    endloop
  endfacet
  facet normal 1 0 0
    outer loop
      vertex 48.825 31.7489 10.1854
      vertex 48.825 31.1557 10.1854
      vertex 48.825 31.1557 9.44987
    endloop
  endfacet
  facet normal -0.498067 0 0.867139
    outer loop
      vertex 47.2075 31.1557 10.4025
      vertex 47.2075 31.7489 10.4025
      vertex 46.8295 31.7489 10.1854
    endloop
  endfacet
  facet normal -0.498067 0 0.867139
    outer loop
      vertex 46.8295 31.7489 10.1854
      vertex 46.8295 31.1557 10.1854
      vertex 47.2075 31.1557 10.4025
    endloop
  endfacet
  facet normal 0 -1 0
    outer loop
      vertex 48.4471 31.1557 9.23278
      vertex 48.825 31.1557 9.44987
      vertex 48.825 31.1557 10.1854
    endloop
  endfacet
  facet normal 0 -1 0
    outer loop
      vertex 48.825 31.1557 10.1854
      vertex 48.4471 31.1557 10.4025
      vertex 48.4471 31.1557 9.23278
    endloop
  endfacet
  facet normal 0 1 0
    outer loop
      vertex 47.2075 31.7489 9.23278
      vertex 46.8295 31.7489 9.44987
      vertex 46.8295 31.7489 10.1854
    endloop
  endfacet
  facet normal 0 1 0
    outer loop
      vertex 46.8295 31.7489 10.1854
      vertex 47.2075 31.7489 10.4025
      vertex 47.2075 31.7489 9.23278
    endloop
  endfacet
  facet normal 0 1 0
    outer loop
      vertex 48.825 31.7489 9.44987
      vertex 48.4471 31.7489 9.23278
      vertex 48.4471 31.7489 10.4025
    endloop
  endfacet
  facet normal 0 1 0
    outer loop
      vertex 48.4471 31.7489 10.4025
      vertex 48.825 31.7489 10.1854
      vertex 48.825 31.7489 9.44987
    endloop
  endfacet
  facet normal 0 1 0
    outer loop
      vertex 48.4471 31.7489 9.23278
      vertex 48.4389 31.7489 9.23278
      vertex 48.4389 31.7489 10.4025
    endloop
  endfacet
  facet normal 0 1 0
    outer loop
      vertex 48.4389 31.7489 10.4025
      vertex 48.4471 31.7489 10.4025
      vertex 48.4471 31.7489 9.23278
    endloop
  endfacet
  facet normal 0 -1 0
    outer loop
      vertex 46.8295 31.1557 9.44987
      vertex 47.2075 31.1557 9.23278
      vertex 47.2075 31.1557 10.4025
    endloop
  endfacet
  facet normal 0 -1 0
    outer loop
      vertex 47.2075 31.1557 10.4025
      vertex 46.8295 31.1557 10.1854
      vertex 46.8295 31.1557 9.44987
    endloop
  endfacet
  facet normal 0 -1 0
    outer loop
      vertex 47.2075 31.1557 9.23278
      vertex 47.2157 31.1557 9.23278
      vertex 47.2157 31.1557 10.4025
    endloop
  endfacet
  facet normal 0 -1 0
    outer loop
      vertex 47.2157 31.1557 10.4025
      vertex 47.2075 31.1557 10.4025
      vertex 47.2075 31.1557 9.23278
    endloop
  endfacet
  facet normal 0.498067 0 0.867139
    outer loop
      vertex 48.825 31.1557 10.1854
      vertex 48.825 31.7489 10.1854
      vertex 48.4471 31.7489 10.4025
    endloop
  endfacet
  facet normal 0.498067 0 0.867139
    outer loop
      vertex 48.4471 31.7489 10.4025
      vertex 48.4471 31.1557 10.4025
      vertex 48.825 31.1557 10.1854
    endloop
  endfacet
  facet normal 0 0 1
    outer loop
      vertex 48.4471 31.1557 10.4025
      vertex 48.4471 31.7489 10.4025
      vertex 48.4389 31.7489 10.4025
    endloop
  endfacet
  facet normal 0 0 1
    outer loop
      vertex 48.4389 31.7489 10.4025
      vertex 48.4389 31.1557 10.4025
      vertex 48.4471 31.1557 10.4025
    endloop
  endfacet
  facet normal -0.498065 0 -0.86714
    outer loop
      vertex 46.8295 31.1557 9.44987
      vertex 46.8295 31.7489 9.44987
      vertex 47.2075 31.7489 9.23278
    endloop
  endfacet
  facet normal -0.498065 0 -0.86714
    outer loop
      vertex 47.2075 31.7489 9.23278
      vertex 47.2075 31.1557 9.23278
      vertex 46.8295 31.1557 9.44987
    endloop
  endfacet
  facet normal 0 0 -1
    outer loop
      vertex 47.2075 31.1557 9.23278
      vertex 47.2075 31.7489 9.23278
      vertex 47.2157 31.7489 9.23278
    endloop
  endfacet
  facet normal 0 0 -1
    outer loop
      vertex 47.2157 31.7489 9.23278
      vertex 47.2157 31.1557 9.23278
      vertex 47.2075 31.1557 9.23278
    endloop
  endfacet
  facet normal -1 0 0
    outer loop
      vertex 46.8295 22.6489 10.1854
      vertex 46.8295 23.2421 10.1854
      vertex 46.8295 23.2421 9.44987
    endloop
  endfacet
  facet normal -1 0 0
    outer loop
      vertex 46.8295 23.2421 9.44987
      vertex 46.8295 22.6489 9.44987
      vertex 46.8295 22.6489 10.1854
    endloop
  endfacet
  facet normal 0.498065 0 -0.86714
    outer loop
      vertex 48.4471 22.6489 9.23278
      vertex 48.4471 23.2421 9.23278
      vertex 48.825 23.2421 9.44987
    endloop
  endfacet
  facet normal 0.498065 0 -0.86714
    outer loop
      vertex 48.825 23.2421 9.44987
      vertex 48.825 22.6489 9.44987
      vertex 48.4471 22.6489 9.23278
    endloop
  endfacet
  facet normal 1 0 0
    outer loop
      vertex 48.825 22.6489 9.44987
      vertex 48.825 23.2421 9.44987
      vertex 48.825 23.2421 10.1854
    endloop
  endfacet
  facet normal 1 0 0
    outer loop
      vertex 48.825 23.2421 10.1854
      vertex 48.825 22.6489 10.1854
      vertex 48.825 22.6489 9.44987
    endloop
  endfacet
  facet normal -0.498067 0 0.867139
    outer loop
      vertex 47.2075 22.6489 10.4025
      vertex 47.2075 23.2421 10.4025
      vertex 46.8295 23.2421 10.1854
    endloop
  endfacet
  facet normal -0.498067 0 0.867139
    outer loop
      vertex 46.8295 23.2421 10.1854
      vertex 46.8295 22.6489 10.1854
      vertex 47.2075 22.6489 10.4025
    endloop
  endfacet
  facet normal 0 -1 0
    outer loop
      vertex 48.4471 22.6489 9.23278
      vertex 48.825 22.6489 9.44987
      vertex 48.825 22.6489 10.1854
    endloop
  endfacet
  facet normal 0 -1 0
    outer loop
      vertex 48.825 22.6489 10.1854
      vertex 48.4471 22.6489 10.4025
      vertex 48.4471 22.6489 9.23278
    endloop
  endfacet
  facet normal 0 1 0
    outer loop
      vertex 47.2075 23.2421 9.23278
      vertex 46.8295 23.2421 9.44987
      vertex 46.8295 23.2421 10.1854
    endloop
  endfacet
  facet normal 0 1 0
    outer loop
      vertex 46.8295 23.2421 10.1854
      vertex 47.2075 23.2421 10.4025
      vertex 47.2075 23.2421 9.23278
    endloop
  endfacet
  facet normal 0 1 0
    outer loop
      vertex 48.825 23.2421 9.44987
      vertex 48.4471 23.2421 9.23278
      vertex 48.4471 23.2421 10.4025
    endloop
  endfacet
  facet normal 0 1 0
    outer loop
      vertex 48.4471 23.2421 10.4025
      vertex 48.825 23.2421 10.1854
      vertex 48.825 23.2421 9.44987
    endloop
  endfacet
  facet normal 0 1 0
    outer loop
      vertex 48.4471 23.2421 9.23278
      vertex 48.4389 23.2421 9.23278
      vertex 48.4389 23.2421 10.4025
    endloop
  endfacet
  facet normal 0 1 0
    outer loop
      vertex 48.4389 23.2421 10.4025
      vertex 48.4471 23.2421 10.4025
      vertex 48.4471 23.2421 9.23278
    endloop
  endfacet
  facet normal 0 -1 0
    outer loop
      vertex 46.8295 22.6489 9.44987
      vertex 47.2075 22.6489 9.23278
      vertex 47.2075 22.6489 10.4025
    endloop
  endfacet
  facet normal 0 -1 0
    outer loop
      vertex 47.2075 22.6489 10.4025
      vertex 46.8295 22.6489 10.1854
      vertex 46.8295 22.6489 9.44987
    endloop
  endfacet
  facet normal 0 -1 0
    outer loop
      vertex 47.2075 22.6489 9.23278
      vertex 47.2157 22.6489 9.23278
      vertex 47.2157 22.6489 10.4025
    endloop
  endfacet
  facet normal 0 -1 0
    outer loop
      vertex 47.2157 22.6489 10.4025
      vertex 47.2075 22.6489 10.4025
      vertex 47.2075 22.6489 9.23278
    endloop
  endfacet
  facet normal 0.498067 0 0.867139
    outer loop
      vertex 48.825 22.6489 10.1854
      vertex 48.825 23.2421 10.1854
      vertex 48.4471 23.2421 10.4025
    endloop
  endfacet
  facet normal 0.498067 0 0.867139
    outer loop
      vertex 48.4471 23.2421 10.4025
      vertex 48.4471 22.6489 10.4025
      vertex 48.825 22.6489 10.1854
    endloop
  endfacet
  facet normal 0 0 1
    outer loop
      vertex 48.4471 22.6489 10.4025
      vertex 48.4471 23.2421 10.4025
      vertex 48.4389 23.2421 10.4025
    endloop
  endfacet
  facet normal 0 0 1
    outer loop
      vertex 48.4389 23.2421 10.4025
      vertex 48.4389 22.6489 10.4025
      vertex 48.4471 22.6489 10.4025
    endloop
  endfacet
  facet normal -0.498065 0 -0.86714
    outer loop
      vertex 46.8295 22.6489 9.44987
      vertex 46.8295 23.2421 9.44987
      vertex 47.2075 23.2421 9.23278
    endloop
  endfacet
  facet normal -0.498065 0 -0.86714
    outer loop
      vertex 47.2075 23.2421 9.23278
      vertex 47.2075 22.6489 9.23278
      vertex 46.8295 22.6489 9.44987
    endloop
  endfacet
  facet normal 0 0 -1
    outer loop
      vertex 47.2075 22.6489 9.23278
      vertex 47.2075 23.2421 9.23278
      vertex 47.2157 23.2421 9.23278
    endloop
  endfacet
  facet normal 0 0 -1
    outer loop
      vertex 47.2157 23.2421 9.23278
      vertex 47.2157 22.6489 9.23278
      vertex 47.2075 22.6489 9.23278
    endloop
  endfacet
  facet normal -1 0 0
    outer loop
      vertex 47.2157 27.4976 10.4025
      vertex 47.2157 21.286 10.429
      vertex 47.2157 38.6138 10.429
    endloop
  endfacet
  facet normal -1 0 0
    outer loop
      vertex 47.2157 38.6138 10.429
      vertex 47.2157 31.7489 10.4025
      vertex 47.2157 31.1557 10.4025
    endloop
  endfacet
  facet normal -1 0 0
    outer loop
      vertex 47.2157 31.1557 9.23278
      vertex 47.2157 37.2341 9.2058
      vertex 47.2157 21.286 9.2058
    endloop
  endfacet
  facet normal -1 0 0
    outer loop
      vertex 47.2157 27.4976 10.4025
      vertex 47.2157 38.6138 10.429
      vertex 47.2157 31.1557 10.4025
    endloop
  endfacet
  facet normal -1 0 0
    outer loop
      vertex 47.2157 21.286 9.2058
      vertex 47.2157 26.9044 9.23278
      vertex 47.2157 27.4976 9.23278
    endloop
  endfacet
  facet normal -1 0 0
    outer loop
      vertex 47.2157 27.4976 9.23278
      vertex 47.2157 27.4976 10.4025
      vertex 47.2157 31.1557 10.4025
    endloop
  endfacet
  facet normal -1 0 0
    outer loop
      vertex 47.2157 31.1557 9.23278
      vertex 47.2157 21.286 9.2058
      vertex 47.2157 27.4976 9.23278
    endloop
  endfacet
  facet normal -1 0 0
    outer loop
      vertex 47.2157 31.1557 10.4025
      vertex 47.2157 31.1557 9.23278
      vertex 47.2157 27.4976 9.23278
    endloop
  endfacet
  facet normal 0 0 -1
    outer loop
      vertex 47.2157 21.286 9.2058
      vertex 47.2157 37.2341 9.2058
      vertex 47.3732 31.7395 9.2058
    endloop
  endfacet
  facet normal 0 0 0
    outer loop
      vertex 47.3732 31.7395 9.2058
      vertex 47.3732 31.5786 9.2058
      vertex 47.3732 27.1508 9.2058
    endloop
  endfacet
  facet normal 0 0 -1
    outer loop
      vertex 48.2813 27.1483 9.2058
      vertex 48.2813 28.8431 9.2058
      vertex 48.4389 21.286 9.2058
    endloop
  endfacet
  facet normal 0 0 -1
    outer loop
      vertex 48.2813 27.0336 9.2058
      vertex 48.2813 27.1483 9.2058
      vertex 48.4389 21.286 9.2058
    endloop
  endfacet
  facet normal 0 0 -1
    outer loop
      vertex 47.2157 21.286 9.2058
      vertex 47.3732 31.7395 9.2058
      vertex 47.3732 27.1508 9.2058
    endloop
  endfacet
  facet normal 0 0 -1
    outer loop
      vertex 47.3732 27.0336 9.2058
      vertex 48.2813 27.0336 9.2058
      vertex 48.4389 21.286 9.2058
    endloop
  endfacet
  facet normal 0 0 -1
    outer loop
      vertex 47.2157 21.286 9.2058
      vertex 47.3732 27.1508 9.2058
      vertex 47.3732 27.0336 9.2058
    endloop
  endfacet
  facet normal 0 0 -1
    outer loop
      vertex 47.2157 21.286 9.2058
      vertex 47.3732 27.0336 9.2058
      vertex 48.4389 21.286 9.2058
    endloop
  endfacet
  facet normal 1 0 0
    outer loop
      vertex 48.4389 21.286 9.2058
      vertex 48.4389 23.2421 9.23278
      vertex 48.4389 22.6489 9.23278
    endloop
  endfacet
  facet normal 1 0 0
    outer loop
      vertex 48.4389 22.6489 9.23278
      vertex 48.4389 22.6489 10.4025
      vertex 48.4389 21.286 10.429
    endloop
  endfacet
  facet normal 1 0 0
    outer loop
      vertex 48.4389 21.286 9.2058
      vertex 48.4389 22.6489 9.23278
      vertex 48.4389 21.286 10.429
    endloop
  endfacet
  facet normal 0 0 1
    outer loop
      vertex 47.2157 21.286 10.429
      vertex 48.4389 21.286 10.429
      vertex 48.4389 38.6138 10.429
    endloop
  endfacet
  facet normal 0 0 0
    outer loop
      vertex 48.4389 38.6138 10.429
      vertex 47.8273 38.6138 10.429
      vertex 47.2157 38.6138 10.429
    endloop
  endfacet
  facet normal 0 0 1
    outer loop
      vertex 48.4389 38.6138 10.429
      vertex 47.2157 38.6138 10.429
      vertex 47.2157 21.286 10.429
    endloop
  endfacet
  facet normal 0 0.627376 -0.778717
    outer loop
      vertex 47.2157 19.5283 7.78971
      vertex 47.2157 21.286 9.2058
      vertex 48.4389 21.286 9.2058
    endloop
  endfacet
  facet normal 1.34715e-05 0.627376 -0.778717
    outer loop
      vertex 48.4389 21.286 9.2058
      vertex 48.4389 19.5283 7.78971
      vertex 47.8273 19.529 7.79026
    endloop
  endfacet
  facet normal -1.34821e-05 0.627382 -0.778712
    outer loop
      vertex 48.4389 21.286 9.2058
      vertex 47.8273 19.529 7.79026
      vertex 47.2157 19.5283 7.78971
    endloop
  endfacet
  facet normal -1 0 0
    outer loop
      vertex 47.2157 79.9755 9.2058
      vertex 47.2157 80.2244 10.429
      vertex 47.2157 82.2727 8.49568
    endloop
  endfacet
  facet normal -1 0 0
    outer loop
      vertex 47.2157 82.2727 8.49568
      vertex 47.2157 80.7278 8.49568
      vertex 47.2157 79.9755 9.2058
    endloop
  endfacet
  facet normal -1 0 0
    outer loop
      vertex 47.2157 21.286 10.429
      vertex 47.2157 21.286 9.2058
      vertex 47.2157 19.5283 7.78971
    endloop
  endfacet
  facet normal -1 0 0
    outer loop
      vertex 47.2157 19.5283 7.78971
      vertex 47.2157 18.01 7.78971
      vertex 47.2157 21.286 10.429
    endloop
  endfacet
  facet normal 1 0 0
    outer loop
      vertex 48.4389 21.286 9.2058
      vertex 48.4389 21.286 10.429
      vertex 48.4389 18.01 7.78971
    endloop
  endfacet
  facet normal 1 0 0
    outer loop
      vertex 48.4389 18.01 7.78971
      vertex 48.4389 19.5283 7.78971
      vertex 48.4389 21.286 9.2058
    endloop
  endfacet
  facet normal 0 -0.62738 0.778713
    outer loop
      vertex 48.4389 18.01 7.78971
      vertex 48.4389 21.286 10.429
      vertex 47.2157 21.286 10.429
    endloop
  endfacet
  facet normal 1.33441e-05 -0.62738 0.778713
    outer loop
      vertex 47.2157 21.286 10.429
      vertex 47.2157 18.01 7.78971
      vertex 47.8273 18.0107 7.79026
    endloop
  endfacet
  facet normal -1.33497e-05 -0.627383 0.778711
    outer loop
      vertex 47.2157 21.286 10.429
      vertex 47.8273 18.0107 7.79026
      vertex 48.4389 18.01 7.78971
    endloop
  endfacet
  facet normal 0 0.686407 0.727218
    outer loop
      vertex 47.2157 82.2727 8.49568
      vertex 47.2157 80.2244 10.429
      vertex 48.4389 80.2244 10.429
    endloop
  endfacet
  facet normal 0 0.686407 0.727218
    outer loop
      vertex 48.4389 80.2244 10.429
      vertex 48.4389 82.2727 8.49568
      vertex 47.8273 82.2727 8.49568
    endloop
  endfacet
  facet normal 0 0.686407 0.727218
    outer loop
      vertex 48.4389 80.2244 10.429
      vertex 47.8273 82.2727 8.49568
      vertex 47.2157 82.2727 8.49568
    endloop
  endfacet
  facet normal 0 -0.686408 -0.727216
    outer loop
      vertex 48.4389 80.7278 8.49568
      vertex 48.4389 79.9755 9.2058
      vertex 47.2157 79.9755 9.2058
    endloop
  endfacet
  facet normal 0 -0.686408 -0.727216
    outer loop
      vertex 47.2157 79.9755 9.2058
      vertex 47.2157 80.7278 8.49568
      vertex 47.8273 80.7278 8.49568
    endloop
  endfacet
  facet normal 0 -0.686408 -0.727216
    outer loop
      vertex 47.2157 79.9755 9.2058
      vertex 47.8273 80.7278 8.49568
      vertex 48.4389 80.7278 8.49568
    endloop
  endfacet
  facet normal 1 0 0
    outer loop
      vertex 48.4389 80.2244 10.429
      vertex 48.4389 79.9755 9.2058
      vertex 48.4389 80.7278 8.49568
    endloop
  endfacet
  facet normal 1 0 0
    outer loop
      vertex 48.4389 80.7278 8.49568
      vertex 48.4389 82.2727 8.49568
      vertex 48.4389 80.2244 10.429
    endloop
  endfacet
  facet normal -1 0 0
    outer loop
      vertex 47.5305 30.7426 8.83858
      vertex 47.5305 31.3812 8.11342
      vertex 47.5305 30.0801 8.11342
    endloop
  endfacet
  facet normal -1 0 0
    outer loop
      vertex 47.5305 30.0801 8.11342
      vertex 47.5305 30.7187 8.83858
      vertex 47.5305 30.7426 8.83858
    endloop
  endfacet
  facet normal 0 0 1
    outer loop
      vertex 47.5305 31.3812 8.11342
      vertex 47.3732 31.3812 8.11342
      vertex 47.3732 30.0801 8.11342
    endloop
  endfacet
  facet normal 0 0 1
    outer loop
      vertex 47.3732 30.0801 8.11342
      vertex 47.5305 30.0801 8.11342
      vertex 47.5305 31.3812 8.11342
    endloop
  endfacet
  facet normal 0 -0.750464 -0.660911
    outer loop
      vertex 47.5305 31.3812 8.11342
      vertex 47.5305 30.7426 8.83858
      vertex 47.3732 30.7426 8.83858
    endloop
  endfacet
  facet normal 0 -0.750464 -0.660911
    outer loop
      vertex 47.3732 30.7426 8.83858
      vertex 47.3732 31.3812 8.11342
      vertex 47.5305 31.3812 8.11342
    endloop
  endfacet
  facet normal -1 0 0
    outer loop
      vertex 47.5305 29.2041 8.11342
      vertex 47.5305 28.5655 8.83858
      vertex 47.5305 30.2101 8.83858
    endloop
  endfacet
  facet normal -1 0 0
    outer loop
      vertex 47.5305 30.2101 8.83858
      vertex 47.5305 29.5715 8.11342
      vertex 47.5305 29.2041 8.11342
    endloop
  endfacet
  facet normal 0 0 -1
    outer loop
      vertex 47.5305 28.5655 8.83858
      vertex 47.3732 28.5655 8.83858
      vertex 47.3732 30.2101 8.83858
    endloop
  endfacet
  facet normal 0 0 -1
    outer loop
      vertex 47.3732 30.2101 8.83858
      vertex 47.5305 30.2101 8.83858
      vertex 47.5305 28.5655 8.83858
    endloop
  endfacet
  facet normal 0 0.750465 0.66091
    outer loop
      vertex 47.5305 28.5655 8.83858
      vertex 47.5305 29.2041 8.11342
      vertex 47.3732 29.2041 8.11342
    endloop
  endfacet
  facet normal 0 0.750465 0.66091
    outer loop
      vertex 47.3732 29.2041 8.11342
      vertex 47.3732 28.5655 8.83858
      vertex 47.5305 28.5655 8.83858
    endloop
  endfacet
  facet normal 0 -0.750463 -0.660912
    outer loop
      vertex 47.5305 28.7862 8.11342
      vertex 47.5305 28.1476 8.83858
      vertex 47.3732 28.1476 8.83858
    endloop
  endfacet
  facet normal 0 -0.750463 -0.660912
    outer loop
      vertex 47.3732 28.1476 8.83858
      vertex 47.3732 28.7862 8.11342
      vertex 47.5305 28.7862 8.11342
    endloop
  endfacet
  facet normal 1 0 0
    outer loop
      vertex 48.124 30.7426 8.83858
      vertex 48.124 30.7187 8.83858
      vertex 48.124 30.0801 8.11342
    endloop
  endfacet
  facet normal 1 0 0
    outer loop
      vertex 48.124 30.0801 8.11342
      vertex 48.124 31.3812 8.11342
      vertex 48.124 30.7426 8.83858
    endloop
  endfacet
  facet normal 0 0 1
    outer loop
      vertex 48.124 31.3812 8.11342
      vertex 48.124 30.0801 8.11342
      vertex 48.2813 30.0801 8.11342
    endloop
  endfacet
  facet normal 0 0 1
    outer loop
      vertex 48.2813 30.0801 8.11342
      vertex 48.2813 31.3812 8.11342
      vertex 48.124 31.3812 8.11342
    endloop
  endfacet
  facet normal 0 -0.750464 -0.660911
    outer loop
      vertex 48.124 31.3812 8.11342
      vertex 48.2813 31.3812 8.11342
      vertex 48.2813 30.7426 8.83858
    endloop
  endfacet
  facet normal 0 -0.750464 -0.660911
    outer loop
      vertex 48.2813 30.7426 8.83858
      vertex 48.124 30.7426 8.83858
      vertex 48.124 31.3812 8.11342
    endloop
  endfacet
  facet normal 1 0 0
    outer loop
      vertex 48.124 29.2041 8.11342
      vertex 48.124 29.5715 8.11342
      vertex 48.124 30.2101 8.83858
    endloop
  endfacet
  facet normal 1 0 0
    outer loop
      vertex 48.124 30.2101 8.83858
      vertex 48.124 28.5655 8.83858
      vertex 48.124 29.2041 8.11342
    endloop
  endfacet
  facet normal 0 0 -1
    outer loop
      vertex 48.124 28.5655 8.83858
      vertex 48.124 30.2101 8.83858
      vertex 48.2813 30.2101 8.83858
    endloop
  endfacet
  facet normal 0 0 -1
    outer loop
      vertex 48.2813 30.2101 8.83858
      vertex 48.2813 28.5655 8.83858
      vertex 48.124 28.5655 8.83858
    endloop
  endfacet
  facet normal 0 0.750465 0.66091
    outer loop
      vertex 48.124 28.5655 8.83858
      vertex 48.2813 28.5655 8.83858
      vertex 48.2813 29.2041 8.11342
    endloop
  endfacet
  facet normal 0 0.750465 0.66091
    outer loop
      vertex 48.2813 29.2041 8.11342
      vertex 48.124 29.2041 8.11342
      vertex 48.124 28.5655 8.83858
    endloop
  endfacet
  facet normal 0 0 1
    outer loop
      vertex 48.2813 28.7862 8.11342
      vertex 48.124 28.7862 8.11342
      vertex 48.124 27.485 8.11342
    endloop
  endfacet
  facet normal 0 0 1
    outer loop
      vertex 48.124 27.485 8.11342
      vertex 48.2813 27.485 8.11342
      vertex 48.2813 27.8746 8.11342
    endloop
  endfacet
  facet normal 0 0 1
    outer loop
      vertex 48.124 27.485 8.11342
      vertex 48.2813 27.8746 8.11342
      vertex 48.2813 28.7862 8.11342
    endloop
  endfacet
  facet normal 0 -0.750463 -0.660912
    outer loop
      vertex 48.124 28.7862 8.11342
      vertex 48.2813 28.7862 8.11342
      vertex 48.2813 28.1476 8.83858
    endloop
  endfacet
  facet normal 0 -0.750463 -0.660912
    outer loop
      vertex 48.2813 28.1476 8.83858
      vertex 48.124 28.1476 8.83858
      vertex 48.124 28.7862 8.11342
    endloop
  endfacet
  facet normal 0 0.750468 -0.660907
    outer loop
      vertex 47.3732 30.7187 8.83858
      vertex 47.5305 30.7187 8.83858
      vertex 47.5305 30.0801 8.11342
    endloop
  endfacet
  facet normal 0 0.750468 -0.660907
    outer loop
      vertex 47.5305 30.0801 8.11342
      vertex 47.3732 30.0801 8.11342
      vertex 47.3732 30.7187 8.83858
    endloop
  endfacet
  facet normal 0 0 -1
    outer loop
      vertex 47.3732 30.7426 8.83858
      vertex 47.5305 30.7426 8.83858
      vertex 47.5305 30.7187 8.83858
    endloop
  endfacet
  facet normal 0 0 -1
    outer loop
      vertex 47.5305 30.7187 8.83858
      vertex 47.3732 30.7187 8.83858
      vertex 47.3732 30.7426 8.83858
    endloop
  endfacet
  facet normal 0 0 1
    outer loop
      vertex 48.2813 29.5715 8.11342
      vertex 48.124 29.5715 8.11342
      vertex 48.124 29.2041 8.11342
    endloop
  endfacet
  facet normal 0 0 1
    outer loop
      vertex 48.124 29.2041 8.11342
      vertex 48.2813 29.2041 8.11342
      vertex 48.2813 29.5715 8.11342
    endloop
  endfacet
  facet normal 0 -0.750464 0.660911
    outer loop
      vertex 48.2813 30.2101 8.83858
      vertex 48.124 30.2101 8.83858
      vertex 48.124 29.5715 8.11342
    endloop
  endfacet
  facet normal 0 -0.750464 0.660911
    outer loop
      vertex 48.124 29.5715 8.11342
      vertex 48.2813 29.5715 8.11342
      vertex 48.2813 30.2101 8.83858
    endloop
  endfacet
  facet normal 0 0 1
    outer loop
      vertex 47.3732 29.2041 8.11342
      vertex 47.5305 29.2041 8.11342
      vertex 47.5305 29.5715 8.11342
    endloop
  endfacet
  facet normal 0 0 1
    outer loop
      vertex 47.5305 29.5715 8.11342
      vertex 47.3732 29.5715 8.11342
      vertex 47.3732 29.2041 8.11342
    endloop
  endfacet
  facet normal 0 0 -1
    outer loop
      vertex 47.3732 28.1476 8.83858
      vertex 47.5305 28.1476 8.83858
      vertex 47.5305 28.1237 8.83858
    endloop
  endfacet
  facet normal 0 0 -1
    outer loop
      vertex 47.5305 28.1237 8.83858
      vertex 47.3732 28.1237 8.83858
      vertex 47.3732 28.1476 8.83858
    endloop
  endfacet
  facet normal 0 -0.750464 0.660911
    outer loop
      vertex 47.3732 29.5715 8.11342
      vertex 47.5305 29.5715 8.11342
      vertex 47.5305 30.2101 8.83858
    endloop
  endfacet
  facet normal 0 -0.750464 0.660911
    outer loop
      vertex 47.5305 30.2101 8.83858
      vertex 47.3732 30.2101 8.83858
      vertex 47.3732 29.5715 8.11342
    endloop
  endfacet
  facet normal -1 0 0
    outer loop
      vertex 47.3732 27.2055 7.78983
      vertex 47.3732 29.2041 8.11342
      vertex 47.3732 29.5715 8.11342
    endloop
  endfacet
  facet normal -1 0 0
    outer loop
      vertex 47.3732 29.5715 8.11342
      vertex 47.3732 30.2101 8.83858
      vertex 47.3732 30.7187 8.83858
    endloop
  endfacet
  facet normal -1 0 0
    outer loop
      vertex 47.3732 30.0801 8.11342
      vertex 47.3732 31.3812 8.11342
      vertex 47.3732 31.7112 7.78983
    endloop
  endfacet
  facet normal -1 0 0
    outer loop
      vertex 47.3732 29.5715 8.11342
      vertex 47.3732 30.7187 8.83858
      vertex 47.3732 30.0801 8.11342
    endloop
  endfacet
  facet normal -1 0 0
    outer loop
      vertex 47.3732 31.7112 7.78983
      vertex 47.3732 27.2055 7.78983
      vertex 47.3732 29.5715 8.11342
    endloop
  endfacet
  facet normal -1 0 0
    outer loop
      vertex 47.3732 29.5715 8.11342
      vertex 47.3732 30.0801 8.11342
      vertex 47.3732 31.7112 7.78983
    endloop
  endfacet
  facet normal 0 0 -1
    outer loop
      vertex 48.2813 28.1237 8.83858
      vertex 48.124 28.1237 8.83858
      vertex 48.124 28.1476 8.83858
    endloop
  endfacet
  facet normal 0 0 -1
    outer loop
      vertex 48.124 28.1476 8.83858
      vertex 48.2813 28.1476 8.83858
      vertex 48.2813 28.1237 8.83858
    endloop
  endfacet
  facet normal 0 0 -1
    outer loop
      vertex 48.2813 30.7187 8.83858
      vertex 48.124 30.7187 8.83858
      vertex 48.124 30.7426 8.83858
    endloop
  endfacet
  facet normal 0 0 -1
    outer loop
      vertex 48.124 30.7426 8.83858
      vertex 48.2813 30.7426 8.83858
      vertex 48.2813 30.7187 8.83858
    endloop
  endfacet
  facet normal 0 0.750468 -0.660907
    outer loop
      vertex 48.2813 27.485 8.11342
      vertex 48.124 27.485 8.11342
      vertex 48.124 28.1237 8.83858
    endloop
  endfacet
  facet normal 0 0.750468 -0.660907
    outer loop
      vertex 48.124 28.1237 8.83858
      vertex 48.2813 28.1237 8.83858
      vertex 48.2813 27.485 8.11342
    endloop
  endfacet
  facet normal 0 0.750468 -0.660907
    outer loop
      vertex 48.2813 30.0801 8.11342
      vertex 48.124 30.0801 8.11342
      vertex 48.124 30.7187 8.83858
    endloop
  endfacet
  facet normal 0 0.750468 -0.660907
    outer loop
      vertex 48.124 30.7187 8.83858
      vertex 48.2813 30.7187 8.83858
      vertex 48.2813 30.0801 8.11342
    endloop
  endfacet
  facet normal 1 0 0
    outer loop
      vertex 48.124 28.1476 8.83858
      vertex 48.124 28.1237 8.83858
      vertex 48.124 27.485 8.11342
    endloop
  endfacet
  facet normal 1 0 0
    outer loop
      vertex 48.124 27.485 8.11342
      vertex 48.124 28.7862 8.11342
      vertex 48.124 28.1476 8.83858
    endloop
  endfacet
  facet normal -1 0 0
    outer loop
      vertex 47.5305 28.1476 8.83858
      vertex 47.5305 28.7862 8.11342
      vertex 47.5305 27.485 8.11342
    endloop
  endfacet
  facet normal -1 0 0
    outer loop
      vertex 47.5305 27.485 8.11342
      vertex 47.5305 28.1237 8.83858
      vertex 47.5305 28.1476 8.83858
    endloop
  endfacet
  facet normal 0 0 1
    outer loop
      vertex 47.5305 27.485 8.11342
      vertex 47.5305 28.7862 8.11342
      vertex 47.3732 28.7862 8.11342
    endloop
  endfacet
  facet normal 0 0 1
    outer loop
      vertex 47.3732 27.8746 8.11342
      vertex 47.3732 27.485 8.11342
      vertex 47.5305 27.485 8.11342
    endloop
  endfacet
  facet normal 0 0 1
    outer loop
      vertex 47.3732 28.7862 8.11342
      vertex 47.3732 27.8746 8.11342
      vertex 47.5305 27.485 8.11342
    endloop
  endfacet
  facet normal 1 0 0
    outer loop
      vertex 48.2813 29.5715 8.11342
      vertex 48.2813 29.2041 8.11342
      vertex 48.2813 27.2055 7.78983
    endloop
  endfacet
  facet normal 1 0 0
    outer loop
      vertex 48.2813 27.2055 7.78983
      vertex 48.2813 31.7112 7.78983
      vertex 48.2813 31.3812 8.11342
    endloop
  endfacet
  facet normal 1 0 0
    outer loop
      vertex 48.2813 30.0801 8.11342
      vertex 48.2813 30.7187 8.83858
      vertex 48.2813 30.2101 8.83858
    endloop
  endfacet
  facet normal 1 0 0
    outer loop
      vertex 48.2813 27.2055 7.78983
      vertex 48.2813 31.3812 8.11342
      vertex 48.2813 30.0801 8.11342
    endloop
  endfacet
  facet normal 1 0 0
    outer loop
      vertex 48.2813 30.0801 8.11342
      vertex 48.2813 30.2101 8.83858
      vertex 48.2813 29.5715 8.11342
    endloop
  endfacet
  facet normal 1 0 0
    outer loop
      vertex 48.2813 27.2055 7.78983
      vertex 48.2813 30.0801 8.11342
      vertex 48.2813 29.5715 8.11342
    endloop
  endfacet
  facet normal 0 0.750468 -0.660907
    outer loop
      vertex 47.3732 27.485 8.11342
      vertex 47.3732 28.1237 8.83858
      vertex 47.5305 28.1237 8.83858
    endloop
  endfacet
  facet normal 0 0.750468 -0.660907
    outer loop
      vertex 47.5305 28.1237 8.83858
      vertex 47.5305 27.485 8.11342
      vertex 47.3732 27.485 8.11342
    endloop
  endfacet
  facet normal -1 0 0
    outer loop
      vertex 47.5305 70.8212 9.09358
      vertex 47.5305 71.3477 8.49568
      vertex 47.5305 70.2707 8.49568
    endloop
  endfacet
  facet normal -1 0 0
    outer loop
      vertex 47.5305 70.2707 8.49568
      vertex 47.5305 70.7973 9.09358
      vertex 47.5305 70.8212 9.09358
    endloop
  endfacet
  facet normal 0 0 -1
    outer loop
      vertex 47.5305 68.6441 9.09358
      vertex 47.3732 68.6441 9.09358
      vertex 47.3732 70.2887 9.09358
    endloop
  endfacet
  facet normal 0 0 -1
    outer loop
      vertex 47.3732 70.2887 9.09358
      vertex 47.5305 70.2887 9.09358
      vertex 47.5305 68.6441 9.09358
    endloop
  endfacet
  facet normal 0 0.750485 0.660888
    outer loop
      vertex 47.5305 68.6441 9.09358
      vertex 47.5305 69.1706 8.49568
      vertex 47.3732 69.1706 8.49568
    endloop
  endfacet
  facet normal 0 0.750485 0.660888
    outer loop
      vertex 47.3732 69.1706 8.49568
      vertex 47.3732 68.6441 9.09358
      vertex 47.5305 68.6441 9.09358
    endloop
  endfacet
  facet normal -1 0 0
    outer loop
      vertex 47.5305 68.2023 9.09358
      vertex 47.5305 68.2262 9.09358
      vertex 47.5305 68.7527 8.49568
    endloop
  endfacet
  facet normal 0 0 0
    outer loop
      vertex 47.5305 68.7527 8.49568
      vertex 47.5305 68.6949 8.49568
      vertex 47.5305 67.6757 8.49568
    endloop
  endfacet
  facet normal -1 0 0
    outer loop
      vertex 47.5305 68.7527 8.49568
      vertex 47.5305 67.6757 8.49568
      vertex 47.5305 68.2023 9.09358
    endloop
  endfacet
  facet normal 1 0 0
    outer loop
      vertex 48.124 70.8212 9.09358
      vertex 48.124 70.7973 9.09358
      vertex 48.124 70.2707 8.49568
    endloop
  endfacet
  facet normal 1 0 0
    outer loop
      vertex 48.124 70.2707 8.49568
      vertex 48.124 71.3477 8.49568
      vertex 48.124 70.8212 9.09358
    endloop
  endfacet
  facet normal 0 0.750485 0.660888
    outer loop
      vertex 48.124 68.6441 9.09358
      vertex 48.2813 68.6441 9.09358
      vertex 48.2813 69.1706 8.49568
    endloop
  endfacet
  facet normal 0 0.750485 0.660888
    outer loop
      vertex 48.2813 69.1706 8.49568
      vertex 48.124 69.1706 8.49568
      vertex 48.124 68.6441 9.09358
    endloop
  endfacet
  facet normal 1 0 0
    outer loop
      vertex 48.124 68.7527 8.49568
      vertex 48.124 68.2262 9.09358
      vertex 48.124 68.2023 9.09358
    endloop
  endfacet
  facet normal 1 0 0
    outer loop
      vertex 48.124 68.2023 9.09358
      vertex 48.124 67.6757 8.49568
      vertex 48.124 68.6949 8.49568
    endloop
  endfacet
  facet normal 1 0 0
    outer loop
      vertex 48.124 68.2023 9.09358
      vertex 48.124 68.6949 8.49568
      vertex 48.124 68.7527 8.49568
    endloop
  endfacet
  facet normal 0 0.750485 -0.660888
    outer loop
      vertex 47.3732 70.7973 9.09358
      vertex 47.5305 70.7973 9.09358
      vertex 47.5305 70.2707 8.49568
    endloop
  endfacet
  facet normal 0 0.750485 -0.660888
    outer loop
      vertex 47.5305 70.2707 8.49568
      vertex 47.3732 70.2707 8.49568
      vertex 47.3732 70.7973 9.09358
    endloop
  endfacet
  facet normal 0 0 -1
    outer loop
      vertex 47.3732 70.8212 9.09358
      vertex 47.5305 70.8212 9.09358
      vertex 47.5305 70.7973 9.09358
    endloop
  endfacet
  facet normal 0 0 -1
    outer loop
      vertex 47.5305 70.7973 9.09358
      vertex 47.3732 70.7973 9.09358
      vertex 47.3732 70.8212 9.09358
    endloop
  endfacet
  facet normal 0 0.750485 -0.660888
    outer loop
      vertex 47.3732 68.2023 9.09358
      vertex 47.5305 68.2023 9.09358
      vertex 47.5305 67.6757 8.49568
    endloop
  endfacet
  facet normal 0 0.750485 -0.660888
    outer loop
      vertex 47.5305 67.6757 8.49568
      vertex 47.3732 67.6757 8.49568
      vertex 47.3732 68.2023 9.09358
    endloop
  endfacet
  facet normal 0 -0.750485 0.660888
    outer loop
      vertex 48.2813 70.2887 9.09358
      vertex 48.124 70.2887 9.09358
      vertex 48.124 69.7622 8.49568
    endloop
  endfacet
  facet normal 0 -0.750485 0.660888
    outer loop
      vertex 48.124 69.7622 8.49568
      vertex 48.2813 69.7622 8.49568
      vertex 48.2813 70.2887 9.09358
    endloop
  endfacet
  facet normal 0 0 -1
    outer loop
      vertex 47.3732 68.2262 9.09358
      vertex 47.5305 68.2262 9.09358
      vertex 47.5305 68.2023 9.09358
    endloop
  endfacet
  facet normal 0 0 -1
    outer loop
      vertex 47.5305 68.2023 9.09358
      vertex 47.3732 68.2023 9.09358
      vertex 47.3732 68.2262 9.09358
    endloop
  endfacet
  facet normal 0 0 -1
    outer loop
      vertex 48.2813 68.2023 9.09358
      vertex 48.124 68.2023 9.09358
      vertex 48.124 68.2262 9.09358
    endloop
  endfacet
  facet normal 0 0 -1
    outer loop
      vertex 48.124 68.2262 9.09358
      vertex 48.2813 68.2262 9.09358
      vertex 48.2813 68.2023 9.09358
    endloop
  endfacet
  facet normal 0 0 -1
    outer loop
      vertex 48.2813 70.7973 9.09358
      vertex 48.124 70.7973 9.09358
      vertex 48.124 70.8212 9.09358
    endloop
  endfacet
  facet normal 0 0 -1
    outer loop
      vertex 48.124 70.8212 9.09358
      vertex 48.2813 70.8212 9.09358
      vertex 48.2813 70.7973 9.09358
    endloop
  endfacet
  facet normal 0 0 -1
    outer loop
      vertex 48.124 68.6441 9.09358
      vertex 48.124 70.2887 9.09358
      vertex 48.2813 70.2887 9.09358
    endloop
  endfacet
  facet normal 0 0 -1
    outer loop
      vertex 48.2813 70.2887 9.09358
      vertex 48.2813 68.6441 9.09358
      vertex 48.124 68.6441 9.09358
    endloop
  endfacet
  facet normal 0.909888 0 -0.414854
    outer loop
      vertex 48.3244 66.4271 4.39281
      vertex 48.3244 67.1202 4.39281
      vertex 48.7062 67.1202 5.23015
    endloop
  endfacet
  facet normal 0.909888 0 -0.414854
    outer loop
      vertex 48.7062 67.1202 5.23015
      vertex 48.7062 66.4271 5.23015
      vertex 48.3244 66.4271 4.39281
    endloop
  endfacet
  facet normal 0 0 -1
    outer loop
      vertex 47.3301 66.4271 4.39281
      vertex 47.3301 67.1202 4.39281
      vertex 48.3244 67.1202 4.39281
    endloop
  endfacet
  facet normal 0 0 -1
    outer loop
      vertex 48.3244 67.1202 4.39281
      vertex 48.3244 66.4271 4.39281
      vertex 47.3301 66.4271 4.39281
    endloop
  endfacet
  facet normal 0.909888 0 -0.414854
    outer loop
      vertex 48.3244 67.8647 4.39281
      vertex 48.3244 68.5578 4.39281
      vertex 48.7062 68.5578 5.23015
    endloop
  endfacet
  facet normal 0.909888 0 -0.414854
    outer loop
      vertex 48.7062 68.5578 5.23015
      vertex 48.7062 67.8647 5.23015
      vertex 48.3244 67.8647 4.39281
    endloop
  endfacet
  facet normal 0 0 -1
    outer loop
      vertex 47.3301 67.8647 4.39281
      vertex 47.3301 68.5578 4.39281
      vertex 48.3244 68.5578 4.39281
    endloop
  endfacet
  facet normal 0 0 -1
    outer loop
      vertex 48.3244 68.5578 4.39281
      vertex 48.3244 67.8647 4.39281
      vertex 47.3301 67.8647 4.39281
    endloop
  endfacet
  facet normal 0.909888 0 -0.414854
    outer loop
      vertex 48.3244 61.8591 4.39281
      vertex 48.3244 62.5521 4.39281
      vertex 48.7062 62.5521 5.23015
    endloop
  endfacet
  facet normal 0.909888 0 -0.414854
    outer loop
      vertex 48.7062 62.5521 5.23015
      vertex 48.7062 61.8591 5.23015
      vertex 48.3244 61.8591 4.39281
    endloop
  endfacet
  facet normal 0 0 -1
    outer loop
      vertex 47.3301 61.8591 4.39281
      vertex 47.3301 62.5521 4.39281
      vertex 48.3244 62.5521 4.39281
    endloop
  endfacet
  facet normal 0 0 -1
    outer loop
      vertex 48.3244 62.5521 4.39281
      vertex 48.3244 61.8591 4.39281
      vertex 47.3301 61.8591 4.39281
    endloop
  endfacet
  facet normal 0.909888 0 -0.414854
    outer loop
      vertex 48.7062 63.3839 5.23015
      vertex 48.3244 63.3839 4.39281
      vertex 48.3244 64.0769 4.39281
    endloop
  endfacet
  facet normal 0.909888 0 -0.414854
    outer loop
      vertex 48.3244 64.0769 4.39281
      vertex 48.7062 64.0769 5.23015
      vertex 48.7062 63.819 5.23015
    endloop
  endfacet
  facet normal 0 0 0
    outer loop
      vertex 48.7062 63.819 5.23015
      vertex 48.7062 63.5527 5.23015
      vertex 48.7062 63.3839 5.23015
    endloop
  endfacet
  facet normal 0.909888 0 -0.414854
    outer loop
      vertex 48.3244 64.0769 4.39281
      vertex 48.7062 63.819 5.23015
      vertex 48.7062 63.3839 5.23015
    endloop
  endfacet
  facet normal 0 0 -1
    outer loop
      vertex 47.3301 63.3839 4.39281
      vertex 47.3301 64.0769 4.39281
      vertex 48.3244 64.0769 4.39281
    endloop
  endfacet
  facet normal 0 0 -1
    outer loop
      vertex 48.3244 64.0769 4.39281
      vertex 48.3244 63.3839 4.39281
      vertex 47.3301 63.3839 4.39281
    endloop
  endfacet
  facet normal 0.909888 0 -0.414854
    outer loop
      vertex 48.3244 64.9173 4.39281
      vertex 48.3244 65.6104 4.39281
      vertex 48.7062 65.6104 5.23015
    endloop
  endfacet
  facet normal 0.909888 0 -0.414854
    outer loop
      vertex 48.7062 65.6104 5.23015
      vertex 48.7062 64.9174 5.23015
      vertex 48.3244 64.9173 4.39281
    endloop
  endfacet
  facet normal 0 0 -1
    outer loop
      vertex 47.3301 64.9173 4.39281
      vertex 47.3301 65.6104 4.39281
      vertex 48.3244 65.6104 4.39281
    endloop
  endfacet
  facet normal 0 0 -1
    outer loop
      vertex 48.3244 65.6104 4.39281
      vertex 48.3244 64.9173 4.39281
      vertex 47.3301 64.9173 4.39281
    endloop
  endfacet
  facet normal 0.909888 0 -0.414854
    outer loop
      vertex 48.3244 58.8662 4.39281
      vertex 48.3244 59.5592 4.39281
      vertex 48.7062 59.5592 5.23015
    endloop
  endfacet
  facet normal 0.909888 0 -0.414854
    outer loop
      vertex 48.7062 59.5592 5.23015
      vertex 48.7062 58.8662 5.23015
      vertex 48.3244 58.8662 4.39281
    endloop
  endfacet
  facet normal 0 0 -1
    outer loop
      vertex 47.3301 58.8662 4.39281
      vertex 47.3301 59.5592 4.39281
      vertex 48.3244 59.5592 4.39281
    endloop
  endfacet
  facet normal 0 0 -1
    outer loop
      vertex 48.3244 59.5592 4.39281
      vertex 48.3244 58.8662 4.39281
      vertex 47.3301 58.8662 4.39281
    endloop
  endfacet
  facet normal 0.909888 0 -0.414854
    outer loop
      vertex 48.3244 60.3038 4.39281
      vertex 48.3244 60.9968 4.39281
      vertex 48.7062 60.9968 5.23015
    endloop
  endfacet
  facet normal 0.909888 0 -0.414854
    outer loop
      vertex 48.7062 60.9968 5.23015
      vertex 48.7062 60.3038 5.23015
      vertex 48.3244 60.3038 4.39281
    endloop
  endfacet
  facet normal 0 0 -1
    outer loop
      vertex 47.3301 60.3038 4.39281
      vertex 47.3301 60.9968 4.39281
      vertex 48.3244 60.9968 4.39281
    endloop
  endfacet
  facet normal 0 0 -1
    outer loop
      vertex 48.3244 60.9968 4.39281
      vertex 48.3244 60.3038 4.39281
      vertex 47.3301 60.3038 4.39281
    endloop
  endfacet
  facet normal 0.909888 0 -0.414854
    outer loop
      vertex 48.3244 54.2982 4.39281
      vertex 48.3244 54.9912 4.39281
      vertex 48.7062 54.9912 5.23015
    endloop
  endfacet
  facet normal 0.909888 0 -0.414854
    outer loop
      vertex 48.7062 54.9912 5.23015
      vertex 48.7062 54.2982 5.23015
      vertex 48.3244 54.2982 4.39281
    endloop
  endfacet
  facet normal 0 0 -1
    outer loop
      vertex 47.3301 54.2982 4.39281
      vertex 47.3301 54.9912 4.39281
      vertex 48.3244 54.9912 4.39281
    endloop
  endfacet
  facet normal 0 0 -1
    outer loop
      vertex 48.3244 54.9912 4.39281
      vertex 48.3244 54.2982 4.39281
      vertex 47.3301 54.2982 4.39281
    endloop
  endfacet
  facet normal 0.909888 0 -0.414854
    outer loop
      vertex 48.3244 55.823 4.39281
      vertex 48.3244 56.516 4.39281
      vertex 48.7062 56.516 5.23015
    endloop
  endfacet
  facet normal 0.909888 0 -0.414854
    outer loop
      vertex 48.7062 56.516 5.23015
      vertex 48.7062 55.823 5.23015
      vertex 48.3244 55.823 4.39281
    endloop
  endfacet
  facet normal 0 0 -1
    outer loop
      vertex 47.3301 55.823 4.39281
      vertex 47.3301 56.516 4.39281
      vertex 48.3244 56.516 4.39281
    endloop
  endfacet
  facet normal 0 0 -1
    outer loop
      vertex 48.3244 56.516 4.39281
      vertex 48.3244 55.823 4.39281
      vertex 47.3301 55.823 4.39281
    endloop
  endfacet
  facet normal 0.909888 0 -0.414854
    outer loop
      vertex 48.3244 57.3564 4.39281
      vertex 48.3244 58.0495 4.39281
      vertex 48.7062 58.0495 5.23015
    endloop
  endfacet
  facet normal 0.909888 0 -0.414854
    outer loop
      vertex 48.7062 58.0495 5.23015
      vertex 48.7062 57.3564 5.23015
      vertex 48.3244 57.3564 4.39281
    endloop
  endfacet
  facet normal 0 0 -1
    outer loop
      vertex 47.3301 57.3564 4.39281
      vertex 47.3301 58.0495 4.39281
      vertex 48.3244 58.0495 4.39281
    endloop
  endfacet
  facet normal 0 0 -1
    outer loop
      vertex 48.3244 58.0495 4.39281
      vertex 48.3244 57.3564 4.39281
      vertex 47.3301 57.3564 4.39281
    endloop
  endfacet
  facet normal 0.909888 0 -0.414854
    outer loop
      vertex 48.3244 51.1899 4.39281
      vertex 48.3244 51.8829 4.39281
      vertex 48.7062 51.8829 5.23015
    endloop
  endfacet
  facet normal 0.909888 0 -0.414854
    outer loop
      vertex 48.7062 51.8829 5.23015
      vertex 48.7062 51.1899 5.23015
      vertex 48.3244 51.1899 4.39281
    endloop
  endfacet
  facet normal 0 0 -1
    outer loop
      vertex 47.3301 51.1899 4.39281
      vertex 47.3301 51.8829 4.39281
      vertex 48.3244 51.8829 4.39281
    endloop
  endfacet
  facet normal 0 0 -1
    outer loop
      vertex 48.3244 51.8829 4.39281
      vertex 48.3244 51.1899 4.39281
      vertex 47.3301 51.1899 4.39281
    endloop
  endfacet
  facet normal 0.909888 0 -0.414854
    outer loop
      vertex 48.3244 52.6274 4.39281
      vertex 48.3244 53.3205 4.39281
      vertex 48.7062 53.3205 5.23015
    endloop
  endfacet
  facet normal 0.909888 0 -0.414854
    outer loop
      vertex 48.7062 53.3205 5.23015
      vertex 48.7062 52.6274 5.23015
      vertex 48.3244 52.6274 4.39281
    endloop
  endfacet
  facet normal 0 0 -1
    outer loop
      vertex 47.3301 52.6274 4.39281
      vertex 47.3301 53.3205 4.39281
      vertex 48.3244 53.3205 4.39281
    endloop
  endfacet
  facet normal 0 0 -1
    outer loop
      vertex 48.3244 53.3205 4.39281
      vertex 48.3244 52.6274 4.39281
      vertex 47.3301 52.6274 4.39281
    endloop
  endfacet
  facet normal 0.909879 0 -0.414874
    outer loop
      vertex 48.6813 46.6218 5.17555
      vertex 48.3244 46.6218 4.39281
      vertex 48.3244 47.3148 4.39281
    endloop
  endfacet
  facet normal 0.909893 0.000329446 -0.414842
    outer loop
      vertex 48.3244 47.3148 4.39281
      vertex 48.651 47.3148 5.10914
      vertex 48.6813 47.2244 5.17555
    endloop
  endfacet
  facet normal 0.909879 0 -0.414874
    outer loop
      vertex 48.3244 47.3148 4.39281
      vertex 48.6813 47.2244 5.17555
      vertex 48.6813 46.6218 5.17555
    endloop
  endfacet
  facet normal 0 0 -1
    outer loop
      vertex 47.3301 46.6218 4.39281
      vertex 47.3301 47.3148 4.39281
      vertex 48.3244 47.3148 4.39281
    endloop
  endfacet
  facet normal 0 0 -1
    outer loop
      vertex 48.3244 47.3148 4.39281
      vertex 48.3244 46.6218 4.39281
      vertex 47.3301 46.6218 4.39281
    endloop
  endfacet
  facet normal 0.909924 0 -0.414775
    outer loop
      vertex 48.3244 48.1466 4.39281
      vertex 48.3244 48.2908 4.39281
      vertex 48.3726 48.1466 4.49862
    endloop
  endfacet
  facet normal 0 0 -1
    outer loop
      vertex 48.3244 48.1466 4.39281
      vertex 47.3301 48.1466 4.39281
      vertex 47.3301 48.2908 4.39281
    endloop
  endfacet
  facet normal 0 0 -1
    outer loop
      vertex 47.8273 48.2908 4.39281
      vertex 48.3244 48.2908 4.39281
      vertex 48.3244 48.1466 4.39281
    endloop
  endfacet
  facet normal 0 0 -1
    outer loop
      vertex 47.3301 48.2908 4.39281
      vertex 47.8273 48.2908 4.39281
      vertex 48.3244 48.1466 4.39281
    endloop
  endfacet
  facet normal -1 0 0
    outer loop
      vertex 46.6188 58.929 7.96808
      vertex 46.6188 59.2731 7.96808
      vertex 46.6188 59.2731 7.17356
    endloop
  endfacet
  facet normal -1 0 0
    outer loop
      vertex 46.6188 59.2731 7.17356
      vertex 46.6188 58.929 7.17356
      vertex 46.6188 58.929 7.96808
    endloop
  endfacet
  facet normal 0 0 1
    outer loop
      vertex 46.6188 58.929 7.17356
      vertex 46.6188 59.2731 7.17356
      vertex 46.3975 59.2731 7.17356
    endloop
  endfacet
  facet normal 0 0 1
    outer loop
      vertex 46.3975 59.2731 7.17356
      vertex 46.3975 58.929 7.17356
      vertex 46.6188 58.929 7.17356
    endloop
  endfacet
  facet normal 0 1 0
    outer loop
      vertex 46.6188 58.929 7.17356
      vertex 46.3975 58.929 7.17356
      vertex 46.3975 58.929 7.96808
    endloop
  endfacet
  facet normal 0 1 0
    outer loop
      vertex 46.3975 58.929 7.96808
      vertex 46.6188 58.929 7.96808
      vertex 46.6188 58.929 7.17356
    endloop
  endfacet
  facet normal 0 0 -1
    outer loop
      vertex 46.6188 59.2731 7.96808
      vertex 46.6188 58.929 7.96808
      vertex 46.3975 58.929 7.96808
    endloop
  endfacet
  facet normal 0 0 -1
    outer loop
      vertex 46.3975 58.929 7.96808
      vertex 46.3975 59.2731 7.96808
      vertex 46.6188 59.2731 7.96808
    endloop
  endfacet
  facet normal -1 0 0
    outer loop
      vertex 46.7918 33.8689 5.60915
      vertex 46.7918 34.213 5.60915
      vertex 46.7918 34.213 4.62087
    endloop
  endfacet
  facet normal -1 0 0
    outer loop
      vertex 46.7918 34.213 4.62087
      vertex 46.7918 33.8689 4.62087
      vertex 46.7918 33.8689 5.60915
    endloop
  endfacet
  facet normal 0 0 1
    outer loop
      vertex 46.7918 33.8689 4.62087
      vertex 46.7918 34.213 4.62087
      vertex 46.5542 34.213 4.62087
    endloop
  endfacet
  facet normal 0 0 1
    outer loop
      vertex 46.5542 34.213 4.62087
      vertex 46.5542 33.8689 4.62087
      vertex 46.7918 33.8689 4.62087
    endloop
  endfacet
  facet normal 0 1 0
    outer loop
      vertex 46.7918 33.8689 5.60915
      vertex 46.7918 33.8689 4.62087
      vertex 46.5542 33.8689 4.62087
    endloop
  endfacet
  facet normal 0 0 0
    outer loop
      vertex 46.5542 33.8689 4.62087
      vertex 46.5542 33.8689 5.53501
      vertex 46.5542 33.8689 5.60915
    endloop
  endfacet
  facet normal 0 1 0
    outer loop
      vertex 46.5542 33.8689 4.62087
      vertex 46.5542 33.8689 5.60915
      vertex 46.7918 33.8689 5.60915
    endloop
  endfacet
  facet normal 0 0 -1
    outer loop
      vertex 46.7918 34.213 5.60915
      vertex 46.7918 33.8689 5.60915
      vertex 46.5542 33.8689 5.60915
    endloop
  endfacet
  facet normal 0 0 -1
    outer loop
      vertex 46.5542 33.8689 5.60915
      vertex 46.5542 34.213 5.60915
      vertex 46.7918 34.213 5.60915
    endloop
  endfacet
  facet normal -1 0 0
    outer loop
      vertex 46.7918 32.8935 5.60915
      vertex 46.7918 33.2376 5.60915
      vertex 46.7918 33.2376 4.62087
    endloop
  endfacet
  facet normal -1 0 0
    outer loop
      vertex 46.7918 33.2376 4.62087
      vertex 46.7918 32.8935 4.62087
      vertex 46.7918 32.8935 5.60915
    endloop
  endfacet
  facet normal 0 0 1
    outer loop
      vertex 46.7918 32.8935 4.62087
      vertex 46.7918 33.2376 4.62087
      vertex 46.5542 33.2376 4.62087
    endloop
  endfacet
  facet normal 0 0 1
    outer loop
      vertex 46.5542 33.2376 4.62087
      vertex 46.5542 32.8935 4.62087
      vertex 46.7918 32.8935 4.62087
    endloop
  endfacet
  facet normal 0 1 0
    outer loop
      vertex 46.7918 32.8935 5.60915
      vertex 46.7918 32.8935 4.62087
      vertex 46.5542 32.8935 4.62087
    endloop
  endfacet
  facet normal 0 0 0
    outer loop
      vertex 46.5542 32.8935 4.62087
      vertex 46.5542 32.8935 5.53507
      vertex 46.5542 32.8935 5.60915
    endloop
  endfacet
  facet normal 0 1 0
    outer loop
      vertex 46.5542 32.8935 4.62087
      vertex 46.5542 32.8935 5.60915
      vertex 46.7918 32.8935 5.60915
    endloop
  endfacet
  facet normal 0 0 -1
    outer loop
      vertex 46.7918 33.2376 5.60915
      vertex 46.7918 32.8935 5.60915
      vertex 46.5542 32.8935 5.60915
    endloop
  endfacet
  facet normal 0 0 -1
    outer loop
      vertex 46.5542 32.8935 5.60915
      vertex 46.5542 33.2376 5.60915
      vertex 46.7918 33.2376 5.60915
    endloop
  endfacet
  facet normal -0.999062 0.0432972 0
    outer loop
      vertex 46.7793 29.4946 5.57809
      vertex 46.8149 30.3157 5.57612
      vertex 46.8149 30.3157 4.78161
    endloop
  endfacet
  facet normal -0.999062 0.0432972 0
    outer loop
      vertex 46.8149 30.3157 4.78161
      vertex 46.7793 29.4946 4.78358
      vertex 46.7793 29.4946 5.57809
    endloop
  endfacet
  facet normal 0 0.00240314 0.999997
    outer loop
      vertex 46.7793 29.4946 4.78358
      vertex 46.8149 30.3157 4.78161
      vertex 46.5542 30.3157 4.78161
    endloop
  endfacet
  facet normal 0 0.00240314 0.999997
    outer loop
      vertex 46.5542 30.3157 4.78161
      vertex 46.5542 29.4946 4.78358
      vertex 46.7793 29.4946 4.78358
    endloop
  endfacet
  facet normal 0 1 0
    outer loop
      vertex 46.7793 29.4946 5.57809
      vertex 46.7793 29.4946 4.78358
      vertex 46.5542 29.4946 4.78358
    endloop
  endfacet
  facet normal 0 0 0
    outer loop
      vertex 46.5542 29.4946 4.78358
      vertex 46.5542 29.4946 5.53526
      vertex 46.5542 29.4946 5.57809
    endloop
  endfacet
  facet normal 0 1 0
    outer loop
      vertex 46.5542 29.4946 4.78358
      vertex 46.5542 29.4946 5.57809
      vertex 46.7793 29.4946 5.57809
    endloop
  endfacet
  facet normal 0 -0.00240372 -0.999997
    outer loop
      vertex 46.8149 30.3157 5.57612
      vertex 46.7793 29.4946 5.57809
      vertex 46.5542 29.4946 5.57809
    endloop
  endfacet
  facet normal 0 -0.00240372 -0.999997
    outer loop
      vertex 46.5542 29.4946 5.57809
      vertex 46.5542 30.3157 5.57612
      vertex 46.8149 30.3157 5.57612
    endloop
  endfacet
  facet normal -1 0 0
    outer loop
      vertex 45.7114 36.0855 7.33259
      vertex 45.7114 36.4296 7.33259
      vertex 45.7114 36.4296 4.97033
    endloop
  endfacet
  facet normal -1 0 0
    outer loop
      vertex 45.7114 36.4296 4.97033
      vertex 45.7114 36.0855 4.97033
      vertex 45.7114 36.0855 7.33259
    endloop
  endfacet
  facet normal 0 0 1
    outer loop
      vertex 45.7114 36.0855 4.97033
      vertex 45.7114 36.4296 4.97033
      vertex 45.5378 36.4296 4.97033
    endloop
  endfacet
  facet normal 0 0 1
    outer loop
      vertex 45.5378 36.4296 4.97033
      vertex 45.5378 36.0855 4.97033
      vertex 45.7114 36.0855 4.97033
    endloop
  endfacet
  facet normal 0 1 0
    outer loop
      vertex 45.7114 36.0855 7.33259
      vertex 45.7114 36.0855 4.97033
      vertex 45.5378 36.0855 4.97033
    endloop
  endfacet
  facet normal 0 0 0
    outer loop
      vertex 45.5378 36.0855 4.97033
      vertex 45.5378 36.0855 5.53491
      vertex 45.5378 36.0855 5.84529
    endloop
  endfacet
  facet normal 0 1 0
    outer loop
      vertex 45.5378 36.0855 5.84529
      vertex 45.5378 36.0855 7.33259
      vertex 45.7114 36.0855 7.33259
    endloop
  endfacet
  facet normal 0 1 0
    outer loop
      vertex 45.5378 36.0855 4.97033
      vertex 45.5378 36.0855 5.84529
      vertex 45.7114 36.0855 7.33259
    endloop
  endfacet
  facet normal 0 0 -1
    outer loop
      vertex 45.7114 36.4296 7.33259
      vertex 45.7114 36.0855 7.33259
      vertex 45.5378 36.0855 7.33259
    endloop
  endfacet
  facet normal 0 0 -1
    outer loop
      vertex 45.5378 36.0855 7.33259
      vertex 45.5378 36.4296 7.33259
      vertex 45.7114 36.4296 7.33259
    endloop
  endfacet
  facet normal -1 0 0
    outer loop
      vertex 45.7137 36.7342 5.95884
      vertex 45.7137 37.0783 5.95884
      vertex 45.7137 37.0783 4.97055
    endloop
  endfacet
  facet normal -1 0 0
    outer loop
      vertex 45.7137 37.0783 4.97055
      vertex 45.7137 36.7342 4.97055
      vertex 45.7137 36.7342 5.95884
    endloop
  endfacet
  facet normal 0 0 1
    outer loop
      vertex 45.7137 36.7342 4.97055
      vertex 45.7137 37.0783 4.97055
      vertex 45.5378 37.0783 4.97055
    endloop
  endfacet
  facet normal 0 0 1
    outer loop
      vertex 45.5378 37.0783 4.97055
      vertex 45.5378 36.7342 4.97055
      vertex 45.7137 36.7342 4.97055
    endloop
  endfacet
  facet normal 0 1 0
    outer loop
      vertex 45.7137 36.7342 5.95884
      vertex 45.7137 36.7342 4.97055
      vertex 45.5378 36.7342 4.97055
    endloop
  endfacet
  facet normal 0 0 0
    outer loop
      vertex 45.5378 36.7342 4.97055
      vertex 45.5378 36.7342 5.53491
      vertex 45.5378 36.7342 5.84529
    endloop
  endfacet
  facet normal 0 1 0
    outer loop
      vertex 45.5378 36.7342 5.84529
      vertex 45.5378 36.7342 5.95884
      vertex 45.7137 36.7342 5.95884
    endloop
  endfacet
  facet normal 0 1 0
    outer loop
      vertex 45.5378 36.7342 4.97055
      vertex 45.5378 36.7342 5.84529
      vertex 45.7137 36.7342 5.95884
    endloop
  endfacet
  facet normal 0 0 -1
    outer loop
      vertex 45.7137 37.0783 5.95884
      vertex 45.7137 36.7342 5.95884
      vertex 45.5378 36.7342 5.95884
    endloop
  endfacet
  facet normal 0 0 -1
    outer loop
      vertex 45.5378 36.7342 5.95884
      vertex 45.5378 37.0783 5.95884
      vertex 45.7137 37.0783 5.95884
    endloop
  endfacet
  facet normal -1 0 0
    outer loop
      vertex 46.7576 81.3755 5.24154
      vertex 46.7576 81.0314 5.24154
      vertex 46.7576 81.0314 6.1014
    endloop
  endfacet
  facet normal -1 0 0
    outer loop
      vertex 46.7576 81.0314 6.1014
      vertex 46.7576 81.3755 6.1014
      vertex 46.7576 81.3755 5.24154
    endloop
  endfacet
  facet normal 0 0 -1
    outer loop
      vertex 46.7576 81.3755 6.1014
      vertex 46.7576 81.0314 6.1014
      vertex 46.5499 81.0314 6.1014
    endloop
  endfacet
  facet normal 0 0 -1
    outer loop
      vertex 46.5499 81.0314 6.1014
      vertex 46.5499 81.3755 6.1014
      vertex 46.7576 81.3755 6.1014
    endloop
  endfacet
  facet normal 0 -1 0
    outer loop
      vertex 47.0237 81.3755 4.3011
      vertex 46.7576 81.3755 5.24154
      vertex 46.5499 81.3755 5.24154
    endloop
  endfacet
  facet normal 0 -1 0
    outer loop
      vertex 46.5499 81.3755 5.24154
      vertex 46.5499 81.3755 5.23843
      vertex 46.7411 81.3755 4.3011
    endloop
  endfacet
  facet normal 0 -1 0
    outer loop
      vertex 46.5499 81.3755 5.24154
      vertex 46.7411 81.3755 4.3011
      vertex 47.0237 81.3755 4.3011
    endloop
  endfacet
  facet normal -7.3439e-05 -1 -1.77457e-05
    outer loop
      vertex 46.7576 81.3755 5.24154
      vertex 46.7576 81.3755 6.1014
      vertex 46.5499 81.3755 6.1014
    endloop
  endfacet
  facet normal 0 -1 -1.917e-05
    outer loop
      vertex 46.5499 81.3755 6.03751
      vertex 46.5499 81.3755 5.24154
      vertex 46.7576 81.3755 5.24154
    endloop
  endfacet
  facet normal 0.000988395 -0.999999 0.000238834
    outer loop
      vertex 46.5499 81.3755 6.1014
      vertex 46.5499 81.3755 6.03751
      vertex 46.7576 81.3755 5.24154
    endloop
  endfacet
  facet normal -0.962241 0 -0.2722
    outer loop
      vertex 47.0237 81.3755 4.3011
      vertex 47.0237 81.0314 4.3011
      vertex 46.7576 81.0314 5.24154
    endloop
  endfacet
  facet normal -0.962241 0 -0.2722
    outer loop
      vertex 46.7576 81.0314 5.24154
      vertex 46.7576 81.3755 5.24154
      vertex 47.0237 81.3755 4.3011
    endloop
  endfacet
  facet normal -1 0 0
    outer loop
      vertex 46.7576 82.0494 5.24154
      vertex 46.7576 81.7053 5.24154
      vertex 46.7576 81.7053 6.1014
    endloop
  endfacet
  facet normal -1 0 0
    outer loop
      vertex 46.7576 81.7053 6.1014
      vertex 46.7576 82.0494 6.1014
      vertex 46.7576 82.0494 5.24154
    endloop
  endfacet
  facet normal 0 0 -1
    outer loop
      vertex 46.7576 82.0494 6.1014
      vertex 46.7576 81.7053 6.1014
      vertex 46.5499 81.7053 6.1014
    endloop
  endfacet
  facet normal 0 0 -1
    outer loop
      vertex 46.5499 81.7053 6.1014
      vertex 46.5499 82.0494 6.1014
      vertex 46.7576 82.0494 6.1014
    endloop
  endfacet
  facet normal 0 -1 0
    outer loop
      vertex 47.0237 82.0494 4.3011
      vertex 46.7576 82.0494 5.24154
      vertex 46.5499 82.0494 5.24154
    endloop
  endfacet
  facet normal 0 -1 0
    outer loop
      vertex 46.5499 82.0494 5.24154
      vertex 46.5499 82.0494 5.23843
      vertex 46.7411 82.0494 4.3011
    endloop
  endfacet
  facet normal 0 -1 0
    outer loop
      vertex 46.5499 82.0494 5.24154
      vertex 46.7411 82.0494 4.3011
      vertex 47.0237 82.0494 4.3011
    endloop
  endfacet
  facet normal 0 -1 0
    outer loop
      vertex 46.7576 82.0494 5.24154
      vertex 46.7576 82.0494 6.1014
      vertex 46.5499 82.0494 6.1014
    endloop
  endfacet
  facet normal 0 -1 0
    outer loop
      vertex 46.5499 82.0494 6.03751
      vertex 46.5499 82.0494 5.24154
      vertex 46.7576 82.0494 5.24154
    endloop
  endfacet
  facet normal 0 -1 0
    outer loop
      vertex 46.5499 82.0494 6.1014
      vertex 46.5499 82.0494 6.03751
      vertex 46.7576 82.0494 5.24154
    endloop
  endfacet
  facet normal -0.962241 0 -0.2722
    outer loop
      vertex 47.0237 82.0494 4.3011
      vertex 47.0237 81.7053 4.3011
      vertex 46.7576 81.7053 5.24154
    endloop
  endfacet
  facet normal -0.962241 0 -0.2722
    outer loop
      vertex 46.7576 81.7053 5.24154
      vertex 46.7576 82.0494 5.24154
      vertex 47.0237 82.0494 4.3011
    endloop
  endfacet
  facet normal -1 0 0
    outer loop
      vertex 46.7576 82.7197 5.24154
      vertex 46.7576 82.3756 5.24154
      vertex 46.7576 82.3756 6.1014
    endloop
  endfacet
  facet normal -1 0 0
    outer loop
      vertex 46.7576 82.3756 6.1014
      vertex 46.7576 82.7197 6.1014
      vertex 46.7576 82.7197 5.24154
    endloop
  endfacet
  facet normal 0 0 -1
    outer loop
      vertex 46.7576 82.7197 6.1014
      vertex 46.7576 82.3756 6.1014
      vertex 46.5499 82.3756 6.1014
    endloop
  endfacet
  facet normal 0 0 -1
    outer loop
      vertex 46.5499 82.3756 6.1014
      vertex 46.5499 82.7197 6.1014
      vertex 46.7576 82.7197 6.1014
    endloop
  endfacet
  facet normal 0 -1 0
    outer loop
      vertex 47.0237 82.7197 4.3011
      vertex 46.7576 82.7197 5.24154
      vertex 46.5499 82.7197 5.24154
    endloop
  endfacet
  facet normal 0 -1 0
    outer loop
      vertex 46.5499 82.7197 5.24154
      vertex 46.5499 82.7197 5.23843
      vertex 46.7411 82.7197 4.3011
    endloop
  endfacet
  facet normal 0 -1 0
    outer loop
      vertex 46.5499 82.7197 5.24154
      vertex 46.7411 82.7197 4.3011
      vertex 47.0237 82.7197 4.3011
    endloop
  endfacet
  facet normal 0 -1 0
    outer loop
      vertex 46.7576 82.7197 5.24154
      vertex 46.7576 82.7197 6.1014
      vertex 46.5499 82.7197 6.1014
    endloop
  endfacet
  facet normal 0 -1 0
    outer loop
      vertex 46.5499 82.7197 6.03751
      vertex 46.5499 82.7197 5.24154
      vertex 46.7576 82.7197 5.24154
    endloop
  endfacet
  facet normal 0 -1 0
    outer loop
      vertex 46.5499 82.7197 6.1014
      vertex 46.5499 82.7197 6.03751
      vertex 46.7576 82.7197 5.24154
    endloop
  endfacet
  facet normal -0.962241 0 -0.2722
    outer loop
      vertex 47.0237 82.7197 4.3011
      vertex 47.0237 82.3756 4.3011
      vertex 46.7576 82.3756 5.24154
    endloop
  endfacet
  facet normal -0.962241 0 -0.2722
    outer loop
      vertex 46.7576 82.3756 5.24154
      vertex 46.7576 82.7197 5.24154
      vertex 47.0237 82.7197 4.3011
    endloop
  endfacet
  facet normal 0 1 0
    outer loop
      vertex 46.8176 73.947 7.22014
      vertex 46.5499 73.947 7.22014
      vertex 46.5499 73.947 7.56799
    endloop
  endfacet
  facet normal 0 1 0
    outer loop
      vertex 46.5499 73.947 7.56799
      vertex 46.8176 73.947 7.56799
      vertex 46.8176 73.947 7.22014
    endloop
  endfacet
  facet normal 0 1 0
    outer loop
      vertex 46.8176 73.947 5.23898
      vertex 47.0673 73.947 4.11801
      vertex 46.7784 73.947 4.11801
    endloop
  endfacet
  facet normal 0 1 0
    outer loop
      vertex 46.7784 73.947 4.11801
      vertex 46.5499 73.947 5.23843
      vertex 46.5499 73.947 5.23898
    endloop
  endfacet
  facet normal 0 1 0
    outer loop
      vertex 46.7784 73.947 4.11801
      vertex 46.5499 73.947 5.23898
      vertex 46.8176 73.947 5.23898
    endloop
  endfacet
  facet normal -1 0 0
    outer loop
      vertex 46.8176 73.947 7.22014
      vertex 46.8176 74.2852 7.22014
      vertex 46.8176 74.2852 5.23898
    endloop
  endfacet
  facet normal -1 0 0
    outer loop
      vertex 46.8176 74.2852 5.23898
      vertex 46.8176 73.947 5.23898
      vertex 46.8176 73.947 7.22014
    endloop
  endfacet
  facet normal -0.976083 0 -0.217397
    outer loop
      vertex 46.8176 73.947 5.23898
      vertex 46.8176 74.2852 5.23898
      vertex 47.0673 74.2852 4.11801
    endloop
  endfacet
  facet normal -0.976083 0 -0.217397
    outer loop
      vertex 47.0673 74.2852 4.11801
      vertex 47.0673 73.947 4.11801
      vertex 46.8176 73.947 5.23898
    endloop
  endfacet
  facet normal 0 0 -1
    outer loop
      vertex 47.0673 74.8577 3.89794
      vertex 47.8273 74.8577 3.89794
      vertex 47.8273 74.2852 3.89794
    endloop
  endfacet
  facet normal 0 0 -1
    outer loop
      vertex 47.8273 74.2852 3.89794
      vertex 47.0673 74.2852 3.89794
      vertex 47.0673 74.8577 3.89794
    endloop
  endfacet
  facet normal 0 -1 0
    outer loop
      vertex 47.0673 74.2852 4.11801
      vertex 47.0673 74.2852 3.89794
      vertex 47.8273 74.2852 3.89794
    endloop
  endfacet
  facet normal 0 -1 0
    outer loop
      vertex 47.8273 74.2852 3.89794
      vertex 47.8273 74.2852 4.11801
      vertex 47.0673 74.2852 4.11801
    endloop
  endfacet
  facet normal 0 0 -1
    outer loop
      vertex 47.0673 73.947 4.11801
      vertex 47.0673 74.2852 4.11801
      vertex 47.8273 74.2852 4.11801
    endloop
  endfacet
  facet normal 0 0 -1
    outer loop
      vertex 47.8273 74.2852 4.11801
      vertex 47.8273 73.947 4.11801
      vertex 47.0673 73.947 4.11801
    endloop
  endfacet
  facet normal -1 0 0
    outer loop
      vertex 46.8176 74.8577 7.22014
      vertex 46.8176 74.2852 7.22014
      vertex 46.8176 74.2852 7.56799
    endloop
  endfacet
  facet normal -1 0 0
    outer loop
      vertex 46.8176 74.2852 7.56799
      vertex 46.8176 74.8577 7.56799
      vertex 46.8176 74.8577 7.22014
    endloop
  endfacet
  facet normal 0 0 -1
    outer loop
      vertex 46.8176 75.1958 7.56799
      vertex 46.5499 75.1958 7.56799
      vertex 46.5499 80.8079 7.56799
    endloop
  endfacet
  facet normal 0 0 -1
    outer loop
      vertex 46.5499 80.8079 7.56799
      vertex 46.8176 80.8079 7.56799
      vertex 46.8176 75.1958 7.56799
    endloop
  endfacet
  facet normal 0 1 0
    outer loop
      vertex 46.8176 74.8577 5.23898
      vertex 47.0673 74.8577 4.11801
      vertex 46.7784 74.8577 4.11801
    endloop
  endfacet
  facet normal 0 1 0
    outer loop
      vertex 46.7784 74.8577 4.11801
      vertex 46.5499 74.8577 5.23843
      vertex 46.5499 74.8577 5.23898
    endloop
  endfacet
  facet normal 0 1 0
    outer loop
      vertex 46.7784 74.8577 4.11801
      vertex 46.5499 74.8577 5.23898
      vertex 46.8176 74.8577 5.23898
    endloop
  endfacet
  facet normal -1 0 0
    outer loop
      vertex 46.8176 74.8577 7.22014
      vertex 46.8176 75.1958 7.22014
      vertex 46.8176 75.1958 5.23898
    endloop
  endfacet
  facet normal -1 0 0
    outer loop
      vertex 46.8176 75.1958 5.23898
      vertex 46.8176 74.8577 5.23898
      vertex 46.8176 74.8577 7.22014
    endloop
  endfacet
  facet normal -0.976083 0 -0.217397
    outer loop
      vertex 46.8176 74.8577 5.23898
      vertex 46.8176 75.1958 5.23898
      vertex 47.0673 75.1958 4.11801
    endloop
  endfacet
  facet normal -0.976083 0 -0.217397
    outer loop
      vertex 47.0673 75.1958 4.11801
      vertex 47.0673 74.8577 4.11801
      vertex 46.8176 74.8577 5.23898
    endloop
  endfacet
  facet normal 0 0 -1
    outer loop
      vertex 46.8233 74.8577 3.89794
      vertex 47.0673 74.8577 3.89794
      vertex 47.0673 74.2852 3.89794
    endloop
  endfacet
  facet normal 0 0 -1
    outer loop
      vertex 47.0673 74.2852 3.89794
      vertex 46.8233 74.2852 3.89794
      vertex 46.8233 74.8577 3.89794
    endloop
  endfacet
  facet normal 0 -1 0
    outer loop
      vertex 47.0673 75.1958 4.11801
      vertex 47.0673 75.1958 3.89794
      vertex 47.8273 75.1958 3.89794
    endloop
  endfacet
  facet normal 0 -1 0
    outer loop
      vertex 47.8273 75.1958 3.89794
      vertex 47.8273 75.1958 4.11801
      vertex 47.0673 75.1958 4.11801
    endloop
  endfacet
  facet normal 0 0 -1
    outer loop
      vertex 47.0673 74.8577 4.11801
      vertex 47.0673 75.1958 4.11801
      vertex 47.8273 75.1958 4.11801
    endloop
  endfacet
  facet normal 0 0 -1
    outer loop
      vertex 47.8273 75.1958 4.11801
      vertex 47.8273 74.8577 4.11801
      vertex 47.0673 74.8577 4.11801
    endloop
  endfacet
  facet normal -1 0 0
    outer loop
      vertex 46.8176 73.947 7.56799
      vertex 46.8176 74.2852 7.56799
      vertex 46.8176 74.2852 7.22014
    endloop
  endfacet
  facet normal -1 0 0
    outer loop
      vertex 46.8176 74.2852 7.22014
      vertex 46.8176 73.947 7.22014
      vertex 46.8176 73.947 7.56799
    endloop
  endfacet
  facet normal 0 1 0
    outer loop
      vertex 46.8176 73.947 7.22014
      vertex 46.8176 73.947 5.23898
      vertex 46.5499 73.947 5.23898
    endloop
  endfacet
  facet normal 0 0 0
    outer loop
      vertex 46.5499 73.947 5.23898
      vertex 46.5499 73.947 6.03751
      vertex 46.5499 73.947 6.30578
    endloop
  endfacet
  facet normal 0 1 0
    outer loop
      vertex 46.5499 73.947 6.30578
      vertex 46.5499 73.947 7.22014
      vertex 46.8176 73.947 7.22014
    endloop
  endfacet
  facet normal 0 1 0
    outer loop
      vertex 46.5499 73.947 5.23898
      vertex 46.5499 73.947 6.30578
      vertex 46.8176 73.947 7.22014
    endloop
  endfacet
  facet normal -1 0 0
    outer loop
      vertex 46.8176 74.8577 7.56799
      vertex 46.8176 75.1958 7.56799
      vertex 46.8176 75.1958 7.22014
    endloop
  endfacet
  facet normal -1 0 0
    outer loop
      vertex 46.8176 75.1958 7.22014
      vertex 46.8176 74.8577 7.22014
      vertex 46.8176 74.8577 7.56799
    endloop
  endfacet
  facet normal 0 1 0
    outer loop
      vertex 46.8176 74.8577 7.22014
      vertex 46.8176 74.8577 5.23898
      vertex 46.5499 74.8577 5.23898
    endloop
  endfacet
  facet normal 0 0 0
    outer loop
      vertex 46.5499 74.8577 5.23898
      vertex 46.5499 74.8577 6.03751
      vertex 46.5499 74.8577 6.30578
    endloop
  endfacet
  facet normal 0 1 0
    outer loop
      vertex 46.5499 74.8577 6.30578
      vertex 46.5499 74.8577 7.22014
      vertex 46.8176 74.8577 7.22014
    endloop
  endfacet
  facet normal 0 1 0
    outer loop
      vertex 46.5499 74.8577 5.23898
      vertex 46.5499 74.8577 6.30578
      vertex 46.8176 74.8577 7.22014
    endloop
  endfacet
  facet normal 0 0 1
    outer loop
      vertex 46.8176 74.2852 7.22014
      vertex 46.8176 74.8577 7.22014
      vertex 46.5499 74.8577 7.22014
    endloop
  endfacet
  facet normal 0 0 1
    outer loop
      vertex 46.5499 74.8577 7.22014
      vertex 46.5499 74.2852 7.22014
      vertex 46.8176 74.2852 7.22014
    endloop
  endfacet
  facet normal -1 0 0
    outer loop
      vertex 46.8176 80.8079 7.22014
      vertex 46.8176 80.8079 7.56799
      vertex 46.8176 81.5853 7.56799
    endloop
  endfacet
  facet normal -1 0 0
    outer loop
      vertex 46.8176 81.5853 7.56799
      vertex 46.8176 81.5853 6.92399
      vertex 46.8176 80.8079 7.22014
    endloop
  endfacet
  facet normal -1 0 0
    outer loop
      vertex 46.8176 75.1958 7.22014
      vertex 46.8176 75.1958 7.56799
      vertex 46.8176 80.8079 7.56799
    endloop
  endfacet
  facet normal -1 0 0
    outer loop
      vertex 46.8176 80.8079 7.56799
      vertex 46.8176 80.8079 7.22014
      vertex 46.8176 75.1958 7.22014
    endloop
  endfacet
  facet normal -1 0 0
    outer loop
      vertex 46.8176 81.5853 6.92399
      vertex 46.8176 81.5853 7.56799
      vertex 46.8176 83.3749 7.56799
    endloop
  endfacet
  facet normal -1 0 0
    outer loop
      vertex 46.8176 83.3749 7.56799
      vertex 46.8176 83.3749 6.92399
      vertex 46.8176 81.5853 6.92399
    endloop
  endfacet
  facet normal 0 0 -1
    outer loop
      vertex 46.8176 80.8079 7.56799
      vertex 46.5499 80.8079 7.56799
      vertex 46.5499 81.5853 7.56799
    endloop
  endfacet
  facet normal 0 0 -1
    outer loop
      vertex 46.5499 81.5853 7.56799
      vertex 46.8176 81.5853 7.56799
      vertex 46.8176 80.8079 7.56799
    endloop
  endfacet
  facet normal 0 0 -1
    outer loop
      vertex 46.8176 83.3749 7.56799
      vertex 46.8176 81.5853 7.56799
      vertex 46.5499 81.5853 7.56799
    endloop
  endfacet
  facet normal 0 0 0
    outer loop
      vertex 46.5499 81.5853 7.56799
      vertex 46.5499 83.1128 7.56799
      vertex 46.5499 83.3749 7.56799
    endloop
  endfacet
  facet normal 0 0 -1
    outer loop
      vertex 46.5499 81.5853 7.56799
      vertex 46.5499 83.3749 7.56799
      vertex 46.8176 83.3749 7.56799
    endloop
  endfacet
  facet normal 0 -1 0
    outer loop
      vertex 46.8456 11.7292 3.92395
      vertex 46.8456 11.7292 3.62511
      vertex 47.8273 11.7292 3.62511
    endloop
  endfacet
  facet normal 0 -1 0
    outer loop
      vertex 47.8273 11.7292 3.62511
      vertex 47.8273 11.7292 3.92395
      vertex 46.8456 11.7292 3.92395
    endloop
  endfacet
  facet normal 0 0 -1
    outer loop
      vertex 46.8456 11.3628 3.92395
      vertex 46.8456 11.7292 3.92395
      vertex 47.8273 11.7292 3.92395
    endloop
  endfacet
  facet normal 0 0 -1
    outer loop
      vertex 47.8273 11.7292 3.92395
      vertex 47.8273 11.3628 3.92395
      vertex 46.8456 11.3628 3.92395
    endloop
  endfacet
  facet normal 0 1 0
    outer loop
      vertex 46.9668 11.3628 6.74462
      vertex 46.8456 11.3628 5.84943
      vertex 46.5542 11.3628 5.84943
    endloop
  endfacet
  facet normal 0 1 0
    outer loop
      vertex 46.5542 11.3628 5.84943
      vertex 46.5542 11.3628 5.85024
      vertex 46.6768 11.3628 6.74462
    endloop
  endfacet
  facet normal 0 1 0
    outer loop
      vertex 46.5542 11.3628 5.84943
      vertex 46.6768 11.3628 6.74462
      vertex 46.9668 11.3628 6.74462
    endloop
  endfacet
  facet normal -1 0 0
    outer loop
      vertex 46.8456 11.7292 3.92395
      vertex 46.8456 11.3628 3.92395
      vertex 46.8456 11.3628 5.84943
    endloop
  endfacet
  facet normal -1 0 0
    outer loop
      vertex 46.8456 11.3628 5.84943
      vertex 46.8456 11.7292 5.84943
      vertex 46.8456 11.7292 3.92395
    endloop
  endfacet
  facet normal 0 1 0
    outer loop
      vertex 46.8456 11.3628 5.84943
      vertex 46.8456 11.3628 3.92395
      vertex 46.5542 11.3628 3.92395
    endloop
  endfacet
  facet normal 0 0 0
    outer loop
      vertex 46.5542 11.3628 3.92395
      vertex 46.5542 11.3628 5.5363
      vertex 46.5542 11.3628 5.84943
    endloop
  endfacet
  facet normal 0 1 0
    outer loop
      vertex 46.5542 11.3628 3.92395
      vertex 46.5542 11.3628 5.84943
      vertex 46.8456 11.3628 5.84943
    endloop
  endfacet
  facet normal 0 0.718381 -0.69565
    outer loop
      vertex 46.9668 11.3628 6.74462
      vertex 46.6768 11.3628 6.74462
      vertex 46.7533 11.9031 7.30254
    endloop
  endfacet
  facet normal 0 0.718381 -0.69565
    outer loop
      vertex 46.7533 11.9031 7.30254
      vertex 47.0395 11.9031 7.30254
      vertex 46.9668 11.3628 6.74462
    endloop
  endfacet
  facet normal -0.990957 0 0.13418
    outer loop
      vertex 46.8456 11.7292 5.84943
      vertex 46.8456 11.3628 5.84943
      vertex 46.9668 11.3628 6.74462
    endloop
  endfacet
  facet normal -0.990957 0 0.13418
    outer loop
      vertex 46.9668 11.3628 6.74462
      vertex 46.9668 11.7292 6.74462
      vertex 46.8456 11.7292 5.84943
    endloop
  endfacet
  facet normal -0.991612 0 0.129248
    outer loop
      vertex 46.9668 11.7292 6.74462
      vertex 46.9668 11.3628 6.74462
      vertex 47.0395 11.9031 7.30254
    endloop
  endfacet
  facet normal -0.991753 0.00369514 0.128115
    outer loop
      vertex 47.0395 11.9031 7.30254
      vertex 46.9922 11.903 6.93619
      vertex 46.9668 11.7292 6.74462
    endloop
  endfacet
  facet normal 0 -0.56674 -0.823896
    outer loop
      vertex 46.9939 15.1552 6.95776
      vertex 46.706 15.1552 6.95776
      vertex 46.6604 15.6388 6.62506
    endloop
  endfacet
  facet normal 0 -0.56674 -0.823896
    outer loop
      vertex 46.6604 15.6388 6.62506
      vertex 46.9498 15.6388 6.62506
      vertex 46.9939 15.1552 6.95776
    endloop
  endfacet
  facet normal 0 -0.000599226 -1
    outer loop
      vertex 47.0395 11.9031 7.30254
      vertex 46.7533 11.9031 7.30254
      vertex 46.753 14.6564 7.30089
    endloop
  endfacet
  facet normal 0 -0.000599226 -1
    outer loop
      vertex 46.753 14.6564 7.30089
      vertex 47.0395 14.6564 7.30089
      vertex 47.0395 11.9031 7.30254
    endloop
  endfacet
  facet normal -0.991759 7.67712e-05 0.128116
    outer loop
      vertex 46.9922 11.903 6.93619
      vertex 47.0395 11.9031 7.30254
      vertex 47.0395 14.6564 7.30089
    endloop
  endfacet
  facet normal -0.991759 7.67711e-05 0.128116
    outer loop
      vertex 47.0395 14.6564 7.30089
      vertex 46.9922 14.6563 6.93454
      vertex 46.9922 11.903 6.93619
    endloop
  endfacet
  facet normal -0.991759 7.58674e-06 0.128116
    outer loop
      vertex 46.9025 23.289 6.25764
      vertex 46.9498 23.2891 6.62399
      vertex 46.9498 26.5665 6.6238
    endloop
  endfacet
  facet normal -0.991759 7.58678e-06 0.128116
    outer loop
      vertex 46.9498 26.5665 6.6238
      vertex 46.9025 26.5664 6.25745
      vertex 46.9025 23.289 6.25764
    endloop
  endfacet
  facet normal -0.991756 -0.00241094 0.128116
    outer loop
      vertex 46.9466 15.1551 6.59142
      vertex 46.9939 15.1552 6.95776
      vertex 46.9498 15.6388 6.62506
    endloop
  endfacet
  facet normal -0.991756 -0.00241094 0.128116
    outer loop
      vertex 46.9498 15.6388 6.62506
      vertex 46.9025 15.6388 6.25871
      vertex 46.9466 15.1551 6.59142
    endloop
  endfacet
  facet normal 0 -1 0
    outer loop
      vertex 46.9025 15.6388 6.25871
      vertex 46.6102 15.6388 6.25871
      vertex 46.5542 15.6388 5.8494
    endloop
  endfacet
  facet normal 0 -1 0
    outer loop
      vertex 46.5542 15.6388 5.8494
      vertex 46.8455 15.6388 5.84943
      vertex 46.9025 15.6388 6.25871
    endloop
  endfacet
  facet normal 0 -5.92165e-05 -1
    outer loop
      vertex 46.9498 23.2891 6.62399
      vertex 46.6603 23.2891 6.62399
      vertex 46.6604 26.5665 6.6238
    endloop
  endfacet
  facet normal 0 -5.92165e-05 -1
    outer loop
      vertex 46.6604 26.5665 6.6238
      vertex 46.9498 26.5665 6.6238
      vertex 46.9498 23.2891 6.62399
    endloop
  endfacet
  facet normal 0 -0.000257135 -1
    outer loop
      vertex 47.0663 29.093 7.49375
      vertex 46.7795 29.093 7.49375
      vertex 46.7793 35.6336 7.49207
    endloop
  endfacet
  facet normal 0 -0.000257135 -1
    outer loop
      vertex 46.7793 35.6336 7.49207
      vertex 47.0663 35.6336 7.49207
      vertex 47.0663 29.093 7.49375
    endloop
  endfacet
  facet normal 0 0.325564 -0.94552
    outer loop
      vertex 46.9498 26.5665 6.6238
      vertex 46.6604 26.5665 6.6238
      vertex 46.7795 29.093 7.49375
    endloop
  endfacet
  facet normal 0 0.325564 -0.94552
    outer loop
      vertex 46.7795 29.093 7.49375
      vertex 47.0663 29.093 7.49375
      vertex 46.9498 26.5665 6.6238
    endloop
  endfacet
  facet normal -0.991758 0.00163682 0.128116
    outer loop
      vertex 46.9025 26.5664 6.25745
      vertex 46.9498 26.5665 6.6238
      vertex 47.0663 29.093 7.49375
    endloop
  endfacet
  facet normal -0.991759 0.00164221 0.128105
    outer loop
      vertex 47.0663 29.093 7.49375
      vertex 47.019 29.0929 7.12737
      vertex 46.9025 26.5664 6.25745
    endloop
  endfacet
  facet normal -0.991761 3.29408e-05 0.128105
    outer loop
      vertex 47.019 29.0929 7.12737
      vertex 47.0663 29.093 7.49375
      vertex 47.0663 35.6336 7.49207
    endloop
  endfacet
  facet normal -0.991759 3.23176e-05 0.128116
    outer loop
      vertex 47.0663 35.6336 7.49207
      vertex 47.019 35.6335 7.12572
      vertex 47.019 29.0929 7.12737
    endloop
  endfacet
  facet normal -0.991756 -0.00243087 0.128117
    outer loop
      vertex 46.9922 14.6563 6.93454
      vertex 47.0395 14.6564 7.30089
      vertex 46.9939 15.1552 6.95776
    endloop
  endfacet
  facet normal -0.991756 -0.00243087 0.128116
    outer loop
      vertex 46.9939 15.1552 6.95776
      vertex 46.9466 15.1551 6.59142
      vertex 46.9922 14.6563 6.93454
    endloop
  endfacet
  facet normal 0 -0.56677 -0.823876
    outer loop
      vertex 47.0395 14.6564 7.30089
      vertex 46.753 14.6564 7.30089
      vertex 46.706 15.1552 6.95776
    endloop
  endfacet
  facet normal 0 -0.56677 -0.823876
    outer loop
      vertex 46.706 15.1552 6.95776
      vertex 46.9939 15.1552 6.95776
      vertex 47.0395 14.6564 7.30089
    endloop
  endfacet
  facet normal -0.990431 0.00446467 0.137936
    outer loop
      vertex 46.9466 15.1551 6.59142
      vertex 46.9025 15.6388 6.25871
      vertex 46.8455 15.6388 5.84943
    endloop
  endfacet
  facet normal -0.99084 -6.2518e-05 0.135041
    outer loop
      vertex 46.8455 15.6388 5.84943
      vertex 46.8455 15.1551 5.84943
      vertex 46.9466 15.1551 6.59142
    endloop
  endfacet
  facet normal 0 -1 -0.00012209
    outer loop
      vertex 46.8455 15.639 3.62511
      vertex 46.8455 15.639 3.89069
      vertex 46.5542 15.639 3.89069
    endloop
  endfacet
  facet normal 0 -1 -0.000116718
    outer loop
      vertex 46.5542 15.639 3.82121
      vertex 46.5542 15.639 3.62511
      vertex 46.8455 15.639 3.62511
    endloop
  endfacet
  facet normal -1.38241e-05 -1 -0.00013725
    outer loop
      vertex 46.5542 15.639 3.89069
      vertex 46.5542 15.639 3.82121
      vertex 46.8455 15.639 3.62511
    endloop
  endfacet
  facet normal -1 0 0
    outer loop
      vertex 46.8455 15.1552 4.87002
      vertex 46.8455 15.6389 4.94843
      vertex 46.8455 15.639 3.89069
    endloop
  endfacet
  facet normal -1 0 0
    outer loop
      vertex 46.8455 15.639 3.89069
      vertex 46.8455 15.1553 3.89063
      vertex 46.8455 15.1552 4.87002
    endloop
  endfacet
  facet normal 0 -1 -0.000106391
    outer loop
      vertex 46.8455 15.6389 4.94843
      vertex 46.5542 15.6389 4.94843
      vertex 46.5542 15.639 3.89069
    endloop
  endfacet
  facet normal 0 -1 -0.000106391
    outer loop
      vertex 46.5542 15.639 3.89069
      vertex 46.8455 15.639 3.89069
      vertex 46.8455 15.6389 4.94843
    endloop
  endfacet
  facet normal 0 0.000133587 -1
    outer loop
      vertex 46.8455 15.1553 3.89063
      vertex 46.8455 15.639 3.89069
      vertex 47.8273 15.639 3.89069
    endloop
  endfacet
  facet normal 0 0.000133587 -1
    outer loop
      vertex 47.8273 15.639 3.89069
      vertex 47.8273 15.1553 3.89063
      vertex 46.8455 15.1553 3.89063
    endloop
  endfacet
  facet normal 0 -1 -0.00012209
    outer loop
      vertex 46.8455 15.639 3.89069
      vertex 46.8455 15.639 3.62511
      vertex 47.8273 15.639 3.62511
    endloop
  endfacet
  facet normal 0 -1 -0.00012209
    outer loop
      vertex 47.8273 15.639 3.62511
      vertex 47.8273 15.639 3.89069
      vertex 46.8455 15.639 3.89069
    endloop
  endfacet
  facet normal 0 -1 0
    outer loop
      vertex 46.8455 29.0211 4.87008
      vertex 46.5542 29.0211 4.87008
      vertex 46.5542 29.0211 4.45233
    endloop
  endfacet
  facet normal 0 -1 0
    outer loop
      vertex 46.5542 29.0211 4.45233
      vertex 46.8455 29.0211 4.45233
      vertex 46.8455 29.0211 4.87008
    endloop
  endfacet
  facet normal -1 0 0
    outer loop
      vertex 46.8455 15.1551 5.33784
      vertex 46.8455 15.6388 5.41629
      vertex 46.8455 15.6389 4.94843
    endloop
  endfacet
  facet normal -1 0 0
    outer loop
      vertex 46.8455 15.6389 4.94843
      vertex 46.8455 15.1552 4.87002
      vertex 46.8455 15.1551 5.33784
    endloop
  endfacet
  facet normal -1 -6.3096e-05 -6.94601e-09
    outer loop
      vertex 46.8455 15.1551 5.84943
      vertex 46.8455 15.6388 5.84943
      vertex 46.8455 15.6388 5.41629
    endloop
  endfacet
  facet normal -1 -9.67487e-06 5.96509e-05
    outer loop
      vertex 46.8455 15.6388 5.41629
      vertex 46.8455 15.1551 5.33784
      vertex 46.8455 15.1551 5.84943
    endloop
  endfacet
  facet normal 1.2069e-08 -1 -0.000110086
    outer loop
      vertex 46.8455 15.6388 5.41629
      vertex 46.8455 15.6388 5.84943
      vertex 46.5542 15.6388 5.8494
    endloop
  endfacet
  facet normal 0 -1 -0.000207053
    outer loop
      vertex 46.5542 15.6388 5.53604
      vertex 46.5542 15.6388 5.41629
      vertex 46.8455 15.6388 5.41629
    endloop
  endfacet
  facet normal 5.51047e-05 -1 -7.30409e-05
    outer loop
      vertex 46.5542 15.6388 5.8494
      vertex 46.5542 15.6388 5.53604
      vertex 46.8455 15.6388 5.41629
    endloop
  endfacet
  facet normal 0 -1 -0.000118728
    outer loop
      vertex 46.8455 29.021 5.41629
      vertex 46.5542 29.021 5.41629
      vertex 46.5542 29.0211 4.87008
    endloop
  endfacet
  facet normal 0 -1 -0.000118728
    outer loop
      vertex 46.5542 29.0211 4.87008
      vertex 46.8455 29.0211 4.87008
      vertex 46.8455 29.021 5.41629
    endloop
  endfacet
  facet normal 0 0 -1
    outer loop
      vertex 46.8455 28.56 5.41629
      vertex 46.5542 28.56 5.41629
      vertex 46.5542 29.021 5.41629
    endloop
  endfacet
  facet normal 0 0 -1
    outer loop
      vertex 46.5542 29.021 5.41629
      vertex 46.8455 29.021 5.41629
      vertex 46.8455 28.56 5.41629
    endloop
  endfacet
  facet normal -1 0 0
    outer loop
      vertex 46.8455 28.5601 4.94843
      vertex 46.8455 28.56 5.41629
      vertex 46.8455 29.021 5.41629
    endloop
  endfacet
  facet normal -1 0 0
    outer loop
      vertex 46.8455 29.021 5.41629
      vertex 46.8455 29.0211 4.87008
      vertex 46.8455 28.5601 4.94843
    endloop
  endfacet
  facet normal -1 0 0
    outer loop
      vertex 46.8455 23.2899 4.94843
      vertex 46.8455 23.2899 5.41629
      vertex 46.8455 28.56 5.41629
    endloop
  endfacet
  facet normal -1 0 0
    outer loop
      vertex 46.8455 28.56 5.41629
      vertex 46.8455 28.5601 4.94843
      vertex 46.8455 23.2899 4.94843
    endloop
  endfacet
  facet normal 0 0 -1
    outer loop
      vertex 46.8455 23.2899 5.41629
      vertex 46.5542 23.2899 5.41629
      vertex 46.5542 28.56 5.41629
    endloop
  endfacet
  facet normal 0 0 -1
    outer loop
      vertex 46.5542 28.56 5.41629
      vertex 46.8455 28.56 5.41629
      vertex 46.8455 23.2899 5.41629
    endloop
  endfacet
  facet normal -1 0 0
    outer loop
      vertex 46.8455 28.5601 4.94843
      vertex 46.8455 29.0211 4.87008
      vertex 46.8455 29.0211 4.45233
    endloop
  endfacet
  facet normal -1 0 0
    outer loop
      vertex 46.8455 29.0211 4.45233
      vertex 46.8455 28.5601 4.45233
      vertex 46.8455 28.5601 4.94843
    endloop
  endfacet
  facet normal 0 -0.606684 -0.794943
    outer loop
      vertex 46.8455 29.339 4.20975
      vertex 46.8455 29.0211 4.45233
      vertex 46.5542 29.0211 4.45233
    endloop
  endfacet
  facet normal 0 -0.606691 -0.794938
    outer loop
      vertex 46.5542 29.1495 4.35435
      vertex 46.5542 29.339 4.20975
      vertex 46.8455 29.339 4.20975
    endloop
  endfacet
  facet normal -1.78591e-05 -0.606673 -0.794951
    outer loop
      vertex 46.5542 29.0211 4.45233
      vertex 46.5542 29.1495 4.35435
      vertex 46.8455 29.339 4.20975
    endloop
  endfacet
  facet normal -1 0 0
    outer loop
      vertex 46.8455 28.5601 4.45233
      vertex 46.8455 29.0211 4.45233
      vertex 46.8455 29.339 4.20975
    endloop
  endfacet
  facet normal -1 0 0
    outer loop
      vertex 46.8455 29.339 4.20975
      vertex 46.8455 29.339 3.74868
      vertex 46.8455 28.5601 4.45233
    endloop
  endfacet
  facet normal -1 0 0
    outer loop
      vertex 46.8455 34.0546 3.74862
      vertex 46.8455 34.0546 4.20968
      vertex 46.8455 34.4748 4.20968
    endloop
  endfacet
  facet normal -1 0 0
    outer loop
      vertex 46.8455 34.4748 4.20968
      vertex 46.8455 34.4748 3.74862
      vertex 46.8455 34.0546 3.74862
    endloop
  endfacet
  facet normal 0 0 -1
    outer loop
      vertex 46.8455 34.0546 4.20968
      vertex 46.5542 34.0546 4.20968
      vertex 46.5542 34.4748 4.20968
    endloop
  endfacet
  facet normal 0 0 -1
    outer loop
      vertex 46.5542 34.4748 4.20968
      vertex 46.8455 34.4748 4.20968
      vertex 46.8455 34.0546 4.20968
    endloop
  endfacet
  facet normal 0 -1.3752e-05 -1
    outer loop
      vertex 46.8455 29.339 4.20975
      vertex 46.5542 29.339 4.20975
      vertex 46.5542 34.0546 4.20968
    endloop
  endfacet
  facet normal 0 -1.3752e-05 -1
    outer loop
      vertex 46.5542 34.0546 4.20968
      vertex 46.8455 34.0546 4.20968
      vertex 46.8455 29.339 4.20975
    endloop
  endfacet
  facet normal -1 0 0
    outer loop
      vertex 46.8455 29.339 3.74868
      vertex 46.8455 29.339 4.20975
      vertex 46.8455 34.0546 4.20968
    endloop
  endfacet
  facet normal -1 0 0
    outer loop
      vertex 46.8455 34.0546 4.20968
      vertex 46.8455 34.0546 3.74862
      vertex 46.8455 29.339 3.74868
    endloop
  endfacet
  facet normal 0 -1 0
    outer loop
      vertex 46.8455 34.4748 3.74862
      vertex 46.5542 34.4748 3.74862
      vertex 46.5542 34.4748 3.62511
    endloop
  endfacet
  facet normal -3.92948e-05 -1 9.26594e-05
    outer loop
      vertex 46.5542 34.4748 3.62511
      vertex 46.8455 34.4748 3.62511
      vertex 46.8455 34.4748 3.74862
    endloop
  endfacet
  facet normal 0 0 -1
    outer loop
      vertex 46.8455 34.0546 3.74862
      vertex 46.8455 34.4748 3.74862
      vertex 47.8273 34.4748 3.74862
    endloop
  endfacet
  facet normal 0 0 -1
    outer loop
      vertex 47.8273 34.4748 3.74862
      vertex 47.8273 34.0546 3.74862
      vertex 46.8455 34.0546 3.74862
    endloop
  endfacet
  facet normal 0 -1 9.26594e-05
    outer loop
      vertex 46.8455 34.4748 3.74862
      vertex 46.8455 34.4748 3.62511
      vertex 47.8273 34.4748 3.62511
    endloop
  endfacet
  facet normal 0 -1 9.26594e-05
    outer loop
      vertex 47.8273 34.4748 3.62511
      vertex 47.8273 34.4748 3.74862
      vertex 46.8455 34.4748 3.74862
    endloop
  endfacet
  facet normal 0 -9.00677e-05 -1
    outer loop
      vertex 46.9498 18.9214 6.62467
      vertex 46.6603 18.9214 6.62467
      vertex 46.6603 19.2814 6.62464
    endloop
  endfacet
  facet normal 0 -9.00677e-05 -1
    outer loop
      vertex 46.6603 19.2814 6.62464
      vertex 46.9498 19.2814 6.62464
      vertex 46.9498 18.9214 6.62467
    endloop
  endfacet
  facet normal 0 -0.000115461 -1
    outer loop
      vertex 46.9498 19.2814 6.62464
      vertex 46.6603 19.2814 6.62464
      vertex 46.6603 22.9239 6.62422
    endloop
  endfacet
  facet normal 0 -0.000115461 -1
    outer loop
      vertex 46.6603 22.9239 6.62422
      vertex 46.9498 22.9239 6.62422
      vertex 46.9498 19.2814 6.62464
    endloop
  endfacet
  facet normal -0.990413 8.56691e-05 0.138137
    outer loop
      vertex 46.9025 22.9238 6.25787
      vertex 46.9025 23.289 6.25764
      vertex 46.8455 23.2889 5.84943
    endloop
  endfacet
  facet normal -0.990424 0 0.138062
    outer loop
      vertex 46.8455 23.2889 5.84943
      vertex 46.8455 22.9237 5.84943
      vertex 46.9025 22.9238 6.25787
    endloop
  endfacet
  facet normal -0.991758 1.15284e-05 0.128127
    outer loop
      vertex 46.9025 18.9213 6.25835
      vertex 46.9498 18.9214 6.62467
      vertex 46.9498 19.2814 6.62464
    endloop
  endfacet
  facet normal -0.991759 2.30687e-05 0.128116
    outer loop
      vertex 46.9498 19.2814 6.62464
      vertex 46.9025 19.2813 6.25829
      vertex 46.9025 18.9213 6.25835
    endloop
  endfacet
  facet normal -0.991759 1.47915e-05 0.128116
    outer loop
      vertex 46.9025 19.2813 6.25829
      vertex 46.9498 19.2814 6.62464
      vertex 46.9498 22.9239 6.62422
    endloop
  endfacet
  facet normal -0.991759 1.47915e-05 0.128116
    outer loop
      vertex 46.9498 22.9239 6.62422
      vertex 46.9025 22.9238 6.25787
      vertex 46.9025 19.2813 6.25829
    endloop
  endfacet
  facet normal 0 -0.000620201 -1
    outer loop
      vertex 46.9498 22.9239 6.62422
      vertex 46.6603 22.9239 6.62422
      vertex 46.6603 23.2891 6.62399
    endloop
  endfacet
  facet normal 0 -0.000620201 -1
    outer loop
      vertex 46.6603 23.2891 6.62399
      vertex 46.9498 23.2891 6.62399
      vertex 46.9498 22.9239 6.62422
    endloop
  endfacet
  facet normal -0.990443 2.48446e-05 0.137922
    outer loop
      vertex 46.9025 18.9213 6.25835
      vertex 46.9025 19.2813 6.25829
      vertex 46.8455 19.2811 5.84943
    endloop
  endfacet
  facet normal -0.990446 0 0.137901
    outer loop
      vertex 46.8455 19.2811 5.84943
      vertex 46.8455 18.9211 5.84943
      vertex 46.9025 18.9213 6.25835
    endloop
  endfacet
  facet normal -0.991759 7.94615e-05 0.128116
    outer loop
      vertex 46.9025 22.9238 6.25787
      vertex 46.9498 22.9239 6.62422
      vertex 46.9498 23.2891 6.62399
    endloop
  endfacet
  facet normal -0.991759 7.94582e-05 0.128116
    outer loop
      vertex 46.9498 23.2891 6.62399
      vertex 46.9025 23.289 6.25764
      vertex 46.9025 22.9238 6.25787
    endloop
  endfacet
  facet normal -0.991759 1.51495e-05 0.128116
    outer loop
      vertex 46.9025 15.6388 6.25871
      vertex 46.9498 15.6388 6.62506
      vertex 46.9498 18.9214 6.62467
    endloop
  endfacet
  facet normal -0.991758 1.3885e-05 0.128127
    outer loop
      vertex 46.9498 18.9214 6.62467
      vertex 46.9025 18.9213 6.25835
      vertex 46.9025 15.6388 6.25871
    endloop
  endfacet
  facet normal 0 -0.000118246 -1
    outer loop
      vertex 46.9498 15.6388 6.62506
      vertex 46.6604 15.6388 6.62506
      vertex 46.6603 18.9214 6.62467
    endloop
  endfacet
  facet normal 0 -0.000118246 -1
    outer loop
      vertex 46.6603 18.9214 6.62467
      vertex 46.9498 18.9214 6.62467
      vertex 46.9498 15.6388 6.62506
    endloop
  endfacet
  facet normal 0 0.999989 0.00472486
    outer loop
      vertex 46.5544 22.9237 5.84943
      vertex 46.8455 22.9237 5.84943
      vertex 46.8455 22.9257 5.41629
    endloop
  endfacet
  facet normal 0 0.999978 0.00664888
    outer loop
      vertex 46.8455 22.9257 5.41629
      vertex 46.5542 22.9257 5.41629
      vertex 46.5542 22.9249 5.53562
    endloop
  endfacet
  facet normal 0.00738466 0.999965 0.0039885
    outer loop
      vertex 46.5542 22.9249 5.53562
      vertex 46.5542 22.9237 5.84788
      vertex 46.5544 22.9237 5.84943
    endloop
  endfacet
  facet normal -0.00108793 0.999991 0.00399386
    outer loop
      vertex 46.8455 22.9257 5.41629
      vertex 46.5542 22.9249 5.53562
      vertex 46.5544 22.9237 5.84943
    endloop
  endfacet
  facet normal 0 -1 0.000373799
    outer loop
      vertex 46.9025 23.289 6.25764
      vertex 46.6102 23.289 6.25764
      vertex 46.5544 23.2889 5.84943
    endloop
  endfacet
  facet normal 0 -1 0.000373799
    outer loop
      vertex 46.5544 23.2889 5.84943
      vertex 46.8455 23.2889 5.84943
      vertex 46.9025 23.289 6.25764
    endloop
  endfacet
  facet normal 0 -1 0.000340552
    outer loop
      vertex 46.9025 19.2813 6.25829
      vertex 46.6102 19.2813 6.25829
      vertex 46.5543 19.2811 5.84943
    endloop
  endfacet
  facet normal 0 -1 0.000340552
    outer loop
      vertex 46.5543 19.2811 5.84943
      vertex 46.8455 19.2811 5.84943
      vertex 46.9025 19.2813 6.25829
    endloop
  endfacet
  facet normal 0 0 -1
    outer loop
      vertex 46.8455 15.6388 5.41629
      vertex 46.5542 15.6388 5.41629
      vertex 46.5542 18.9212 5.41629
    endloop
  endfacet
  facet normal 0 0 -1
    outer loop
      vertex 46.5542 18.9212 5.41629
      vertex 46.8455 18.9212 5.41629
      vertex 46.8455 15.6388 5.41629
    endloop
  endfacet
  facet normal 0 -0.999997 -0.00225897
    outer loop
      vertex 46.8455 23.2899 5.41629
      vertex 46.8455 23.2889 5.84943
      vertex 46.5544 23.2889 5.84943
    endloop
  endfacet
  facet normal -0.0235143 -0.999722 -0.0018873
    outer loop
      vertex 46.5544 23.2889 5.84943
      vertex 46.5542 23.2889 5.84782
      vertex 46.5542 23.2895 5.53562
    endloop
  endfacet
  facet normal 0 -0.999995 -0.00319663
    outer loop
      vertex 46.5542 23.2895 5.53562
      vertex 46.5542 23.2899 5.41629
      vertex 46.8455 23.2899 5.41629
    endloop
  endfacet
  facet normal 0.000530181 -0.999998 -0.00190273
    outer loop
      vertex 46.5544 23.2889 5.84943
      vertex 46.5542 23.2895 5.53562
      vertex 46.8455 23.2899 5.41629
    endloop
  endfacet
  facet normal -1 0 0
    outer loop
      vertex 46.8455 15.6389 4.94843
      vertex 46.8455 15.6388 5.41629
      vertex 46.8455 18.9212 5.41629
    endloop
  endfacet
  facet normal -1 0 0
    outer loop
      vertex 46.8455 18.9212 5.41629
      vertex 46.8455 18.9213 4.94843
      vertex 46.8455 15.6389 4.94843
    endloop
  endfacet
  facet normal -1 0 0
    outer loop
      vertex 46.8455 22.9259 4.94843
      vertex 46.8455 22.9257 5.41629
      vertex 46.8455 23.2899 5.41629
    endloop
  endfacet
  facet normal -1 0 0
    outer loop
      vertex 46.8455 23.2899 5.41629
      vertex 46.8455 23.2899 4.94843
      vertex 46.8455 22.9259 4.94843
    endloop
  endfacet
  facet normal -1 0 0
    outer loop
      vertex 46.8455 18.9213 4.94843
      vertex 46.8455 18.9212 5.41629
      vertex 46.8455 19.2822 5.41629
    endloop
  endfacet
  facet normal -1 0 0
    outer loop
      vertex 46.8455 19.2822 5.41629
      vertex 46.8455 19.2824 4.94843
      vertex 46.8455 18.9213 4.94843
    endloop
  endfacet
  facet normal -1 0 0
    outer loop
      vertex 46.8455 19.2824 4.94843
      vertex 46.8455 19.2822 5.41629
      vertex 46.8455 22.9257 5.41629
    endloop
  endfacet
  facet normal -1 0 0
    outer loop
      vertex 46.8455 22.9257 5.41629
      vertex 46.8455 22.9259 4.94843
      vertex 46.8455 19.2824 4.94843
    endloop
  endfacet
  facet normal -1 0 0.000149718
    outer loop
      vertex 46.8455 22.9237 5.84943
      vertex 46.8455 23.2889 5.84943
      vertex 46.8455 23.2899 5.41629
    endloop
  endfacet
  facet normal -1 0 0.000149718
    outer loop
      vertex 46.8455 23.2899 5.41629
      vertex 46.8455 22.9257 5.41629
      vertex 46.8455 22.9237 5.84943
    endloop
  endfacet
  facet normal 0 0 -1
    outer loop
      vertex 46.8455 19.2822 5.41629
      vertex 46.5542 19.2822 5.41629
      vertex 46.5542 22.9257 5.41629
    endloop
  endfacet
  facet normal 0 0 -1
    outer loop
      vertex 46.5542 22.9257 5.41629
      vertex 46.8455 22.9257 5.41629
      vertex 46.8455 19.2822 5.41629
    endloop
  endfacet
  facet normal -1 0 0.000149718
    outer loop
      vertex 46.8455 18.9211 5.84943
      vertex 46.8455 19.2811 5.84943
      vertex 46.8455 19.2822 5.41629
    endloop
  endfacet
  facet normal -1 0 0.000149718
    outer loop
      vertex 46.8455 19.2822 5.41629
      vertex 46.8455 18.9212 5.41629
      vertex 46.8455 18.9211 5.84943
    endloop
  endfacet
  facet normal 0 -0.999997 -0.00254079
    outer loop
      vertex 46.8455 19.2822 5.41629
      vertex 46.8455 19.2811 5.84943
      vertex 46.5543 19.2811 5.84943
    endloop
  endfacet
  facet normal 0.0177482 -0.99984 -0.00217666
    outer loop
      vertex 46.5543 19.2811 5.84943
      vertex 46.5542 19.2811 5.84863
      vertex 46.5542 19.2818 5.53585
    endloop
  endfacet
  facet normal -2.61964e-05 -0.999994 -0.00357346
    outer loop
      vertex 46.5542 19.2818 5.53585
      vertex 46.5542 19.2822 5.41629
      vertex 46.8455 19.2822 5.41629
    endloop
  endfacet
  facet normal 0.000549322 -0.999997 -0.00217157
    outer loop
      vertex 46.5543 19.2811 5.84943
      vertex 46.5542 19.2818 5.53585
      vertex 46.8455 19.2822 5.41629
    endloop
  endfacet
  facet normal 0 1 0.000264207
    outer loop
      vertex 46.5543 18.9211 5.84943
      vertex 46.8455 18.9211 5.84943
      vertex 46.8455 18.9212 5.41629
    endloop
  endfacet
  facet normal 0 1 0.000350872
    outer loop
      vertex 46.8455 18.9212 5.41629
      vertex 46.5542 18.9212 5.41629
      vertex 46.5542 18.9212 5.53588
    endloop
  endfacet
  facet normal -0.00173777 0.999998 0.000231702
    outer loop
      vertex 46.5542 18.9212 5.53588
      vertex 46.5542 18.9211 5.84869
      vertex 46.5543 18.9211 5.84943
    endloop
  endfacet
  facet normal -4.91545e-05 1 0.000231169
    outer loop
      vertex 46.8455 18.9212 5.41629
      vertex 46.5542 18.9212 5.53588
      vertex 46.5543 18.9211 5.84943
    endloop
  endfacet
  facet normal -0.829484 0 0.55853
    outer loop
      vertex 46.3975 58.5937 8.16705
      vertex 46.8518 58.5937 8.84165
      vertex 46.8518 64.2712 8.84165
    endloop
  endfacet
  facet normal -0.829484 0 0.55853
    outer loop
      vertex 46.8518 64.2712 8.84165
      vertex 46.3975 64.2712 8.16705
      vertex 46.3975 58.5937 8.16705
    endloop
  endfacet
  facet normal -1 0 0.000775356
    outer loop
      vertex 46.5499 63.819 5.60899
      vertex 46.5499 68.6949 5.60899
      vertex 46.5496 68.6949 5.23015
    endloop
  endfacet
  facet normal -1 0 0.000775356
    outer loop
      vertex 46.5496 68.6949 5.23015
      vertex 46.5496 63.819 5.23015
      vertex 46.5499 63.819 5.60899
    endloop
  endfacet
  facet normal -1 1.56322e-05 0.000775355
    outer loop
      vertex 46.5499 63.5527 5.61436
      vertex 46.5499 63.819 5.60899
      vertex 46.5496 63.819 5.23015
    endloop
  endfacet
  facet normal -1 0 0.000764519
    outer loop
      vertex 46.5496 63.819 5.23015
      vertex 46.5496 63.5527 5.23015
      vertex 46.5499 63.5527 5.61436
    endloop
  endfacet
  facet normal 0 0.792389 0.610016
    outer loop
      vertex 47.8273 64.2712 8.84165
      vertex 47.8273 64.5375 8.49568
      vertex 46.8518 64.5375 8.49568
    endloop
  endfacet
  facet normal 0 0.792389 0.610016
    outer loop
      vertex 46.8518 64.5375 8.49568
      vertex 46.8518 64.2712 8.84165
      vertex 47.8273 64.2712 8.84165
    endloop
  endfacet
  facet normal 0 0 1
    outer loop
      vertex 47.3732 69.7622 8.49568
      vertex 47.3732 69.8633 8.49568
      vertex 46.8518 69.8633 8.49568
    endloop
  endfacet
  facet normal 0 0 1
    outer loop
      vertex 46.8518 68.6949 8.49568
      vertex 47.5305 68.6949 8.49568
      vertex 47.5305 68.7527 8.49568
    endloop
  endfacet
  facet normal 0 0 1
    outer loop
      vertex 46.8518 68.6949 8.49568
      vertex 47.5305 68.7527 8.49568
      vertex 47.3732 68.7527 8.49568
    endloop
  endfacet
  facet normal 0 0 1
    outer loop
      vertex 47.3732 69.7622 8.49568
      vertex 46.8518 69.8633 8.49568
      vertex 46.8518 68.6949 8.49568
    endloop
  endfacet
  facet normal 0 0 1
    outer loop
      vertex 47.5305 69.1706 8.49568
      vertex 47.5305 69.7622 8.49568
      vertex 47.3732 69.7622 8.49568
    endloop
  endfacet
  facet normal 0 0 1
    outer loop
      vertex 46.8518 68.6949 8.49568
      vertex 47.3732 68.7527 8.49568
      vertex 47.3732 69.1706 8.49568
    endloop
  endfacet
  facet normal 0 0 1
    outer loop
      vertex 47.3732 69.1706 8.49568
      vertex 47.5305 69.1706 8.49568
      vertex 47.3732 69.7622 8.49568
    endloop
  endfacet
  facet normal 0 0 1
    outer loop
      vertex 46.8518 68.6949 8.49568
      vertex 47.3732 69.1706 8.49568
      vertex 47.3732 69.7622 8.49568
    endloop
  endfacet
  facet normal -0.979823 0 -0.199869
    outer loop
      vertex 46.8233 69.8633 3.89794
      vertex 46.5499 69.8633 5.23843
      vertex 46.5499 71.4912 5.23843
    endloop
  endfacet
  facet normal -0.979824 0 -0.199861
    outer loop
      vertex 46.5654 71.4912 5.16206
      vertex 46.8233 71.4912 3.89794
      vertex 46.8233 69.8633 3.89794
    endloop
  endfacet
  facet normal -0.979794 0.000118302 -0.200007
    outer loop
      vertex 46.5499 71.4912 5.23843
      vertex 46.5654 71.4912 5.16206
      vertex 46.8233 69.8633 3.89794
    endloop
  endfacet
  facet normal -1 0.000245895 0.000775355
    outer loop
      vertex 46.5499 68.6949 5.60899
      vertex 46.5499 69.8633 5.23843
      vertex 46.5496 68.6949 5.23015
    endloop
  endfacet
  facet normal 0 1 0
    outer loop
      vertex 46.5499 83.3749 6.30723
      vertex 47.0786 83.3749 6.30723
      vertex 47.0786 83.3749 6.03874
    endloop
  endfacet
  facet normal 0 1 0
    outer loop
      vertex 47.0786 83.3749 6.03874
      vertex 46.5499 83.3749 6.03874
      vertex 46.5499 83.3749 6.30723
    endloop
  endfacet
  facet normal -0.945055 0 0.326912
    outer loop
      vertex 45.5352 48.6466 7.40815
      vertex 45.5352 47.2244 7.40815
      vertex 46.673 47.2244 10.6975
    endloop
  endfacet
  facet normal -0.945055 0 0.326912
    outer loop
      vertex 46.673 47.2244 10.6975
      vertex 46.673 48.6466 10.6975
      vertex 45.5352 48.6466 7.40815
    endloop
  endfacet
  facet normal 0 1 0
    outer loop
      vertex 46.3975 51.0587 8.16705
      vertex 45.5352 51.0587 7.40815
      vertex 46.673 51.0587 10.6975
    endloop
  endfacet
  facet normal 0 1 0
    outer loop
      vertex 46.673 51.0587 10.6975
      vertex 46.8518 51.0587 8.84165
      vertex 46.3975 51.0587 8.16705
    endloop
  endfacet
  facet normal 0 0 1
    outer loop
      vertex 46.673 47.2244 10.6975
      vertex 46.673 44.0298 10.6975
      vertex 47.8273 44.0298 10.6975
    endloop
  endfacet
  facet normal 0 0 1
    outer loop
      vertex 47.8273 44.0298 10.6975
      vertex 47.8273 47.2244 10.6975
      vertex 46.673 47.2244 10.6975
    endloop
  endfacet
  facet normal 0 0 -1
    outer loop
      vertex 47.8273 49.5587 4.0536
      vertex 47.8273 48.7528 4.0536
      vertex 45.5352 48.7528 4.0536
    endloop
  endfacet
  facet normal 0 0 -1
    outer loop
      vertex 45.5352 48.7528 4.0536
      vertex 45.5352 49.5587 4.0536
      vertex 47.8273 49.5587 4.0536
    endloop
  endfacet
  facet normal 0 -1 0
    outer loop
      vertex 46.673 47.2244 10.6975
      vertex 47.8273 47.2244 10.6975
      vertex 47.8273 47.2244 11.3933
    endloop
  endfacet
  facet normal 0 -1 0
    outer loop
      vertex 47.8273 47.2244 11.3933
      vertex 46.673 47.2244 11.3933
      vertex 46.673 47.2244 10.6975
    endloop
  endfacet
  facet normal 0 0.981432 -0.191813
    outer loop
      vertex 46.8233 83.1128 3.89794
      vertex 47.2813 83.2155 4.42322
      vertex 47.8273 83.2155 4.42322
    endloop
  endfacet
  facet normal 0 0.981432 -0.191813
    outer loop
      vertex 47.8273 83.2155 4.42322
      vertex 47.8273 83.1128 3.89794
      vertex 46.8233 83.1128 3.89794
    endloop
  endfacet
  facet normal 0 0 -1
    outer loop
      vertex 46.8233 83.1128 3.89794
      vertex 47.8273 83.1128 3.89794
      vertex 47.8273 79.1936 3.89794
    endloop
  endfacet
  facet normal 0 0 -1
    outer loop
      vertex 47.8273 79.1936 3.89794
      vertex 46.8233 79.1936 3.89794
      vertex 46.8233 83.1128 3.89794
    endloop
  endfacet
  facet normal 0 -0.75181 -0.65938
    outer loop
      vertex 47.1378 68.6949 5.23015
      vertex 46.5496 68.6949 5.23015
      vertex 46.8233 69.8633 3.89794
    endloop
  endfacet
  facet normal 0 -0.751809 -0.659381
    outer loop
      vertex 46.8233 69.8633 3.89794
      vertex 47.8273 69.8633 3.89794
      vertex 47.8273 69.2014 4.65263
    endloop
  endfacet
  facet normal -9.91154e-05 -0.751822 -0.659366
    outer loop
      vertex 47.2495 69.2014 4.65263
      vertex 47.1378 68.6949 5.23015
      vertex 46.8233 69.8633 3.89794
    endloop
  endfacet
  facet normal 3.9669e-05 -0.751783 -0.659411
    outer loop
      vertex 46.8233 69.8633 3.89794
      vertex 47.8273 69.2014 4.65263
      vertex 47.2495 69.2014 4.65263
    endloop
  endfacet
  facet normal 0 0 -1
    outer loop
      vertex 46.9484 63.819 5.23015
      vertex 46.5496 63.819 5.23015
      vertex 46.5496 68.6949 5.23015
    endloop
  endfacet
  facet normal 0 0 -1
    outer loop
      vertex 46.5496 68.6949 5.23015
      vertex 47.1378 68.6949 5.23015
      vertex 47.1378 68.5578 5.23015
    endloop
  endfacet
  facet normal 0 0 -1
    outer loop
      vertex 46.5496 68.6949 5.23015
      vertex 47.1378 68.5578 5.23015
      vertex 46.9484 68.5578 5.23015
    endloop
  endfacet
  facet normal 0 0 -1
    outer loop
      vertex 46.9484 64.0769 5.23015
      vertex 46.9484 63.819 5.23015
      vertex 46.5496 68.6949 5.23015
    endloop
  endfacet
  facet normal 0 0 -1
    outer loop
      vertex 47.1378 64.9173 5.23015
      vertex 47.1378 64.0769 5.23015
      vertex 46.9484 64.0769 5.23015
    endloop
  endfacet
  facet normal 0 0 -1
    outer loop
      vertex 46.9484 64.9173 5.23015
      vertex 47.1378 64.9173 5.23015
      vertex 46.9484 64.0769 5.23015
    endloop
  endfacet
  facet normal 0 0 -1
    outer loop
      vertex 46.5496 68.6949 5.23015
      vertex 46.9484 68.5578 5.23015
      vertex 46.9484 67.8647 5.23015
    endloop
  endfacet
  facet normal 0 0 -1
    outer loop
      vertex 46.9484 67.8647 5.23015
      vertex 47.1378 67.8647 5.23015
      vertex 47.1378 67.1202 5.23015
    endloop
  endfacet
  facet normal 0 0 -1
    outer loop
      vertex 46.9484 67.8647 5.23015
      vertex 47.1378 67.1202 5.23015
      vertex 46.9484 67.1202 5.23015
    endloop
  endfacet
  facet normal 0 0 -1
    outer loop
      vertex 46.9484 64.0769 5.23015
      vertex 46.5496 68.6949 5.23015
      vertex 46.9484 67.8647 5.23015
    endloop
  endfacet
  facet normal 0 0 0
    outer loop
      vertex 46.9484 65.6104 5.23015
      vertex 46.9484 64.9173 5.23015
      vertex 46.9484 64.0769 5.23015
    endloop
  endfacet
  facet normal 0 0 -1
    outer loop
      vertex 47.1378 66.4271 5.23015
      vertex 47.1378 65.6104 5.23015
      vertex 46.9484 65.6104 5.23015
    endloop
  endfacet
  facet normal 0 0 0
    outer loop
      vertex 46.9484 67.8647 5.23015
      vertex 46.9484 67.1202 5.23015
      vertex 46.9484 66.4271 5.23015
    endloop
  endfacet
  facet normal 0 0 -1
    outer loop
      vertex 46.9484 66.4271 5.23015
      vertex 47.1378 66.4271 5.23015
      vertex 46.9484 65.6104 5.23015
    endloop
  endfacet
  facet normal 0 0 0
    outer loop
      vertex 46.9484 65.6104 5.23015
      vertex 46.9484 64.0769 5.23015
      vertex 46.9484 67.8647 5.23015
    endloop
  endfacet
  facet normal 0 0 0
    outer loop
      vertex 46.9484 67.8647 5.23015
      vertex 46.9484 66.4271 5.23015
      vertex 46.9484 65.6104 5.23015
    endloop
  endfacet
  facet normal 0 0 -1
    outer loop
      vertex 46.5496 63.5527 5.23015
      vertex 46.5496 63.819 5.23015
      vertex 46.9484 63.819 5.23015
    endloop
  endfacet
  facet normal 0 0 -1
    outer loop
      vertex 46.9484 63.819 5.23015
      vertex 46.9484 63.5527 5.23015
      vertex 46.5496 63.5527 5.23015
    endloop
  endfacet
  facet normal 0 1 0
    outer loop
      vertex 46.673 51.0587 10.6975
      vertex 47.8273 51.0587 10.6975
      vertex 47.8273 51.0587 10.429
    endloop
  endfacet
  facet normal 0 1 0
    outer loop
      vertex 46.673 51.0587 10.6975
      vertex 47.8273 51.0587 10.429
      vertex 47.2157 51.0587 10.429
    endloop
  endfacet
  facet normal 0 1 0
    outer loop
      vertex 47.8273 51.0587 9.2058
      vertex 47.8273 51.0587 8.84165
      vertex 46.8518 51.0587 8.84165
    endloop
  endfacet
  facet normal 0 1 0
    outer loop
      vertex 46.673 51.0587 10.6975
      vertex 47.2157 51.0587 10.429
      vertex 47.2157 51.0587 9.2058
    endloop
  endfacet
  facet normal 0 1 0
    outer loop
      vertex 47.2157 51.0587 9.2058
      vertex 47.8273 51.0587 9.2058
      vertex 46.8518 51.0587 8.84165
    endloop
  endfacet
  facet normal 0 1 0
    outer loop
      vertex 46.8518 51.0587 8.84165
      vertex 46.673 51.0587 10.6975
      vertex 47.2157 51.0587 9.2058
    endloop
  endfacet
  facet normal 0 0 1
    outer loop
      vertex 46.8518 58.5937 8.84165
      vertex 47.8273 58.5937 8.84165
      vertex 47.8273 64.2712 8.84165
    endloop
  endfacet
  facet normal 0 0 1
    outer loop
      vertex 47.8273 64.2712 8.84165
      vertex 46.8518 64.2712 8.84165
      vertex 46.8518 58.5937 8.84165
    endloop
  endfacet
  facet normal 0 -0.591783 -0.806097
    outer loop
      vertex 45.5352 48.7528 4.0536
      vertex 47.8273 48.7528 4.0536
      vertex 47.8273 48.2908 4.39281
    endloop
  endfacet
  facet normal 0 -0.591783 -0.806097
    outer loop
      vertex 45.5352 48.7528 4.0536
      vertex 47.8273 48.2908 4.39281
      vertex 47.3301 48.2908 4.39281
    endloop
  endfacet
  facet normal 0 -0.591742 -0.806127
    outer loop
      vertex 46.9732 47.2244 5.17555
      vertex 45.5352 47.2244 5.17555
      vertex 45.5352 48.7528 4.0536
    endloop
  endfacet
  facet normal 0 -0.591717 -0.806145
    outer loop
      vertex 47.2495 47.9368 4.65263
      vertex 47.1612 47.3148 5.10914
      vertex 47.0035 47.3148 5.10914
    endloop
  endfacet
  facet normal -0.000212535 -0.591872 -0.806032
    outer loop
      vertex 47.0035 47.3148 5.10914
      vertex 46.9732 47.2244 5.17555
      vertex 45.5352 48.7528 4.0536
    endloop
  endfacet
  facet normal 2.79958e-05 -0.591713 -0.806149
    outer loop
      vertex 45.5352 48.7528 4.0536
      vertex 47.3301 48.2908 4.39281
      vertex 47.2819 48.1466 4.49862
    endloop
  endfacet
  facet normal 0 -0.591674 -0.806177
    outer loop
      vertex 47.2819 48.1466 4.49862
      vertex 47.8273 48.1466 4.49862
      vertex 47.8273 47.9368 4.65263
    endloop
  endfacet
  facet normal 1.49807e-05 -0.591721 -0.806143
    outer loop
      vertex 47.2495 47.9368 4.65263
      vertex 47.0035 47.3148 5.10914
      vertex 45.5352 48.7528 4.0536
    endloop
  endfacet
  facet normal 0 -0.591674 -0.806177
    outer loop
      vertex 47.2819 48.1466 4.49862
      vertex 47.8273 47.9368 4.65263
      vertex 47.2495 47.9368 4.65263
    endloop
  endfacet
  facet normal 4.60856e-05 -0.591679 -0.806174
    outer loop
      vertex 47.2819 48.1466 4.49862
      vertex 47.2495 47.9368 4.65263
      vertex 45.5352 48.7528 4.0536
    endloop
  endfacet
  facet normal 0 1 0
    outer loop
      vertex 46.5496 51.0587 5.23015
      vertex 45.5352 51.0587 4.0536
      vertex 45.5352 51.0587 5.17555
    endloop
  endfacet
  facet normal 0 1 0
    outer loop
      vertex 45.5352 51.0587 5.17555
      vertex 46.5499 51.0587 5.61436
      vertex 46.5496 51.0587 5.23015
    endloop
  endfacet
  facet normal -1 0 0
    outer loop
      vertex 45.5352 49.5587 4.0536
      vertex 45.5352 48.7528 4.0536
      vertex 45.5352 47.2244 5.17555
    endloop
  endfacet
  facet normal -1 0 0
    outer loop
      vertex 45.5352 47.2244 5.17555
      vertex 45.5352 48.6466 5.17555
      vertex 45.5352 49.5587 4.0536
    endloop
  endfacet
  facet normal -1 0 0
    outer loop
      vertex 46.5499 68.6949 6.30183
      vertex 46.5499 69.8633 6.03751
      vertex 46.5499 69.8633 5.23843
    endloop
  endfacet
  facet normal -1 0 0
    outer loop
      vertex 46.5499 69.8633 5.23843
      vertex 46.5499 68.6949 5.60899
      vertex 46.5499 68.6949 6.30183
    endloop
  endfacet
  facet normal -1 0 0
    outer loop
      vertex 46.5499 69.8633 6.03751
      vertex 46.5499 71.4912 6.03751
      vertex 46.5499 71.4912 5.23843
    endloop
  endfacet
  facet normal -1 0 0
    outer loop
      vertex 46.5499 71.4912 5.23843
      vertex 46.5499 69.8633 5.23843
      vertex 46.5499 69.8633 6.03751
    endloop
  endfacet
  facet normal -1 0 0
    outer loop
      vertex 46.5499 63.5527 6.35673
      vertex 46.5499 63.819 6.30183
      vertex 46.5499 63.819 5.60899
    endloop
  endfacet
  facet normal -1 0 0
    outer loop
      vertex 46.5499 63.819 5.60899
      vertex 46.5499 63.5527 5.61436
      vertex 46.5499 63.5527 6.35673
    endloop
  endfacet
  facet normal -1 0 0
    outer loop
      vertex 46.5499 63.819 6.30183
      vertex 46.5499 68.6949 6.30183
      vertex 46.5499 68.6949 5.60899
    endloop
  endfacet
  facet normal -1 0 0
    outer loop
      vertex 46.5499 68.6949 5.60899
      vertex 46.5499 63.819 5.60899
      vertex 46.5499 63.819 6.30183
    endloop
  endfacet
  facet normal -1 0 0.000764519
    outer loop
      vertex 46.5496 58.5937 5.23015
      vertex 46.5499 58.5937 5.61436
      vertex 46.5499 63.5527 5.61436
    endloop
  endfacet
  facet normal -1 0 0.000764519
    outer loop
      vertex 46.5499 63.5527 5.61436
      vertex 46.5496 63.5527 5.23015
      vertex 46.5496 58.5937 5.23015
    endloop
  endfacet
  facet normal -0.979822 0.000493099 -0.199869
    outer loop
      vertex 46.5499 83.3749 5.23908
      vertex 46.8233 83.1128 3.89794
      vertex 46.5499 83.1128 5.23843
    endloop
  endfacet
  facet normal -0.945055 0 0.326912
    outer loop
      vertex 45.5352 47.2244 7.40815
      vertex 45.5352 44.0298 7.40815
      vertex 46.673 44.0298 10.6975
    endloop
  endfacet
  facet normal -0.945055 0 0.326912
    outer loop
      vertex 46.673 44.0298 10.6975
      vertex 46.673 47.2244 10.6975
      vertex 45.5352 47.2244 7.40815
    endloop
  endfacet
  facet normal -1 0 0
    outer loop
      vertex 45.5352 47.2244 6.04281
      vertex 45.5352 44.0298 6.04281
      vertex 45.5352 44.0298 7.40815
    endloop
  endfacet
  facet normal -1 0 0
    outer loop
      vertex 45.5352 44.0298 7.40815
      vertex 45.5352 47.2244 7.40815
      vertex 45.5352 47.2244 6.04281
    endloop
  endfacet
  facet normal -0.979821 0.00166289 -0.199869
    outer loop
      vertex 46.5499 69.8633 5.23843
      vertex 46.8233 69.8633 3.89794
      vertex 46.5496 68.6949 5.23015
    endloop
  endfacet
  facet normal -0.857991 0 0.513665
    outer loop
      vertex 46.8518 64.5375 8.49568
      vertex 46.8518 68.6949 8.49568
      vertex 46.5499 68.6949 7.9914
    endloop
  endfacet
  facet normal -0.857991 0 0.513665
    outer loop
      vertex 46.5499 68.6949 7.9914
      vertex 46.5499 64.5375 7.9914
      vertex 46.8518 64.5375 8.49568
    endloop
  endfacet
  facet normal -0.713704 0.555027 0.427284
    outer loop
      vertex 46.8518 64.2712 8.84165
      vertex 46.8518 64.5375 8.49568
      vertex 46.5499 64.5375 7.9914
    endloop
  endfacet
  facet normal -0.634275 0.644432 0.427086
    outer loop
      vertex 46.5499 64.5375 7.9914
      vertex 46.3975 64.2712 8.16705
      vertex 46.8518 64.2712 8.84165
    endloop
  endfacet
  facet normal -0.860359 0 0.509689
    outer loop
      vertex 46.8518 69.8633 8.49568
      vertex 46.8518 83.1128 8.49568
      vertex 46.5499 83.1128 7.98606
    endloop
  endfacet
  facet normal -0.860359 0 0.509689
    outer loop
      vertex 46.5499 83.1128 7.98606
      vertex 46.5499 69.8633 7.98606
      vertex 46.8518 69.8633 8.49568
    endloop
  endfacet
  facet normal -0.860359 0 0.509688
    outer loop
      vertex 46.8518 68.6949 8.49568
      vertex 46.8518 69.8633 8.49568
      vertex 46.5499 69.8633 7.98606
    endloop
  endfacet
  facet normal -0.857988 0.00234657 0.513664
    outer loop
      vertex 46.5499 69.8633 7.98606
      vertex 46.5499 68.6949 7.9914
      vertex 46.8518 68.6949 8.49568
    endloop
  endfacet
  facet normal 0 1 0
    outer loop
      vertex 46.3975 51.0587 8.01744
      vertex 45.5352 51.0587 6.04281
      vertex 45.5352 51.0587 7.40815
    endloop
  endfacet
  facet normal 0 1 0
    outer loop
      vertex 45.5352 51.0587 7.40815
      vertex 46.3975 51.0587 8.16705
      vertex 46.3975 51.0587 8.01744
    endloop
  endfacet
  facet normal -1 0 0
    outer loop
      vertex 45.5352 48.6466 6.04281
      vertex 45.5352 47.2244 6.04281
      vertex 45.5352 47.2244 7.40815
    endloop
  endfacet
  facet normal -1 0 0
    outer loop
      vertex 45.5352 47.2244 7.40815
      vertex 45.5352 48.6466 7.40815
      vertex 45.5352 48.6466 6.04281
    endloop
  endfacet
  facet normal -1 0 0
    outer loop
      vertex 46.3975 58.5937 6.60597
      vertex 46.3975 58.5937 8.16705
      vertex 46.3975 58.929 7.96808
    endloop
  endfacet
  facet normal -1 0 0
    outer loop
      vertex 46.3975 58.929 7.17356
      vertex 46.3975 59.2731 7.17356
      vertex 46.3975 58.5937 6.60597
    endloop
  endfacet
  facet normal -1 0 0
    outer loop
      vertex 46.3975 58.5937 6.60597
      vertex 46.3975 58.929 7.96808
      vertex 46.3975 58.929 7.17356
    endloop
  endfacet
  facet normal -1 0 0
    outer loop
      vertex 46.5499 83.3749 6.30723
      vertex 46.5499 83.1128 6.30578
      vertex 46.5499 83.1128 6.92399
    endloop
  endfacet
  facet normal -1 0 0
    outer loop
      vertex 46.5499 83.1128 6.92399
      vertex 46.5499 83.3749 6.92399
      vertex 46.5499 83.3749 6.30723
    endloop
  endfacet
  facet normal -0.860347 -0.00534781 0.509681
    outer loop
      vertex 46.8518 83.1128 8.49568
      vertex 46.5499 83.3749 7.98881
      vertex 46.5499 83.1128 7.98606
    endloop
  endfacet
  facet normal 0 1 0
    outer loop
      vertex 45.5352 44.0298 7.40815
      vertex 45.5352 44.0298 7.78573
      vertex 46.673 44.0298 12.2717
    endloop
  endfacet
  facet normal 0 1 0
    outer loop
      vertex 46.673 44.0298 12.2717
      vertex 46.673 44.0298 10.6975
      vertex 45.5352 44.0298 7.40815
    endloop
  endfacet
  facet normal 0 0 0
    outer loop
      vertex 45.5352 44.0298 6.04281
      vertex 45.5352 44.0298 5.84054
      vertex 45.5352 44.0298 7.78573
    endloop
  endfacet
  facet normal 0 0 0
    outer loop
      vertex 45.5352 44.0298 7.78573
      vertex 45.5352 44.0298 7.40815
      vertex 45.5352 44.0298 6.04281
    endloop
  endfacet
  facet normal 0 1 0
    outer loop
      vertex 46.673 44.0298 10.6975
      vertex 46.673 44.0298 12.2717
      vertex 47.8273 44.0298 12.2717
    endloop
  endfacet
  facet normal 0 1 0
    outer loop
      vertex 47.8273 44.0298 12.2717
      vertex 47.8273 44.0298 10.6975
      vertex 46.673 44.0298 10.6975
    endloop
  endfacet
  facet normal 0 -1 0
    outer loop
      vertex 45.5352 40.2265 5.84054
      vertex 45.5378 40.2265 5.84529
      vertex 45.5378 40.2265 7.78935
    endloop
  endfacet
  facet normal 0 -1 0
    outer loop
      vertex 45.5378 40.2265 7.78935
      vertex 45.5352 40.2265 7.78573
      vertex 45.5352 40.2265 5.84054
    endloop
  endfacet
  facet normal 0 -1 0
    outer loop
      vertex 46.673 40.2265 12.2717
      vertex 46.3882 40.2265 10.8185
      vertex 47.8273 40.2265 10.8185
    endloop
  endfacet
  facet normal 0 -1 0
    outer loop
      vertex 47.8273 40.2265 10.8185
      vertex 47.8273 40.2265 12.2717
      vertex 46.673 40.2265 12.2717
    endloop
  endfacet
  facet normal 0 0 1
    outer loop
      vertex 46.673 44.0298 12.2717
      vertex 46.673 40.2265 12.2717
      vertex 47.8273 40.2265 12.2717
    endloop
  endfacet
  facet normal 0 0 1
    outer loop
      vertex 47.8273 40.2265 12.2717
      vertex 47.8273 44.0298 12.2717
      vertex 46.673 44.0298 12.2717
    endloop
  endfacet
  facet normal -0.969306 0 0.245857
    outer loop
      vertex 45.5352 44.0298 7.78573
      vertex 45.5352 40.2265 7.78573
      vertex 46.673 40.2265 12.2717
    endloop
  endfacet
  facet normal -0.969306 0 0.245857
    outer loop
      vertex 46.673 40.2265 12.2717
      vertex 46.673 44.0298 12.2717
      vertex 45.5352 44.0298 7.78573
    endloop
  endfacet
  facet normal -1 0 0
    outer loop
      vertex 45.5352 44.0298 5.84054
      vertex 45.5352 40.2265 5.84054
      vertex 45.5352 40.2265 7.78573
    endloop
  endfacet
  facet normal -1 0 0
    outer loop
      vertex 45.5352 40.2265 7.78573
      vertex 45.5352 44.0298 7.78573
      vertex 45.5352 44.0298 5.84054
    endloop
  endfacet
  facet normal 0 0 -1
    outer loop
      vertex 47.8273 44.0298 4.60495
      vertex 47.8273 40.2265 4.60495
      vertex 45.5352 40.2265 4.60495
    endloop
  endfacet
  facet normal 0 0 -1
    outer loop
      vertex 45.5352 40.2265 4.60495
      vertex 45.5352 44.0298 4.60495
      vertex 47.8273 44.0298 4.60495
    endloop
  endfacet
  facet normal 0 -1 0
    outer loop
      vertex 45.5352 40.2265 7.78573
      vertex 45.5378 40.2265 7.78935
      vertex 46.3882 40.2265 10.8185
    endloop
  endfacet
  facet normal 0 -1 0
    outer loop
      vertex 46.3882 40.2265 10.8185
      vertex 46.673 40.2265 12.2717
      vertex 45.5352 40.2265 7.78573
    endloop
  endfacet
  facet normal -8.33095e-06 -1 0
    outer loop
      vertex 47.8273 40.2265 4.60495
      vertex 47.8273 40.2265 4.61042
      vertex 45.5378 40.2265 4.61042
    endloop
  endfacet
  facet normal -8.32142e-06 -1 3.98906e-06
    outer loop
      vertex 45.5378 40.2265 4.61042
      vertex 45.5352 40.2265 4.60495
      vertex 47.8273 40.2265 4.60495
    endloop
  endfacet
  facet normal -0.000634453 -0.663383 0.74828
    outer loop
      vertex 45.5378 35.6386 7.78935
      vertex 47.8273 35.6386 7.79129
      vertex 47.8273 37.2341 9.2058
    endloop
  endfacet
  facet normal 0 -0.663893 0.747828
    outer loop
      vertex 45.5378 35.6386 7.78935
      vertex 47.8273 37.2341 9.2058
      vertex 47.2157 37.2341 9.2058
    endloop
  endfacet
  facet normal 0 -0.663367 0.748294
    outer loop
      vertex 47.8273 38.6138 10.429
      vertex 47.8273 39.0532 10.8185
      vertex 46.3882 39.0532 10.8185
    endloop
  endfacet
  facet normal -0.000855095 -0.663389 0.748274
    outer loop
      vertex 45.5378 35.6386 7.78935
      vertex 47.2157 37.2341 9.2058
      vertex 47.2157 38.6138 10.429
    endloop
  endfacet
  facet normal 0 -0.663367 0.748294
    outer loop
      vertex 47.2157 38.6138 10.429
      vertex 47.8273 38.6138 10.429
      vertex 46.3882 39.0532 10.8185
    endloop
  endfacet
  facet normal -0.000213285 -0.663592 0.748095
    outer loop
      vertex 47.2157 38.6138 10.429
      vertex 46.3882 39.0532 10.8185
      vertex 45.5378 35.6386 7.78935
    endloop
  endfacet
  facet normal 0 0 1
    outer loop
      vertex 46.3882 40.2265 10.8185
      vertex 46.3882 39.0532 10.8185
      vertex 47.8273 39.0532 10.8185
    endloop
  endfacet
  facet normal 0 0 1
    outer loop
      vertex 47.8273 39.0532 10.8185
      vertex 47.8273 40.2265 10.8185
      vertex 46.3882 40.2265 10.8185
    endloop
  endfacet
  facet normal -1 0 0
    outer loop
      vertex 45.5378 40.2265 7.78935
      vertex 45.5378 40.2265 5.84529
      vertex 45.5378 37.0783 5.84529
    endloop
  endfacet
  facet normal -1 0 0
    outer loop
      vertex 45.5378 40.2265 7.78935
      vertex 45.5378 37.0783 5.84529
      vertex 45.5378 37.0783 5.95884
    endloop
  endfacet
  facet normal -1 0 0
    outer loop
      vertex 45.5378 36.0855 5.84529
      vertex 45.5378 35.6386 5.84529
      vertex 45.5378 35.6386 7.78935
    endloop
  endfacet
  facet normal -1 0 0
    outer loop
      vertex 45.5378 36.0855 7.33259
      vertex 45.5378 36.0855 5.84529
      vertex 45.5378 35.6386 7.78935
    endloop
  endfacet
  facet normal -1 0 0
    outer loop
      vertex 45.5378 40.2265 7.78935
      vertex 45.5378 37.0783 5.95884
      vertex 45.5378 36.7342 5.95884
    endloop
  endfacet
  facet normal -1 0 0
    outer loop
      vertex 45.5378 36.7342 5.95884
      vertex 45.5378 36.7342 5.84529
      vertex 45.5378 36.4296 5.84529
    endloop
  endfacet
  facet normal -1 0 0
    outer loop
      vertex 45.5378 36.4296 7.33259
      vertex 45.5378 36.0855 7.33259
      vertex 45.5378 35.6386 7.78935
    endloop
  endfacet
  facet normal -1 0 0
    outer loop
      vertex 45.5378 36.7342 5.95884
      vertex 45.5378 36.4296 5.84529
      vertex 45.5378 36.4296 7.33259
    endloop
  endfacet
  facet normal -1 0 0
    outer loop
      vertex 45.5378 36.4296 7.33259
      vertex 45.5378 35.6386 7.78935
      vertex 45.5378 40.2265 7.78935
    endloop
  endfacet
  facet normal -1 0 0
    outer loop
      vertex 45.5378 36.7342 5.95884
      vertex 45.5378 36.4296 7.33259
      vertex 45.5378 40.2265 7.78935
    endloop
  endfacet
  facet normal -0.962776 0 0.270302
    outer loop
      vertex 45.5378 40.2265 7.78935
      vertex 45.5378 35.6386 7.78935
      vertex 46.3882 39.0532 10.8185
    endloop
  endfacet
  facet normal -0.962776 0 0.270302
    outer loop
      vertex 46.3882 39.0532 10.8185
      vertex 46.3882 40.2265 10.8185
      vertex 45.5378 40.2265 7.78935
    endloop
  endfacet
  facet normal 0 -1 0
    outer loop
      vertex 45.5378 35.6386 7.78935
      vertex 46.82 35.6386 7.78935
      vertex 47.8273 35.6386 7.79026
    endloop
  endfacet
  facet normal 0 -1 0
    outer loop
      vertex 47.8273 35.6386 7.79026
      vertex 47.8273 35.6386 7.79129
      vertex 45.5378 35.6386 7.78935
    endloop
  endfacet
  facet normal -0.994874 0 0.101121
    outer loop
      vertex 46.3851 10.4145 5.73366
      vertex 46.3851 8.54902 5.73366
      vertex 46.6509 8.54902 8.3485
    endloop
  endfacet
  facet normal -0.994874 0 0.101121
    outer loop
      vertex 46.6509 8.54902 8.3485
      vertex 46.6509 10.4145 8.3485
      vertex 46.3851 10.4145 5.73366
    endloop
  endfacet
  facet normal 0 -1 0
    outer loop
      vertex 45.5378 35.6386 5.84529
      vertex 46.5542 35.6386 5.84529
      vertex 46.82 35.6386 7.78935
    endloop
  endfacet
  facet normal 0 -1 0
    outer loop
      vertex 46.82 35.6386 7.78935
      vertex 45.5378 35.6386 7.78935
      vertex 45.5378 35.6386 5.84529
    endloop
  endfacet
  facet normal 0 0 -1
    outer loop
      vertex 45.5378 40.2265 4.61042
      vertex 46.5542 39.683 4.61042
      vertex 46.5542 35.6386 4.61042
    endloop
  endfacet
  facet normal 0 0 -1
    outer loop
      vertex 46.5542 35.6386 4.61042
      vertex 45.5378 35.6386 4.61042
      vertex 45.5378 40.2265 4.61042
    endloop
  endfacet
  facet normal 0 0 -1
    outer loop
      vertex 47.8273 40.2265 4.61042
      vertex 47.8273 39.683 4.61042
      vertex 46.5542 39.683 4.61042
    endloop
  endfacet
  facet normal 0 0 -1
    outer loop
      vertex 46.5542 39.683 4.61042
      vertex 45.5378 40.2265 4.61042
      vertex 47.8273 40.2265 4.61042
    endloop
  endfacet
  facet normal 0 0.810889 -0.5852
    outer loop
      vertex 47.8273 10.6693 3.62511
      vertex 47.8273 10.4145 3.27206
      vertex 46.3851 10.4145 3.27206
    endloop
  endfacet
  facet normal 0 0.810889 -0.5852
    outer loop
      vertex 46.3851 10.4145 3.27206
      vertex 46.5542 10.6693 3.62511
      vertex 47.8273 10.6693 3.62511
    endloop
  endfacet
  facet normal -0.992844 2.43971e-05 0.119422
    outer loop
      vertex 46.5542 35.6386 5.84529
      vertex 46.5542 23.2889 5.84782
      vertex 46.5544 23.2889 5.84943
    endloop
  endfacet
  facet normal -0.990775 2.76302e-05 0.135521
    outer loop
      vertex 46.5544 23.2889 5.84943
      vertex 46.6102 23.289 6.25764
      vertex 46.6103 26.5664 6.25745
    endloop
  endfacet
  facet normal -0.990788 2.95372e-05 0.135422
    outer loop
      vertex 46.6103 26.5664 6.25745
      vertex 46.7293 29.0929 7.12737
      vertex 46.7293 35.6335 7.12572
    endloop
  endfacet
  facet normal -0.990738 -5.97428e-06 0.135786
    outer loop
      vertex 46.5544 23.2889 5.84943
      vertex 46.6103 26.5664 6.25745
      vertex 46.7293 35.6335 7.12572
    endloop
  endfacet
  facet normal -0.990736 3.17466e-05 0.135803
    outer loop
      vertex 46.5542 11.3628 5.85024
      vertex 46.5542 10.6693 5.85041
      vertex 46.82 10.6693 7.78935
    endloop
  endfacet
  facet normal -0.99074 -4.58171e-05 0.135776
    outer loop
      vertex 46.6768 11.3628 6.74462
      vertex 46.5542 11.3628 5.85024
      vertex 46.82 10.6693 7.78935
    endloop
  endfacet
  facet normal -0.990785 2.98016e-05 0.135446
    outer loop
      vertex 46.5542 35.6386 5.84529
      vertex 46.5544 23.2889 5.84943
      vertex 46.7293 35.6335 7.12572
    endloop
  endfacet
  facet normal -0.990779 -0.00401276 0.135429
    outer loop
      vertex 46.5542 35.6386 5.84529
      vertex 46.7293 35.6335 7.12572
      vertex 46.7793 35.6336 7.49207
    endloop
  endfacet
  facet normal -0.990736 -4.03466e-06 0.135803
    outer loop
      vertex 46.7533 11.9031 7.30254
      vertex 46.6768 11.3628 6.74462
      vertex 46.82 10.6693 7.78935
    endloop
  endfacet
  facet normal -0.990735 -9.77879e-07 0.135811
    outer loop
      vertex 46.753 14.6564 7.30089
      vertex 46.7533 11.9031 7.30254
      vertex 46.82 10.6693 7.78935
    endloop
  endfacet
  facet normal -0.990777 0.00362604 0.135452
    outer loop
      vertex 46.82 35.6386 7.78935
      vertex 46.5542 35.6386 5.84529
      vertex 46.7793 35.6336 7.49207
    endloop
  endfacet
  facet normal -0.990773 2.76286e-05 0.135533
    outer loop
      vertex 46.7795 29.093 7.49375
      vertex 46.6604 26.5665 6.6238
      vertex 46.6603 23.2891 6.62399
    endloop
  endfacet
  facet normal -0.990776 1.51977e-05 0.135513
    outer loop
      vertex 46.82 35.6386 7.78935
      vertex 46.7793 35.6336 7.49207
      vertex 46.7795 29.093 7.49375
    endloop
  endfacet
  facet normal -0.990734 0 0.135819
    outer loop
      vertex 46.753 14.6564 7.30089
      vertex 46.82 10.6693 7.78935
      vertex 46.82 35.6386 7.78935
    endloop
  endfacet
  facet normal -0.990735 -3.51422e-06 0.135809
    outer loop
      vertex 46.6603 18.9214 6.62467
      vertex 46.6604 15.6388 6.62506
      vertex 46.706 15.1552 6.95776
    endloop
  endfacet
  facet normal -0.990735 1.97851e-07 0.135811
    outer loop
      vertex 46.706 15.1552 6.95776
      vertex 46.753 14.6564 7.30089
      vertex 46.82 35.6386 7.78935
    endloop
  endfacet
  facet normal -0.990823 8.38325e-05 0.135165
    outer loop
      vertex 46.7795 29.093 7.49375
      vertex 46.6603 23.2891 6.62399
      vertex 46.6603 22.9239 6.62422
    endloop
  endfacet
  facet normal -0.990697 -1.133e-05 0.136089
    outer loop
      vertex 46.706 15.1552 6.95776
      vertex 46.82 35.6386 7.78935
      vertex 46.7795 29.093 7.49375
    endloop
  endfacet
  facet normal -0.990711 1.22477e-05 0.135984
    outer loop
      vertex 46.6603 19.2814 6.62464
      vertex 46.6603 18.9214 6.62467
      vertex 46.706 15.1552 6.95776
    endloop
  endfacet
  facet normal -0.990758 1.56605e-05 0.13564
    outer loop
      vertex 46.7795 29.093 7.49375
      vertex 46.6603 22.9239 6.62422
      vertex 46.6603 19.2814 6.62464
    endloop
  endfacet
  facet normal -0.990733 -9.16414e-07 0.135823
    outer loop
      vertex 46.7795 29.093 7.49375
      vertex 46.6603 19.2814 6.62464
      vertex 46.706 15.1552 6.95776
    endloop
  endfacet
  facet normal -1 0 0
    outer loop
      vertex 46.5542 35.6386 4.61042
      vertex 46.5542 39.683 4.61042
      vertex 46.5542 38.5772 3.62511
    endloop
  endfacet
  facet normal -1 0 0
    outer loop
      vertex 46.5542 38.5772 3.62511
      vertex 46.5542 34.4748 3.62511
      vertex 46.5542 34.4748 3.74862
    endloop
  endfacet
  facet normal -1 0 0
    outer loop
      vertex 46.5542 38.5772 3.62511
      vertex 46.5542 34.4748 3.74862
      vertex 46.5542 34.4748 4.20968
    endloop
  endfacet
  facet normal -1 0 0
    outer loop
      vertex 46.5542 29.339 4.20975
      vertex 46.5542 29.1495 4.35435
      vertex 46.5542 35.6386 4.61042
    endloop
  endfacet
  facet normal -1 0 0
    outer loop
      vertex 46.5542 34.0546 4.20968
      vertex 46.5542 29.339 4.20975
      vertex 46.5542 35.6386 4.61042
    endloop
  endfacet
  facet normal -1 0 0
    outer loop
      vertex 46.5542 35.6386 4.61042
      vertex 46.5542 38.5772 3.62511
      vertex 46.5542 34.4748 4.20968
    endloop
  endfacet
  facet normal -1 0 0
    outer loop
      vertex 46.5542 34.4748 4.20968
      vertex 46.5542 34.0546 4.20968
      vertex 46.5542 35.6386 4.61042
    endloop
  endfacet
  facet normal 7.96617e-06 0.665251 -0.74662
    outer loop
      vertex 47.8273 39.683 4.61042
      vertex 47.8273 38.5772 3.62511
      vertex 46.5542 38.5772 3.62511
    endloop
  endfacet
  facet normal 7.96617e-06 0.665251 -0.74662
    outer loop
      vertex 46.5542 38.5772 3.62511
      vertex 46.5542 39.683 4.61042
      vertex 47.8273 39.683 4.61042
    endloop
  endfacet
  facet normal -9.10907e-05 0.909989 0.414633
    outer loop
      vertex 46.82 10.6693 7.78935
      vertex 46.6509 10.4145 8.3485
      vertex 47.8273 10.4145 8.34876
    endloop
  endfacet
  facet normal -0.000373314 0.909797 0.415053
    outer loop
      vertex 47.8273 10.4145 8.34876
      vertex 47.8273 10.6693 7.79026
      vertex 46.82 10.6693 7.78935
    endloop
  endfacet
  facet normal -0.847811 0.523249 0.0861733
    outer loop
      vertex 46.5542 10.6693 5.85041
      vertex 46.3851 10.4145 5.73366
      vertex 46.6509 10.4145 8.3485
    endloop
  endfacet
  facet normal -0.716267 0.690885 0.0981811
    outer loop
      vertex 46.6509 10.4145 8.3485
      vertex 46.82 10.6693 7.78935
      vertex 46.5542 10.6693 5.85041
    endloop
  endfacet
  facet normal 0 -1 0
    outer loop
      vertex 47.8273 8.54902 5.73376
      vertex 47.8273 8.54902 8.34876
      vertex 46.6509 8.54902 8.3485
    endloop
  endfacet
  facet normal 0 -1 0
    outer loop
      vertex 46.6509 8.54902 8.3485
      vertex 46.3851 8.54902 5.73366
      vertex 47.8273 8.54902 5.73376
    endloop
  endfacet
  facet normal 0 0 -1
    outer loop
      vertex 47.8273 10.4145 3.27206
      vertex 47.8273 8.54902 3.27206
      vertex 46.3851 8.54902 3.27206
    endloop
  endfacet
  facet normal 0 0 -1
    outer loop
      vertex 46.3851 8.54902 3.27206
      vertex 46.3851 10.4145 3.27206
      vertex 47.8273 10.4145 3.27206
    endloop
  endfacet
  facet normal -0.000219694 0 1
    outer loop
      vertex 46.6509 10.4145 8.3485
      vertex 46.6509 8.54902 8.3485
      vertex 47.8273 8.54902 8.34876
    endloop
  endfacet
  facet normal -0.000219694 0 1
    outer loop
      vertex 47.8273 8.54902 8.34876
      vertex 47.8273 10.4145 8.34876
      vertex 46.6509 10.4145 8.3485
    endloop
  endfacet
  facet normal 0 -1 0
    outer loop
      vertex 47.8273 8.54902 3.27206
      vertex 47.8273 8.54902 5.31174
      vertex 46.3851 8.54902 5.31164
    endloop
  endfacet
  facet normal 0 -1 0
    outer loop
      vertex 46.3851 8.54902 5.31164
      vertex 46.3851 8.54902 3.27206
      vertex 47.8273 8.54902 3.27206
    endloop
  endfacet
  facet normal -0.83317 0.553016 0
    outer loop
      vertex 46.5542 10.6693 3.62511
      vertex 46.3851 10.4145 3.27206
      vertex 46.3851 10.4145 5.31164
    endloop
  endfacet
  facet normal -0.83317 0.553016 0
    outer loop
      vertex 46.3851 10.4145 5.31164
      vertex 46.5542 10.6693 5.53636
      vertex 46.5542 10.6693 3.62511
    endloop
  endfacet
  facet normal -1 0 0
    outer loop
      vertex 46.5542 35.6386 4.61042
      vertex 46.5542 29.1495 4.35435
      vertex 46.5542 29.0211 4.45233
    endloop
  endfacet
  facet normal -1 0 0
    outer loop
      vertex 46.5542 34.213 5.53497
      vertex 46.5542 35.6386 5.53491
      vertex 46.5542 35.6386 4.61042
    endloop
  endfacet
  facet normal -1 0 0
    outer loop
      vertex 46.5542 34.213 4.62087
      vertex 46.5542 34.213 5.53497
      vertex 46.5542 35.6386 4.61042
    endloop
  endfacet
  facet normal 0 0 0
    outer loop
      vertex 46.5542 29.021 5.41629
      vertex 46.5542 28.56 5.41629
      vertex 46.5542 23.2899 5.41629
    endloop
  endfacet
  facet normal -1 0 0
    outer loop
      vertex 46.5542 23.2899 5.41629
      vertex 46.5542 23.2895 5.53562
      vertex 46.5542 29.4946 5.53526
    endloop
  endfacet
  facet normal -1 0 0
    outer loop
      vertex 46.5542 29.021 5.41629
      vertex 46.5542 23.2899 5.41629
      vertex 46.5542 29.4946 5.53526
    endloop
  endfacet
  facet normal -1 0 0
    outer loop
      vertex 46.5542 29.0211 4.87008
      vertex 46.5542 29.021 5.41629
      vertex 46.5542 29.4946 5.53526
    endloop
  endfacet
  facet normal -1 0 0
    outer loop
      vertex 46.5542 29.0211 4.87008
      vertex 46.5542 29.4946 5.53526
      vertex 46.5542 29.4946 4.78358
    endloop
  endfacet
  facet normal -1 0 0
    outer loop
      vertex 46.5542 34.213 4.62087
      vertex 46.5542 35.6386 4.61042
      vertex 46.5542 29.0211 4.45233
    endloop
  endfacet
  facet normal -1 0 0
    outer loop
      vertex 46.5542 33.2376 5.53504
      vertex 46.5542 33.8689 5.53501
      vertex 46.5542 33.8689 4.62087
    endloop
  endfacet
  facet normal -1 0 0
    outer loop
      vertex 46.5542 33.8689 4.62087
      vertex 46.5542 34.213 4.62087
      vertex 46.5542 29.0211 4.45233
    endloop
  endfacet
  facet normal -1 0 0
    outer loop
      vertex 46.5542 29.0211 4.45233
      vertex 46.5542 29.0211 4.87008
      vertex 46.5542 29.4946 4.78358
    endloop
  endfacet
  facet normal -1 0 0
    outer loop
      vertex 46.5542 30.3157 4.78161
      vertex 46.5542 30.3157 5.5352
      vertex 46.5542 32.8935 5.53507
    endloop
  endfacet
  facet normal -1 0 0
    outer loop
      vertex 46.5542 29.0211 4.45233
      vertex 46.5542 29.4946 4.78358
      vertex 46.5542 30.3157 4.78161
    endloop
  endfacet
  facet normal -1 0 0
    outer loop
      vertex 46.5542 33.2376 4.62087
      vertex 46.5542 33.2376 5.53504
      vertex 46.5542 33.8689 4.62087
    endloop
  endfacet
  facet normal -1 0 0
    outer loop
      vertex 46.5542 30.3157 4.78161
      vertex 46.5542 32.8935 5.53507
      vertex 46.5542 32.8935 4.62087
    endloop
  endfacet
  facet normal -1 0 0
    outer loop
      vertex 46.5542 33.2376 4.62087
      vertex 46.5542 33.8689 4.62087
      vertex 46.5542 29.0211 4.45233
    endloop
  endfacet
  facet normal -1 0 0
    outer loop
      vertex 46.5542 29.0211 4.45233
      vertex 46.5542 30.3157 4.78161
      vertex 46.5542 32.8935 4.62087
    endloop
  endfacet
  facet normal -1 0 0
    outer loop
      vertex 46.5542 29.0211 4.45233
      vertex 46.5542 32.8935 4.62087
      vertex 46.5542 33.2376 4.62087
    endloop
  endfacet
  facet normal 0 -1 0
    outer loop
      vertex 45.5378 35.6386 4.61042
      vertex 46.5542 35.6386 4.61042
      vertex 46.5542 35.6386 5.53491
    endloop
  endfacet
  facet normal 0 -1 0
    outer loop
      vertex 46.5542 35.6386 5.53491
      vertex 45.5378 35.6386 5.53491
      vertex 45.5378 35.6386 4.61042
    endloop
  endfacet
  facet normal -1 0 0
    outer loop
      vertex 46.3851 10.4145 3.27206
      vertex 46.3851 8.54902 3.27206
      vertex 46.3851 8.54902 5.31164
    endloop
  endfacet
  facet normal -1 0 0
    outer loop
      vertex 46.3851 8.54902 5.31164
      vertex 46.3851 10.4145 5.31164
      vertex 46.3851 10.4145 3.27206
    endloop
  endfacet
  facet normal -1 0 0
    outer loop
      vertex 45.5378 40.2265 5.53491
      vertex 45.5378 40.2265 4.61042
      vertex 45.5378 35.6386 4.61042
    endloop
  endfacet
  facet normal -1 0 0
    outer loop
      vertex 45.5378 35.6386 4.61042
      vertex 45.5378 35.6386 5.53491
      vertex 45.5378 36.0855 5.53491
    endloop
  endfacet
  facet normal -1 0 0
    outer loop
      vertex 45.5378 35.6386 4.61042
      vertex 45.5378 36.0855 5.53491
      vertex 45.5378 36.0855 4.97033
    endloop
  endfacet
  facet normal -1 0 0
    outer loop
      vertex 45.5378 37.0783 4.97055
      vertex 45.5378 37.0783 5.53491
      vertex 45.5378 40.2265 5.53491
    endloop
  endfacet
  facet normal -1 0 0
    outer loop
      vertex 45.5378 36.4296 5.53491
      vertex 45.5378 36.7342 5.53491
      vertex 45.5378 36.7342 4.97055
    endloop
  endfacet
  facet normal -1 0 0
    outer loop
      vertex 45.5378 37.0783 4.97055
      vertex 45.5378 40.2265 5.53491
      vertex 45.5378 35.6386 4.61042
    endloop
  endfacet
  facet normal -1 0 0
    outer loop
      vertex 45.5378 36.4296 4.97033
      vertex 45.5378 36.4296 5.53491
      vertex 45.5378 36.7342 4.97055
    endloop
  endfacet
  facet normal -1 0 0
    outer loop
      vertex 45.5378 36.7342 4.97055
      vertex 45.5378 37.0783 4.97055
      vertex 45.5378 35.6386 4.61042
    endloop
  endfacet
  facet normal -1 0 0
    outer loop
      vertex 45.5378 35.6386 4.61042
      vertex 45.5378 36.0855 4.97033
      vertex 45.5378 36.4296 4.97033
    endloop
  endfacet
  facet normal -1 0 0
    outer loop
      vertex 45.5378 35.6386 4.61042
      vertex 45.5378 36.4296 4.97033
      vertex 45.5378 36.7342 4.97055
    endloop
  endfacet
  facet normal -1 0 0
    outer loop
      vertex 45.5352 44.0298 4.60495
      vertex 45.5352 40.2265 4.60495
      vertex 45.5352 40.2265 5.52996
    endloop
  endfacet
  facet normal -1 0 0
    outer loop
      vertex 45.5352 40.2265 5.52996
      vertex 45.5352 44.0298 5.52996
      vertex 45.5352 44.0298 4.60495
    endloop
  endfacet
  facet normal 0 -1 0
    outer loop
      vertex 45.5352 40.2265 4.60495
      vertex 45.5378 40.2265 4.61042
      vertex 45.5378 40.2265 5.53491
    endloop
  endfacet
  facet normal 0 -1 0
    outer loop
      vertex 45.5378 40.2265 5.53491
      vertex 45.5352 40.2265 5.52996
      vertex 45.5352 40.2265 4.60495
    endloop
  endfacet
  facet normal 0 0 0
    outer loop
      vertex 45.5352 44.0298 5.17555
      vertex 45.5352 44.0298 4.60495
      vertex 45.5352 44.0298 5.52996
    endloop
  endfacet
  facet normal 0 0 0
    outer loop
      vertex 45.5352 44.0298 5.52996
      vertex 45.5352 44.0298 5.82482
      vertex 45.5352 44.0298 5.17555
    endloop
  endfacet
  facet normal -1 0 0
    outer loop
      vertex 46.5499 83.3749 5.23908
      vertex 46.5499 83.1128 5.23843
      vertex 46.5499 83.1128 6.03751
    endloop
  endfacet
  facet normal -1 0 0
    outer loop
      vertex 46.5499 83.1128 6.03751
      vertex 46.5499 83.3749 6.03874
      vertex 46.5499 83.3749 5.23908
    endloop
  endfacet
  facet normal 0 1 0
    outer loop
      vertex 46.5499 83.3749 6.03874
      vertex 47.0786 83.3749 6.03874
      vertex 47.0786 83.3749 5.23908
    endloop
  endfacet
  facet normal 0 1 0
    outer loop
      vertex 47.0786 83.3749 5.23908
      vertex 46.5499 83.3749 5.23908
      vertex 46.5499 83.3749 6.03874
    endloop
  endfacet
  facet normal -1 0 0
    outer loop
      vertex 46.5499 58.5937 5.61436
      vertex 46.5499 58.5937 6.35673
      vertex 46.5499 63.5527 6.35673
    endloop
  endfacet
  facet normal -1 0 0
    outer loop
      vertex 46.5499 63.5527 6.35673
      vertex 46.5499 63.5527 5.61436
      vertex 46.5499 58.5937 5.61436
    endloop
  endfacet
  facet normal -1 0 0
    outer loop
      vertex 45.5352 48.6466 5.17555
      vertex 45.5352 47.2244 5.17555
      vertex 45.5352 47.2244 5.82482
    endloop
  endfacet
  facet normal -1 0 0
    outer loop
      vertex 45.5352 47.2244 5.82482
      vertex 45.5352 48.6466 5.82482
      vertex 45.5352 48.6466 5.17555
    endloop
  endfacet
  facet normal 0 1 0
    outer loop
      vertex 46.5499 51.0587 5.61436
      vertex 45.5352 51.0587 5.17555
      vertex 45.5352 51.0587 5.82482
    endloop
  endfacet
  facet normal 0 1 0
    outer loop
      vertex 45.5352 51.0587 5.82482
      vertex 46.5499 51.0587 7.76819
      vertex 46.5499 51.0587 5.61436
    endloop
  endfacet
  facet normal -1 0 0
    outer loop
      vertex 45.5352 47.2244 5.17555
      vertex 45.5352 44.0298 5.17555
      vertex 45.5352 44.0298 5.82482
    endloop
  endfacet
  facet normal -1 0 0
    outer loop
      vertex 45.5352 44.0298 5.82482
      vertex 45.5352 47.2244 5.82482
      vertex 45.5352 47.2244 5.17555
    endloop
  endfacet
  facet normal -1 0 0
    outer loop
      vertex 46.5499 63.819 6.53448
      vertex 46.5499 68.6949 6.53448
      vertex 46.5499 68.6949 6.30183
    endloop
  endfacet
  facet normal -1 0 0
    outer loop
      vertex 46.5499 68.6949 6.30183
      vertex 46.5499 63.819 6.30183
      vertex 46.5499 63.819 6.53448
    endloop
  endfacet
  facet normal -0.868045 0.496486 0
    outer loop
      vertex 46.3975 63.5527 6.60597
      vertex 46.5499 63.819 6.53448
      vertex 46.5499 63.819 6.30183
    endloop
  endfacet
  facet normal -0.848372 -0.106871 -0.518501
    outer loop
      vertex 46.5499 63.819 6.30183
      vertex 46.5499 63.5527 6.35673
      vertex 46.3975 63.5527 6.60597
    endloop
  endfacet
  facet normal -1 0 0
    outer loop
      vertex 46.5499 69.8633 6.30578
      vertex 46.5499 71.4912 6.30578
      vertex 46.5499 71.4912 6.03751
    endloop
  endfacet
  facet normal -1 0 0
    outer loop
      vertex 46.5499 71.4912 6.03751
      vertex 46.5499 69.8633 6.03751
      vertex 46.5499 69.8633 6.30578
    endloop
  endfacet
  facet normal -1 0 0
    outer loop
      vertex 46.5499 68.6949 6.53448
      vertex 46.5499 69.8633 6.30578
      vertex 46.5499 69.8633 6.03751
    endloop
  endfacet
  facet normal -1 0 0
    outer loop
      vertex 46.5499 69.8633 6.03751
      vertex 46.5499 68.6949 6.30183
      vertex 46.5499 68.6949 6.53448
    endloop
  endfacet
  facet normal -1 0 0
    outer loop
      vertex 46.5499 68.6949 7.9914
      vertex 46.5499 69.8633 7.98606
      vertex 46.5499 69.8633 6.30578
    endloop
  endfacet
  facet normal -1 0 0
    outer loop
      vertex 46.5499 69.8633 6.30578
      vertex 46.5499 68.6949 6.53448
      vertex 46.5499 68.6949 7.9914
    endloop
  endfacet
  facet normal -1 0 0
    outer loop
      vertex 46.5499 69.8633 7.98606
      vertex 46.5499 83.1128 7.98606
      vertex 46.5499 83.1128 7.56799
    endloop
  endfacet
  facet normal 0 0 0
    outer loop
      vertex 46.5499 83.1128 7.56799
      vertex 46.5499 81.5853 7.56799
      vertex 46.5499 80.8079 7.56799
    endloop
  endfacet
  facet normal 0 0 0
    outer loop
      vertex 46.5499 75.1958 7.56799
      vertex 46.5499 74.8577 7.56799
      vertex 46.5499 74.2852 7.56799
    endloop
  endfacet
  facet normal -1 0 0
    outer loop
      vertex 46.5499 69.8633 7.98606
      vertex 46.5499 83.1128 7.56799
      vertex 46.5499 80.8079 7.56799
    endloop
  endfacet
  facet normal -1 0 0
    outer loop
      vertex 46.5499 69.8633 7.98606
      vertex 46.5499 80.8079 7.56799
      vertex 46.5499 75.1958 7.56799
    endloop
  endfacet
  facet normal -1 0 0
    outer loop
      vertex 46.5499 71.4912 6.30578
      vertex 46.5499 69.8633 6.30578
      vertex 46.5499 69.8633 7.98606
    endloop
  endfacet
  facet normal -1 0 0
    outer loop
      vertex 46.5499 71.4912 6.65045
      vertex 46.5499 71.4912 6.30578
      vertex 46.5499 69.8633 7.98606
    endloop
  endfacet
  facet normal -1 0 0
    outer loop
      vertex 46.5499 69.8633 7.98606
      vertex 46.5499 75.1958 7.56799
      vertex 46.5499 74.2852 7.56799
    endloop
  endfacet
  facet normal 0 0 0
    outer loop
      vertex 46.5499 73.947 7.56799
      vertex 46.5499 73.947 7.22014
      vertex 46.5499 73.947 6.30578
    endloop
  endfacet
  facet normal -1 0 0
    outer loop
      vertex 46.5499 69.8633 7.98606
      vertex 46.5499 74.2852 7.56799
      vertex 46.5499 73.947 7.56799
    endloop
  endfacet
  facet normal -1 0 0
    outer loop
      vertex 46.5499 73.2591 6.65045
      vertex 46.5499 71.4912 6.65045
      vertex 46.5499 69.8633 7.98606
    endloop
  endfacet
  facet normal -1 0 0
    outer loop
      vertex 46.5499 73.947 6.30578
      vertex 46.5499 73.2591 6.30578
      vertex 46.5499 73.2591 6.65045
    endloop
  endfacet
  facet normal -1 0 0
    outer loop
      vertex 46.5499 73.2591 6.65045
      vertex 46.5499 69.8633 7.98606
      vertex 46.5499 73.947 7.56799
    endloop
  endfacet
  facet normal -1 0 0
    outer loop
      vertex 46.5499 73.947 7.56799
      vertex 46.5499 73.947 6.30578
      vertex 46.5499 73.2591 6.65045
    endloop
  endfacet
  facet normal -0.901099 0.388892 -0.191788
    outer loop
      vertex 46.3975 64.2712 8.16705
      vertex 46.5499 64.5375 7.9914
      vertex 46.5499 63.819 6.53448
    endloop
  endfacet
  facet normal -0.872358 0.444089 -0.204394
    outer loop
      vertex 46.5499 63.819 6.53448
      vertex 46.3975 63.5527 6.60597
      vertex 46.3975 64.2712 8.16705
    endloop
  endfacet
  facet normal -1 0 0
    outer loop
      vertex 46.5499 64.5375 7.9914
      vertex 46.5499 68.6949 7.9914
      vertex 46.5499 68.6949 6.53448
    endloop
  endfacet
  facet normal -1 0 0
    outer loop
      vertex 46.5499 68.6949 6.53448
      vertex 46.5499 63.819 6.53448
      vertex 46.5499 64.5375 7.9914
    endloop
  endfacet
  facet normal 0 -1 0
    outer loop
      vertex 47.8273 8.54902 5.31174
      vertex 47.8273 8.54902 5.73376
      vertex 46.3851 8.54902 5.73366
    endloop
  endfacet
  facet normal 0 -1 0
    outer loop
      vertex 46.3851 8.54902 5.73366
      vertex 46.3851 8.54902 5.31164
      vertex 47.8273 8.54902 5.31174
    endloop
  endfacet
  facet normal -0.83317 0.553016 0
    outer loop
      vertex 46.5542 10.6693 5.53636
      vertex 46.3851 10.4145 5.31164
      vertex 46.3851 10.4145 5.73366
    endloop
  endfacet
  facet normal -0.83317 0.553017 0
    outer loop
      vertex 46.3851 10.4145 5.73366
      vertex 46.5542 10.6693 5.85041
      vertex 46.5542 10.6693 5.53636
    endloop
  endfacet
  facet normal -1 0 0
    outer loop
      vertex 46.5542 35.6386 5.84529
      vertex 46.5542 35.6386 5.53491
      vertex 46.5542 34.213 5.53497
    endloop
  endfacet
  facet normal -1 0 0
    outer loop
      vertex 46.5542 35.6386 5.84529
      vertex 46.5542 34.213 5.53497
      vertex 46.5542 34.213 5.60915
    endloop
  endfacet
  facet normal -1 0 0
    outer loop
      vertex 46.5542 23.2895 5.53562
      vertex 46.5542 23.2889 5.84782
      vertex 46.5542 35.6386 5.84529
    endloop
  endfacet
  facet normal -1 0 0
    outer loop
      vertex 46.5542 29.4946 5.57809
      vertex 46.5542 29.4946 5.53526
      vertex 46.5542 23.2895 5.53562
    endloop
  endfacet
  facet normal -1 0 0
    outer loop
      vertex 46.5542 32.8935 5.53507
      vertex 46.5542 30.3157 5.5352
      vertex 46.5542 30.3157 5.57612
    endloop
  endfacet
  facet normal -1 0 0
    outer loop
      vertex 46.5542 29.4946 5.57809
      vertex 46.5542 23.2895 5.53562
      vertex 46.5542 35.6386 5.84529
    endloop
  endfacet
  facet normal -1 0 0
    outer loop
      vertex 46.5542 32.8935 5.60915
      vertex 46.5542 32.8935 5.53507
      vertex 46.5542 30.3157 5.57612
    endloop
  endfacet
  facet normal -1 0 0
    outer loop
      vertex 46.5542 30.3157 5.57612
      vertex 46.5542 29.4946 5.57809
      vertex 46.5542 35.6386 5.84529
    endloop
  endfacet
  facet normal -1 0 0
    outer loop
      vertex 46.5542 35.6386 5.84529
      vertex 46.5542 34.213 5.60915
      vertex 46.5542 33.8689 5.60915
    endloop
  endfacet
  facet normal -1 0 0
    outer loop
      vertex 46.5542 33.8689 5.60915
      vertex 46.5542 33.8689 5.53501
      vertex 46.5542 33.2376 5.53504
    endloop
  endfacet
  facet normal -1 0 0
    outer loop
      vertex 46.5542 33.8689 5.60915
      vertex 46.5542 33.2376 5.53504
      vertex 46.5542 33.2376 5.60915
    endloop
  endfacet
  facet normal -1 0 0
    outer loop
      vertex 46.5542 32.8935 5.60915
      vertex 46.5542 30.3157 5.57612
      vertex 46.5542 35.6386 5.84529
    endloop
  endfacet
  facet normal -1 0 0
    outer loop
      vertex 46.5542 35.6386 5.84529
      vertex 46.5542 33.8689 5.60915
      vertex 46.5542 33.2376 5.60915
    endloop
  endfacet
  facet normal -1 0 0
    outer loop
      vertex 46.5542 33.2376 5.60915
      vertex 46.5542 32.8935 5.60915
      vertex 46.5542 35.6386 5.84529
    endloop
  endfacet
  facet normal 0 -1 0
    outer loop
      vertex 45.5378 35.6386 5.53491
      vertex 46.5542 35.6386 5.53491
      vertex 46.5542 35.6386 5.84529
    endloop
  endfacet
  facet normal 0 -1 0
    outer loop
      vertex 46.5542 35.6386 5.84529
      vertex 45.5378 35.6386 5.84529
      vertex 45.5378 35.6386 5.53491
    endloop
  endfacet
  facet normal -1 0 0
    outer loop
      vertex 46.3851 10.4145 5.31164
      vertex 46.3851 8.54902 5.31164
      vertex 46.3851 8.54902 5.73366
    endloop
  endfacet
  facet normal -1 0 0
    outer loop
      vertex 46.3851 8.54902 5.73366
      vertex 46.3851 10.4145 5.73366
      vertex 46.3851 10.4145 5.31164
    endloop
  endfacet
  facet normal -1 0 0
    outer loop
      vertex 45.5378 40.2265 5.53491
      vertex 45.5378 37.0783 5.53491
      vertex 45.5378 37.0783 5.84529
    endloop
  endfacet
  facet normal -1 0 0
    outer loop
      vertex 45.5378 37.0783 5.84529
      vertex 45.5378 40.2265 5.84529
      vertex 45.5378 40.2265 5.53491
    endloop
  endfacet
  facet normal -1 0 0
    outer loop
      vertex 45.5352 44.0298 5.52996
      vertex 45.5352 40.2265 5.52996
      vertex 45.5352 40.2265 5.84054
    endloop
  endfacet
  facet normal -1 0 0
    outer loop
      vertex 45.5352 40.2265 5.84054
      vertex 45.5352 44.0298 5.84054
      vertex 45.5352 44.0298 5.52996
    endloop
  endfacet
  facet normal 0 -1 0
    outer loop
      vertex 45.5352 40.2265 5.52996
      vertex 45.5378 40.2265 5.53491
      vertex 45.5378 40.2265 5.84529
    endloop
  endfacet
  facet normal 0 -1 0
    outer loop
      vertex 45.5378 40.2265 5.84529
      vertex 45.5352 40.2265 5.84054
      vertex 45.5352 40.2265 5.52996
    endloop
  endfacet
  facet normal 0 0 0
    outer loop
      vertex 45.5352 44.0298 5.82482
      vertex 45.5352 44.0298 5.52996
      vertex 45.5352 44.0298 5.84054
    endloop
  endfacet
  facet normal 0 0 0
    outer loop
      vertex 45.5352 44.0298 5.84054
      vertex 45.5352 44.0298 6.04281
      vertex 45.5352 44.0298 5.82482
    endloop
  endfacet
  facet normal -1 0 0
    outer loop
      vertex 46.5499 83.3749 6.03874
      vertex 46.5499 83.1128 6.03751
      vertex 46.5499 83.1128 6.30578
    endloop
  endfacet
  facet normal -1 0 0
    outer loop
      vertex 46.5499 83.1128 6.30578
      vertex 46.5499 83.3749 6.30723
      vertex 46.5499 83.3749 6.03874
    endloop
  endfacet
  facet normal -0.853259 0 -0.521488
    outer loop
      vertex 46.5499 58.5937 6.35673
      vertex 46.3975 58.5937 6.60597
      vertex 46.3975 63.5527 6.60597
    endloop
  endfacet
  facet normal -0.853259 0 -0.521488
    outer loop
      vertex 46.3975 63.5527 6.60597
      vertex 46.5499 63.5527 6.35673
      vertex 46.5499 58.5937 6.35673
    endloop
  endfacet
  facet normal -1 0 0
    outer loop
      vertex 45.5352 48.6466 5.82482
      vertex 45.5352 47.2244 5.82482
      vertex 45.5352 47.2244 6.04281
    endloop
  endfacet
  facet normal -1 0 0
    outer loop
      vertex 45.5352 47.2244 6.04281
      vertex 45.5352 48.6466 6.04281
      vertex 45.5352 48.6466 5.82482
    endloop
  endfacet
  facet normal 0 1 0
    outer loop
      vertex 46.5499 51.0587 7.76819
      vertex 45.5352 51.0587 5.82482
      vertex 45.5352 51.0587 6.04281
    endloop
  endfacet
  facet normal 0 1 0
    outer loop
      vertex 45.5352 51.0587 6.04281
      vertex 46.3975 51.0587 8.01744
      vertex 46.5499 51.0587 7.76819
    endloop
  endfacet
  facet normal -1 0 0
    outer loop
      vertex 45.5352 47.2244 5.82482
      vertex 45.5352 44.0298 5.82482
      vertex 45.5352 44.0298 6.04281
    endloop
  endfacet
  facet normal -1 0 0
    outer loop
      vertex 45.5352 44.0298 6.04281
      vertex 45.5352 47.2244 6.04281
      vertex 45.5352 47.2244 5.82482
    endloop
  endfacet
  facet normal -0.450684 -0.849125 -0.275446
    outer loop
      vertex 46.5499 58.1359 7.76819
      vertex 46.3975 58.1359 8.01744
      vertex 46.3975 58.5937 6.60597
    endloop
  endfacet
  facet normal -0.450684 -0.849125 -0.275446
    outer loop
      vertex 46.3975 58.5937 6.60597
      vertex 46.5499 58.5937 6.35673
      vertex 46.5499 58.1359 7.76819
    endloop
  endfacet
  facet normal -1 0 0
    outer loop
      vertex 46.5499 58.1359 5.61436
      vertex 46.5499 58.1359 7.76819
      vertex 46.5499 58.5937 6.35673
    endloop
  endfacet
  facet normal -1 0 0
    outer loop
      vertex 46.5499 58.5937 6.35673
      vertex 46.5499 58.5937 5.61436
      vertex 46.5499 58.1359 5.61436
    endloop
  endfacet
  facet normal -1 0 0
    outer loop
      vertex 46.3975 58.1359 8.01744
      vertex 46.3975 58.1359 8.16705
      vertex 46.3975 58.5937 8.16705
    endloop
  endfacet
  facet normal -1 0 0
    outer loop
      vertex 46.3975 58.5937 8.16705
      vertex 46.3975 58.5937 6.60597
      vertex 46.3975 58.1359 8.01744
    endloop
  endfacet
  facet normal -1 0 0.000764519
    outer loop
      vertex 46.5496 58.1359 5.23015
      vertex 46.5499 58.1359 5.61436
      vertex 46.5499 58.5937 5.61436
    endloop
  endfacet
  facet normal -1 0 0.000764519
    outer loop
      vertex 46.5499 58.5937 5.61436
      vertex 46.5496 58.5937 5.23015
      vertex 46.5496 58.1359 5.23015
    endloop
  endfacet
  facet normal 0 0 1
    outer loop
      vertex 46.8518 58.1359 8.84165
      vertex 47.8273 58.1359 8.84165
      vertex 47.8273 58.5937 8.84165
    endloop
  endfacet
  facet normal 0 0 1
    outer loop
      vertex 47.8273 58.5937 8.84165
      vertex 46.8518 58.5937 8.84165
      vertex 46.8518 58.1359 8.84165
    endloop
  endfacet
  facet normal -0.829484 0 0.55853
    outer loop
      vertex 46.3975 58.1359 8.16705
      vertex 46.8518 58.1359 8.84165
      vertex 46.8518 58.5937 8.84165
    endloop
  endfacet
  facet normal -0.829484 0 0.55853
    outer loop
      vertex 46.8518 58.5937 8.84165
      vertex 46.3975 58.5937 8.16705
      vertex 46.3975 58.1359 8.16705
    endloop
  endfacet
  facet normal -0.829484 0 0.55853
    outer loop
      vertex 46.3975 51.0587 8.16705
      vertex 46.8518 51.0587 8.84165
      vertex 46.8518 58.1359 8.84165
    endloop
  endfacet
  facet normal -0.829484 0 0.55853
    outer loop
      vertex 46.8518 58.1359 8.84165
      vertex 46.3975 58.1359 8.16705
      vertex 46.3975 51.0587 8.16705
    endloop
  endfacet
  facet normal 0 0 1
    outer loop
      vertex 46.8518 51.0587 8.84165
      vertex 47.8273 51.0587 8.84165
      vertex 47.8273 58.1359 8.84165
    endloop
  endfacet
  facet normal 0 0 1
    outer loop
      vertex 47.8273 58.1359 8.84165
      vertex 46.8518 58.1359 8.84165
      vertex 46.8518 51.0587 8.84165
    endloop
  endfacet
  facet normal -1 0 0.000764519
    outer loop
      vertex 46.5496 51.0587 5.23015
      vertex 46.5499 51.0587 5.61436
      vertex 46.5499 58.1359 5.61436
    endloop
  endfacet
  facet normal -1 0 0.000764519
    outer loop
      vertex 46.5499 58.1359 5.61436
      vertex 46.5496 58.1359 5.23015
      vertex 46.5496 51.0587 5.23015
    endloop
  endfacet
  facet normal -1 0 0
    outer loop
      vertex 46.3975 51.0587 8.01744
      vertex 46.3975 51.0587 8.16705
      vertex 46.3975 58.1359 8.16705
    endloop
  endfacet
  facet normal -1 0 0
    outer loop
      vertex 46.3975 58.1359 8.16705
      vertex 46.3975 58.1359 8.01744
      vertex 46.3975 51.0587 8.01744
    endloop
  endfacet
  facet normal -1 0 0
    outer loop
      vertex 46.5499 51.0587 5.61436
      vertex 46.5499 51.0587 7.76819
      vertex 46.5499 58.1359 7.76819
    endloop
  endfacet
  facet normal -1 0 0
    outer loop
      vertex 46.5499 58.1359 7.76819
      vertex 46.5499 58.1359 5.61436
      vertex 46.5499 51.0587 5.61436
    endloop
  endfacet
  facet normal -0.853259 0 -0.521488
    outer loop
      vertex 46.5499 51.0587 7.76819
      vertex 46.3975 51.0587 8.01744
      vertex 46.3975 58.1359 8.01744
    endloop
  endfacet
  facet normal -0.853259 0 -0.521488
    outer loop
      vertex 46.3975 58.1359 8.01744
      vertex 46.5499 58.1359 7.76819
      vertex 46.5499 51.0587 7.76819
    endloop
  endfacet
  facet normal 0 0.00025225 1
    outer loop
      vertex 46.7293 35.6335 7.12572
      vertex 46.7293 29.0929 7.12737
      vertex 47.019 29.0929 7.12737
    endloop
  endfacet
  facet normal 0 0.00025225 1
    outer loop
      vertex 47.019 29.0929 7.12737
      vertex 47.019 35.6335 7.12572
      vertex 46.7293 35.6335 7.12572
    endloop
  endfacet
  facet normal 0 0 1
    outer loop
      vertex 46.5542 22.9259 4.94843
      vertex 46.5542 19.2824 4.94843
      vertex 46.8455 19.2824 4.94843
    endloop
  endfacet
  facet normal 0 0 1
    outer loop
      vertex 46.8455 19.2824 4.94843
      vertex 46.8455 22.9259 4.94843
      vertex 46.5542 22.9259 4.94843
    endloop
  endfacet
  facet normal 0 0 1
    outer loop
      vertex 46.5542 28.5601 4.94843
      vertex 46.5542 23.2899 4.94843
      vertex 46.8455 23.2899 4.94843
    endloop
  endfacet
  facet normal 0 0 1
    outer loop
      vertex 46.8455 23.2899 4.94843
      vertex 46.8455 28.5601 4.94843
      vertex 46.5542 28.5601 4.94843
    endloop
  endfacet
  facet normal 0 -1 0
    outer loop
      vertex 46.8456 11.7292 3.92395
      vertex 46.5542 11.7292 3.92395
      vertex 46.5542 11.7292 3.66694
    endloop
  endfacet
  facet normal 0 -1 0
    outer loop
      vertex 46.5542 11.7292 3.66694
      vertex 46.5542 11.7292 3.62511
      vertex 46.8456 11.7292 3.62511
    endloop
  endfacet
  facet normal 0 -1 0
    outer loop
      vertex 46.5542 11.7292 3.66694
      vertex 46.8456 11.7292 3.62511
      vertex 46.8456 11.7292 3.92395
    endloop
  endfacet
  facet normal 0 1 0
    outer loop
      vertex 47.8273 11.3628 3.62511
      vertex 46.8456 11.3628 3.62511
      vertex 46.8456 11.3628 3.92395
    endloop
  endfacet
  facet normal 0 1 0
    outer loop
      vertex 46.8456 11.3628 3.92395
      vertex 47.8273 11.3628 3.92395
      vertex 47.8273 11.3628 3.62511
    endloop
  endfacet
  facet normal 0 1 -6.1773e-05
    outer loop
      vertex 47.8273 34.0546 3.62511
      vertex 46.8455 34.0546 3.62511
      vertex 46.8455 34.0546 3.74862
    endloop
  endfacet
  facet normal 0 1 -6.1773e-05
    outer loop
      vertex 46.8455 34.0546 3.74862
      vertex 47.8273 34.0546 3.74862
      vertex 47.8273 34.0546 3.62511
    endloop
  endfacet
  facet normal 0 1 -0.000377813
    outer loop
      vertex 46.5543 18.9211 5.84943
      vertex 46.6102 18.9213 6.25835
      vertex 46.9025 18.9213 6.25835
    endloop
  endfacet
  facet normal 0 1 -0.000377813
    outer loop
      vertex 46.9025 18.9213 6.25835
      vertex 46.8455 18.9211 5.84943
      vertex 46.5543 18.9211 5.84943
    endloop
  endfacet
  facet normal -1.63675e-05 -1 1.52263e-05
    outer loop
      vertex 46.8456 11.7292 5.84943
      vertex 46.5542 11.7292 5.84943
      vertex 46.5542 11.7292 5.53627
    endloop
  endfacet
  facet normal 0 -1 0
    outer loop
      vertex 46.5542 11.7292 5.53627
      vertex 46.5542 11.7292 3.92395
      vertex 46.8456 11.7292 3.92395
    endloop
  endfacet
  facet normal 0 -1 0
    outer loop
      vertex 46.5542 11.7292 5.53627
      vertex 46.8456 11.7292 3.92395
      vertex 46.8456 11.7292 5.84943
    endloop
  endfacet
  facet normal 0 0.000115461 1
    outer loop
      vertex 46.6102 22.9238 6.25787
      vertex 46.6102 19.2813 6.25829
      vertex 46.9025 19.2813 6.25829
    endloop
  endfacet
  facet normal 0 0.000115461 1
    outer loop
      vertex 46.9025 19.2813 6.25829
      vertex 46.9025 22.9238 6.25787
      vertex 46.6102 22.9238 6.25787
    endloop
  endfacet
  facet normal -1 0 0
    outer loop
      vertex 46.5542 28.5601 4.45233
      vertex 46.5542 28.6887 4.33617
      vertex 46.5542 28.098 4.31284
    endloop
  endfacet
  facet normal 0 0 0
    outer loop
      vertex 46.5542 28.098 4.31284
      vertex 46.5542 28.098 4.36936
      vertex 46.5542 28.098 4.69896
    endloop
  endfacet
  facet normal -1 0 0
    outer loop
      vertex 46.5542 28.5601 4.94843
      vertex 46.5542 28.5601 4.45233
      vertex 46.5542 28.098 4.31284
    endloop
  endfacet
  facet normal 0 0 0
    outer loop
      vertex 46.5542 22.9259 4.94843
      vertex 46.5542 23.2899 4.94843
      vertex 46.5542 28.5601 4.94843
    endloop
  endfacet
  facet normal 0 0 0
    outer loop
      vertex 46.5542 18.9213 4.94843
      vertex 46.5542 19.2824 4.94843
      vertex 46.5542 22.9259 4.94843
    endloop
  endfacet
  facet normal -1 0 0
    outer loop
      vertex 46.5542 28.5601 4.94843
      vertex 46.5542 28.098 4.31284
      vertex 46.5542 28.098 4.69896
    endloop
  endfacet
  facet normal 0 0 0
    outer loop
      vertex 46.5542 28.098 4.69896
      vertex 46.5542 26.9011 4.69896
      vertex 46.5542 26.3818 4.69896
    endloop
  endfacet
  facet normal 0 0 0
    outer loop
      vertex 46.5542 26.3818 4.69896
      vertex 46.5542 21.14 4.69896
      vertex 46.5542 20.7011 4.69896
    endloop
  endfacet
  facet normal 0 0 0
    outer loop
      vertex 46.5542 26.3818 4.69896
      vertex 46.5542 20.7011 4.69896
      vertex 46.5542 17.3004 4.69896
    endloop
  endfacet
  facet normal -1 0 0
    outer loop
      vertex 46.5542 28.5601 4.94843
      vertex 46.5542 28.098 4.69896
      vertex 46.5542 26.3818 4.69896
    endloop
  endfacet
  facet normal 0 0 0
    outer loop
      vertex 46.5542 15.6389 4.94843
      vertex 46.5542 18.9213 4.94843
      vertex 46.5542 22.9259 4.94843
    endloop
  endfacet
  facet normal -1 0 0
    outer loop
      vertex 46.5542 22.9259 4.94843
      vertex 46.5542 28.5601 4.94843
      vertex 46.5542 26.3818 4.69896
    endloop
  endfacet
  facet normal -1 0 0
    outer loop
      vertex 46.5542 22.9259 4.94843
      vertex 46.5542 26.3818 4.69896
      vertex 46.5542 17.3004 4.69896
    endloop
  endfacet
  facet normal -1 0 0
    outer loop
      vertex 46.5542 17.5468 3.89651
      vertex 46.5542 15.639 3.82121
      vertex 46.5542 15.639 3.89069
    endloop
  endfacet
  facet normal -1 0 0
    outer loop
      vertex 46.5542 17.3004 4.36936
      vertex 46.5542 17.5468 3.89651
      vertex 46.5542 15.639 3.89069
    endloop
  endfacet
  facet normal -1 0 0
    outer loop
      vertex 46.5542 15.6389 4.94843
      vertex 46.5542 22.9259 4.94843
      vertex 46.5542 17.3004 4.69896
    endloop
  endfacet
  facet normal -1 0 0
    outer loop
      vertex 46.5542 17.3004 4.69896
      vertex 46.5542 17.3004 4.36936
      vertex 46.5542 15.639 3.89069
    endloop
  endfacet
  facet normal -1 0 0
    outer loop
      vertex 46.5542 17.3004 4.69896
      vertex 46.5542 15.639 3.89069
      vertex 46.5542 15.6389 4.94843
    endloop
  endfacet
  facet normal -1 0 0
    outer loop
      vertex 46.5542 15.1553 3.89063
      vertex 46.5542 15.1553 3.80212
      vertex 46.5542 11.7292 3.66694
    endloop
  endfacet
  facet normal -1 0 0
    outer loop
      vertex 46.5542 11.7292 3.92395
      vertex 46.5542 11.7292 5.53627
      vertex 46.5542 15.1551 5.53611
    endloop
  endfacet
  facet normal -1 0 0
    outer loop
      vertex 46.5542 15.1553 3.89063
      vertex 46.5542 11.7292 3.66694
      vertex 46.5542 11.7292 3.92395
    endloop
  endfacet
  facet normal -1 0 0
    outer loop
      vertex 46.5542 15.1551 5.33784
      vertex 46.5542 15.1552 4.87002
      vertex 46.5542 15.1553 3.89063
    endloop
  endfacet
  facet normal -1 0 0
    outer loop
      vertex 46.5542 11.7292 3.92395
      vertex 46.5542 15.1551 5.53611
      vertex 46.5542 15.1551 5.33784
    endloop
  endfacet
  facet normal -1 0 0
    outer loop
      vertex 46.5542 11.7292 3.92395
      vertex 46.5542 15.1551 5.33784
      vertex 46.5542 15.1553 3.89063
    endloop
  endfacet
  facet normal -1 0 0
    outer loop
      vertex 46.5542 11.3628 3.92395
      vertex 46.5542 11.3628 3.65248
      vertex 46.5542 10.6693 3.62511
    endloop
  endfacet
  facet normal -1 0 0
    outer loop
      vertex 46.5542 10.6693 3.62511
      vertex 46.5542 10.6693 5.53636
      vertex 46.5542 11.3628 5.5363
    endloop
  endfacet
  facet normal -1 0 0
    outer loop
      vertex 46.5542 10.6693 3.62511
      vertex 46.5542 11.3628 5.5363
      vertex 46.5542 11.3628 3.92395
    endloop
  endfacet
  facet normal -1 0 0
    outer loop
      vertex 46.5542 15.6388 5.53604
      vertex 46.5542 18.9212 5.53588
      vertex 46.5542 18.9212 5.41629
    endloop
  endfacet
  facet normal -1 0 0
    outer loop
      vertex 46.5542 18.9212 5.41629
      vertex 46.5542 15.6388 5.41629
      vertex 46.5542 15.6388 5.53604
    endloop
  endfacet
  facet normal -1 0 0
    outer loop
      vertex 46.5542 19.2818 5.53585
      vertex 46.5542 22.9249 5.53562
      vertex 46.5542 22.9257 5.41629
    endloop
  endfacet
  facet normal -1 0 0
    outer loop
      vertex 46.5542 22.9257 5.41629
      vertex 46.5542 19.2822 5.41629
      vertex 46.5542 19.2818 5.53585
    endloop
  endfacet
  facet normal 0 -1 0
    outer loop
      vertex 46.9668 11.7292 6.74462
      vertex 46.6768 11.7292 6.74462
      vertex 46.5542 11.7292 5.85018
    endloop
  endfacet
  facet normal -1.63671e-05 -0.999979 -0.00640602
    outer loop
      vertex 46.5542 11.7292 5.85018
      vertex 46.5542 11.7292 5.84943
      vertex 46.8456 11.7292 5.84943
    endloop
  endfacet
  facet normal 0 -1 0
    outer loop
      vertex 46.5542 11.7292 5.85018
      vertex 46.8456 11.7292 5.84943
      vertex 46.9668 11.7292 6.74462
    endloop
  endfacet
  facet normal 0 1 0
    outer loop
      vertex 46.5542 15.1551 5.8495
      vertex 46.6558 15.1551 6.59142
      vertex 46.9466 15.1551 6.59142
    endloop
  endfacet
  facet normal 0 1 0
    outer loop
      vertex 46.9466 15.1551 6.59142
      vertex 46.8455 15.1551 5.84943
      vertex 46.5542 15.1551 5.8495
    endloop
  endfacet
  facet normal 0 1 -6.1773e-05
    outer loop
      vertex 46.8455 34.0546 3.62511
      vertex 46.5542 34.0546 3.62511
      vertex 46.5542 34.0546 3.74862
    endloop
  endfacet
  facet normal 0 1 -6.1773e-05
    outer loop
      vertex 46.5542 34.0546 3.74862
      vertex 46.8455 34.0546 3.74862
      vertex 46.8455 34.0546 3.62511
    endloop
  endfacet
  facet normal 0 1 0.000150854
    outer loop
      vertex 46.8455 15.1553 3.89063
      vertex 46.8455 15.1554 3.62511
      vertex 46.5542 15.1554 3.62511
    endloop
  endfacet
  facet normal 2.61965e-05 1 0
    outer loop
      vertex 46.5542 15.1553 3.80212
      vertex 46.5542 15.1553 3.89063
      vertex 46.8455 15.1553 3.89063
    endloop
  endfacet
  facet normal -2.9471e-05 1 0.00018318
    outer loop
      vertex 46.5542 15.1554 3.62511
      vertex 46.5542 15.1553 3.80212
      vertex 46.8455 15.1553 3.89063
    endloop
  endfacet
  facet normal 0 -0.74057 0.671979
    outer loop
      vertex 46.703 11.903 6.93619
      vertex 46.6768 11.7292 6.74462
      vertex 46.9668 11.7292 6.74462
    endloop
  endfacet
  facet normal 0 -0.74057 0.671979
    outer loop
      vertex 46.9668 11.7292 6.74462
      vertex 46.9922 11.903 6.93619
      vertex 46.703 11.903 6.93619
    endloop
  endfacet
  facet normal -1 0 0
    outer loop
      vertex 46.5542 22.9249 5.53562
      vertex 46.5542 19.2818 5.53585
      vertex 46.5542 19.2811 5.84863
    endloop
  endfacet
  facet normal -1 0 0
    outer loop
      vertex 46.5542 19.2811 5.84863
      vertex 46.5542 22.9237 5.84788
      vertex 46.5542 22.9249 5.53562
    endloop
  endfacet
  facet normal -1 0 0
    outer loop
      vertex 46.5542 18.9212 5.53588
      vertex 46.5542 15.6388 5.53604
      vertex 46.5542 15.6388 5.8494
    endloop
  endfacet
  facet normal -1 0 0
    outer loop
      vertex 46.5542 15.6388 5.8494
      vertex 46.5542 18.9211 5.84869
      vertex 46.5542 18.9212 5.53588
    endloop
  endfacet
  facet normal -1 0 0
    outer loop
      vertex 46.5542 15.1551 5.8495
      vertex 46.5542 15.1551 5.53611
      vertex 46.5542 11.7292 5.53627
    endloop
  endfacet
  facet normal -1 0 0
    outer loop
      vertex 46.5542 11.7292 5.84943
      vertex 46.5542 11.7292 5.85018
      vertex 46.5542 15.1551 5.8495
    endloop
  endfacet
  facet normal -1 0 0
    outer loop
      vertex 46.5542 11.7292 5.53627
      vertex 46.5542 11.7292 5.84943
      vertex 46.5542 15.1551 5.8495
    endloop
  endfacet
  facet normal -1 0 0
    outer loop
      vertex 46.5542 11.3628 5.84943
      vertex 46.5542 11.3628 5.5363
      vertex 46.5542 10.6693 5.53636
    endloop
  endfacet
  facet normal -1 0 0
    outer loop
      vertex 46.5542 10.6693 5.53636
      vertex 46.5542 10.6693 5.85041
      vertex 46.5542 11.3628 5.85024
    endloop
  endfacet
  facet normal -1 0 0
    outer loop
      vertex 46.5542 10.6693 5.53636
      vertex 46.5542 11.3628 5.85024
      vertex 46.5542 11.3628 5.84943
    endloop
  endfacet
  facet normal -1 0 0
    outer loop
      vertex 46.5542 34.0546 3.74862
      vertex 46.5542 34.0546 3.62511
      vertex 46.5542 28.098 3.62511
    endloop
  endfacet
  facet normal -1 0 0
    outer loop
      vertex 46.5542 28.098 3.62511
      vertex 46.5542 28.098 4.31284
      vertex 46.5542 28.6887 4.33617
    endloop
  endfacet
  facet normal -1 0 0
    outer loop
      vertex 46.5542 29.339 3.74868
      vertex 46.5542 34.0546 3.74862
      vertex 46.5542 28.098 3.62511
    endloop
  endfacet
  facet normal -1 0 0
    outer loop
      vertex 46.5542 28.098 3.62511
      vertex 46.5542 28.6887 4.33617
      vertex 46.5542 29.339 3.74868
    endloop
  endfacet
  facet normal -1 0 0
    outer loop
      vertex 46.5542 15.1554 3.62511
      vertex 46.5542 11.7292 3.62511
      vertex 46.5542 11.7292 3.66694
    endloop
  endfacet
  facet normal -1 0 0
    outer loop
      vertex 46.5542 11.7292 3.66694
      vertex 46.5542 15.1553 3.80212
      vertex 46.5542 15.1554 3.62511
    endloop
  endfacet
  facet normal -1 0 0
    outer loop
      vertex 46.5542 11.3628 3.62511
      vertex 46.5542 10.6693 3.62511
      vertex 46.5542 11.3628 3.65248
    endloop
  endfacet
  facet normal 0 0.000108368 1
    outer loop
      vertex 46.6102 18.9213 6.25835
      vertex 46.6102 15.6388 6.25871
      vertex 46.9025 15.6388 6.25871
    endloop
  endfacet
  facet normal 0 0.000108368 1
    outer loop
      vertex 46.9025 15.6388 6.25871
      vertex 46.9025 18.9213 6.25835
      vertex 46.6102 18.9213 6.25835
    endloop
  endfacet
  facet normal 0 0 1
    outer loop
      vertex 46.5542 18.9213 4.94843
      vertex 46.5542 15.6389 4.94843
      vertex 46.8455 15.6389 4.94843
    endloop
  endfacet
  facet normal 0 0 1
    outer loop
      vertex 46.8455 15.6389 4.94843
      vertex 46.8455 18.9213 4.94843
      vertex 46.5542 18.9213 4.94843
    endloop
  endfacet
  facet normal 0 1 0
    outer loop
      vertex 46.5542 28.5601 4.45233
      vertex 46.5542 28.5601 4.94843
      vertex 46.8455 28.5601 4.94843
    endloop
  endfacet
  facet normal 0 1 0
    outer loop
      vertex 46.8455 28.5601 4.94843
      vertex 46.8455 28.5601 4.45233
      vertex 46.5542 28.5601 4.45233
    endloop
  endfacet
  facet normal 0 -1 1.65473e-05
    outer loop
      vertex 46.5542 34.4748 4.20968
      vertex 46.5542 34.4748 3.74862
      vertex 46.8455 34.4748 3.74862
    endloop
  endfacet
  facet normal 0 -1 1.65473e-05
    outer loop
      vertex 46.8455 34.4748 3.74862
      vertex 46.8455 34.4748 4.20968
      vertex 46.5542 34.4748 4.20968
    endloop
  endfacet
  facet normal 0 1 0.000124639
    outer loop
      vertex 46.5542 15.1553 3.89063
      vertex 46.5542 15.1552 4.87002
      vertex 46.8455 15.1552 4.87002
    endloop
  endfacet
  facet normal 2.61965e-05 1 0.000116849
    outer loop
      vertex 46.8455 15.1552 4.87002
      vertex 46.8455 15.1553 3.89063
      vertex 46.5542 15.1553 3.89063
    endloop
  endfacet
  facet normal 0 1 0.000125063
    outer loop
      vertex 46.8455 15.1551 5.33784
      vertex 46.5542 15.1551 5.33784
      vertex 46.5542 15.1551 5.53611
    endloop
  endfacet
  facet normal 2.30359e-08 1 0.000103464
    outer loop
      vertex 46.5542 15.1551 5.53611
      vertex 46.5542 15.1551 5.8495
      vertex 46.8455 15.1551 5.84943
    endloop
  endfacet
  facet normal -8.99617e-06 1 0.000111848
    outer loop
      vertex 46.5542 15.1551 5.53611
      vertex 46.8455 15.1551 5.84943
      vertex 46.8455 15.1551 5.33784
    endloop
  endfacet
  facet normal 0 0.566769 0.823877
    outer loop
      vertex 46.6558 15.1551 6.59142
      vertex 46.7028 14.6563 6.93454
      vertex 46.9922 14.6563 6.93454
    endloop
  endfacet
  facet normal 0 0.566769 0.823877
    outer loop
      vertex 46.9922 14.6563 6.93454
      vertex 46.9466 15.1551 6.59142
      vertex 46.6558 15.1551 6.59142
    endloop
  endfacet
  facet normal 0 0 1
    outer loop
      vertex 46.5542 23.2899 4.94843
      vertex 46.5542 22.9259 4.94843
      vertex 46.8455 22.9259 4.94843
    endloop
  endfacet
  facet normal 0 0 1
    outer loop
      vertex 46.8455 22.9259 4.94843
      vertex 46.8455 23.2899 4.94843
      vertex 46.5542 23.2899 4.94843
    endloop
  endfacet
  facet normal 0 1 0
    outer loop
      vertex 46.8456 11.3628 3.92395
      vertex 46.8456 11.3628 3.62511
      vertex 46.5542 11.3628 3.62511
    endloop
  endfacet
  facet normal 0 1 0
    outer loop
      vertex 46.5542 11.3628 3.65248
      vertex 46.5542 11.3628 3.92395
      vertex 46.8456 11.3628 3.92395
    endloop
  endfacet
  facet normal 0 1 0
    outer loop
      vertex 46.5542 11.3628 3.62511
      vertex 46.5542 11.3628 3.65248
      vertex 46.8456 11.3628 3.92395
    endloop
  endfacet
  facet normal 0 1.37014e-05 1
    outer loop
      vertex 46.5542 34.0546 3.74862
      vertex 46.5542 29.339 3.74868
      vertex 46.8455 29.339 3.74868
    endloop
  endfacet
  facet normal 0 1.37014e-05 1
    outer loop
      vertex 46.8455 29.339 3.74868
      vertex 46.8455 34.0546 3.74862
      vertex 46.5542 34.0546 3.74862
    endloop
  endfacet
  facet normal 0 0 1
    outer loop
      vertex 46.5542 19.2824 4.94843
      vertex 46.5542 18.9213 4.94843
      vertex 46.8455 18.9213 4.94843
    endloop
  endfacet
  facet normal 0 0 1
    outer loop
      vertex 46.8455 18.9213 4.94843
      vertex 46.8455 19.2824 4.94843
      vertex 46.5542 19.2824 4.94843
    endloop
  endfacet
  facet normal 0 1 -0.000336233
    outer loop
      vertex 46.5544 22.9237 5.84943
      vertex 46.6102 22.9238 6.25787
      vertex 46.9025 22.9238 6.25787
    endloop
  endfacet
  facet normal 0 1 -0.000336233
    outer loop
      vertex 46.9025 22.9238 6.25787
      vertex 46.8455 22.9237 5.84943
      vertex 46.5544 22.9237 5.84943
    endloop
  endfacet
  facet normal 0 1 0.000150854
    outer loop
      vertex 47.8273 15.1554 3.62511
      vertex 46.8455 15.1554 3.62511
      vertex 46.8455 15.1553 3.89063
    endloop
  endfacet
  facet normal 0 1 0.000150854
    outer loop
      vertex 46.8455 15.1553 3.89063
      vertex 47.8273 15.1553 3.89063
      vertex 47.8273 15.1554 3.62511
    endloop
  endfacet
  facet normal 0 0 -1
    outer loop
      vertex 46.8455 15.1554 3.62511
      vertex 47.8273 15.1554 3.62511
      vertex 47.8273 11.7292 3.62511
    endloop
  endfacet
  facet normal 0 0 -1
    outer loop
      vertex 46.8456 11.7292 3.62511
      vertex 46.5542 11.7292 3.62511
      vertex 46.5542 15.1554 3.62511
    endloop
  endfacet
  facet normal 0 0 -1
    outer loop
      vertex 46.8455 15.1554 3.62511
      vertex 47.8273 11.7292 3.62511
      vertex 46.8456 11.7292 3.62511
    endloop
  endfacet
  facet normal 0 0 -1
    outer loop
      vertex 46.8456 11.7292 3.62511
      vertex 46.5542 15.1554 3.62511
      vertex 46.8455 15.1554 3.62511
    endloop
  endfacet
  facet normal 0 0 -1
    outer loop
      vertex 47.8273 10.6693 3.62511
      vertex 46.5542 10.6693 3.62511
      vertex 46.5542 11.3628 3.62511
    endloop
  endfacet
  facet normal 0 0 -1
    outer loop
      vertex 46.8456 11.3628 3.62511
      vertex 47.8273 11.3628 3.62511
      vertex 47.8273 10.6693 3.62511
    endloop
  endfacet
  facet normal 0 0 -1
    outer loop
      vertex 46.5542 11.3628 3.62511
      vertex 46.8456 11.3628 3.62511
      vertex 47.8273 10.6693 3.62511
    endloop
  endfacet
  facet normal 0 5.92167e-05 1
    outer loop
      vertex 46.6103 26.5664 6.25745
      vertex 46.6102 23.289 6.25764
      vertex 46.9025 23.289 6.25764
    endloop
  endfacet
  facet normal 0 5.92167e-05 1
    outer loop
      vertex 46.9025 23.289 6.25764
      vertex 46.9025 26.5664 6.25745
      vertex 46.6103 26.5664 6.25745
    endloop
  endfacet
  facet normal 0 -1 0.000239494
    outer loop
      vertex 46.7793 35.6336 7.49207
      vertex 46.7293 35.6335 7.12572
      vertex 47.019 35.6335 7.12572
    endloop
  endfacet
  facet normal 0 -1 0.000239494
    outer loop
      vertex 47.019 35.6335 7.12572
      vertex 47.0663 35.6336 7.49207
      vertex 46.7793 35.6336 7.49207
    endloop
  endfacet
  facet normal 0 0.000599226 1
    outer loop
      vertex 46.7028 14.6563 6.93454
      vertex 46.703 11.903 6.93619
      vertex 46.9922 11.903 6.93619
    endloop
  endfacet
  facet normal 0 0.000599226 1
    outer loop
      vertex 46.9922 11.903 6.93619
      vertex 46.9922 14.6563 6.93454
      vertex 46.7028 14.6563 6.93454
    endloop
  endfacet
  facet normal 0 1 0.000134543
    outer loop
      vertex 46.5542 15.1552 4.87002
      vertex 46.5542 15.1551 5.33784
      vertex 46.8455 15.1551 5.33784
    endloop
  endfacet
  facet normal 0 1 0.000134543
    outer loop
      vertex 46.8455 15.1551 5.33784
      vertex 46.8455 15.1552 4.87002
      vertex 46.5542 15.1552 4.87002
    endloop
  endfacet
  facet normal 0 -0.325553 0.945524
    outer loop
      vertex 46.7293 29.0929 7.12737
      vertex 46.6103 26.5664 6.25745
      vertex 46.9025 26.5664 6.25745
    endloop
  endfacet
  facet normal 0 -0.325553 0.945524
    outer loop
      vertex 46.9025 26.5664 6.25745
      vertex 47.019 29.0929 7.12737
      vertex 46.7293 29.0929 7.12737
    endloop
  endfacet
  facet normal -0.99224 2.53912e-05 0.124335
    outer loop
      vertex 46.5544 22.9237 5.84943
      vertex 46.5542 22.9237 5.84788
      vertex 46.5542 19.2811 5.84863
    endloop
  endfacet
  facet normal -0.0241903 0.999703 0.00296674
    outer loop
      vertex 46.5542 19.2811 5.84863
      vertex 46.5543 19.2811 5.84943
      vertex 46.6102 19.2813 6.25829
    endloop
  endfacet
  facet normal -0.990785 2.49773e-05 0.135447
    outer loop
      vertex 46.6102 19.2813 6.25829
      vertex 46.6102 22.9238 6.25787
      vertex 46.5544 22.9237 5.84943
    endloop
  endfacet
  facet normal -0.990787 2.28506e-05 0.135428
    outer loop
      vertex 46.5542 19.2811 5.84863
      vertex 46.6102 19.2813 6.25829
      vertex 46.5544 22.9237 5.84943
    endloop
  endfacet
  facet normal -0.991228 2.86652e-05 0.132164
    outer loop
      vertex 46.5543 18.9211 5.84943
      vertex 46.5542 18.9211 5.84869
      vertex 46.5542 15.6388 5.8494
    endloop
  endfacet
  facet normal -0.990781 2.38919e-05 0.135471
    outer loop
      vertex 46.5542 15.6388 5.8494
      vertex 46.6102 15.6388 6.25871
      vertex 46.6102 18.9213 6.25835
    endloop
  endfacet
  facet normal -0.990786 2.862e-05 0.135434
    outer loop
      vertex 46.5542 15.6388 5.8494
      vertex 46.6102 18.9213 6.25835
      vertex 46.5543 18.9211 5.84943
    endloop
  endfacet
  facet normal -0.990757 2.69045e-05 0.135647
    outer loop
      vertex 46.6558 15.1551 6.59142
      vertex 46.5542 15.1551 5.8495
      vertex 46.5542 11.7292 5.85018
    endloop
  endfacet
  facet normal -0.990741 -0.000102456 0.135767
    outer loop
      vertex 46.5542 11.7292 5.85018
      vertex 46.6768 11.7292 6.74462
      vertex 46.703 11.903 6.93619
    endloop
  endfacet
  facet normal -0.990748 3.35077e-07 0.135713
    outer loop
      vertex 46.703 11.903 6.93619
      vertex 46.7028 14.6563 6.93454
      vertex 46.6558 15.1551 6.59142
    endloop
  endfacet
  facet normal -0.990743 4.28914e-06 0.13575
    outer loop
      vertex 46.5542 11.7292 5.85018
      vertex 46.703 11.903 6.93619
      vertex 46.6558 15.1551 6.59142
    endloop
  endfacet
  facet normal 0 0.670365 0.742031
    outer loop
      vertex 46.8455 29.339 3.74868
      vertex 46.5542 29.339 3.74868
      vertex 46.5542 28.6887 4.33617
    endloop
  endfacet
  facet normal 0 0.670313 0.742079
    outer loop
      vertex 46.5542 28.6887 4.33617
      vertex 46.5542 28.5601 4.45233
      vertex 46.8455 28.5601 4.45233
    endloop
  endfacet
  facet normal 3.49497e-05 0.670357 0.742039
    outer loop
      vertex 46.5542 28.6887 4.33617
      vertex 46.8455 28.5601 4.45233
      vertex 46.8455 29.339 3.74868
    endloop
  endfacet
  facet normal 0 0 0
    outer loop
      vertex 47.8273 15.639 3.62511
      vertex 46.8455 15.639 3.62511
      vertex 46.5542 15.639 3.62511
    endloop
  endfacet
  facet normal 0 0 -1
    outer loop
      vertex 46.5542 15.639 3.62511
      vertex 46.5542 17.6883 3.62511
      vertex 47.8273 17.6883 3.62511
    endloop
  endfacet
  facet normal 0 0 -1
    outer loop
      vertex 46.5542 15.639 3.62511
      vertex 47.8273 17.6883 3.62511
      vertex 47.8273 15.639 3.62511
    endloop
  endfacet
  facet normal 0 1 0
    outer loop
      vertex 47.8273 74.8577 3.89794
      vertex 47.0673 74.8577 3.89794
      vertex 47.0673 74.8577 4.11801
    endloop
  endfacet
  facet normal 0 1 0
    outer loop
      vertex 47.0673 74.8577 4.11801
      vertex 47.8273 74.8577 4.11801
      vertex 47.8273 74.8577 3.89794
    endloop
  endfacet
  facet normal 0 0 1
    outer loop
      vertex 46.5499 80.8079 7.22014
      vertex 46.5499 75.1958 7.22014
      vertex 46.8176 75.1958 7.22014
    endloop
  endfacet
  facet normal 0 0 1
    outer loop
      vertex 46.8176 75.1958 7.22014
      vertex 46.8176 80.8079 7.22014
      vertex 46.5499 80.8079 7.22014
    endloop
  endfacet
  facet normal 0 1 0
    outer loop
      vertex 46.7784 73.947 4.11801
      vertex 47.0673 73.947 4.11801
      vertex 47.0673 73.947 3.89794
    endloop
  endfacet
  facet normal 0 1 0
    outer loop
      vertex 47.0673 73.947 3.89794
      vertex 46.8233 73.947 3.89794
      vertex 46.7784 73.947 4.11801
    endloop
  endfacet
  facet normal 0 -1 0
    outer loop
      vertex 46.8176 75.1958 5.23898
      vertex 46.5499 75.1958 5.23898
      vertex 46.5499 75.1958 5.23843
    endloop
  endfacet
  facet normal 0 -1 0
    outer loop
      vertex 46.5499 75.1958 5.23843
      vertex 46.7784 75.1958 4.11801
      vertex 47.0673 75.1958 4.11801
    endloop
  endfacet
  facet normal 0 -1 0
    outer loop
      vertex 46.5499 75.1958 5.23843
      vertex 47.0673 75.1958 4.11801
      vertex 46.8176 75.1958 5.23898
    endloop
  endfacet
  facet normal 0 -1 0
    outer loop
      vertex 46.5499 74.2852 5.23843
      vertex 46.7784 74.2852 4.11801
      vertex 47.0673 74.2852 4.11801
    endloop
  endfacet
  facet normal 0 -1 0
    outer loop
      vertex 47.0673 74.2852 4.11801
      vertex 46.8176 74.2852 5.23898
      vertex 46.5499 74.2852 5.23898
    endloop
  endfacet
  facet normal 0 -1 0
    outer loop
      vertex 47.0673 74.2852 4.11801
      vertex 46.5499 74.2852 5.23898
      vertex 46.5499 74.2852 5.23843
    endloop
  endfacet
  facet normal -0.979824 0 -0.199862
    outer loop
      vertex 46.7784 74.2852 4.11801
      vertex 46.5499 74.2852 5.23843
      vertex 46.5499 74.8577 5.23843
    endloop
  endfacet
  facet normal -0.979815 0 -0.199905
    outer loop
      vertex 46.7784 74.8577 4.11801
      vertex 46.8233 74.8577 3.89794
      vertex 46.8233 74.2852 3.89794
    endloop
  endfacet
  facet normal -0.979824 0 -0.199862
    outer loop
      vertex 46.7784 74.2852 4.11801
      vertex 46.5499 74.8577 5.23843
      vertex 46.7784 74.8577 4.11801
    endloop
  endfacet
  facet normal -0.979815 0 -0.199905
    outer loop
      vertex 46.7784 74.8577 4.11801
      vertex 46.8233 74.2852 3.89794
      vertex 46.7784 74.2852 4.11801
    endloop
  endfacet
  facet normal -0.979824 0 -0.199862
    outer loop
      vertex 46.7784 75.1958 4.11801
      vertex 46.5499 75.1958 5.23843
      vertex 46.5499 77.4257 5.23843
    endloop
  endfacet
  facet normal -0.979824 0 -0.199861
    outer loop
      vertex 46.5654 77.4257 5.16206
      vertex 46.8233 77.4257 3.89794
      vertex 46.8233 75.1958 3.89794
    endloop
  endfacet
  facet normal -0.979794 7.5869e-05 -0.200007
    outer loop
      vertex 46.7784 75.1958 4.11801
      vertex 46.5499 77.4257 5.23843
      vertex 46.5654 77.4257 5.16206
    endloop
  endfacet
  facet normal -0.979815 2.60039e-05 -0.199905
    outer loop
      vertex 46.5654 77.4257 5.16206
      vertex 46.8233 75.1958 3.89794
      vertex 46.7784 75.1958 4.11801
    endloop
  endfacet
  facet normal 0 1 0
    outer loop
      vertex 47.0673 73.947 3.89794
      vertex 47.0673 73.947 4.11801
      vertex 47.8273 73.947 4.11801
    endloop
  endfacet
  facet normal 0 1 0
    outer loop
      vertex 47.8273 73.947 4.11801
      vertex 47.8273 73.947 3.89794
      vertex 47.0673 73.947 3.89794
    endloop
  endfacet
  facet normal 0 0 -1
    outer loop
      vertex 46.5499 74.2852 7.56799
      vertex 46.8176 74.2852 7.56799
      vertex 46.8176 73.947 7.56799
    endloop
  endfacet
  facet normal 0 0 -1
    outer loop
      vertex 46.8176 73.947 7.56799
      vertex 46.5499 73.947 7.56799
      vertex 46.5499 74.2852 7.56799
    endloop
  endfacet
  facet normal -1 0 0
    outer loop
      vertex 46.5499 81.5853 6.92399
      vertex 46.5499 83.1128 6.92399
      vertex 46.5499 83.1128 6.30578
    endloop
  endfacet
  facet normal -1 0 0
    outer loop
      vertex 46.5499 83.1128 6.30578
      vertex 46.5499 79.1936 6.30578
      vertex 46.5499 79.1936 6.65045
    endloop
  endfacet
  facet normal -1 0 0
    outer loop
      vertex 46.5499 77.4257 6.65045
      vertex 46.5499 77.4257 6.30578
      vertex 46.5499 75.1958 6.30578
    endloop
  endfacet
  facet normal -1 0 0
    outer loop
      vertex 46.5499 81.5853 6.92399
      vertex 46.5499 83.1128 6.30578
      vertex 46.5499 79.1936 6.65045
    endloop
  endfacet
  facet normal -1 0 0
    outer loop
      vertex 46.5499 77.4257 6.65045
      vertex 46.5499 75.1958 6.30578
      vertex 46.5499 75.1958 7.22014
    endloop
  endfacet
  facet normal -1 0 0
    outer loop
      vertex 46.5499 81.5853 6.92399
      vertex 46.5499 79.1936 6.65045
      vertex 46.5499 77.4257 6.65045
    endloop
  endfacet
  facet normal -1 0 0
    outer loop
      vertex 46.5499 75.1958 7.22014
      vertex 46.5499 80.8079 7.22014
      vertex 46.5499 81.5853 6.92399
    endloop
  endfacet
  facet normal -1 0 0
    outer loop
      vertex 46.5499 77.4257 6.65045
      vertex 46.5499 75.1958 7.22014
      vertex 46.5499 81.5853 6.92399
    endloop
  endfacet
  facet normal -1 0 0
    outer loop
      vertex 46.5499 74.8577 6.30578
      vertex 46.5499 74.2852 6.30578
      vertex 46.5499 74.2852 7.22014
    endloop
  endfacet
  facet normal -1 0 0
    outer loop
      vertex 46.5499 74.2852 7.22014
      vertex 46.5499 74.8577 7.22014
      vertex 46.5499 74.8577 6.30578
    endloop
  endfacet
  facet normal 0 -1 0
    outer loop
      vertex 47.0673 74.2852 3.89794
      vertex 47.0673 74.2852 4.11801
      vertex 46.7784 74.2852 4.11801
    endloop
  endfacet
  facet normal 0 -1 0
    outer loop
      vertex 46.7784 74.2852 4.11801
      vertex 46.8233 74.2852 3.89794
      vertex 47.0673 74.2852 3.89794
    endloop
  endfacet
  facet normal -1 0 0
    outer loop
      vertex 46.5499 74.2852 5.23898
      vertex 46.5499 74.2852 6.03751
      vertex 46.5499 74.8577 6.03751
    endloop
  endfacet
  facet normal -1 0 0
    outer loop
      vertex 46.5499 74.8577 5.23898
      vertex 46.5499 74.8577 5.23843
      vertex 46.5499 74.2852 5.23843
    endloop
  endfacet
  facet normal -1 0 0
    outer loop
      vertex 46.5499 74.2852 5.23898
      vertex 46.5499 74.8577 6.03751
      vertex 46.5499 74.8577 5.23898
    endloop
  endfacet
  facet normal -1 0 0
    outer loop
      vertex 46.5499 74.8577 5.23898
      vertex 46.5499 74.2852 5.23843
      vertex 46.5499 74.2852 5.23898
    endloop
  endfacet
  facet normal -1 0 0
    outer loop
      vertex 46.5499 75.1958 5.23898
      vertex 46.5499 75.1958 6.03751
      vertex 46.5499 77.4257 6.03751
    endloop
  endfacet
  facet normal -1 0 0
    outer loop
      vertex 46.5499 77.4257 6.03751
      vertex 46.5499 77.4257 5.23843
      vertex 46.5499 75.1958 5.23843
    endloop
  endfacet
  facet normal -1 0 0
    outer loop
      vertex 46.5499 77.4257 6.03751
      vertex 46.5499 75.1958 5.23843
      vertex 46.5499 75.1958 5.23898
    endloop
  endfacet
  facet normal 0 0 1
    outer loop
      vertex 46.8176 81.5853 6.92399
      vertex 46.8176 83.3749 6.92399
      vertex 46.5499 83.3749 6.92399
    endloop
  endfacet
  facet normal 0 0 1
    outer loop
      vertex 46.5499 83.1128 6.92399
      vertex 46.5499 81.5853 6.92399
      vertex 46.8176 81.5853 6.92399
    endloop
  endfacet
  facet normal 0 0 1
    outer loop
      vertex 46.5499 83.3749 6.92399
      vertex 46.5499 83.1128 6.92399
      vertex 46.8176 81.5853 6.92399
    endloop
  endfacet
  facet normal 0 -1 0
    outer loop
      vertex 46.7784 75.1958 4.11801
      vertex 46.8233 75.1958 3.89794
      vertex 47.0673 75.1958 3.89794
    endloop
  endfacet
  facet normal 0 -1 0
    outer loop
      vertex 47.0673 75.1958 3.89794
      vertex 47.0673 75.1958 4.11801
      vertex 46.7784 75.1958 4.11801
    endloop
  endfacet
  facet normal 0 0 -1
    outer loop
      vertex 46.5499 74.8577 7.56799
      vertex 46.5499 75.1958 7.56799
      vertex 46.8176 75.1958 7.56799
    endloop
  endfacet
  facet normal 0 0 -1
    outer loop
      vertex 46.8176 75.1958 7.56799
      vertex 46.8176 74.8577 7.56799
      vertex 46.5499 74.8577 7.56799
    endloop
  endfacet
  facet normal 0 0 -1
    outer loop
      vertex 46.5499 74.8577 7.56799
      vertex 46.8176 74.8577 7.56799
      vertex 46.8176 74.2852 7.56799
    endloop
  endfacet
  facet normal 0 0 -1
    outer loop
      vertex 46.8176 74.2852 7.56799
      vertex 46.5499 74.2852 7.56799
      vertex 46.5499 74.8577 7.56799
    endloop
  endfacet
  facet normal 0 -1 0
    outer loop
      vertex 46.8176 75.1958 7.22014
      vertex 46.5499 75.1958 7.22014
      vertex 46.5499 75.1958 6.30578
    endloop
  endfacet
  facet normal 0 -1 0
    outer loop
      vertex 46.5499 75.1958 6.03751
      vertex 46.5499 75.1958 5.23898
      vertex 46.8176 75.1958 5.23898
    endloop
  endfacet
  facet normal 0 -1 0
    outer loop
      vertex 46.8176 75.1958 7.22014
      vertex 46.5499 75.1958 6.30578
      vertex 46.5499 75.1958 6.03751
    endloop
  endfacet
  facet normal 0 -1 0
    outer loop
      vertex 46.5499 75.1958 6.03751
      vertex 46.8176 75.1958 5.23898
      vertex 46.8176 75.1958 7.22014
    endloop
  endfacet
  facet normal 0 -1 0
    outer loop
      vertex 46.5499 74.2852 6.03751
      vertex 46.5499 74.2852 5.23898
      vertex 46.8176 74.2852 5.23898
    endloop
  endfacet
  facet normal 0 -1 0
    outer loop
      vertex 46.8176 74.2852 5.23898
      vertex 46.8176 74.2852 7.22014
      vertex 46.5499 74.2852 7.22014
    endloop
  endfacet
  facet normal 0 0 0
    outer loop
      vertex 46.5499 74.2852 7.22014
      vertex 46.5499 74.2852 6.30578
      vertex 46.5499 74.2852 6.03751
    endloop
  endfacet
  facet normal 0 -1 0
    outer loop
      vertex 46.8176 74.2852 5.23898
      vertex 46.5499 74.2852 7.22014
      vertex 46.5499 74.2852 6.03751
    endloop
  endfacet
  facet normal 0 1 0
    outer loop
      vertex 47.0673 74.8577 3.89794
      vertex 46.8233 74.8577 3.89794
      vertex 46.7784 74.8577 4.11801
    endloop
  endfacet
  facet normal 0 1 0
    outer loop
      vertex 46.7784 74.8577 4.11801
      vertex 47.0673 74.8577 4.11801
      vertex 47.0673 74.8577 3.89794
    endloop
  endfacet
  facet normal -1 0 0
    outer loop
      vertex 46.5499 83.1128 7.56799
      vertex 46.5499 83.1128 7.98606
      vertex 46.5499 83.3749 7.98881
    endloop
  endfacet
  facet normal -1 0 0
    outer loop
      vertex 46.5499 83.3749 7.98881
      vertex 46.5499 83.3749 7.56799
      vertex 46.5499 83.1128 7.56799
    endloop
  endfacet
  facet normal 0 0.356005 0.934484
    outer loop
      vertex 46.5499 81.5853 6.92399
      vertex 46.5499 80.8079 7.22014
      vertex 46.8176 80.8079 7.22014
    endloop
  endfacet
  facet normal 0 0.356005 0.934484
    outer loop
      vertex 46.8176 80.8079 7.22014
      vertex 46.8176 81.5853 6.92399
      vertex 46.5499 81.5853 6.92399
    endloop
  endfacet
  facet normal -1 0 0
    outer loop
      vertex 46.5499 74.2852 6.30578
      vertex 46.5499 74.8577 6.30578
      vertex 46.5499 74.8577 6.03751
    endloop
  endfacet
  facet normal -1 0 0
    outer loop
      vertex 46.5499 74.8577 6.03751
      vertex 46.5499 74.2852 6.03751
      vertex 46.5499 74.2852 6.30578
    endloop
  endfacet
  facet normal -1 0 0
    outer loop
      vertex 46.5499 75.1958 6.30578
      vertex 46.5499 77.4257 6.30578
      vertex 46.5499 77.4257 6.03751
    endloop
  endfacet
  facet normal -1 0 0
    outer loop
      vertex 46.5499 77.4257 6.03751
      vertex 46.5499 75.1958 6.03751
      vertex 46.5499 75.1958 6.30578
    endloop
  endfacet
  facet normal 0 0 -1
    outer loop
      vertex 46.8233 69.8633 3.89794
      vertex 46.8233 71.4912 3.89794
      vertex 47.8273 71.4912 3.89794
    endloop
  endfacet
  facet normal 0 0 -1
    outer loop
      vertex 47.8273 71.4912 3.89794
      vertex 47.8273 69.8633 3.89794
      vertex 46.8233 69.8633 3.89794
    endloop
  endfacet
  facet normal 0 1 0
    outer loop
      vertex 46.7576 81.0314 5.24154
      vertex 46.5499 81.0314 5.24154
      vertex 46.5499 81.0314 6.03751
    endloop
  endfacet
  facet normal 0 1 0
    outer loop
      vertex 46.5499 81.0314 6.03751
      vertex 46.5499 81.0314 6.1014
      vertex 46.7576 81.0314 6.1014
    endloop
  endfacet
  facet normal 0 1 0
    outer loop
      vertex 46.5499 81.0314 6.03751
      vertex 46.7576 81.0314 6.1014
      vertex 46.7576 81.0314 5.24154
    endloop
  endfacet
  facet normal 0 1 0
    outer loop
      vertex 47.0237 81.0314 4.3011
      vertex 46.7411 81.0314 4.3011
      vertex 46.5499 81.0314 5.23843
    endloop
  endfacet
  facet normal 0 1 0
    outer loop
      vertex 46.5499 81.0314 5.23843
      vertex 46.5499 81.0314 5.24154
      vertex 46.7576 81.0314 5.24154
    endloop
  endfacet
  facet normal 0 1 0
    outer loop
      vertex 46.5499 81.0314 5.23843
      vertex 46.7576 81.0314 5.24154
      vertex 47.0237 81.0314 4.3011
    endloop
  endfacet
  facet normal 0 0 1
    outer loop
      vertex 46.7411 81.3755 4.3011
      vertex 46.7411 81.0314 4.3011
      vertex 47.0237 81.0314 4.3011
    endloop
  endfacet
  facet normal 0 0 1
    outer loop
      vertex 47.0237 81.0314 4.3011
      vertex 47.0237 81.3755 4.3011
      vertex 46.7411 81.3755 4.3011
    endloop
  endfacet
  facet normal 0 1 1.62789e-05
    outer loop
      vertex 47.0237 82.3756 4.3011
      vertex 46.7411 82.3756 4.3011
      vertex 46.5499 82.3756 5.23843
    endloop
  endfacet
  facet normal -7.3439e-05 1 0
    outer loop
      vertex 46.5499 82.3756 5.23843
      vertex 46.5499 82.3756 5.24154
      vertex 46.7576 82.3756 5.24154
    endloop
  endfacet
  facet normal -7.31298e-05 1 -2.06871e-05
    outer loop
      vertex 46.5499 82.3756 5.23843
      vertex 46.7576 82.3756 5.24154
      vertex 47.0237 82.3756 4.3011
    endloop
  endfacet
  facet normal 0 1 0
    outer loop
      vertex 47.0237 81.7053 4.3011
      vertex 46.7411 81.7053 4.3011
      vertex 46.5499 81.7053 5.23843
    endloop
  endfacet
  facet normal 0 1 0
    outer loop
      vertex 46.5499 81.7053 5.23843
      vertex 46.5499 81.7053 5.24154
      vertex 46.7576 81.7053 5.24154
    endloop
  endfacet
  facet normal 0 1 0
    outer loop
      vertex 46.5499 81.7053 5.23843
      vertex 46.7576 81.7053 5.24154
      vertex 47.0237 81.7053 4.3011
    endloop
  endfacet
  facet normal -1 0 0
    outer loop
      vertex 46.5499 81.3755 5.24154
      vertex 46.5499 81.3755 6.03751
      vertex 46.5499 81.7053 6.03751
    endloop
  endfacet
  facet normal 0 0 0
    outer loop
      vertex 46.5499 81.7053 6.03751
      vertex 46.5499 81.7053 5.24154
      vertex 46.5499 81.7053 5.23843
    endloop
  endfacet
  facet normal -1 0 0
    outer loop
      vertex 46.5499 81.7053 5.23843
      vertex 46.5499 81.3755 5.23843
      vertex 46.5499 81.3755 5.24154
    endloop
  endfacet
  facet normal -1 0 0
    outer loop
      vertex 46.5499 81.7053 6.03751
      vertex 46.5499 81.7053 5.23843
      vertex 46.5499 81.3755 5.24154
    endloop
  endfacet
  facet normal -1 0 0
    outer loop
      vertex 46.5499 82.0494 5.24154
      vertex 46.5499 82.0494 6.03751
      vertex 46.5499 82.3756 6.03751
    endloop
  endfacet
  facet normal -1 0 0
    outer loop
      vertex 46.5499 82.3756 5.24154
      vertex 46.5499 82.3756 5.23843
      vertex 46.5499 82.0494 5.23843
    endloop
  endfacet
  facet normal -1 0 0
    outer loop
      vertex 46.5499 82.0494 5.24154
      vertex 46.5499 82.3756 6.03751
      vertex 46.5499 82.3756 5.24154
    endloop
  endfacet
  facet normal -1 0 0
    outer loop
      vertex 46.5499 82.3756 5.24154
      vertex 46.5499 82.0494 5.23843
      vertex 46.5499 82.0494 5.24154
    endloop
  endfacet
  facet normal -1 0 0
    outer loop
      vertex 46.5499 82.7197 5.24154
      vertex 46.5499 82.7197 6.03751
      vertex 46.5499 83.1128 6.03751
    endloop
  endfacet
  facet normal -1 0 0
    outer loop
      vertex 46.5499 83.1128 6.03751
      vertex 46.5499 83.1128 5.23843
      vertex 46.5499 82.7197 5.23843
    endloop
  endfacet
  facet normal -1 0 0
    outer loop
      vertex 46.5499 83.1128 6.03751
      vertex 46.5499 82.7197 5.23843
      vertex 46.5499 82.7197 5.24154
    endloop
  endfacet
  facet normal 0 1 0
    outer loop
      vertex 46.7576 81.7053 5.24154
      vertex 46.5499 81.7053 5.24154
      vertex 46.5499 81.7053 6.03751
    endloop
  endfacet
  facet normal 0 1 0
    outer loop
      vertex 46.5499 81.7053 6.03751
      vertex 46.5499 81.7053 6.1014
      vertex 46.7576 81.7053 6.1014
    endloop
  endfacet
  facet normal 0 1 0
    outer loop
      vertex 46.5499 81.7053 6.03751
      vertex 46.7576 81.7053 6.1014
      vertex 46.7576 81.7053 5.24154
    endloop
  endfacet
  facet normal -7.3439e-05 1 0
    outer loop
      vertex 46.7576 82.3756 5.24154
      vertex 46.5499 82.3756 5.24154
      vertex 46.5499 82.3756 6.03751
    endloop
  endfacet
  facet normal 0 1 0
    outer loop
      vertex 46.5499 82.3756 6.03751
      vertex 46.5499 82.3756 6.1014
      vertex 46.7576 82.3756 6.1014
    endloop
  endfacet
  facet normal -5.4566e-06 1 1.77457e-05
    outer loop
      vertex 46.5499 82.3756 6.03751
      vertex 46.7576 82.3756 6.1014
      vertex 46.7576 82.3756 5.24154
    endloop
  endfacet
  facet normal 0 0 1
    outer loop
      vertex 46.7411 82.0494 4.3011
      vertex 46.7411 81.7053 4.3011
      vertex 47.0237 81.7053 4.3011
    endloop
  endfacet
  facet normal 0 0 1
    outer loop
      vertex 47.0237 81.7053 4.3011
      vertex 47.0237 82.0494 4.3011
      vertex 46.7411 82.0494 4.3011
    endloop
  endfacet
  facet normal 0 0 1
    outer loop
      vertex 46.7411 82.7197 4.3011
      vertex 46.7411 82.3756 4.3011
      vertex 47.0237 82.3756 4.3011
    endloop
  endfacet
  facet normal 0 0 1
    outer loop
      vertex 47.0237 82.3756 4.3011
      vertex 47.0237 82.7197 4.3011
      vertex 46.7411 82.7197 4.3011
    endloop
  endfacet
  facet normal 0 -1 0
    outer loop
      vertex 46.7918 34.213 5.60915
      vertex 46.5542 34.213 5.60915
      vertex 46.5542 34.213 5.53497
    endloop
  endfacet
  facet normal 0 -1 0
    outer loop
      vertex 46.5542 34.213 5.53497
      vertex 46.5542 34.213 4.62087
      vertex 46.7918 34.213 4.62087
    endloop
  endfacet
  facet normal 0 -1 0
    outer loop
      vertex 46.5542 34.213 5.53497
      vertex 46.7918 34.213 4.62087
      vertex 46.7918 34.213 5.60915
    endloop
  endfacet
  facet normal 0 -1 0
    outer loop
      vertex 45.7137 37.0783 5.95884
      vertex 45.5378 37.0783 5.95884
      vertex 45.5378 37.0783 5.84529
    endloop
  endfacet
  facet normal 0 0 0
    outer loop
      vertex 45.5378 37.0783 5.84529
      vertex 45.5378 37.0783 5.53491
      vertex 45.5378 37.0783 4.97055
    endloop
  endfacet
  facet normal 0 -1 0
    outer loop
      vertex 45.5378 37.0783 4.97055
      vertex 45.7137 37.0783 4.97055
      vertex 45.7137 37.0783 5.95884
    endloop
  endfacet
  facet normal 0 -1 0
    outer loop
      vertex 45.5378 37.0783 5.84529
      vertex 45.5378 37.0783 4.97055
      vertex 45.7137 37.0783 5.95884
    endloop
  endfacet
  facet normal 0 -1 0
    outer loop
      vertex 45.7114 36.4296 7.33259
      vertex 45.5378 36.4296 7.33259
      vertex 45.5378 36.4296 5.84529
    endloop
  endfacet
  facet normal 0 0 0
    outer loop
      vertex 45.5378 36.4296 5.84529
      vertex 45.5378 36.4296 5.53491
      vertex 45.5378 36.4296 4.97033
    endloop
  endfacet
  facet normal 0 -1 0
    outer loop
      vertex 45.5378 36.4296 4.97033
      vertex 45.7114 36.4296 4.97033
      vertex 45.7114 36.4296 7.33259
    endloop
  endfacet
  facet normal 0 -1 0
    outer loop
      vertex 45.5378 36.4296 5.84529
      vertex 45.5378 36.4296 4.97033
      vertex 45.7114 36.4296 7.33259
    endloop
  endfacet
  facet normal 0 -1 0
    outer loop
      vertex 46.3975 59.2731 7.96808
      vertex 46.3975 59.2731 7.17356
      vertex 46.6188 59.2731 7.17356
    endloop
  endfacet
  facet normal 0 -1 0
    outer loop
      vertex 46.6188 59.2731 7.17356
      vertex 46.6188 59.2731 7.96808
      vertex 46.3975 59.2731 7.96808
    endloop
  endfacet
  facet normal -1 0 0
    outer loop
      vertex 46.3975 58.929 7.96808
      vertex 46.3975 58.5937 8.16705
      vertex 46.3975 64.2712 8.16705
    endloop
  endfacet
  facet normal -1 0 0
    outer loop
      vertex 46.3975 64.2712 8.16705
      vertex 46.3975 63.5527 6.60597
      vertex 46.3975 58.5937 6.60597
    endloop
  endfacet
  facet normal -1 0 0
    outer loop
      vertex 46.3975 64.2712 8.16705
      vertex 46.3975 58.5937 6.60597
      vertex 46.3975 59.2731 7.17356
    endloop
  endfacet
  facet normal -1 0 0
    outer loop
      vertex 46.3975 59.2731 7.96808
      vertex 46.3975 58.929 7.96808
      vertex 46.3975 64.2712 8.16705
    endloop
  endfacet
  facet normal -1 0 0
    outer loop
      vertex 46.3975 64.2712 8.16705
      vertex 46.3975 59.2731 7.17356
      vertex 46.3975 59.2731 7.96808
    endloop
  endfacet
  facet normal 0 -1 0
    outer loop
      vertex 46.7918 33.2376 5.60915
      vertex 46.5542 33.2376 5.60915
      vertex 46.5542 33.2376 5.53504
    endloop
  endfacet
  facet normal 0 -1 0
    outer loop
      vertex 46.5542 33.2376 5.53504
      vertex 46.5542 33.2376 4.62087
      vertex 46.7918 33.2376 4.62087
    endloop
  endfacet
  facet normal 0 -1 0
    outer loop
      vertex 46.5542 33.2376 5.53504
      vertex 46.7918 33.2376 4.62087
      vertex 46.7918 33.2376 5.60915
    endloop
  endfacet
  facet normal 0 -1 0
    outer loop
      vertex 46.8149 30.3157 5.57612
      vertex 46.5542 30.3157 5.57612
      vertex 46.5542 30.3157 5.5352
    endloop
  endfacet
  facet normal 0 -1 0
    outer loop
      vertex 46.5542 30.3157 5.5352
      vertex 46.5542 30.3157 4.78161
      vertex 46.8149 30.3157 4.78161
    endloop
  endfacet
  facet normal 0 -1 0
    outer loop
      vertex 46.5542 30.3157 5.5352
      vertex 46.8149 30.3157 4.78161
      vertex 46.8149 30.3157 5.57612
    endloop
  endfacet
  facet normal -1 0 0
    outer loop
      vertex 45.5378 36.7342 5.53491
      vertex 45.5378 36.4296 5.53491
      vertex 45.5378 36.4296 5.84529
    endloop
  endfacet
  facet normal -1 0 0
    outer loop
      vertex 45.5378 36.4296 5.84529
      vertex 45.5378 36.7342 5.84529
      vertex 45.5378 36.7342 5.53491
    endloop
  endfacet
  facet normal -1 0 0
    outer loop
      vertex 45.5378 36.0855 5.53491
      vertex 45.5378 35.6386 5.53491
      vertex 45.5378 35.6386 5.84529
    endloop
  endfacet
  facet normal -1 0 0
    outer loop
      vertex 45.5378 35.6386 5.84529
      vertex 45.5378 36.0855 5.84529
      vertex 45.5378 36.0855 5.53491
    endloop
  endfacet
  facet normal 0 0 -1
    outer loop
      vertex 46.5542 34.4748 3.62511
      vertex 46.5542 38.5772 3.62511
      vertex 47.8273 38.5772 3.62511
    endloop
  endfacet
  facet normal 0 0 -1
    outer loop
      vertex 47.8273 38.5772 3.62511
      vertex 47.8273 34.4748 3.62511
      vertex 46.8455 34.4748 3.62511
    endloop
  endfacet
  facet normal 0 0 -1
    outer loop
      vertex 47.8273 38.5772 3.62511
      vertex 46.8455 34.4748 3.62511
      vertex 46.5542 34.4748 3.62511
    endloop
  endfacet
  facet normal 0 0.888129 0.459595
    outer loop
      vertex 47.8273 83.2237 8.28105
      vertex 47.8273 83.3749 7.98881
      vertex 47.0786 83.3749 7.98881
    endloop
  endfacet
  facet normal 0 0.888129 0.459595
    outer loop
      vertex 47.0786 83.3749 7.98881
      vertex 47.3024 83.2237 8.28105
      vertex 47.8273 83.2237 8.28105
    endloop
  endfacet
  facet normal 0 0 -1
    outer loop
      vertex 47.2813 83.2155 4.42322
      vertex 47.2813 83.5676 4.42322
      vertex 47.8273 83.5676 4.42322
    endloop
  endfacet
  facet normal 0 0 -1
    outer loop
      vertex 47.8273 83.5676 4.42322
      vertex 47.8273 83.2155 4.42322
      vertex 47.2813 83.2155 4.42322
    endloop
  endfacet
  facet normal -1 0 0
    outer loop
      vertex 47.0786 83.3749 6.30723
      vertex 47.0786 83.7271 6.30723
      vertex 47.0786 83.7271 6.03874
    endloop
  endfacet
  facet normal -1 0 0
    outer loop
      vertex 47.0786 83.7271 6.03874
      vertex 47.0786 83.3749 6.03874
      vertex 47.0786 83.3749 6.30723
    endloop
  endfacet
  facet normal 0 1 0
    outer loop
      vertex 46.5499 83.3749 6.92399
      vertex 47.0786 83.3749 6.61949
      vertex 47.0786 83.3749 6.30723
    endloop
  endfacet
  facet normal 0 1 0
    outer loop
      vertex 47.0786 83.3749 6.30723
      vertex 46.5499 83.3749 6.30723
      vertex 46.5499 83.3749 6.92399
    endloop
  endfacet
  facet normal 0 1 0
    outer loop
      vertex 46.5499 83.3749 7.56799
      vertex 47.0786 83.3749 7.87249
      vertex 47.0801 83.3749 7.56799
    endloop
  endfacet
  facet normal 0 0 0
    outer loop
      vertex 47.0801 83.3749 7.56799
      vertex 46.8176 83.3749 7.56799
      vertex 46.5499 83.3749 7.56799
    endloop
  endfacet
  facet normal 0 1 0
    outer loop
      vertex 46.8176 83.3749 7.56799
      vertex 47.0801 83.3749 7.56799
      vertex 47.0801 83.3749 6.92399
    endloop
  endfacet
  facet normal 0 1 0
    outer loop
      vertex 47.0801 83.3749 6.92399
      vertex 46.8176 83.3749 6.92399
      vertex 46.8176 83.3749 7.56799
    endloop
  endfacet
  facet normal 0 0.981438 -0.191778
    outer loop
      vertex 46.5499 83.3749 5.23908
      vertex 47.0786 83.3749 5.23908
      vertex 47.2813 83.2155 4.42322
    endloop
  endfacet
  facet normal -2.04741e-05 0.981435 -0.191795
    outer loop
      vertex 47.2813 83.2155 4.42322
      vertex 46.8233 83.1128 3.89794
      vertex 46.5499 83.3749 5.23908
    endloop
  endfacet
  facet normal 0 0.88849 0.458896
    outer loop
      vertex 47.8273 83.1128 8.49568
      vertex 47.8273 83.2237 8.28105
      vertex 47.3024 83.2237 8.28105
    endloop
  endfacet
  facet normal 0 0.88849 0.458896
    outer loop
      vertex 47.3024 83.2237 8.28105
      vertex 46.8518 83.1128 8.49568
      vertex 47.8273 83.1128 8.49568
    endloop
  endfacet
  facet normal 0 1 0
    outer loop
      vertex 46.5499 83.3749 7.98881
      vertex 47.0786 83.3749 7.98881
      vertex 47.0786 83.3749 7.87249
    endloop
  endfacet
  facet normal 0 1 0
    outer loop
      vertex 47.0786 83.3749 7.87249
      vertex 46.5499 83.3749 7.56799
      vertex 46.5499 83.3749 7.98881
    endloop
  endfacet
  facet normal 0 1 0
    outer loop
      vertex 46.8176 83.3749 6.92399
      vertex 47.0801 83.3749 6.92399
      vertex 47.0786 83.3749 6.61949
    endloop
  endfacet
  facet normal 0 1 0
    outer loop
      vertex 47.0786 83.3749 6.61949
      vertex 46.5499 83.3749 6.92399
      vertex 46.8176 83.3749 6.92399
    endloop
  endfacet
  facet normal 0.00030915 0.888225 0.459408
    outer loop
      vertex 46.8518 83.1128 8.49568
      vertex 47.3024 83.2237 8.28105
      vertex 47.0786 83.3749 7.98881
    endloop
  endfacet
  facet normal 0 0.888282 0.459299
    outer loop
      vertex 47.0786 83.3749 7.98881
      vertex 46.5499 83.3749 7.98881
      vertex 46.8518 83.1128 8.49568
    endloop
  endfacet
  facet normal 0 0.981431 -0.191813
    outer loop
      vertex 47.2813 83.5676 4.42322
      vertex 47.0786 83.7271 5.23908
      vertex 47.8273 83.7271 5.23908
    endloop
  endfacet
  facet normal 0 0.981431 -0.191813
    outer loop
      vertex 47.8273 83.7271 5.23908
      vertex 47.8273 83.5676 4.42322
      vertex 47.2813 83.5676 4.42322
    endloop
  endfacet
  facet normal 0 1 0
    outer loop
      vertex 47.8273 83.7271 7.98881
      vertex 47.8273 83.7271 6.30723
      vertex 47.0786 83.7271 6.30723
    endloop
  endfacet
  facet normal 0 1 0
    outer loop
      vertex 47.0786 83.7271 6.30723
      vertex 47.0786 83.7271 6.61949
      vertex 47.0801 83.7271 6.92399
    endloop
  endfacet
  facet normal 0 1 0
    outer loop
      vertex 47.0801 83.7271 7.56799
      vertex 47.0786 83.7271 7.87249
      vertex 47.0786 83.7271 7.98881
    endloop
  endfacet
  facet normal 0 1 0
    outer loop
      vertex 47.8273 83.7271 7.98881
      vertex 47.0786 83.7271 6.30723
      vertex 47.0801 83.7271 6.92399
    endloop
  endfacet
  facet normal 0 1 0
    outer loop
      vertex 47.0801 83.7271 7.56799
      vertex 47.0786 83.7271 7.98881
      vertex 47.8273 83.7271 7.98881
    endloop
  endfacet
  facet normal 0 1 0
    outer loop
      vertex 47.0801 83.7271 6.92399
      vertex 47.0801 83.7271 7.56799
      vertex 47.8273 83.7271 7.98881
    endloop
  endfacet
  facet normal 0 1 0
    outer loop
      vertex 47.8273 83.7271 5.23908
      vertex 47.0786 83.7271 5.23908
      vertex 47.0786 83.7271 6.03874
    endloop
  endfacet
  facet normal 0 1 0
    outer loop
      vertex 47.0786 83.7271 6.03874
      vertex 47.8273 83.7271 6.03874
      vertex 47.8273 83.7271 5.23908
    endloop
  endfacet
  facet normal 0 1 0
    outer loop
      vertex 47.8273 83.7271 6.03874
      vertex 47.0786 83.7271 6.03874
      vertex 47.0786 83.7271 6.30723
    endloop
  endfacet
  facet normal 0 1 0
    outer loop
      vertex 47.0786 83.7271 6.30723
      vertex 47.8273 83.7271 6.30723
      vertex 47.8273 83.7271 6.03874
    endloop
  endfacet
  facet normal -0.999986 0 -0.00519898
    outer loop
      vertex 47.0786 83.3749 7.87249
      vertex 47.0786 83.7271 7.87249
      vertex 47.0801 83.7271 7.56799
    endloop
  endfacet
  facet normal -0.999986 0 -0.00519898
    outer loop
      vertex 47.0801 83.7271 7.56799
      vertex 47.0801 83.3749 7.56799
      vertex 47.0786 83.3749 7.87249
    endloop
  endfacet
  facet normal -1 0 0
    outer loop
      vertex 47.0786 83.3749 7.98881
      vertex 47.0786 83.7271 7.98881
      vertex 47.0786 83.7271 7.87249
    endloop
  endfacet
  facet normal -1 0 0
    outer loop
      vertex 47.0786 83.7271 7.87249
      vertex 47.0786 83.3749 7.87249
      vertex 47.0786 83.3749 7.98881
    endloop
  endfacet
  facet normal -0.970488 0 -0.24115
    outer loop
      vertex 47.0786 83.3749 5.23908
      vertex 47.0786 83.7271 5.23908
      vertex 47.2813 83.5676 4.42322
    endloop
  endfacet
  facet normal -0.970488 0 -0.24115
    outer loop
      vertex 47.2813 83.5676 4.42322
      vertex 47.2813 83.2155 4.42322
      vertex 47.0786 83.3749 5.23908
    endloop
  endfacet
  facet normal -1 0 0
    outer loop
      vertex 47.0801 83.3749 7.56799
      vertex 47.0801 83.7271 7.56799
      vertex 47.0801 83.7271 6.92399
    endloop
  endfacet
  facet normal -1 0 0
    outer loop
      vertex 47.0801 83.7271 6.92399
      vertex 47.0801 83.3749 6.92399
      vertex 47.0801 83.3749 7.56799
    endloop
  endfacet
  facet normal -0.999986 0 0.00519899
    outer loop
      vertex 47.0801 83.3749 6.92399
      vertex 47.0801 83.7271 6.92399
      vertex 47.0786 83.7271 6.61949
    endloop
  endfacet
  facet normal -0.999986 0 0.00519899
    outer loop
      vertex 47.0786 83.7271 6.61949
      vertex 47.0786 83.3749 6.61949
      vertex 47.0801 83.3749 6.92399
    endloop
  endfacet
  facet normal -1 0 0
    outer loop
      vertex 47.0786 83.3749 6.03874
      vertex 47.0786 83.7271 6.03874
      vertex 47.0786 83.7271 5.23908
    endloop
  endfacet
  facet normal -1 0 0
    outer loop
      vertex 47.0786 83.7271 5.23908
      vertex 47.0786 83.3749 5.23908
      vertex 47.0786 83.3749 6.03874
    endloop
  endfacet
  facet normal -1 0 0
    outer loop
      vertex 47.0786 83.3749 6.61949
      vertex 47.0786 83.7271 6.61949
      vertex 47.0786 83.7271 6.30723
    endloop
  endfacet
  facet normal -1 0 0
    outer loop
      vertex 47.0786 83.7271 6.30723
      vertex 47.0786 83.3749 6.30723
      vertex 47.0786 83.3749 6.61949
    endloop
  endfacet
  facet normal 0 0 1
    outer loop
      vertex 47.8273 83.3749 7.98881
      vertex 47.8273 83.7271 7.98881
      vertex 47.0786 83.7271 7.98881
    endloop
  endfacet
  facet normal 0 0 1
    outer loop
      vertex 47.0786 83.7271 7.98881
      vertex 47.0786 83.3749 7.98881
      vertex 47.8273 83.3749 7.98881
    endloop
  endfacet
  facet normal 1 0 0
    outer loop
      vertex 49.0357 58.929 7.96808
      vertex 49.0357 58.929 7.17356
      vertex 49.0357 59.2731 7.17356
    endloop
  endfacet
  facet normal 1 0 0
    outer loop
      vertex 49.0357 59.2731 7.17356
      vertex 49.0357 59.2731 7.96808
      vertex 49.0357 58.929 7.96808
    endloop
  endfacet
  facet normal 0 0 1
    outer loop
      vertex 49.0357 58.929 7.17356
      vertex 49.257 58.929 7.17356
      vertex 49.257 59.2731 7.17356
    endloop
  endfacet
  facet normal 0 0 1
    outer loop
      vertex 49.257 59.2731 7.17356
      vertex 49.0357 59.2731 7.17356
      vertex 49.0357 58.929 7.17356
    endloop
  endfacet
  facet normal 0 1 0
    outer loop
      vertex 49.0357 58.929 7.17356
      vertex 49.0357 58.929 7.96808
      vertex 49.257 58.929 7.96808
    endloop
  endfacet
  facet normal 0 1 0
    outer loop
      vertex 49.257 58.929 7.96808
      vertex 49.257 58.929 7.17356
      vertex 49.0357 58.929 7.17356
    endloop
  endfacet
  facet normal 0 0 -1
    outer loop
      vertex 49.0357 59.2731 7.96808
      vertex 49.257 59.2731 7.96808
      vertex 49.257 58.929 7.96808
    endloop
  endfacet
  facet normal 0 0 -1
    outer loop
      vertex 49.257 58.929 7.96808
      vertex 49.0357 58.929 7.96808
      vertex 49.0357 59.2731 7.96808
    endloop
  endfacet
  facet normal 1 0 0
    outer loop
      vertex 48.8627 33.8689 5.60915
      vertex 48.8627 33.8689 4.62087
      vertex 48.8627 34.213 4.62087
    endloop
  endfacet
  facet normal 1 0 0
    outer loop
      vertex 48.8627 34.213 4.62087
      vertex 48.8627 34.213 5.60915
      vertex 48.8627 33.8689 5.60915
    endloop
  endfacet
  facet normal 0 0 1
    outer loop
      vertex 48.8627 33.8689 4.62087
      vertex 49.1003 33.8689 4.62087
      vertex 49.1003 34.213 4.62087
    endloop
  endfacet
  facet normal 0 0 1
    outer loop
      vertex 49.1003 34.213 4.62087
      vertex 48.8627 34.213 4.62087
      vertex 48.8627 33.8689 4.62087
    endloop
  endfacet
  facet normal 0 1 0
    outer loop
      vertex 49.1003 33.8689 4.62087
      vertex 48.8627 33.8689 4.62087
      vertex 48.8627 33.8689 5.60915
    endloop
  endfacet
  facet normal 0 1 0
    outer loop
      vertex 48.8627 33.8689 5.60915
      vertex 49.1003 33.8689 5.60915
      vertex 49.1003 33.8689 5.53501
    endloop
  endfacet
  facet normal 0 1 0
    outer loop
      vertex 48.8627 33.8689 5.60915
      vertex 49.1003 33.8689 5.53501
      vertex 49.1003 33.8689 4.62087
    endloop
  endfacet
  facet normal 0 0 -1
    outer loop
      vertex 48.8627 34.213 5.60915
      vertex 49.1003 34.213 5.60915
      vertex 49.1003 33.8689 5.60915
    endloop
  endfacet
  facet normal 0 0 -1
    outer loop
      vertex 49.1003 33.8689 5.60915
      vertex 48.8627 33.8689 5.60915
      vertex 48.8627 34.213 5.60915
    endloop
  endfacet
  facet normal 1 0 0
    outer loop
      vertex 48.8627 32.8935 5.60915
      vertex 48.8627 32.8935 4.62087
      vertex 48.8627 33.2376 4.62087
    endloop
  endfacet
  facet normal 1 0 0
    outer loop
      vertex 48.8627 33.2376 4.62087
      vertex 48.8627 33.2376 5.60915
      vertex 48.8627 32.8935 5.60915
    endloop
  endfacet
  facet normal 0 0 1
    outer loop
      vertex 48.8627 32.8935 4.62087
      vertex 49.1003 32.8935 4.62087
      vertex 49.1003 33.2376 4.62087
    endloop
  endfacet
  facet normal 0 0 1
    outer loop
      vertex 49.1003 33.2376 4.62087
      vertex 48.8627 33.2376 4.62087
      vertex 48.8627 32.8935 4.62087
    endloop
  endfacet
  facet normal 0 1 0
    outer loop
      vertex 49.1003 32.8935 4.62087
      vertex 48.8627 32.8935 4.62087
      vertex 48.8627 32.8935 5.60915
    endloop
  endfacet
  facet normal 0 1 0
    outer loop
      vertex 48.8627 32.8935 5.60915
      vertex 49.1003 32.8935 5.60915
      vertex 49.1003 32.8935 5.53507
    endloop
  endfacet
  facet normal 0 1 0
    outer loop
      vertex 48.8627 32.8935 5.60915
      vertex 49.1003 32.8935 5.53507
      vertex 49.1003 32.8935 4.62087
    endloop
  endfacet
  facet normal 0 0 -1
    outer loop
      vertex 48.8627 33.2376 5.60915
      vertex 49.1003 33.2376 5.60915
      vertex 49.1003 32.8935 5.60915
    endloop
  endfacet
  facet normal 0 0 -1
    outer loop
      vertex 49.1003 32.8935 5.60915
      vertex 48.8627 32.8935 5.60915
      vertex 48.8627 33.2376 5.60915
    endloop
  endfacet
  facet normal 0.999062 0.0432972 0
    outer loop
      vertex 48.8752 29.4946 5.57809
      vertex 48.8752 29.4946 4.78358
      vertex 48.8396 30.3157 4.78161
    endloop
  endfacet
  facet normal 0.999062 0.0432972 0
    outer loop
      vertex 48.8396 30.3157 4.78161
      vertex 48.8396 30.3157 5.57612
      vertex 48.8752 29.4946 5.57809
    endloop
  endfacet
  facet normal 0 0.00240314 0.999997
    outer loop
      vertex 48.8752 29.4946 4.78358
      vertex 49.1003 29.4946 4.78358
      vertex 49.1003 30.3157 4.78161
    endloop
  endfacet
  facet normal 0 0.00240314 0.999997
    outer loop
      vertex 49.1003 30.3157 4.78161
      vertex 48.8396 30.3157 4.78161
      vertex 48.8752 29.4946 4.78358
    endloop
  endfacet
  facet normal 0 1 0
    outer loop
      vertex 49.1003 29.4946 4.78358
      vertex 48.8752 29.4946 4.78358
      vertex 48.8752 29.4946 5.57809
    endloop
  endfacet
  facet normal 0 1 0
    outer loop
      vertex 48.8752 29.4946 5.57809
      vertex 49.1003 29.4946 5.57809
      vertex 49.1003 29.4946 5.53526
    endloop
  endfacet
  facet normal 0 1 0
    outer loop
      vertex 48.8752 29.4946 5.57809
      vertex 49.1003 29.4946 5.53526
      vertex 49.1003 29.4946 4.78358
    endloop
  endfacet
  facet normal 0 -0.00240372 -0.999997
    outer loop
      vertex 48.8396 30.3157 5.57612
      vertex 49.1003 30.3157 5.57612
      vertex 49.1003 29.4946 5.57809
    endloop
  endfacet
  facet normal 0 -0.00240372 -0.999997
    outer loop
      vertex 49.1003 29.4946 5.57809
      vertex 48.8752 29.4946 5.57809
      vertex 48.8396 30.3157 5.57612
    endloop
  endfacet
  facet normal 1 0 0
    outer loop
      vertex 49.9432 36.0855 7.33259
      vertex 49.9432 36.0855 4.97033
      vertex 49.9432 36.4296 4.97033
    endloop
  endfacet
  facet normal 1 0 0
    outer loop
      vertex 49.9432 36.4296 4.97033
      vertex 49.9432 36.4296 7.33259
      vertex 49.9432 36.0855 7.33259
    endloop
  endfacet
  facet normal 0 0 1
    outer loop
      vertex 49.9432 36.0855 4.97033
      vertex 50.1167 36.0855 4.97033
      vertex 50.1167 36.4296 4.97033
    endloop
  endfacet
  facet normal 0 0 1
    outer loop
      vertex 50.1167 36.4296 4.97033
      vertex 49.9432 36.4296 4.97033
      vertex 49.9432 36.0855 4.97033
    endloop
  endfacet
  facet normal 0 1 0
    outer loop
      vertex 50.1167 36.0855 4.97033
      vertex 49.9432 36.0855 4.97033
      vertex 49.9432 36.0855 7.33259
    endloop
  endfacet
  facet normal 0 1 0
    outer loop
      vertex 49.9432 36.0855 7.33259
      vertex 50.1167 36.0855 7.33259
      vertex 50.1167 36.0855 5.84529
    endloop
  endfacet
  facet normal 0 0 0
    outer loop
      vertex 50.1167 36.0855 5.84529
      vertex 50.1167 36.0855 5.53491
      vertex 50.1167 36.0855 4.97033
    endloop
  endfacet
  facet normal 0 1 0
    outer loop
      vertex 49.9432 36.0855 7.33259
      vertex 50.1167 36.0855 5.84529
      vertex 50.1167 36.0855 4.97033
    endloop
  endfacet
  facet normal 0 0 -1
    outer loop
      vertex 49.9432 36.4296 7.33259
      vertex 50.1167 36.4296 7.33259
      vertex 50.1167 36.0855 7.33259
    endloop
  endfacet
  facet normal 0 0 -1
    outer loop
      vertex 50.1167 36.0855 7.33259
      vertex 49.9432 36.0855 7.33259
      vertex 49.9432 36.4296 7.33259
    endloop
  endfacet
  facet normal 1 0 0
    outer loop
      vertex 49.9409 36.7342 5.95884
      vertex 49.9409 36.7342 4.97055
      vertex 49.9409 37.0783 4.97055
    endloop
  endfacet
  facet normal 1 0 0
    outer loop
      vertex 49.9409 37.0783 4.97055
      vertex 49.9409 37.0783 5.95884
      vertex 49.9409 36.7342 5.95884
    endloop
  endfacet
  facet normal 0 0 1
    outer loop
      vertex 49.9409 36.7342 4.97055
      vertex 50.1167 36.7342 4.97055
      vertex 50.1167 37.0783 4.97055
    endloop
  endfacet
  facet normal 0 0 1
    outer loop
      vertex 50.1167 37.0783 4.97055
      vertex 49.9409 37.0783 4.97055
      vertex 49.9409 36.7342 4.97055
    endloop
  endfacet
  facet normal 0 1 0
    outer loop
      vertex 50.1167 36.7342 4.97055
      vertex 49.9409 36.7342 4.97055
      vertex 49.9409 36.7342 5.95884
    endloop
  endfacet
  facet normal 0 1 0
    outer loop
      vertex 49.9409 36.7342 5.95884
      vertex 50.1167 36.7342 5.95884
      vertex 50.1167 36.7342 5.84529
    endloop
  endfacet
  facet normal 0 0 0
    outer loop
      vertex 50.1167 36.7342 5.84529
      vertex 50.1167 36.7342 5.53491
      vertex 50.1167 36.7342 4.97055
    endloop
  endfacet
  facet normal 0 1 0
    outer loop
      vertex 49.9409 36.7342 5.95884
      vertex 50.1167 36.7342 5.84529
      vertex 50.1167 36.7342 4.97055
    endloop
  endfacet
  facet normal 0 0 -1
    outer loop
      vertex 49.9409 37.0783 5.95884
      vertex 50.1167 37.0783 5.95884
      vertex 50.1167 36.7342 5.95884
    endloop
  endfacet
  facet normal 0 0 -1
    outer loop
      vertex 50.1167 36.7342 5.95884
      vertex 49.9409 36.7342 5.95884
      vertex 49.9409 37.0783 5.95884
    endloop
  endfacet
  facet normal 1 0 0
    outer loop
      vertex 48.8969 81.3755 5.24154
      vertex 48.8969 81.3755 6.1014
      vertex 48.8969 81.0314 6.1014
    endloop
  endfacet
  facet normal 1 0 0
    outer loop
      vertex 48.8969 81.0314 6.1014
      vertex 48.8969 81.0314 5.24154
      vertex 48.8969 81.3755 5.24154
    endloop
  endfacet
  facet normal 0 0 -1
    outer loop
      vertex 48.8969 81.3755 6.1014
      vertex 49.1047 81.3755 6.1014
      vertex 49.1047 81.0314 6.1014
    endloop
  endfacet
  facet normal 0 0 -1
    outer loop
      vertex 49.1047 81.0314 6.1014
      vertex 48.8969 81.0314 6.1014
      vertex 48.8969 81.3755 6.1014
    endloop
  endfacet
  facet normal 0 -1 0
    outer loop
      vertex 49.1047 81.3755 5.24154
      vertex 48.8969 81.3755 5.24154
      vertex 48.6309 81.3755 4.3011
    endloop
  endfacet
  facet normal 0 -1 0
    outer loop
      vertex 48.6309 81.3755 4.3011
      vertex 48.9135 81.3755 4.3011
      vertex 49.1047 81.3755 5.23843
    endloop
  endfacet
  facet normal 0 -1 0
    outer loop
      vertex 48.6309 81.3755 4.3011
      vertex 49.1047 81.3755 5.23843
      vertex 49.1047 81.3755 5.24154
    endloop
  endfacet
  facet normal 7.3439e-05 -1 -1.77457e-05
    outer loop
      vertex 49.1047 81.3755 6.1014
      vertex 48.8969 81.3755 6.1014
      vertex 48.8969 81.3755 5.24154
    endloop
  endfacet
  facet normal 0 -1 -1.917e-05
    outer loop
      vertex 48.8969 81.3755 5.24154
      vertex 49.1047 81.3755 5.24154
      vertex 49.1047 81.3755 6.03751
    endloop
  endfacet
  facet normal -0.000988394 -0.999999 0.000238834
    outer loop
      vertex 48.8969 81.3755 5.24154
      vertex 49.1047 81.3755 6.03751
      vertex 49.1047 81.3755 6.1014
    endloop
  endfacet
  facet normal 0.96224 0 -0.272204
    outer loop
      vertex 48.6309 81.3755 4.3011
      vertex 48.8969 81.3755 5.24154
      vertex 48.8969 81.0314 5.24154
    endloop
  endfacet
  facet normal 0.96224 0 -0.272204
    outer loop
      vertex 48.8969 81.0314 5.24154
      vertex 48.6309 81.0314 4.3011
      vertex 48.6309 81.3755 4.3011
    endloop
  endfacet
  facet normal 1 0 0
    outer loop
      vertex 48.8969 82.0494 5.24154
      vertex 48.8969 82.0494 6.1014
      vertex 48.8969 81.7053 6.1014
    endloop
  endfacet
  facet normal 1 0 0
    outer loop
      vertex 48.8969 81.7053 6.1014
      vertex 48.8969 81.7053 5.24154
      vertex 48.8969 82.0494 5.24154
    endloop
  endfacet
  facet normal 0 0 -1
    outer loop
      vertex 48.8969 82.0494 6.1014
      vertex 49.1047 82.0494 6.1014
      vertex 49.1047 81.7053 6.1014
    endloop
  endfacet
  facet normal 0 0 -1
    outer loop
      vertex 49.1047 81.7053 6.1014
      vertex 48.8969 81.7053 6.1014
      vertex 48.8969 82.0494 6.1014
    endloop
  endfacet
  facet normal 0 -1 0
    outer loop
      vertex 49.1047 82.0494 5.24154
      vertex 48.8969 82.0494 5.24154
      vertex 48.6309 82.0494 4.3011
    endloop
  endfacet
  facet normal 0 -1 0
    outer loop
      vertex 48.6309 82.0494 4.3011
      vertex 48.9135 82.0494 4.3011
      vertex 49.1047 82.0494 5.23843
    endloop
  endfacet
  facet normal 0 -1 0
    outer loop
      vertex 48.6309 82.0494 4.3011
      vertex 49.1047 82.0494 5.23843
      vertex 49.1047 82.0494 5.24154
    endloop
  endfacet
  facet normal 0 -1 0
    outer loop
      vertex 49.1047 82.0494 6.1014
      vertex 48.8969 82.0494 6.1014
      vertex 48.8969 82.0494 5.24154
    endloop
  endfacet
  facet normal 0 -1 0
    outer loop
      vertex 48.8969 82.0494 5.24154
      vertex 49.1047 82.0494 5.24154
      vertex 49.1047 82.0494 6.03751
    endloop
  endfacet
  facet normal 0 -1 0
    outer loop
      vertex 48.8969 82.0494 5.24154
      vertex 49.1047 82.0494 6.03751
      vertex 49.1047 82.0494 6.1014
    endloop
  endfacet
  facet normal 0.96224 0 -0.272204
    outer loop
      vertex 48.6309 82.0494 4.3011
      vertex 48.8969 82.0494 5.24154
      vertex 48.8969 81.7053 5.24154
    endloop
  endfacet
  facet normal 0.96224 0 -0.272204
    outer loop
      vertex 48.8969 81.7053 5.24154
      vertex 48.6309 81.7053 4.3011
      vertex 48.6309 82.0494 4.3011
    endloop
  endfacet
  facet normal 1 0 0
    outer loop
      vertex 48.8969 82.7197 5.24154
      vertex 48.8969 82.7197 6.1014
      vertex 48.8969 82.3756 6.1014
    endloop
  endfacet
  facet normal 1 0 0
    outer loop
      vertex 48.8969 82.3756 6.1014
      vertex 48.8969 82.3756 5.24154
      vertex 48.8969 82.7197 5.24154
    endloop
  endfacet
  facet normal 0 0 -1
    outer loop
      vertex 48.8969 82.7197 6.1014
      vertex 49.1047 82.7197 6.1014
      vertex 49.1047 82.3756 6.1014
    endloop
  endfacet
  facet normal 0 0 -1
    outer loop
      vertex 49.1047 82.3756 6.1014
      vertex 48.8969 82.3756 6.1014
      vertex 48.8969 82.7197 6.1014
    endloop
  endfacet
  facet normal 0 -1 0
    outer loop
      vertex 49.1047 82.7197 5.24154
      vertex 48.8969 82.7197 5.24154
      vertex 48.6309 82.7197 4.3011
    endloop
  endfacet
  facet normal 0 -1 0
    outer loop
      vertex 48.6309 82.7197 4.3011
      vertex 48.9135 82.7197 4.3011
      vertex 49.1047 82.7197 5.23843
    endloop
  endfacet
  facet normal 0 -1 0
    outer loop
      vertex 48.6309 82.7197 4.3011
      vertex 49.1047 82.7197 5.23843
      vertex 49.1047 82.7197 5.24154
    endloop
  endfacet
  facet normal 0 -1 0
    outer loop
      vertex 49.1047 82.7197 6.1014
      vertex 48.8969 82.7197 6.1014
      vertex 48.8969 82.7197 5.24154
    endloop
  endfacet
  facet normal 0 -1 0
    outer loop
      vertex 48.8969 82.7197 5.24154
      vertex 49.1047 82.7197 5.24154
      vertex 49.1047 82.7197 6.03751
    endloop
  endfacet
  facet normal 0 -1 0
    outer loop
      vertex 48.8969 82.7197 5.24154
      vertex 49.1047 82.7197 6.03751
      vertex 49.1047 82.7197 6.1014
    endloop
  endfacet
  facet normal 0.96224 0 -0.272204
    outer loop
      vertex 48.6309 82.7197 4.3011
      vertex 48.8969 82.7197 5.24154
      vertex 48.8969 82.3756 5.24154
    endloop
  endfacet
  facet normal 0.96224 0 -0.272204
    outer loop
      vertex 48.8969 82.3756 5.24154
      vertex 48.6309 82.3756 4.3011
      vertex 48.6309 82.7197 4.3011
    endloop
  endfacet
  facet normal 0 1 0
    outer loop
      vertex 48.8369 73.947 7.22014
      vertex 48.8369 73.947 7.56799
      vertex 49.1047 73.947 7.56799
    endloop
  endfacet
  facet normal 0 1 0
    outer loop
      vertex 49.1047 73.947 7.56799
      vertex 49.1047 73.947 7.22014
      vertex 48.8369 73.947 7.22014
    endloop
  endfacet
  facet normal 0 1 0
    outer loop
      vertex 48.8761 73.947 4.11801
      vertex 48.5873 73.947 4.11801
      vertex 48.8369 73.947 5.23898
    endloop
  endfacet
  facet normal 0 1 0
    outer loop
      vertex 48.8369 73.947 5.23898
      vertex 49.1047 73.947 5.23898
      vertex 49.1047 73.947 5.23843
    endloop
  endfacet
  facet normal 0 1 0
    outer loop
      vertex 48.8369 73.947 5.23898
      vertex 49.1047 73.947 5.23843
      vertex 48.8761 73.947 4.11801
    endloop
  endfacet
  facet normal 1 0 0
    outer loop
      vertex 48.8369 73.947 7.22014
      vertex 48.8369 73.947 5.23898
      vertex 48.8369 74.2852 5.23898
    endloop
  endfacet
  facet normal 1 0 0
    outer loop
      vertex 48.8369 74.2852 5.23898
      vertex 48.8369 74.2852 7.22014
      vertex 48.8369 73.947 7.22014
    endloop
  endfacet
  facet normal 0.976083 0 -0.217397
    outer loop
      vertex 48.8369 73.947 5.23898
      vertex 48.5873 73.947 4.11801
      vertex 48.5873 74.2852 4.11801
    endloop
  endfacet
  facet normal 0.976083 0 -0.217397
    outer loop
      vertex 48.5873 74.2852 4.11801
      vertex 48.8369 74.2852 5.23898
      vertex 48.8369 73.947 5.23898
    endloop
  endfacet
  facet normal 0 0 -1
    outer loop
      vertex 48.5873 74.8577 3.89794
      vertex 48.5873 74.2852 3.89794
      vertex 47.8273 74.2852 3.89794
    endloop
  endfacet
  facet normal 0 0 -1
    outer loop
      vertex 47.8273 74.2852 3.89794
      vertex 47.8273 74.8577 3.89794
      vertex 48.5873 74.8577 3.89794
    endloop
  endfacet
  facet normal 0 -1 0
    outer loop
      vertex 48.5873 74.2852 4.11801
      vertex 47.8273 74.2852 4.11801
      vertex 47.8273 74.2852 3.89794
    endloop
  endfacet
  facet normal 0 -1 0
    outer loop
      vertex 47.8273 74.2852 3.89794
      vertex 48.5873 74.2852 3.89794
      vertex 48.5873 74.2852 4.11801
    endloop
  endfacet
  facet normal 0 0 -1
    outer loop
      vertex 48.5873 73.947 4.11801
      vertex 47.8273 73.947 4.11801
      vertex 47.8273 74.2852 4.11801
    endloop
  endfacet
  facet normal 0 0 -1
    outer loop
      vertex 47.8273 74.2852 4.11801
      vertex 48.5873 74.2852 4.11801
      vertex 48.5873 73.947 4.11801
    endloop
  endfacet
  facet normal 1 0 0
    outer loop
      vertex 48.8369 74.8577 7.22014
      vertex 48.8369 74.8577 7.56799
      vertex 48.8369 74.2852 7.56799
    endloop
  endfacet
  facet normal 1 0 0
    outer loop
      vertex 48.8369 74.2852 7.56799
      vertex 48.8369 74.2852 7.22014
      vertex 48.8369 74.8577 7.22014
    endloop
  endfacet
  facet normal 0 0 -1
    outer loop
      vertex 48.8369 75.1958 7.56799
      vertex 48.8369 80.8079 7.56799
      vertex 49.1047 80.8079 7.56799
    endloop
  endfacet
  facet normal 0 0 -1
    outer loop
      vertex 49.1047 80.8079 7.56799
      vertex 49.1047 75.1958 7.56799
      vertex 48.8369 75.1958 7.56799
    endloop
  endfacet
  facet normal 0 1 0
    outer loop
      vertex 48.8761 74.8577 4.11801
      vertex 48.5873 74.8577 4.11801
      vertex 48.8369 74.8577 5.23898
    endloop
  endfacet
  facet normal 0 1 0
    outer loop
      vertex 48.8369 74.8577 5.23898
      vertex 49.1047 74.8577 5.23898
      vertex 49.1047 74.8577 5.23843
    endloop
  endfacet
  facet normal 0 1 0
    outer loop
      vertex 48.8369 74.8577 5.23898
      vertex 49.1047 74.8577 5.23843
      vertex 48.8761 74.8577 4.11801
    endloop
  endfacet
  facet normal 1 0 0
    outer loop
      vertex 48.8369 74.8577 7.22014
      vertex 48.8369 74.8577 5.23898
      vertex 48.8369 75.1958 5.23898
    endloop
  endfacet
  facet normal 1 0 0
    outer loop
      vertex 48.8369 75.1958 5.23898
      vertex 48.8369 75.1958 7.22014
      vertex 48.8369 74.8577 7.22014
    endloop
  endfacet
  facet normal 0.976083 0 -0.217397
    outer loop
      vertex 48.8369 74.8577 5.23898
      vertex 48.5873 74.8577 4.11801
      vertex 48.5873 75.1958 4.11801
    endloop
  endfacet
  facet normal 0.976083 0 -0.217397
    outer loop
      vertex 48.5873 75.1958 4.11801
      vertex 48.8369 75.1958 5.23898
      vertex 48.8369 74.8577 5.23898
    endloop
  endfacet
  facet normal 0 0 -1
    outer loop
      vertex 48.8312 74.8577 3.89794
      vertex 48.8312 74.2852 3.89794
      vertex 48.5873 74.2852 3.89794
    endloop
  endfacet
  facet normal 0 0 -1
    outer loop
      vertex 48.5873 74.2852 3.89794
      vertex 48.5873 74.8577 3.89794
      vertex 48.8312 74.8577 3.89794
    endloop
  endfacet
  facet normal 0 -1 0
    outer loop
      vertex 48.5873 75.1958 4.11801
      vertex 47.8273 75.1958 4.11801
      vertex 47.8273 75.1958 3.89794
    endloop
  endfacet
  facet normal 0 -1 0
    outer loop
      vertex 47.8273 75.1958 3.89794
      vertex 48.5873 75.1958 3.89794
      vertex 48.5873 75.1958 4.11801
    endloop
  endfacet
  facet normal 0 0 -1
    outer loop
      vertex 48.5873 74.8577 4.11801
      vertex 47.8273 74.8577 4.11801
      vertex 47.8273 75.1958 4.11801
    endloop
  endfacet
  facet normal 0 0 -1
    outer loop
      vertex 47.8273 75.1958 4.11801
      vertex 48.5873 75.1958 4.11801
      vertex 48.5873 74.8577 4.11801
    endloop
  endfacet
  facet normal 1 0 0
    outer loop
      vertex 48.8369 73.947 7.56799
      vertex 48.8369 73.947 7.22014
      vertex 48.8369 74.2852 7.22014
    endloop
  endfacet
  facet normal 1 0 0
    outer loop
      vertex 48.8369 74.2852 7.22014
      vertex 48.8369 74.2852 7.56799
      vertex 48.8369 73.947 7.56799
    endloop
  endfacet
  facet normal 0 1 0
    outer loop
      vertex 49.1047 73.947 5.23898
      vertex 48.8369 73.947 5.23898
      vertex 48.8369 73.947 7.22014
    endloop
  endfacet
  facet normal 0 1 0
    outer loop
      vertex 48.8369 73.947 7.22014
      vertex 49.1047 73.947 7.22014
      vertex 49.1047 73.947 6.30578
    endloop
  endfacet
  facet normal 0 1 0
    outer loop
      vertex 49.1047 73.947 6.03751
      vertex 49.1047 73.947 5.23898
      vertex 48.8369 73.947 7.22014
    endloop
  endfacet
  facet normal 0 1 0
    outer loop
      vertex 48.8369 73.947 7.22014
      vertex 49.1047 73.947 6.30578
      vertex 49.1047 73.947 6.03751
    endloop
  endfacet
  facet normal 1 0 0
    outer loop
      vertex 48.8369 74.8577 7.56799
      vertex 48.8369 74.8577 7.22014
      vertex 48.8369 75.1958 7.22014
    endloop
  endfacet
  facet normal 1 0 0
    outer loop
      vertex 48.8369 75.1958 7.22014
      vertex 48.8369 75.1958 7.56799
      vertex 48.8369 74.8577 7.56799
    endloop
  endfacet
  facet normal 0 1 0
    outer loop
      vertex 49.1047 74.8577 5.23898
      vertex 48.8369 74.8577 5.23898
      vertex 48.8369 74.8577 7.22014
    endloop
  endfacet
  facet normal 0 1 0
    outer loop
      vertex 48.8369 74.8577 7.22014
      vertex 49.1047 74.8577 7.22014
      vertex 49.1047 74.8577 6.30578
    endloop
  endfacet
  facet normal 0 1 0
    outer loop
      vertex 49.1047 74.8577 6.03751
      vertex 49.1047 74.8577 5.23898
      vertex 48.8369 74.8577 7.22014
    endloop
  endfacet
  facet normal 0 1 0
    outer loop
      vertex 48.8369 74.8577 7.22014
      vertex 49.1047 74.8577 6.30578
      vertex 49.1047 74.8577 6.03751
    endloop
  endfacet
  facet normal 0 0 1
    outer loop
      vertex 48.8369 74.2852 7.22014
      vertex 49.1047 74.2852 7.22014
      vertex 49.1047 74.8577 7.22014
    endloop
  endfacet
  facet normal 0 0 1
    outer loop
      vertex 49.1047 74.8577 7.22014
      vertex 48.8369 74.8577 7.22014
      vertex 48.8369 74.2852 7.22014
    endloop
  endfacet
  facet normal 1 0 0
    outer loop
      vertex 48.8369 80.8079 7.22014
      vertex 48.8369 81.5853 6.92399
      vertex 48.8369 81.5853 7.56799
    endloop
  endfacet
  facet normal 1 0 0
    outer loop
      vertex 48.8369 81.5853 7.56799
      vertex 48.8369 80.8079 7.56799
      vertex 48.8369 80.8079 7.22014
    endloop
  endfacet
  facet normal 1 0 0
    outer loop
      vertex 48.8369 75.1958 7.22014
      vertex 48.8369 80.8079 7.22014
      vertex 48.8369 80.8079 7.56799
    endloop
  endfacet
  facet normal 1 0 0
    outer loop
      vertex 48.8369 80.8079 7.56799
      vertex 48.8369 75.1958 7.56799
      vertex 48.8369 75.1958 7.22014
    endloop
  endfacet
  facet normal 1 0 0
    outer loop
      vertex 48.8369 81.5853 6.92399
      vertex 48.8369 83.3749 6.92399
      vertex 48.8369 83.3749 7.56799
    endloop
  endfacet
  facet normal 1 0 0
    outer loop
      vertex 48.8369 83.3749 7.56799
      vertex 48.8369 81.5853 7.56799
      vertex 48.8369 81.5853 6.92399
    endloop
  endfacet
  facet normal 0 0 -1
    outer loop
      vertex 48.8369 80.8079 7.56799
      vertex 48.8369 81.5853 7.56799
      vertex 49.1047 81.5853 7.56799
    endloop
  endfacet
  facet normal 0 0 -1
    outer loop
      vertex 49.1047 81.5853 7.56799
      vertex 49.1047 80.8079 7.56799
      vertex 48.8369 80.8079 7.56799
    endloop
  endfacet
  facet normal 0 0 -1
    outer loop
      vertex 49.1047 81.5853 7.56799
      vertex 48.8369 81.5853 7.56799
      vertex 48.8369 83.3749 7.56799
    endloop
  endfacet
  facet normal 0 0 -1
    outer loop
      vertex 48.8369 83.3749 7.56799
      vertex 49.1047 83.3749 7.56799
      vertex 49.1047 83.1128 7.56799
    endloop
  endfacet
  facet normal 0 0 -1
    outer loop
      vertex 48.8369 83.3749 7.56799
      vertex 49.1047 83.1128 7.56799
      vertex 49.1047 81.5853 7.56799
    endloop
  endfacet
  facet normal 0 -1 0
    outer loop
      vertex 48.809 11.7292 3.92395
      vertex 47.8273 11.7292 3.92395
      vertex 47.8273 11.7292 3.62511
    endloop
  endfacet
  facet normal 0 -1 0
    outer loop
      vertex 47.8273 11.7292 3.62511
      vertex 48.809 11.7292 3.62511
      vertex 48.809 11.7292 3.92395
    endloop
  endfacet
  facet normal 0 0 -1
    outer loop
      vertex 48.809 11.3628 3.92395
      vertex 47.8273 11.3628 3.92395
      vertex 47.8273 11.7292 3.92395
    endloop
  endfacet
  facet normal 0 0 -1
    outer loop
      vertex 47.8273 11.7292 3.92395
      vertex 48.809 11.7292 3.92395
      vertex 48.809 11.3628 3.92395
    endloop
  endfacet
  facet normal 0 1 0
    outer loop
      vertex 49.1003 11.3628 5.84943
      vertex 48.809 11.3628 5.84943
      vertex 48.6878 11.3628 6.74462
    endloop
  endfacet
  facet normal 0 1 0
    outer loop
      vertex 48.6878 11.3628 6.74462
      vertex 48.9777 11.3628 6.74462
      vertex 49.1003 11.3628 5.85024
    endloop
  endfacet
  facet normal 0 1 0
    outer loop
      vertex 48.6878 11.3628 6.74462
      vertex 49.1003 11.3628 5.85024
      vertex 49.1003 11.3628 5.84943
    endloop
  endfacet
  facet normal 1 0 0
    outer loop
      vertex 48.809 11.7292 3.92395
      vertex 48.809 11.7292 5.84943
      vertex 48.809 11.3628 5.84943
    endloop
  endfacet
  facet normal 1 0 0
    outer loop
      vertex 48.809 11.3628 5.84943
      vertex 48.809 11.3628 3.92395
      vertex 48.809 11.7292 3.92395
    endloop
  endfacet
  facet normal 0 1 0
    outer loop
      vertex 49.1003 11.3628 3.92395
      vertex 48.809 11.3628 3.92395
      vertex 48.809 11.3628 5.84943
    endloop
  endfacet
  facet normal 0 1 0
    outer loop
      vertex 48.809 11.3628 5.84943
      vertex 49.1003 11.3628 5.84943
      vertex 49.1003 11.3628 5.5363
    endloop
  endfacet
  facet normal 0 1 0
    outer loop
      vertex 48.809 11.3628 5.84943
      vertex 49.1003 11.3628 5.5363
      vertex 49.1003 11.3628 3.92395
    endloop
  endfacet
  facet normal 0 0.718381 -0.69565
    outer loop
      vertex 48.6878 11.3628 6.74462
      vertex 48.6151 11.9031 7.30254
      vertex 48.9013 11.9031 7.30254
    endloop
  endfacet
  facet normal 0 0.718381 -0.69565
    outer loop
      vertex 48.9013 11.9031 7.30254
      vertex 48.9777 11.3628 6.74462
      vertex 48.6878 11.3628 6.74462
    endloop
  endfacet
  facet normal 0.990958 0 0.134176
    outer loop
      vertex 48.809 11.7292 5.84943
      vertex 48.6878 11.7292 6.74462
      vertex 48.6878 11.3628 6.74462
    endloop
  endfacet
  facet normal 0.990958 0 0.134176
    outer loop
      vertex 48.6878 11.3628 6.74462
      vertex 48.809 11.3628 5.84943
      vertex 48.809 11.7292 5.84943
    endloop
  endfacet
  facet normal 0.991753 0.00369513 0.128115
    outer loop
      vertex 48.6878 11.7292 6.74462
      vertex 48.6624 11.903 6.93619
      vertex 48.6151 11.9031 7.30254
    endloop
  endfacet
  facet normal 0.991612 0 0.129248
    outer loop
      vertex 48.6151 11.9031 7.30254
      vertex 48.6878 11.3628 6.74462
      vertex 48.6878 11.7292 6.74462
    endloop
  endfacet
  facet normal 0 -0.56674 -0.823896
    outer loop
      vertex 48.6606 15.1552 6.95776
      vertex 48.7048 15.6388 6.62506
      vertex 48.9941 15.6388 6.62506
    endloop
  endfacet
  facet normal 0 -0.56674 -0.823896
    outer loop
      vertex 48.9941 15.6388 6.62506
      vertex 48.9485 15.1552 6.95776
      vertex 48.6606 15.1552 6.95776
    endloop
  endfacet
  facet normal 0 -0.000599226 -1
    outer loop
      vertex 48.6151 11.9031 7.30254
      vertex 48.6151 14.6564 7.30089
      vertex 48.9015 14.6564 7.30089
    endloop
  endfacet
  facet normal 0 -0.000599226 -1
    outer loop
      vertex 48.9015 14.6564 7.30089
      vertex 48.9013 11.9031 7.30254
      vertex 48.6151 11.9031 7.30254
    endloop
  endfacet
  facet normal 0.991759 7.67706e-05 0.128116
    outer loop
      vertex 48.6624 11.903 6.93619
      vertex 48.6624 14.6563 6.93454
      vertex 48.6151 14.6564 7.30089
    endloop
  endfacet
  facet normal 0.991759 7.67707e-05 0.128116
    outer loop
      vertex 48.6151 14.6564 7.30089
      vertex 48.6151 11.9031 7.30254
      vertex 48.6624 11.903 6.93619
    endloop
  endfacet
  facet normal 0.991759 7.58662e-06 0.128116
    outer loop
      vertex 48.7521 23.289 6.25764
      vertex 48.7521 26.5664 6.25745
      vertex 48.7048 26.5665 6.6238
    endloop
  endfacet
  facet normal 0.991759 7.58659e-06 0.128116
    outer loop
      vertex 48.7048 26.5665 6.6238
      vertex 48.7048 23.2891 6.62399
      vertex 48.7521 23.289 6.25764
    endloop
  endfacet
  facet normal 0.991756 -0.00241094 0.128116
    outer loop
      vertex 48.7079 15.1551 6.59142
      vertex 48.7521 15.6388 6.25871
      vertex 48.7048 15.6388 6.62506
    endloop
  endfacet
  facet normal 0.991755 -0.00241165 0.128127
    outer loop
      vertex 48.7048 15.6388 6.62506
      vertex 48.6606 15.1552 6.95776
      vertex 48.7079 15.1551 6.59142
    endloop
  endfacet
  facet normal 0 -1 0
    outer loop
      vertex 48.7521 15.6388 6.25871
      vertex 48.8091 15.6388 5.84943
      vertex 49.1003 15.6388 5.84943
    endloop
  endfacet
  facet normal 0 -1 0
    outer loop
      vertex 49.1003 15.6388 5.84943
      vertex 49.0444 15.6388 6.25871
      vertex 48.7521 15.6388 6.25871
    endloop
  endfacet
  facet normal 0 -5.92165e-05 -1
    outer loop
      vertex 48.7048 23.2891 6.62399
      vertex 48.7048 26.5665 6.6238
      vertex 48.9941 26.5665 6.6238
    endloop
  endfacet
  facet normal 0 -5.92165e-05 -1
    outer loop
      vertex 48.9941 26.5665 6.6238
      vertex 48.9942 23.2891 6.62399
      vertex 48.7048 23.2891 6.62399
    endloop
  endfacet
  facet normal 0 -0.000257135 -1
    outer loop
      vertex 48.5882 29.093 7.49375
      vertex 48.5882 35.6336 7.49207
      vertex 48.8752 35.6336 7.49207
    endloop
  endfacet
  facet normal 0 -0.000257135 -1
    outer loop
      vertex 48.8752 35.6336 7.49207
      vertex 48.8751 29.093 7.49375
      vertex 48.5882 29.093 7.49375
    endloop
  endfacet
  facet normal 0 0.325564 -0.94552
    outer loop
      vertex 48.7048 26.5665 6.6238
      vertex 48.5882 29.093 7.49375
      vertex 48.8751 29.093 7.49375
    endloop
  endfacet
  facet normal 0 0.325564 -0.94552
    outer loop
      vertex 48.8751 29.093 7.49375
      vertex 48.9941 26.5665 6.6238
      vertex 48.7048 26.5665 6.6238
    endloop
  endfacet
  facet normal 0.991759 0.00164371 0.128105
    outer loop
      vertex 48.7521 26.5664 6.25745
      vertex 48.6355 29.0929 7.12737
      vertex 48.5882 29.093 7.49375
    endloop
  endfacet
  facet normal 0.991758 0.00163832 0.128116
    outer loop
      vertex 48.5882 29.093 7.49375
      vertex 48.7048 26.5665 6.6238
      vertex 48.7521 26.5664 6.25745
    endloop
  endfacet
  facet normal 0.991759 3.23173e-05 0.128116
    outer loop
      vertex 48.6355 29.0929 7.12737
      vertex 48.6355 35.6335 7.12572
      vertex 48.5882 35.6336 7.49207
    endloop
  endfacet
  facet normal 0.991761 3.29404e-05 0.128105
    outer loop
      vertex 48.5882 35.6336 7.49207
      vertex 48.5882 29.093 7.49375
      vertex 48.6355 29.0929 7.12737
    endloop
  endfacet
  facet normal 0.991755 -0.00242376 0.128127
    outer loop
      vertex 48.6624 14.6563 6.93454
      vertex 48.7079 15.1551 6.59142
      vertex 48.6606 15.1552 6.95776
    endloop
  endfacet
  facet normal 0.991756 -0.00242329 0.128117
    outer loop
      vertex 48.6606 15.1552 6.95776
      vertex 48.6151 14.6564 7.30089
      vertex 48.6624 14.6563 6.93454
    endloop
  endfacet
  facet normal 0 -0.56677 -0.823876
    outer loop
      vertex 48.6151 14.6564 7.30089
      vertex 48.6606 15.1552 6.95776
      vertex 48.9485 15.1552 6.95776
    endloop
  endfacet
  facet normal 0 -0.56677 -0.823876
    outer loop
      vertex 48.9485 15.1552 6.95776
      vertex 48.9015 14.6564 7.30089
      vertex 48.6151 14.6564 7.30089
    endloop
  endfacet
  facet normal 0.990841 -7.03318e-05 0.135036
    outer loop
      vertex 48.7079 15.1551 6.59142
      vertex 48.809 15.1551 5.84943
      vertex 48.8091 15.6388 5.84943
    endloop
  endfacet
  facet normal 0.990431 0.00446469 0.137936
    outer loop
      vertex 48.8091 15.6388 5.84943
      vertex 48.7521 15.6388 6.25871
      vertex 48.7079 15.1551 6.59142
    endloop
  endfacet
  facet normal 0 -1 -0.00012209
    outer loop
      vertex 49.1003 15.639 3.89069
      vertex 48.8091 15.639 3.89069
      vertex 48.8091 15.639 3.62511
    endloop
  endfacet
  facet normal 0 -1 -0.000116718
    outer loop
      vertex 48.8091 15.639 3.62511
      vertex 49.1003 15.639 3.62511
      vertex 49.1003 15.639 3.82121
    endloop
  endfacet
  facet normal 1.38243e-05 -1 -0.00013725
    outer loop
      vertex 48.8091 15.639 3.62511
      vertex 49.1003 15.639 3.82121
      vertex 49.1003 15.639 3.89069
    endloop
  endfacet
  facet normal 1 0 0
    outer loop
      vertex 48.8091 15.1552 4.87002
      vertex 48.8091 15.1553 3.89063
      vertex 48.8091 15.639 3.89069
    endloop
  endfacet
  facet normal 1 0 0
    outer loop
      vertex 48.8091 15.639 3.89069
      vertex 48.8091 15.6389 4.94843
      vertex 48.8091 15.1552 4.87002
    endloop
  endfacet
  facet normal 0 -1 -0.000106391
    outer loop
      vertex 48.8091 15.6389 4.94843
      vertex 48.8091 15.639 3.89069
      vertex 49.1003 15.639 3.89069
    endloop
  endfacet
  facet normal 0 -1 -0.000106391
    outer loop
      vertex 49.1003 15.639 3.89069
      vertex 49.1003 15.6389 4.94843
      vertex 48.8091 15.6389 4.94843
    endloop
  endfacet
  facet normal 0 0.000133587 -1
    outer loop
      vertex 48.8091 15.1553 3.89063
      vertex 47.8273 15.1553 3.89063
      vertex 47.8273 15.639 3.89069
    endloop
  endfacet
  facet normal 0 0.000133587 -1
    outer loop
      vertex 47.8273 15.639 3.89069
      vertex 48.8091 15.639 3.89069
      vertex 48.8091 15.1553 3.89063
    endloop
  endfacet
  facet normal 0 -1 -0.00012209
    outer loop
      vertex 48.8091 15.639 3.89069
      vertex 47.8273 15.639 3.89069
      vertex 47.8273 15.639 3.62511
    endloop
  endfacet
  facet normal 0 -1 -0.00012209
    outer loop
      vertex 47.8273 15.639 3.62511
      vertex 48.8091 15.639 3.62511
      vertex 48.8091 15.639 3.89069
    endloop
  endfacet
  facet normal 0 -1 0
    outer loop
      vertex 48.8091 29.0211 4.87008
      vertex 48.8091 29.0211 4.45233
      vertex 49.1003 29.0211 4.45233
    endloop
  endfacet
  facet normal 0 -1 0
    outer loop
      vertex 49.1003 29.0211 4.45233
      vertex 49.1003 29.0211 4.87008
      vertex 48.8091 29.0211 4.87008
    endloop
  endfacet
  facet normal 1 0 0
    outer loop
      vertex 48.8091 15.1551 5.33784
      vertex 48.8091 15.1552 4.87002
      vertex 48.8091 15.6389 4.94843
    endloop
  endfacet
  facet normal 1 0 0
    outer loop
      vertex 48.8091 15.6389 4.94843
      vertex 48.8091 15.6388 5.41629
      vertex 48.8091 15.1551 5.33784
    endloop
  endfacet
  facet normal 1 -1.08842e-05 6.71073e-05
    outer loop
      vertex 48.809 15.1551 5.84943
      vertex 48.8091 15.1551 5.33784
      vertex 48.8091 15.6388 5.41629
    endloop
  endfacet
  facet normal 1 -7.0983e-05 -7.81426e-09
    outer loop
      vertex 48.8091 15.6388 5.41629
      vertex 48.8091 15.6388 5.84943
      vertex 48.809 15.1551 5.84943
    endloop
  endfacet
  facet normal 0 -1 -0.000110086
    outer loop
      vertex 49.1003 15.6388 5.84943
      vertex 48.8091 15.6388 5.84943
      vertex 48.8091 15.6388 5.41629
    endloop
  endfacet
  facet normal 0 -1 -0.000207053
    outer loop
      vertex 48.8091 15.6388 5.41629
      vertex 49.1003 15.6388 5.41629
      vertex 49.1003 15.6388 5.53604
    endloop
  endfacet
  facet normal -5.51085e-05 -1 -7.30335e-05
    outer loop
      vertex 48.8091 15.6388 5.41629
      vertex 49.1003 15.6388 5.53604
      vertex 49.1003 15.6388 5.84943
    endloop
  endfacet
  facet normal 0 -1 -0.000118728
    outer loop
      vertex 48.8091 29.021 5.41629
      vertex 48.8091 29.0211 4.87008
      vertex 49.1003 29.0211 4.87008
    endloop
  endfacet
  facet normal 0 -1 -0.000118728
    outer loop
      vertex 49.1003 29.0211 4.87008
      vertex 49.1003 29.021 5.41629
      vertex 48.8091 29.021 5.41629
    endloop
  endfacet
  facet normal 0 0 -1
    outer loop
      vertex 48.8091 28.56 5.41629
      vertex 48.8091 29.021 5.41629
      vertex 49.1003 29.021 5.41629
    endloop
  endfacet
  facet normal 0 0 -1
    outer loop
      vertex 49.1003 29.021 5.41629
      vertex 49.1003 28.56 5.41629
      vertex 48.8091 28.56 5.41629
    endloop
  endfacet
  facet normal 1 0 0
    outer loop
      vertex 48.8091 28.5601 4.94843
      vertex 48.8091 29.0211 4.87008
      vertex 48.8091 29.021 5.41629
    endloop
  endfacet
  facet normal 1 0 0
    outer loop
      vertex 48.8091 29.021 5.41629
      vertex 48.8091 28.56 5.41629
      vertex 48.8091 28.5601 4.94843
    endloop
  endfacet
  facet normal 1 0 0
    outer loop
      vertex 48.8091 23.2899 4.94843
      vertex 48.8091 28.5601 4.94843
      vertex 48.8091 28.56 5.41629
    endloop
  endfacet
  facet normal 1 0 0
    outer loop
      vertex 48.8091 28.56 5.41629
      vertex 48.8091 23.2899 5.41629
      vertex 48.8091 23.2899 4.94843
    endloop
  endfacet
  facet normal 0 0 -1
    outer loop
      vertex 48.8091 23.2899 5.41629
      vertex 48.8091 28.56 5.41629
      vertex 49.1003 28.56 5.41629
    endloop
  endfacet
  facet normal 0 0 -1
    outer loop
      vertex 49.1003 28.56 5.41629
      vertex 49.1003 23.2899 5.41629
      vertex 48.8091 23.2899 5.41629
    endloop
  endfacet
  facet normal 1 0 0
    outer loop
      vertex 48.8091 28.5601 4.94843
      vertex 48.8091 28.5601 4.45233
      vertex 48.8091 29.0211 4.45233
    endloop
  endfacet
  facet normal 1 0 0
    outer loop
      vertex 48.8091 29.0211 4.45233
      vertex 48.8091 29.0211 4.87008
      vertex 48.8091 28.5601 4.94843
    endloop
  endfacet
  facet normal 0 -0.606684 -0.794943
    outer loop
      vertex 49.1003 29.0211 4.45233
      vertex 48.8091 29.0211 4.45233
      vertex 48.8091 29.339 4.20975
    endloop
  endfacet
  facet normal 0 -0.606691 -0.794938
    outer loop
      vertex 48.8091 29.339 4.20975
      vertex 49.1003 29.339 4.20975
      vertex 49.1003 29.1495 4.35435
    endloop
  endfacet
  facet normal 1.78989e-05 -0.606674 -0.794951
    outer loop
      vertex 48.8091 29.339 4.20975
      vertex 49.1003 29.1495 4.35435
      vertex 49.1003 29.0211 4.45233
    endloop
  endfacet
  facet normal 1 0 0
    outer loop
      vertex 48.8091 28.5601 4.45233
      vertex 48.8091 29.339 3.74868
      vertex 48.8091 29.339 4.20975
    endloop
  endfacet
  facet normal 1 0 0
    outer loop
      vertex 48.8091 29.339 4.20975
      vertex 48.8091 29.0211 4.45233
      vertex 48.8091 28.5601 4.45233
    endloop
  endfacet
  facet normal 1 0 0
    outer loop
      vertex 48.8091 34.0546 3.74862
      vertex 48.8091 34.4748 3.74862
      vertex 48.8091 34.4748 4.20968
    endloop
  endfacet
  facet normal 1 0 0
    outer loop
      vertex 48.8091 34.4748 4.20968
      vertex 48.8091 34.0546 4.20968
      vertex 48.8091 34.0546 3.74862
    endloop
  endfacet
  facet normal 0 0 -1
    outer loop
      vertex 48.8091 34.0546 4.20968
      vertex 48.8091 34.4748 4.20968
      vertex 49.1003 34.4748 4.20968
    endloop
  endfacet
  facet normal 0 0 -1
    outer loop
      vertex 49.1003 34.4748 4.20968
      vertex 49.1003 34.0546 4.20968
      vertex 48.8091 34.0546 4.20968
    endloop
  endfacet
  facet normal 0 -1.3752e-05 -1
    outer loop
      vertex 48.8091 29.339 4.20975
      vertex 48.8091 34.0546 4.20968
      vertex 49.1003 34.0546 4.20968
    endloop
  endfacet
  facet normal 0 -1.3752e-05 -1
    outer loop
      vertex 49.1003 34.0546 4.20968
      vertex 49.1003 29.339 4.20975
      vertex 48.8091 29.339 4.20975
    endloop
  endfacet
  facet normal 1 0 0
    outer loop
      vertex 48.8091 29.339 3.74868
      vertex 48.8091 34.0546 3.74862
      vertex 48.8091 34.0546 4.20968
    endloop
  endfacet
  facet normal 1 0 0
    outer loop
      vertex 48.8091 34.0546 4.20968
      vertex 48.8091 29.339 4.20975
      vertex 48.8091 29.339 3.74868
    endloop
  endfacet
  facet normal 3.92953e-05 -1 9.26594e-05
    outer loop
      vertex 48.8091 34.4748 3.74862
      vertex 48.8091 34.4748 3.62511
      vertex 49.1003 34.4748 3.62511
    endloop
  endfacet
  facet normal 0 -1 0
    outer loop
      vertex 49.1003 34.4748 3.62511
      vertex 49.1003 34.4748 3.74862
      vertex 48.8091 34.4748 3.74862
    endloop
  endfacet
  facet normal 0 0 -1
    outer loop
      vertex 48.8091 34.0546 3.74862
      vertex 47.8273 34.0546 3.74862
      vertex 47.8273 34.4748 3.74862
    endloop
  endfacet
  facet normal 0 0 -1
    outer loop
      vertex 47.8273 34.4748 3.74862
      vertex 48.8091 34.4748 3.74862
      vertex 48.8091 34.0546 3.74862
    endloop
  endfacet
  facet normal 0 -1 9.26594e-05
    outer loop
      vertex 48.8091 34.4748 3.74862
      vertex 47.8273 34.4748 3.74862
      vertex 47.8273 34.4748 3.62511
    endloop
  endfacet
  facet normal 0 -1 9.26594e-05
    outer loop
      vertex 47.8273 34.4748 3.62511
      vertex 48.8091 34.4748 3.62511
      vertex 48.8091 34.4748 3.74862
    endloop
  endfacet
  facet normal 0 -9.00677e-05 -1
    outer loop
      vertex 48.7048 18.9214 6.62467
      vertex 48.7048 19.2814 6.62464
      vertex 48.9942 19.2814 6.62464
    endloop
  endfacet
  facet normal 0 -9.00677e-05 -1
    outer loop
      vertex 48.9942 19.2814 6.62464
      vertex 48.9942 18.9214 6.62467
      vertex 48.7048 18.9214 6.62467
    endloop
  endfacet
  facet normal 0 -0.000115461 -1
    outer loop
      vertex 48.7048 19.2814 6.62464
      vertex 48.7048 22.9239 6.62422
      vertex 48.9942 22.9239 6.62422
    endloop
  endfacet
  facet normal 0 -0.000115461 -1
    outer loop
      vertex 48.9942 22.9239 6.62422
      vertex 48.9942 19.2814 6.62464
      vertex 48.7048 19.2814 6.62464
    endloop
  endfacet
  facet normal 0.990424 0 0.138062
    outer loop
      vertex 48.7521 22.9238 6.25787
      vertex 48.809 22.9237 5.84943
      vertex 48.809 23.2889 5.84943
    endloop
  endfacet
  facet normal 0.990413 8.56664e-05 0.138137
    outer loop
      vertex 48.809 23.2889 5.84943
      vertex 48.7521 23.289 6.25764
      vertex 48.7521 22.9238 6.25787
    endloop
  endfacet
  facet normal 0.991759 2.30781e-05 0.128116
    outer loop
      vertex 48.7521 18.9213 6.25835
      vertex 48.7521 19.2813 6.25829
      vertex 48.7048 19.2814 6.62464
    endloop
  endfacet
  facet normal 0.991758 1.15401e-05 0.128127
    outer loop
      vertex 48.7048 19.2814 6.62464
      vertex 48.7048 18.9214 6.62467
      vertex 48.7521 18.9213 6.25835
    endloop
  endfacet
  facet normal 0.991759 1.47924e-05 0.128116
    outer loop
      vertex 48.7521 19.2813 6.25829
      vertex 48.7521 22.9238 6.25787
      vertex 48.7048 22.9239 6.62422
    endloop
  endfacet
  facet normal 0.991759 1.47924e-05 0.128116
    outer loop
      vertex 48.7048 22.9239 6.62422
      vertex 48.7048 19.2814 6.62464
      vertex 48.7521 19.2813 6.25829
    endloop
  endfacet
  facet normal 0 -0.000620201 -1
    outer loop
      vertex 48.7048 22.9239 6.62422
      vertex 48.7048 23.2891 6.62399
      vertex 48.9942 23.2891 6.62399
    endloop
  endfacet
  facet normal 0 -0.000620201 -1
    outer loop
      vertex 48.9942 23.2891 6.62399
      vertex 48.9942 22.9239 6.62422
      vertex 48.7048 22.9239 6.62422
    endloop
  endfacet
  facet normal 0.990446 0 0.137901
    outer loop
      vertex 48.7521 18.9213 6.25835
      vertex 48.809 18.9211 5.84943
      vertex 48.809 19.2811 5.84943
    endloop
  endfacet
  facet normal 0.990443 2.48542e-05 0.137922
    outer loop
      vertex 48.809 19.2811 5.84943
      vertex 48.7521 19.2813 6.25829
      vertex 48.7521 18.9213 6.25835
    endloop
  endfacet
  facet normal 0.991759 7.94545e-05 0.128116
    outer loop
      vertex 48.7521 22.9238 6.25787
      vertex 48.7521 23.289 6.25764
      vertex 48.7048 23.2891 6.62399
    endloop
  endfacet
  facet normal 0.991759 7.94578e-05 0.128116
    outer loop
      vertex 48.7048 23.2891 6.62399
      vertex 48.7048 22.9239 6.62422
      vertex 48.7521 22.9238 6.25787
    endloop
  endfacet
  facet normal 0.991758 1.38849e-05 0.128127
    outer loop
      vertex 48.7521 15.6388 6.25871
      vertex 48.7521 18.9213 6.25835
      vertex 48.7048 18.9214 6.62467
    endloop
  endfacet
  facet normal 0.991759 1.51492e-05 0.128116
    outer loop
      vertex 48.7048 18.9214 6.62467
      vertex 48.7048 15.6388 6.62506
      vertex 48.7521 15.6388 6.25871
    endloop
  endfacet
  facet normal 0 -0.000118246 -1
    outer loop
      vertex 48.7048 15.6388 6.62506
      vertex 48.7048 18.9214 6.62467
      vertex 48.9942 18.9214 6.62467
    endloop
  endfacet
  facet normal 0 -0.000118246 -1
    outer loop
      vertex 48.9942 18.9214 6.62467
      vertex 48.9941 15.6388 6.62506
      vertex 48.7048 15.6388 6.62506
    endloop
  endfacet
  facet normal 0 0.999989 0.00472486
    outer loop
      vertex 48.8091 22.9257 5.41629
      vertex 48.809 22.9237 5.84943
      vertex 49.1001 22.9237 5.84943
    endloop
  endfacet
  facet normal -0.00738448 0.999965 0.0039885
    outer loop
      vertex 49.1001 22.9237 5.84943
      vertex 49.1003 22.9237 5.84788
      vertex 49.1003 22.9249 5.53562
    endloop
  endfacet
  facet normal 0 0.999978 0.00664888
    outer loop
      vertex 49.1003 22.9249 5.53562
      vertex 49.1003 22.9257 5.41629
      vertex 48.8091 22.9257 5.41629
    endloop
  endfacet
  facet normal 0.00108794 0.999991 0.00399386
    outer loop
      vertex 49.1001 22.9237 5.84943
      vertex 49.1003 22.9249 5.53562
      vertex 48.8091 22.9257 5.41629
    endloop
  endfacet
  facet normal 0 -1 0.000373799
    outer loop
      vertex 48.7521 23.289 6.25764
      vertex 48.809 23.2889 5.84943
      vertex 49.1001 23.2889 5.84943
    endloop
  endfacet
  facet normal 0 -1 0.000373799
    outer loop
      vertex 49.1001 23.2889 5.84943
      vertex 49.0443 23.289 6.25764
      vertex 48.7521 23.289 6.25764
    endloop
  endfacet
  facet normal 0 -1 0.000340552
    outer loop
      vertex 48.7521 19.2813 6.25829
      vertex 48.809 19.2811 5.84943
      vertex 49.1002 19.2811 5.84943
    endloop
  endfacet
  facet normal 0 -1 0.000340552
    outer loop
      vertex 49.1002 19.2811 5.84943
      vertex 49.0443 19.2813 6.25829
      vertex 48.7521 19.2813 6.25829
    endloop
  endfacet
  facet normal 0 0 -1
    outer loop
      vertex 48.8091 15.6388 5.41629
      vertex 48.8091 18.9212 5.41629
      vertex 49.1003 18.9212 5.41629
    endloop
  endfacet
  facet normal 0 0 -1
    outer loop
      vertex 49.1003 18.9212 5.41629
      vertex 49.1003 15.6388 5.41629
      vertex 48.8091 15.6388 5.41629
    endloop
  endfacet
  facet normal 0 -0.999997 -0.00225897
    outer loop
      vertex 49.1001 23.2889 5.84943
      vertex 48.809 23.2889 5.84943
      vertex 48.8091 23.2899 5.41629
    endloop
  endfacet
  facet normal 0 -0.999995 -0.00319663
    outer loop
      vertex 48.8091 23.2899 5.41629
      vertex 49.1003 23.2899 5.41629
      vertex 49.1003 23.2895 5.53562
    endloop
  endfacet
  facet normal 0.0235144 -0.999722 -0.0018873
    outer loop
      vertex 49.1003 23.2895 5.53562
      vertex 49.1003 23.2889 5.84782
      vertex 49.1001 23.2889 5.84943
    endloop
  endfacet
  facet normal -0.000530188 -0.999998 -0.00190273
    outer loop
      vertex 48.8091 23.2899 5.41629
      vertex 49.1003 23.2895 5.53562
      vertex 49.1001 23.2889 5.84943
    endloop
  endfacet
  facet normal 1 0 0
    outer loop
      vertex 48.8091 15.6389 4.94843
      vertex 48.8091 18.9213 4.94843
      vertex 48.8091 18.9212 5.41629
    endloop
  endfacet
  facet normal 1 0 0
    outer loop
      vertex 48.8091 18.9212 5.41629
      vertex 48.8091 15.6388 5.41629
      vertex 48.8091 15.6389 4.94843
    endloop
  endfacet
  facet normal 1 0 0
    outer loop
      vertex 48.8091 22.9259 4.94843
      vertex 48.8091 23.2899 4.94843
      vertex 48.8091 23.2899 5.41629
    endloop
  endfacet
  facet normal 1 0 0
    outer loop
      vertex 48.8091 23.2899 5.41629
      vertex 48.8091 22.9257 5.41629
      vertex 48.8091 22.9259 4.94843
    endloop
  endfacet
  facet normal 1 0 0
    outer loop
      vertex 48.8091 18.9213 4.94843
      vertex 48.8091 19.2824 4.94843
      vertex 48.8091 19.2822 5.41629
    endloop
  endfacet
  facet normal 1 0 0
    outer loop
      vertex 48.8091 19.2822 5.41629
      vertex 48.8091 18.9212 5.41629
      vertex 48.8091 18.9213 4.94843
    endloop
  endfacet
  facet normal 1 0 0
    outer loop
      vertex 48.8091 19.2824 4.94843
      vertex 48.8091 22.9259 4.94843
      vertex 48.8091 22.9257 5.41629
    endloop
  endfacet
  facet normal 1 0 0
    outer loop
      vertex 48.8091 22.9257 5.41629
      vertex 48.8091 19.2822 5.41629
      vertex 48.8091 19.2824 4.94843
    endloop
  endfacet
  facet normal 1 0 0.000149718
    outer loop
      vertex 48.809 22.9237 5.84943
      vertex 48.8091 22.9257 5.41629
      vertex 48.8091 23.2899 5.41629
    endloop
  endfacet
  facet normal 1 0 0.000149718
    outer loop
      vertex 48.8091 23.2899 5.41629
      vertex 48.809 23.2889 5.84943
      vertex 48.809 22.9237 5.84943
    endloop
  endfacet
  facet normal 0 0 -1
    outer loop
      vertex 48.8091 19.2822 5.41629
      vertex 48.8091 22.9257 5.41629
      vertex 49.1003 22.9257 5.41629
    endloop
  endfacet
  facet normal 0 0 -1
    outer loop
      vertex 49.1003 22.9257 5.41629
      vertex 49.1003 19.2822 5.41629
      vertex 48.8091 19.2822 5.41629
    endloop
  endfacet
  facet normal 1 0 0.000149718
    outer loop
      vertex 48.809 18.9211 5.84943
      vertex 48.8091 18.9212 5.41629
      vertex 48.8091 19.2822 5.41629
    endloop
  endfacet
  facet normal 1 0 0.000149718
    outer loop
      vertex 48.8091 19.2822 5.41629
      vertex 48.809 19.2811 5.84943
      vertex 48.809 18.9211 5.84943
    endloop
  endfacet
  facet normal 0 -0.999997 -0.00254079
    outer loop
      vertex 49.1002 19.2811 5.84943
      vertex 48.809 19.2811 5.84943
      vertex 48.8091 19.2822 5.41629
    endloop
  endfacet
  facet normal 2.61967e-05 -0.999994 -0.00357346
    outer loop
      vertex 48.8091 19.2822 5.41629
      vertex 49.1003 19.2822 5.41629
      vertex 49.1003 19.2818 5.53585
    endloop
  endfacet
  facet normal -0.0184579 -0.999827 -0.00217664
    outer loop
      vertex 49.1003 19.2818 5.53585
      vertex 49.1003 19.2811 5.84863
      vertex 49.1002 19.2811 5.84943
    endloop
  endfacet
  facet normal -0.000549332 -0.999997 -0.00217156
    outer loop
      vertex 48.8091 19.2822 5.41629
      vertex 49.1003 19.2818 5.53585
      vertex 49.1002 19.2811 5.84943
    endloop
  endfacet
  facet normal 0 1 0.000264207
    outer loop
      vertex 48.8091 18.9212 5.41629
      vertex 48.809 18.9211 5.84943
      vertex 49.1002 18.9211 5.84943
    endloop
  endfacet
  facet normal 0.00180728 0.999998 0.000231702
    outer loop
      vertex 49.1002 18.9211 5.84943
      vertex 49.1003 18.9211 5.84869
      vertex 49.1003 18.9212 5.53588
    endloop
  endfacet
  facet normal 0 1 0.000350872
    outer loop
      vertex 49.1003 18.9212 5.53588
      vertex 49.1003 18.9212 5.41629
      vertex 48.8091 18.9212 5.41629
    endloop
  endfacet
  facet normal 4.91554e-05 1 0.000231168
    outer loop
      vertex 49.1002 18.9211 5.84943
      vertex 49.1003 18.9212 5.53588
      vertex 48.8091 18.9212 5.41629
    endloop
  endfacet
  facet normal 0.829484 0 0.55853
    outer loop
      vertex 49.257 58.5937 8.16705
      vertex 49.257 64.2712 8.16705
      vertex 48.8028 64.2712 8.84165
    endloop
  endfacet
  facet normal 0.829484 0 0.55853
    outer loop
      vertex 48.8028 64.2712 8.84165
      vertex 48.8028 58.5937 8.84165
      vertex 49.257 58.5937 8.16705
    endloop
  endfacet
  facet normal 1 0 0.000765286
    outer loop
      vertex 49.1047 63.819 5.60899
      vertex 49.105 63.819 5.23015
      vertex 49.105 68.6949 5.23015
    endloop
  endfacet
  facet normal 1 0 0.000765286
    outer loop
      vertex 49.105 68.6949 5.23015
      vertex 49.1047 68.6949 5.60899
      vertex 49.1047 63.819 5.60899
    endloop
  endfacet
  facet normal 1 0 0.00075459
    outer loop
      vertex 49.1047 63.5527 5.61436
      vertex 49.105 63.5527 5.23015
      vertex 49.105 63.819 5.23015
    endloop
  endfacet
  facet normal 1 1.54292e-05 0.000765286
    outer loop
      vertex 49.105 63.819 5.23015
      vertex 49.1047 63.819 5.60899
      vertex 49.1047 63.5527 5.61436
    endloop
  endfacet
  facet normal 0 0.792389 0.610016
    outer loop
      vertex 47.8273 64.2712 8.84165
      vertex 48.8028 64.2712 8.84165
      vertex 48.8028 64.5375 8.49568
    endloop
  endfacet
  facet normal 0 0.792389 0.610016
    outer loop
      vertex 48.8028 64.5375 8.49568
      vertex 47.8273 64.5375 8.49568
      vertex 47.8273 64.2712 8.84165
    endloop
  endfacet
  facet normal 0 0 1
    outer loop
      vertex 48.2813 68.7527 8.49568
      vertex 48.124 68.7527 8.49568
      vertex 48.124 68.6949 8.49568
    endloop
  endfacet
  facet normal 0 0 1
    outer loop
      vertex 48.8028 68.6949 8.49568
      vertex 48.8028 69.8633 8.49568
      vertex 48.2813 69.8633 8.49568
    endloop
  endfacet
  facet normal 0 0 1
    outer loop
      vertex 48.2813 69.7622 8.49568
      vertex 48.124 69.7622 8.49568
      vertex 48.124 69.1706 8.49568
    endloop
  endfacet
  facet normal 0 0 1
    outer loop
      vertex 48.8028 68.6949 8.49568
      vertex 48.2813 69.8633 8.49568
      vertex 48.2813 69.7622 8.49568
    endloop
  endfacet
  facet normal 0 0 1
    outer loop
      vertex 48.2813 68.7527 8.49568
      vertex 48.124 68.6949 8.49568
      vertex 48.8028 68.6949 8.49568
    endloop
  endfacet
  facet normal 0 0 1
    outer loop
      vertex 48.2813 69.7622 8.49568
      vertex 48.124 69.1706 8.49568
      vertex 48.2813 69.1706 8.49568
    endloop
  endfacet
  facet normal 0 0 1
    outer loop
      vertex 48.2813 69.1706 8.49568
      vertex 48.2813 68.7527 8.49568
      vertex 48.8028 68.6949 8.49568
    endloop
  endfacet
  facet normal 0 0 1
    outer loop
      vertex 48.8028 68.6949 8.49568
      vertex 48.2813 69.7622 8.49568
      vertex 48.2813 69.1706 8.49568
    endloop
  endfacet
  facet normal 0 0 1
    outer loop
      vertex 47.8273 67.1122 8.49568
      vertex 47.8273 64.5375 8.49568
      vertex 48.8028 64.5375 8.49568
    endloop
  endfacet
  facet normal 0 0 1
    outer loop
      vertex 48.8028 64.5375 8.49568
      vertex 48.8028 68.6949 8.49568
      vertex 48.124 68.6949 8.49568
    endloop
  endfacet
  facet normal 0 0 1
    outer loop
      vertex 48.124 68.6949 8.49568
      vertex 48.124 67.6757 8.49568
      vertex 48.2813 67.6757 8.49568
    endloop
  endfacet
  facet normal 0 0 1
    outer loop
      vertex 48.2813 67.1122 8.49568
      vertex 47.8273 67.1122 8.49568
      vertex 48.8028 64.5375 8.49568
    endloop
  endfacet
  facet normal 0 0 1
    outer loop
      vertex 48.8028 64.5375 8.49568
      vertex 48.124 68.6949 8.49568
      vertex 48.2813 67.6757 8.49568
    endloop
  endfacet
  facet normal 0 0 1
    outer loop
      vertex 48.8028 64.5375 8.49568
      vertex 48.2813 67.6757 8.49568
      vertex 48.2813 67.1122 8.49568
    endloop
  endfacet
  facet normal 0.979822 0 -0.199872
    outer loop
      vertex 49.1047 71.4912 5.23843
      vertex 49.1047 69.8633 5.23843
      vertex 48.8312 69.8633 3.89794
    endloop
  endfacet
  facet normal 0.979824 0 -0.199864
    outer loop
      vertex 48.8312 69.8633 3.89794
      vertex 48.8312 71.4912 3.89794
      vertex 49.0891 71.4912 5.16206
    endloop
  endfacet
  facet normal 0.979794 0.000116041 -0.200007
    outer loop
      vertex 48.8312 69.8633 3.89794
      vertex 49.0891 71.4912 5.16206
      vertex 49.1047 71.4912 5.23843
    endloop
  endfacet
  facet normal 1 0.000242702 0.000765286
    outer loop
      vertex 49.1047 68.6949 5.60899
      vertex 49.105 68.6949 5.23015
      vertex 49.1047 69.8633 5.23843
    endloop
  endfacet
  facet normal 0 0 1
    outer loop
      vertex 47.8273 80.7278 8.49568
      vertex 47.8273 71.8181 8.49568
      vertex 48.2813 71.8181 8.49568
    endloop
  endfacet
  facet normal 0 0 1
    outer loop
      vertex 48.2813 71.3477 8.49568
      vertex 48.124 71.3477 8.49568
      vertex 48.124 70.2707 8.49568
    endloop
  endfacet
  facet normal 0 0 1
    outer loop
      vertex 48.4389 80.7278 8.49568
      vertex 47.8273 80.7278 8.49568
      vertex 48.2813 71.8181 8.49568
    endloop
  endfacet
  facet normal 0 0 1
    outer loop
      vertex 48.2813 71.3477 8.49568
      vertex 48.124 70.2707 8.49568
      vertex 48.2813 70.2707 8.49568
    endloop
  endfacet
  facet normal 0 0 1
    outer loop
      vertex 48.4389 80.7278 8.49568
      vertex 48.2813 71.8181 8.49568
      vertex 48.2813 71.3477 8.49568
    endloop
  endfacet
  facet normal 0 0 1
    outer loop
      vertex 47.8273 83.1128 8.49568
      vertex 47.8273 82.2727 8.49568
      vertex 48.4389 82.2727 8.49568
    endloop
  endfacet
  facet normal 0 0 1
    outer loop
      vertex 48.4389 80.7278 8.49568
      vertex 48.2813 71.3477 8.49568
      vertex 48.2813 70.2707 8.49568
    endloop
  endfacet
  facet normal 0 0 1
    outer loop
      vertex 48.8028 83.1128 8.49568
      vertex 47.8273 83.1128 8.49568
      vertex 48.4389 82.2727 8.49568
    endloop
  endfacet
  facet normal 0 0 1
    outer loop
      vertex 48.4389 80.7278 8.49568
      vertex 48.2813 70.2707 8.49568
      vertex 48.2813 69.8633 8.49568
    endloop
  endfacet
  facet normal 0 0 1
    outer loop
      vertex 48.8028 83.1128 8.49568
      vertex 48.4389 82.2727 8.49568
      vertex 48.4389 80.7278 8.49568
    endloop
  endfacet
  facet normal 0 0 1
    outer loop
      vertex 48.2813 69.8633 8.49568
      vertex 48.8028 69.8633 8.49568
      vertex 48.8028 83.1128 8.49568
    endloop
  endfacet
  facet normal 0 0 1
    outer loop
      vertex 48.2813 69.8633 8.49568
      vertex 48.8028 83.1128 8.49568
      vertex 48.4389 80.7278 8.49568
    endloop
  endfacet
  facet normal 0 1 0
    outer loop
      vertex 49.1047 83.3749 6.30723
      vertex 49.1047 83.3749 6.03874
      vertex 48.576 83.3749 6.03874
    endloop
  endfacet
  facet normal 0 1 0
    outer loop
      vertex 48.576 83.3749 6.03874
      vertex 48.576 83.3749 6.30723
      vertex 49.1047 83.3749 6.30723
    endloop
  endfacet
  facet normal 0.945055 0 0.326911
    outer loop
      vertex 50.1194 48.6466 7.40815
      vertex 48.9815 48.6466 10.6975
      vertex 48.9815 47.2244 10.6975
    endloop
  endfacet
  facet normal 0.945055 0 0.326911
    outer loop
      vertex 48.9815 47.2244 10.6975
      vertex 50.1194 47.2244 7.40815
      vertex 50.1194 48.6466 7.40815
    endloop
  endfacet
  facet normal 0 1 0
    outer loop
      vertex 49.257 51.0587 8.16705
      vertex 48.8028 51.0587 8.84165
      vertex 48.9815 51.0587 10.6975
    endloop
  endfacet
  facet normal 0 1 0
    outer loop
      vertex 48.9815 51.0587 10.6975
      vertex 50.1194 51.0587 7.40815
      vertex 49.257 51.0587 8.16705
    endloop
  endfacet
  facet normal 0 0 1
    outer loop
      vertex 48.9815 47.2244 10.6975
      vertex 47.8273 47.2244 10.6975
      vertex 47.8273 44.0298 10.6975
    endloop
  endfacet
  facet normal 0 0 1
    outer loop
      vertex 47.8273 44.0298 10.6975
      vertex 48.9815 44.0298 10.6975
      vertex 48.9815 47.2244 10.6975
    endloop
  endfacet
  facet normal 0 0 -1
    outer loop
      vertex 47.8273 49.5587 4.0536
      vertex 50.1194 49.5587 4.0536
      vertex 50.1194 48.7528 4.0536
    endloop
  endfacet
  facet normal 0 0 -1
    outer loop
      vertex 50.1194 48.7528 4.0536
      vertex 47.8273 48.7528 4.0536
      vertex 47.8273 49.5587 4.0536
    endloop
  endfacet
  facet normal 0 1 0
    outer loop
      vertex 48.9815 48.6466 10.6975
      vertex 47.8273 48.6466 10.6975
      vertex 47.8273 48.6466 11.3933
    endloop
  endfacet
  facet normal 0 1 0
    outer loop
      vertex 47.8273 48.6466 11.3933
      vertex 48.9815 48.6466 11.3933
      vertex 48.9815 48.6466 10.6975
    endloop
  endfacet
  facet normal 0 0.981432 -0.191813
    outer loop
      vertex 48.8312 83.1128 3.89794
      vertex 47.8273 83.1128 3.89794
      vertex 47.8273 83.2155 4.42322
    endloop
  endfacet
  facet normal 0 0.981432 -0.191813
    outer loop
      vertex 47.8273 83.2155 4.42322
      vertex 48.3732 83.2155 4.42322
      vertex 48.8312 83.1128 3.89794
    endloop
  endfacet
  facet normal 0 0 -1
    outer loop
      vertex 48.8312 83.1128 3.89794
      vertex 48.8312 79.1936 3.89794
      vertex 47.8273 79.1936 3.89794
    endloop
  endfacet
  facet normal 0 0 -1
    outer loop
      vertex 47.8273 79.1936 3.89794
      vertex 47.8273 83.1128 3.89794
      vertex 48.8312 83.1128 3.89794
    endloop
  endfacet
  facet normal 0 -0.75181 -0.65938
    outer loop
      vertex 48.8312 69.8633 3.89794
      vertex 49.105 68.6949 5.23015
      vertex 48.5168 68.6949 5.23015
    endloop
  endfacet
  facet normal 0 -0.751809 -0.659381
    outer loop
      vertex 48.405 69.2014 4.65263
      vertex 47.8273 69.2014 4.65263
      vertex 47.8273 69.8633 3.89794
    endloop
  endfacet
  facet normal 6.50817e-06 -0.751811 -0.659379
    outer loop
      vertex 48.8312 69.8633 3.89794
      vertex 48.5168 68.6949 5.23015
      vertex 48.405 69.2014 4.65263
    endloop
  endfacet
  facet normal 0 -0.751809 -0.659381
    outer loop
      vertex 48.405 69.2014 4.65263
      vertex 47.8273 69.8633 3.89794
      vertex 48.8312 69.8633 3.89794
    endloop
  endfacet
  facet normal 0 0 -1
    outer loop
      vertex 49.105 68.6949 5.23015
      vertex 49.105 63.819 5.23015
      vertex 48.7062 63.819 5.23015
    endloop
  endfacet
  facet normal 0 0 -1
    outer loop
      vertex 48.7062 64.0769 5.23015
      vertex 48.5168 64.0769 5.23015
      vertex 48.5168 64.9173 5.23015
    endloop
  endfacet
  facet normal 0 0 -1
    outer loop
      vertex 49.105 68.6949 5.23015
      vertex 48.7062 63.819 5.23015
      vertex 48.7062 64.0769 5.23015
    endloop
  endfacet
  facet normal 0 0 -1
    outer loop
      vertex 48.5168 68.5578 5.23015
      vertex 48.5168 68.6949 5.23015
      vertex 49.105 68.6949 5.23015
    endloop
  endfacet
  facet normal 0 0 -1
    outer loop
      vertex 48.7062 68.5578 5.23015
      vertex 48.5168 68.5578 5.23015
      vertex 49.105 68.6949 5.23015
    endloop
  endfacet
  facet normal 0 0 -1
    outer loop
      vertex 48.7062 64.0769 5.23015
      vertex 48.5168 64.9173 5.23015
      vertex 48.7062 64.9174 5.23015
    endloop
  endfacet
  facet normal 0 0 -1
    outer loop
      vertex 48.7062 65.6104 5.23015
      vertex 48.5168 65.6104 5.23015
      vertex 48.5168 66.4271 5.23015
    endloop
  endfacet
  facet normal 0 0 0
    outer loop
      vertex 48.7062 64.0769 5.23015
      vertex 48.7062 64.9174 5.23015
      vertex 48.7062 65.6104 5.23015
    endloop
  endfacet
  facet normal 0 0 -1
    outer loop
      vertex 48.7062 67.8647 5.23015
      vertex 48.7062 68.5578 5.23015
      vertex 49.105 68.6949 5.23015
    endloop
  endfacet
  facet normal 0 0 -1
    outer loop
      vertex 48.5168 67.1202 5.23015
      vertex 48.5168 67.8647 5.23015
      vertex 48.7062 67.8647 5.23015
    endloop
  endfacet
  facet normal 0 0 -1
    outer loop
      vertex 48.7062 67.1202 5.23015
      vertex 48.5168 67.1202 5.23015
      vertex 48.7062 67.8647 5.23015
    endloop
  endfacet
  facet normal 0 0 -1
    outer loop
      vertex 49.105 68.6949 5.23015
      vertex 48.7062 64.0769 5.23015
      vertex 48.7062 65.6104 5.23015
    endloop
  endfacet
  facet normal 0 0 -1
    outer loop
      vertex 48.7062 65.6104 5.23015
      vertex 48.5168 66.4271 5.23015
      vertex 48.7062 66.4271 5.23015
    endloop
  endfacet
  facet normal 0 0 -1
    outer loop
      vertex 48.7062 67.1202 5.23015
      vertex 48.7062 67.8647 5.23015
      vertex 49.105 68.6949 5.23015
    endloop
  endfacet
  facet normal 0 0 -1
    outer loop
      vertex 49.105 68.6949 5.23015
      vertex 48.7062 65.6104 5.23015
      vertex 48.7062 66.4271 5.23015
    endloop
  endfacet
  facet normal 0 0 -1
    outer loop
      vertex 48.7062 66.4271 5.23015
      vertex 48.7062 67.1202 5.23015
      vertex 49.105 68.6949 5.23015
    endloop
  endfacet
  facet normal 0 0 -1
    outer loop
      vertex 49.105 63.5527 5.23015
      vertex 48.7062 63.5527 5.23015
      vertex 48.7062 63.819 5.23015
    endloop
  endfacet
  facet normal 0 0 -1
    outer loop
      vertex 48.7062 63.819 5.23015
      vertex 49.105 63.819 5.23015
      vertex 49.105 63.5527 5.23015
    endloop
  endfacet
  facet normal 0 1 0
    outer loop
      vertex 48.8028 51.0587 8.84165
      vertex 47.8273 51.0587 8.84165
      vertex 47.8273 51.0587 9.2058
    endloop
  endfacet
  facet normal 0 1 0
    outer loop
      vertex 48.8028 51.0587 8.84165
      vertex 47.8273 51.0587 9.2058
      vertex 48.4389 51.0587 9.2058
    endloop
  endfacet
  facet normal 0 1 0
    outer loop
      vertex 47.8273 51.0587 10.429
      vertex 47.8273 51.0587 10.6975
      vertex 48.9815 51.0587 10.6975
    endloop
  endfacet
  facet normal 0 1 0
    outer loop
      vertex 48.8028 51.0587 8.84165
      vertex 48.4389 51.0587 9.2058
      vertex 48.4389 51.0587 10.429
    endloop
  endfacet
  facet normal 0 1 0
    outer loop
      vertex 48.4389 51.0587 10.429
      vertex 47.8273 51.0587 10.429
      vertex 48.9815 51.0587 10.6975
    endloop
  endfacet
  facet normal 0 1 0
    outer loop
      vertex 48.8028 51.0587 8.84165
      vertex 48.4389 51.0587 10.429
      vertex 48.9815 51.0587 10.6975
    endloop
  endfacet
  facet normal 0 0 1
    outer loop
      vertex 48.8028 58.5937 8.84165
      vertex 48.8028 64.2712 8.84165
      vertex 47.8273 64.2712 8.84165
    endloop
  endfacet
  facet normal 0 0 1
    outer loop
      vertex 47.8273 64.2712 8.84165
      vertex 47.8273 58.5937 8.84165
      vertex 48.8028 58.5937 8.84165
    endloop
  endfacet
  facet normal 0 -0.591783 -0.806097
    outer loop
      vertex 47.8273 48.2908 4.39281
      vertex 47.8273 48.7528 4.0536
      vertex 50.1194 48.7528 4.0536
    endloop
  endfacet
  facet normal 0 -0.591742 -0.806127
    outer loop
      vertex 50.1194 48.7528 4.0536
      vertex 50.1194 47.2244 5.17555
      vertex 48.6813 47.2244 5.17555
    endloop
  endfacet
  facet normal 0 -0.591717 -0.806145
    outer loop
      vertex 48.651 47.3148 5.10914
      vertex 48.4934 47.3148 5.10914
      vertex 48.405 47.9368 4.65263
    endloop
  endfacet
  facet normal 0.000212467 -0.591872 -0.806032
    outer loop
      vertex 50.1194 48.7528 4.0536
      vertex 48.6813 47.2244 5.17555
      vertex 48.651 47.3148 5.10914
    endloop
  endfacet
  facet normal 0 -0.591783 -0.806097
    outer loop
      vertex 48.3244 48.2908 4.39281
      vertex 47.8273 48.2908 4.39281
      vertex 50.1194 48.7528 4.0536
    endloop
  endfacet
  facet normal 0 -0.591674 -0.806177
    outer loop
      vertex 47.8273 47.9368 4.65263
      vertex 47.8273 48.1466 4.49862
      vertex 48.3726 48.1466 4.49862
    endloop
  endfacet
  facet normal -2.79745e-05 -0.591713 -0.806149
    outer loop
      vertex 48.3726 48.1466 4.49862
      vertex 48.3244 48.2908 4.39281
      vertex 50.1194 48.7528 4.0536
    endloop
  endfacet
  facet normal -1.49807e-05 -0.591721 -0.806143
    outer loop
      vertex 50.1194 48.7528 4.0536
      vertex 48.651 47.3148 5.10914
      vertex 48.405 47.9368 4.65263
    endloop
  endfacet
  facet normal 0 -0.591674 -0.806177
    outer loop
      vertex 48.405 47.9368 4.65263
      vertex 47.8273 47.9368 4.65263
      vertex 48.3726 48.1466 4.49862
    endloop
  endfacet
  facet normal -4.61015e-05 -0.591679 -0.806174
    outer loop
      vertex 50.1194 48.7528 4.0536
      vertex 48.405 47.9368 4.65263
      vertex 48.3726 48.1466 4.49862
    endloop
  endfacet
  facet normal 0 1 0
    outer loop
      vertex 49.105 51.0587 5.23015
      vertex 49.1047 51.0587 5.61436
      vertex 50.1194 51.0587 5.17555
    endloop
  endfacet
  facet normal 0 1 0
    outer loop
      vertex 50.1194 51.0587 5.17555
      vertex 50.1194 51.0587 4.0536
      vertex 49.105 51.0587 5.23015
    endloop
  endfacet
  facet normal 1 0 0
    outer loop
      vertex 50.1194 49.5587 4.0536
      vertex 50.1194 48.6466 5.17555
      vertex 50.1194 47.2244 5.17555
    endloop
  endfacet
  facet normal 1 0 0
    outer loop
      vertex 50.1194 47.2244 5.17555
      vertex 50.1194 48.7528 4.0536
      vertex 50.1194 49.5587 4.0536
    endloop
  endfacet
  facet normal 1 0 0
    outer loop
      vertex 49.1047 68.6949 6.30183
      vertex 49.1047 68.6949 5.60899
      vertex 49.1047 69.8633 5.23843
    endloop
  endfacet
  facet normal 1 0 0
    outer loop
      vertex 49.1047 69.8633 5.23843
      vertex 49.1047 69.8633 6.03751
      vertex 49.1047 68.6949 6.30183
    endloop
  endfacet
  facet normal 1 0 0
    outer loop
      vertex 49.1047 69.8633 6.03751
      vertex 49.1047 69.8633 5.23843
      vertex 49.1047 71.4912 5.23843
    endloop
  endfacet
  facet normal 1 0 0
    outer loop
      vertex 49.1047 71.4912 5.23843
      vertex 49.1047 71.4912 6.03751
      vertex 49.1047 69.8633 6.03751
    endloop
  endfacet
  facet normal 1 0 0
    outer loop
      vertex 49.1047 63.5527 6.35673
      vertex 49.1047 63.5527 5.61436
      vertex 49.1047 63.819 5.60899
    endloop
  endfacet
  facet normal 1 0 0
    outer loop
      vertex 49.1047 63.819 5.60899
      vertex 49.1047 63.819 6.30183
      vertex 49.1047 63.5527 6.35673
    endloop
  endfacet
  facet normal 1 0 0
    outer loop
      vertex 49.1047 63.819 6.30183
      vertex 49.1047 63.819 5.60899
      vertex 49.1047 68.6949 5.60899
    endloop
  endfacet
  facet normal 1 0 0
    outer loop
      vertex 49.1047 68.6949 5.60899
      vertex 49.1047 68.6949 6.30183
      vertex 49.1047 63.819 6.30183
    endloop
  endfacet
  facet normal 1 0 0.00075459
    outer loop
      vertex 49.105 58.5937 5.23015
      vertex 49.105 63.5527 5.23015
      vertex 49.1047 63.5527 5.61436
    endloop
  endfacet
  facet normal 1 0 0.00075459
    outer loop
      vertex 49.1047 63.5527 5.61436
      vertex 49.1047 58.5937 5.61436
      vertex 49.105 58.5937 5.23015
    endloop
  endfacet
  facet normal 0.979822 0.000493105 -0.199872
    outer loop
      vertex 49.1047 83.3749 5.23908
      vertex 49.1047 83.1128 5.23843
      vertex 48.8312 83.1128 3.89794
    endloop
  endfacet
  facet normal 0.945055 0 0.326911
    outer loop
      vertex 50.1194 47.2244 7.40815
      vertex 48.9815 47.2244 10.6975
      vertex 48.9815 44.0298 10.6975
    endloop
  endfacet
  facet normal 0.945055 0 0.326911
    outer loop
      vertex 48.9815 44.0298 10.6975
      vertex 50.1194 44.0298 7.40815
      vertex 50.1194 47.2244 7.40815
    endloop
  endfacet
  facet normal 1 0 0
    outer loop
      vertex 50.1194 47.2244 6.04281
      vertex 50.1194 47.2244 7.40815
      vertex 50.1194 44.0298 7.40815
    endloop
  endfacet
  facet normal 1 0 0
    outer loop
      vertex 50.1194 44.0298 7.40815
      vertex 50.1194 44.0298 6.04281
      vertex 50.1194 47.2244 6.04281
    endloop
  endfacet
  facet normal 0.979821 0.00165971 -0.199872
    outer loop
      vertex 49.1047 69.8633 5.23843
      vertex 49.105 68.6949 5.23015
      vertex 48.8312 69.8633 3.89794
    endloop
  endfacet
  facet normal 0.857988 0 0.51367
    outer loop
      vertex 48.8028 64.5375 8.49568
      vertex 49.1047 64.5375 7.9914
      vertex 49.1047 68.6949 7.9914
    endloop
  endfacet
  facet normal 0.857988 0 0.51367
    outer loop
      vertex 49.1047 68.6949 7.9914
      vertex 48.8028 68.6949 8.49568
      vertex 48.8028 64.5375 8.49568
    endloop
  endfacet
  facet normal 0.634278 0.644427 0.427089
    outer loop
      vertex 48.8028 64.2712 8.84165
      vertex 49.257 64.2712 8.16705
      vertex 49.1047 64.5375 7.9914
    endloop
  endfacet
  facet normal 0.7137 0.55503 0.427286
    outer loop
      vertex 49.1047 64.5375 7.9914
      vertex 48.8028 64.5375 8.49568
      vertex 48.8028 64.2712 8.84165
    endloop
  endfacet
  facet normal 0.860356 0 0.509693
    outer loop
      vertex 48.8028 69.8633 8.49568
      vertex 49.1047 69.8633 7.98606
      vertex 49.1047 83.1128 7.98606
    endloop
  endfacet
  facet normal 0.860356 0 0.509693
    outer loop
      vertex 49.1047 83.1128 7.98606
      vertex 48.8028 83.1128 8.49568
      vertex 48.8028 69.8633 8.49568
    endloop
  endfacet
  facet normal 0.857985 0.0023466 0.513669
    outer loop
      vertex 48.8028 68.6949 8.49568
      vertex 49.1047 68.6949 7.9914
      vertex 49.1047 69.8633 7.98606
    endloop
  endfacet
  facet normal 0.860356 0 0.509693
    outer loop
      vertex 49.1047 69.8633 7.98606
      vertex 48.8028 69.8633 8.49568
      vertex 48.8028 68.6949 8.49568
    endloop
  endfacet
  facet normal 0 1 0
    outer loop
      vertex 49.257 51.0587 8.01744
      vertex 49.257 51.0587 8.16705
      vertex 50.1194 51.0587 7.40815
    endloop
  endfacet
  facet normal 0 1 0
    outer loop
      vertex 50.1194 51.0587 7.40815
      vertex 50.1194 51.0587 6.04281
      vertex 49.257 51.0587 8.01744
    endloop
  endfacet
  facet normal 1 0 0
    outer loop
      vertex 50.1194 48.6466 6.04281
      vertex 50.1194 48.6466 7.40815
      vertex 50.1194 47.2244 7.40815
    endloop
  endfacet
  facet normal 1 0 0
    outer loop
      vertex 50.1194 47.2244 7.40815
      vertex 50.1194 47.2244 6.04281
      vertex 50.1194 48.6466 6.04281
    endloop
  endfacet
  facet normal 1 0 0
    outer loop
      vertex 49.257 58.5937 6.60597
      vertex 49.257 59.2731 7.17356
      vertex 49.257 58.929 7.17356
    endloop
  endfacet
  facet normal 1 0 0
    outer loop
      vertex 49.257 58.929 7.17356
      vertex 49.257 58.929 7.96808
      vertex 49.257 58.5937 8.16705
    endloop
  endfacet
  facet normal 1 0 0
    outer loop
      vertex 49.257 58.5937 6.60597
      vertex 49.257 58.929 7.17356
      vertex 49.257 58.5937 8.16705
    endloop
  endfacet
  facet normal 1 0 0
    outer loop
      vertex 49.1047 83.3749 6.30723
      vertex 49.1047 83.3749 6.92399
      vertex 49.1047 83.1128 6.92399
    endloop
  endfacet
  facet normal 1 0 0
    outer loop
      vertex 49.1047 83.1128 6.92399
      vertex 49.1047 83.1128 6.30578
      vertex 49.1047 83.3749 6.30723
    endloop
  endfacet
  facet normal 0.860344 -0.00534789 0.509686
    outer loop
      vertex 48.8028 83.1128 8.49568
      vertex 49.1047 83.1128 7.98606
      vertex 49.1047 83.3749 7.98881
    endloop
  endfacet
  facet normal 0 1 0
    outer loop
      vertex 50.1194 44.0298 7.40815
      vertex 48.9815 44.0298 10.6975
      vertex 48.9815 44.0298 12.2717
    endloop
  endfacet
  facet normal 0 1 0
    outer loop
      vertex 48.9815 44.0298 12.2717
      vertex 50.1194 44.0298 7.78573
      vertex 50.1194 44.0298 7.40815
    endloop
  endfacet
  facet normal 0 0 0
    outer loop
      vertex 50.1194 44.0298 6.04281
      vertex 50.1194 44.0298 7.40815
      vertex 50.1194 44.0298 7.78573
    endloop
  endfacet
  facet normal 0 0 0
    outer loop
      vertex 50.1194 44.0298 7.78573
      vertex 50.1194 44.0298 5.84054
      vertex 50.1194 44.0298 6.04281
    endloop
  endfacet
  facet normal 0 1 0
    outer loop
      vertex 48.9815 44.0298 10.6975
      vertex 47.8273 44.0298 10.6975
      vertex 47.8273 44.0298 12.2717
    endloop
  endfacet
  facet normal 0 1 0
    outer loop
      vertex 47.8273 44.0298 12.2717
      vertex 48.9815 44.0298 12.2717
      vertex 48.9815 44.0298 10.6975
    endloop
  endfacet
  facet normal 0 -1 0
    outer loop
      vertex 50.1194 40.2265 5.84054
      vertex 50.1194 40.2265 7.78573
      vertex 50.1167 40.2265 7.78935
    endloop
  endfacet
  facet normal 0 -1 0
    outer loop
      vertex 50.1167 40.2265 7.78935
      vertex 50.1167 40.2265 5.84529
      vertex 50.1194 40.2265 5.84054
    endloop
  endfacet
  facet normal 0 -1 0
    outer loop
      vertex 48.9815 40.2265 12.2717
      vertex 47.8273 40.2265 12.2717
      vertex 47.8273 40.2265 10.8185
    endloop
  endfacet
  facet normal 0 -1 0
    outer loop
      vertex 47.8273 40.2265 10.8185
      vertex 49.2663 40.2265 10.8185
      vertex 48.9815 40.2265 12.2717
    endloop
  endfacet
  facet normal 0 0 1
    outer loop
      vertex 48.9815 44.0298 12.2717
      vertex 47.8273 44.0298 12.2717
      vertex 47.8273 40.2265 12.2717
    endloop
  endfacet
  facet normal 0 0 1
    outer loop
      vertex 47.8273 40.2265 12.2717
      vertex 48.9815 40.2265 12.2717
      vertex 48.9815 44.0298 12.2717
    endloop
  endfacet
  facet normal 0.969306 0 0.245856
    outer loop
      vertex 50.1194 44.0298 7.78573
      vertex 48.9815 44.0298 12.2717
      vertex 48.9815 40.2265 12.2717
    endloop
  endfacet
  facet normal 0.969306 0 0.245856
    outer loop
      vertex 48.9815 40.2265 12.2717
      vertex 50.1194 40.2265 7.78573
      vertex 50.1194 44.0298 7.78573
    endloop
  endfacet
  facet normal 1 0 0
    outer loop
      vertex 50.1194 44.0298 5.84054
      vertex 50.1194 44.0298 7.78573
      vertex 50.1194 40.2265 7.78573
    endloop
  endfacet
  facet normal 1 0 0
    outer loop
      vertex 50.1194 40.2265 7.78573
      vertex 50.1194 40.2265 5.84054
      vertex 50.1194 44.0298 5.84054
    endloop
  endfacet
  facet normal 0 0 -1
    outer loop
      vertex 47.8273 44.0298 4.60495
      vertex 50.1194 44.0298 4.60495
      vertex 50.1194 40.2265 4.60495
    endloop
  endfacet
  facet normal 0 0 -1
    outer loop
      vertex 50.1194 40.2265 4.60495
      vertex 47.8273 40.2265 4.60495
      vertex 47.8273 44.0298 4.60495
    endloop
  endfacet
  facet normal 0 -1 0
    outer loop
      vertex 50.1194 40.2265 7.78573
      vertex 48.9815 40.2265 12.2717
      vertex 49.2663 40.2265 10.8185
    endloop
  endfacet
  facet normal 0 -1 0
    outer loop
      vertex 49.2663 40.2265 10.8185
      vertex 50.1167 40.2265 7.78935
      vertex 50.1194 40.2265 7.78573
    endloop
  endfacet
  facet normal 8.32142e-06 -1 3.98906e-06
    outer loop
      vertex 47.8273 40.2265 4.60495
      vertex 50.1194 40.2265 4.60495
      vertex 50.1167 40.2265 4.61042
    endloop
  endfacet
  facet normal 8.33095e-06 -1 0
    outer loop
      vertex 50.1167 40.2265 4.61042
      vertex 47.8273 40.2265 4.61042
      vertex 47.8273 40.2265 4.60495
    endloop
  endfacet
  facet normal 0.000634462 -0.663383 0.74828
    outer loop
      vertex 47.8273 37.2341 9.2058
      vertex 47.8273 35.6386 7.79129
      vertex 50.1167 35.6386 7.78935
    endloop
  endfacet
  facet normal 0 -0.663367 0.748294
    outer loop
      vertex 49.2663 39.0532 10.8185
      vertex 47.8273 39.0532 10.8185
      vertex 47.8273 38.6138 10.429
    endloop
  endfacet
  facet normal 0 -0.663367 0.748294
    outer loop
      vertex 49.2663 39.0532 10.8185
      vertex 47.8273 38.6138 10.429
      vertex 48.4389 38.6138 10.429
    endloop
  endfacet
  facet normal 0 -0.663893 0.747828
    outer loop
      vertex 48.4389 37.2341 9.2058
      vertex 47.8273 37.2341 9.2058
      vertex 50.1167 35.6386 7.78935
    endloop
  endfacet
  facet normal 2.11353e-05 -0.663389 0.748274
    outer loop
      vertex 49.2663 39.0532 10.8185
      vertex 48.4389 38.6138 10.429
      vertex 48.4389 37.2341 9.2058
    endloop
  endfacet
  facet normal 0.000603184 -0.663538 0.748143
    outer loop
      vertex 50.1167 35.6386 7.78935
      vertex 49.2663 39.0532 10.8185
      vertex 48.4389 37.2341 9.2058
    endloop
  endfacet
  facet normal 0 0 1
    outer loop
      vertex 49.2663 40.2265 10.8185
      vertex 47.8273 40.2265 10.8185
      vertex 47.8273 39.0532 10.8185
    endloop
  endfacet
  facet normal 0 0 1
    outer loop
      vertex 47.8273 39.0532 10.8185
      vertex 49.2663 39.0532 10.8185
      vertex 49.2663 40.2265 10.8185
    endloop
  endfacet
  facet normal 1 0 0
    outer loop
      vertex 50.1167 37.0783 5.84529
      vertex 50.1167 40.2265 5.84529
      vertex 50.1167 40.2265 7.78935
    endloop
  endfacet
  facet normal 1 0 0
    outer loop
      vertex 50.1167 35.6386 7.78935
      vertex 50.1167 35.6386 5.84529
      vertex 50.1167 36.0855 5.84529
    endloop
  endfacet
  facet normal 1 0 0
    outer loop
      vertex 50.1167 35.6386 7.78935
      vertex 50.1167 36.0855 5.84529
      vertex 50.1167 36.0855 7.33259
    endloop
  endfacet
  facet normal 1 0 0
    outer loop
      vertex 50.1167 37.0783 5.95884
      vertex 50.1167 37.0783 5.84529
      vertex 50.1167 40.2265 7.78935
    endloop
  endfacet
  facet normal 1 0 0
    outer loop
      vertex 50.1167 36.4296 5.84529
      vertex 50.1167 36.7342 5.84529
      vertex 50.1167 36.7342 5.95884
    endloop
  endfacet
  facet normal 1 0 0
    outer loop
      vertex 50.1167 36.7342 5.95884
      vertex 50.1167 37.0783 5.95884
      vertex 50.1167 40.2265 7.78935
    endloop
  endfacet
  facet normal 1 0 0
    outer loop
      vertex 50.1167 40.2265 7.78935
      vertex 50.1167 35.6386 7.78935
      vertex 50.1167 36.0855 7.33259
    endloop
  endfacet
  facet normal 1 0 0
    outer loop
      vertex 50.1167 36.4296 7.33259
      vertex 50.1167 36.4296 5.84529
      vertex 50.1167 36.7342 5.95884
    endloop
  endfacet
  facet normal 1 0 0
    outer loop
      vertex 50.1167 40.2265 7.78935
      vertex 50.1167 36.0855 7.33259
      vertex 50.1167 36.4296 7.33259
    endloop
  endfacet
  facet normal 1 0 0
    outer loop
      vertex 50.1167 40.2265 7.78935
      vertex 50.1167 36.4296 7.33259
      vertex 50.1167 36.7342 5.95884
    endloop
  endfacet
  facet normal 0.962776 0 0.270302
    outer loop
      vertex 50.1167 40.2265 7.78935
      vertex 49.2663 40.2265 10.8185
      vertex 49.2663 39.0532 10.8185
    endloop
  endfacet
  facet normal 0.962776 0 0.270302
    outer loop
      vertex 49.2663 39.0532 10.8185
      vertex 50.1167 35.6386 7.78935
      vertex 50.1167 40.2265 7.78935
    endloop
  endfacet
  facet normal 0 -1 0
    outer loop
      vertex 50.1167 35.6386 7.78935
      vertex 47.8273 35.6386 7.79129
      vertex 47.8273 35.6386 7.79026
    endloop
  endfacet
  facet normal 0 -1 0
    outer loop
      vertex 47.8273 35.6386 7.79026
      vertex 48.8345 35.6386 7.78935
      vertex 50.1167 35.6386 7.78935
    endloop
  endfacet
  facet normal 0.994874 0 0.101121
    outer loop
      vertex 49.2694 10.4145 5.73366
      vertex 49.0037 10.4145 8.3485
      vertex 49.0037 8.54902 8.3485
    endloop
  endfacet
  facet normal 0.994874 0 0.101121
    outer loop
      vertex 49.0037 8.54902 8.3485
      vertex 49.2694 8.54902 5.73366
      vertex 49.2694 10.4145 5.73366
    endloop
  endfacet
  facet normal 0 -1 0
    outer loop
      vertex 50.1167 35.6386 5.84529
      vertex 50.1167 35.6386 7.78935
      vertex 48.8345 35.6386 7.78935
    endloop
  endfacet
  facet normal 0 -1 0
    outer loop
      vertex 48.8345 35.6386 7.78935
      vertex 49.1003 35.6386 5.84529
      vertex 50.1167 35.6386 5.84529
    endloop
  endfacet
  facet normal 0 0 -1
    outer loop
      vertex 50.1167 40.2265 4.61042
      vertex 50.1167 35.6386 4.61042
      vertex 49.1003 35.6386 4.61042
    endloop
  endfacet
  facet normal 0 0 -1
    outer loop
      vertex 49.1003 35.6386 4.61042
      vertex 49.1003 39.683 4.61042
      vertex 50.1167 40.2265 4.61042
    endloop
  endfacet
  facet normal 0 0 -1
    outer loop
      vertex 47.8273 40.2265 4.61042
      vertex 50.1167 40.2265 4.61042
      vertex 49.1003 39.683 4.61042
    endloop
  endfacet
  facet normal 0 0 -1
    outer loop
      vertex 49.1003 39.683 4.61042
      vertex 47.8273 39.683 4.61042
      vertex 47.8273 40.2265 4.61042
    endloop
  endfacet
  facet normal 0 0.810889 -0.5852
    outer loop
      vertex 47.8273 10.6693 3.62511
      vertex 49.1003 10.6693 3.62511
      vertex 49.2694 10.4145 3.27206
    endloop
  endfacet
  facet normal 0 0.810889 -0.5852
    outer loop
      vertex 49.2694 10.4145 3.27206
      vertex 47.8273 10.4145 3.27206
      vertex 47.8273 10.6693 3.62511
    endloop
  endfacet
  facet normal 0.990736 3.17503e-05 0.135803
    outer loop
      vertex 48.8345 10.6693 7.78935
      vertex 49.1003 10.6693 5.85041
      vertex 49.1003 11.3628 5.85024
    endloop
  endfacet
  facet normal 0.99074 -4.57933e-05 0.135776
    outer loop
      vertex 48.8345 10.6693 7.78935
      vertex 49.1003 11.3628 5.85024
      vertex 48.9777 11.3628 6.74462
    endloop
  endfacet
  facet normal 0.992844 2.43971e-05 0.119422
    outer loop
      vertex 49.1001 23.2889 5.84943
      vertex 49.1003 23.2889 5.84782
      vertex 49.1003 35.6386 5.84529
    endloop
  endfacet
  facet normal 0.990776 2.76294e-05 0.135512
    outer loop
      vertex 49.0442 26.5664 6.25745
      vertex 49.0443 23.289 6.25764
      vertex 49.1001 23.2889 5.84943
    endloop
  endfacet
  facet normal 0.990787 2.89608e-05 0.135428
    outer loop
      vertex 48.9253 35.6335 7.12572
      vertex 48.9252 29.0929 7.12737
      vertex 49.0442 26.5664 6.25745
    endloop
  endfacet
  facet normal 0.990744 -2.12689e-06 0.135746
    outer loop
      vertex 48.9253 35.6335 7.12572
      vertex 49.0442 26.5664 6.25745
      vertex 49.1001 23.2889 5.84943
    endloop
  endfacet
  facet normal 0.990736 -8.17796e-06 0.135801
    outer loop
      vertex 48.8345 10.6693 7.78935
      vertex 48.9777 11.3628 6.74462
      vertex 48.9013 11.9031 7.30254
    endloop
  endfacet
  facet normal 0.990733 3.99877e-07 0.135822
    outer loop
      vertex 48.8345 10.6693 7.78935
      vertex 48.9013 11.9031 7.30254
      vertex 48.9015 14.6564 7.30089
    endloop
  endfacet
  facet normal 0.990785 2.98006e-05 0.135443
    outer loop
      vertex 48.9253 35.6335 7.12572
      vertex 49.1001 23.2889 5.84943
      vertex 49.1003 35.6386 5.84529
    endloop
  endfacet
  facet normal 0.990781 -0.00332284 0.135429
    outer loop
      vertex 48.8752 35.6336 7.49207
      vertex 48.9253 35.6335 7.12572
      vertex 49.1003 35.6386 5.84529
    endloop
  endfacet
  facet normal 0.990734 0 0.135819
    outer loop
      vertex 48.8345 35.6386 7.78935
      vertex 48.8345 10.6693 7.78935
      vertex 48.9015 14.6564 7.30089
    endloop
  endfacet
  facet normal 0.990734 -3.51272e-06 0.13582
    outer loop
      vertex 48.9485 15.1552 6.95776
      vertex 48.9941 15.6388 6.62506
      vertex 48.9942 18.9214 6.62467
    endloop
  endfacet
  facet normal 0.990735 1.97851e-07 0.135811
    outer loop
      vertex 48.8345 35.6386 7.78935
      vertex 48.9015 14.6564 7.30089
      vertex 48.9485 15.1552 6.95776
    endloop
  endfacet
  facet normal 0.990774 0.00438035 0.135452
    outer loop
      vertex 48.8752 35.6336 7.49207
      vertex 49.1003 35.6386 5.84529
      vertex 48.8345 35.6386 7.78935
    endloop
  endfacet
  facet normal 0.990773 2.76305e-05 0.135533
    outer loop
      vertex 48.9942 23.2891 6.62399
      vertex 48.9941 26.5665 6.6238
      vertex 48.8751 29.093 7.49375
    endloop
  endfacet
  facet normal 0.990774 1.52011e-05 0.135525
    outer loop
      vertex 48.8751 29.093 7.49375
      vertex 48.8752 35.6336 7.49207
      vertex 48.8345 35.6386 7.78935
    endloop
  endfacet
  facet normal 0.99071 1.22464e-05 0.135995
    outer loop
      vertex 48.9485 15.1552 6.95776
      vertex 48.9942 18.9214 6.62467
      vertex 48.9942 19.2814 6.62464
    endloop
  endfacet
  facet normal 0.990823 8.38296e-05 0.135165
    outer loop
      vertex 48.9942 22.9239 6.62422
      vertex 48.9942 23.2891 6.62399
      vertex 48.8751 29.093 7.49375
    endloop
  endfacet
  facet normal 0.990704 1.57068e-05 0.136037
    outer loop
      vertex 48.9485 15.1552 6.95776
      vertex 48.9942 19.2814 6.62464
      vertex 48.9942 22.9239 6.62422
    endloop
  endfacet
  facet normal 0.99068 -1.64699e-05 0.136214
    outer loop
      vertex 48.8751 29.093 7.49375
      vertex 48.8345 35.6386 7.78935
      vertex 48.9485 15.1552 6.95776
    endloop
  endfacet
  facet normal 0.990746 2.38799e-06 0.135732
    outer loop
      vertex 48.9485 15.1552 6.95776
      vertex 48.9942 22.9239 6.62422
      vertex 48.8751 29.093 7.49375
    endloop
  endfacet
  facet normal 1 0 0
    outer loop
      vertex 49.1003 38.5772 3.62511
      vertex 49.1003 39.683 4.61042
      vertex 49.1003 35.6386 4.61042
    endloop
  endfacet
  facet normal 1 0 0
    outer loop
      vertex 49.1003 35.6386 4.61042
      vertex 49.1003 29.1495 4.35435
      vertex 49.1003 29.339 4.20975
    endloop
  endfacet
  facet normal 1 0 0
    outer loop
      vertex 49.1003 35.6386 4.61042
      vertex 49.1003 29.339 4.20975
      vertex 49.1003 34.0546 4.20968
    endloop
  endfacet
  facet normal 1 0 0
    outer loop
      vertex 49.1003 34.4748 3.62511
      vertex 49.1003 38.5772 3.62511
      vertex 49.1003 35.6386 4.61042
    endloop
  endfacet
  facet normal 9.42284e-07 0 0
    outer loop
      vertex 49.1003 34.4748 4.20968
      vertex 49.1003 34.4748 3.74862
      vertex 49.1003 34.4748 3.62511
    endloop
  endfacet
  facet normal 1 0 0
    outer loop
      vertex 49.1003 35.6386 4.61042
      vertex 49.1003 34.0546 4.20968
      vertex 49.1003 34.4748 4.20968
    endloop
  endfacet
  facet normal 1 0 0
    outer loop
      vertex 49.1003 35.6386 4.61042
      vertex 49.1003 34.4748 4.20968
      vertex 49.1003 34.4748 3.62511
    endloop
  endfacet
  facet normal 0.000899451 0 1
    outer loop
      vertex 48.8345 35.6386 7.78935
      vertex 47.8273 35.6386 7.79026
      vertex 47.8273 31.7395 7.79026
    endloop
  endfacet
  facet normal 0 0 0
    outer loop
      vertex 48.2813 31.7395 7.78983
      vertex 48.2813 31.7112 7.78983
      vertex 48.2813 27.2055 7.78983
    endloop
  endfacet
  facet normal 0.000926206 -6.91183e-06 1
    outer loop
      vertex 48.8345 35.6386 7.78935
      vertex 47.8273 31.7395 7.79026
      vertex 48.2813 31.7395 7.78983
    endloop
  endfacet
  facet normal 0.000899451 0 1
    outer loop
      vertex 47.8273 18.0107 7.79026
      vertex 47.8273 10.6693 7.79026
      vertex 48.8345 10.6693 7.78935
    endloop
  endfacet
  facet normal 0.000899746 4.05193e-08 1
    outer loop
      vertex 48.4389 18.01 7.78971
      vertex 47.8273 18.0107 7.79026
      vertex 48.8345 10.6693 7.78935
    endloop
  endfacet
  facet normal 0.000877489 0 1
    outer loop
      vertex 48.8345 10.6693 7.78935
      vertex 48.8345 35.6386 7.78935
      vertex 48.2813 31.7395 7.78983
    endloop
  endfacet
  facet normal 0.000877489 0 1
    outer loop
      vertex 48.8345 10.6693 7.78935
      vertex 48.2813 31.7395 7.78983
      vertex 48.2813 27.2055 7.78983
    endloop
  endfacet
  facet normal 0.000898994 0 1
    outer loop
      vertex 48.4389 19.5283 7.78971
      vertex 48.4389 18.01 7.78971
      vertex 48.8345 10.6693 7.78935
    endloop
  endfacet
  facet normal 0.000899746 0 1
    outer loop
      vertex 47.8273 27.0336 7.79026
      vertex 47.8273 19.529 7.79026
      vertex 48.4389 19.5283 7.78971
    endloop
  endfacet
  facet normal 0.000926206 2.15611e-06 1
    outer loop
      vertex 48.2813 27.0336 7.78983
      vertex 47.8273 27.0336 7.79026
      vertex 48.4389 19.5283 7.78971
    endloop
  endfacet
  facet normal 0.00096316 2.86599e-06 1
    outer loop
      vertex 48.4389 19.5283 7.78971
      vertex 48.8345 10.6693 7.78935
      vertex 48.2813 27.2055 7.78983
    endloop
  endfacet
  facet normal 0.000823464 0 1
    outer loop
      vertex 48.2813 27.0694 7.78983
      vertex 48.2813 27.0336 7.78983
      vertex 48.4389 19.5283 7.78971
    endloop
  endfacet
  facet normal 0.000823464 0 1
    outer loop
      vertex 48.2813 27.2055 7.78983
      vertex 48.2813 27.0694 7.78983
      vertex 48.4389 19.5283 7.78971
    endloop
  endfacet
  facet normal -7.97371e-06 0.665251 -0.74662
    outer loop
      vertex 47.8273 39.683 4.61042
      vertex 49.1003 39.683 4.61042
      vertex 49.1003 38.5772 3.62511
    endloop
  endfacet
  facet normal -7.97371e-06 0.665251 -0.74662
    outer loop
      vertex 49.1003 38.5772 3.62511
      vertex 47.8273 38.5772 3.62511
      vertex 47.8273 39.683 4.61042
    endloop
  endfacet
  facet normal 0.00037332 0.909797 0.415053
    outer loop
      vertex 48.8345 10.6693 7.78935
      vertex 47.8273 10.6693 7.79026
      vertex 47.8273 10.4145 8.34876
    endloop
  endfacet
  facet normal 9.10922e-05 0.909989 0.414633
    outer loop
      vertex 47.8273 10.4145 8.34876
      vertex 49.0037 10.4145 8.3485
      vertex 48.8345 10.6693 7.78935
    endloop
  endfacet
  facet normal 0.716262 0.69089 0.0981804
    outer loop
      vertex 49.1003 10.6693 5.85041
      vertex 48.8345 10.6693 7.78935
      vertex 49.0037 10.4145 8.3485
    endloop
  endfacet
  facet normal 0.847806 0.523259 0.0861727
    outer loop
      vertex 49.0037 10.4145 8.3485
      vertex 49.2694 10.4145 5.73366
      vertex 49.1003 10.6693 5.85041
    endloop
  endfacet
  facet normal 0 -1 0
    outer loop
      vertex 47.8273 8.54902 5.73376
      vertex 49.2694 8.54902 5.73366
      vertex 49.0037 8.54902 8.3485
    endloop
  endfacet
  facet normal 0 -1 0
    outer loop
      vertex 49.0037 8.54902 8.3485
      vertex 47.8273 8.54902 8.34876
      vertex 47.8273 8.54902 5.73376
    endloop
  endfacet
  facet normal 0 0 -1
    outer loop
      vertex 47.8273 10.4145 3.27206
      vertex 49.2694 10.4145 3.27206
      vertex 49.2694 8.54902 3.27206
    endloop
  endfacet
  facet normal 0 0 -1
    outer loop
      vertex 49.2694 8.54902 3.27206
      vertex 47.8273 8.54902 3.27206
      vertex 47.8273 10.4145 3.27206
    endloop
  endfacet
  facet normal 0.000219694 0 1
    outer loop
      vertex 49.0037 10.4145 8.3485
      vertex 47.8273 10.4145 8.34876
      vertex 47.8273 8.54902 8.34876
    endloop
  endfacet
  facet normal 0.000219694 0 1
    outer loop
      vertex 47.8273 8.54902 8.34876
      vertex 49.0037 8.54902 8.3485
      vertex 49.0037 10.4145 8.3485
    endloop
  endfacet
  facet normal 0 -1 0
    outer loop
      vertex 47.8273 8.54902 3.27206
      vertex 49.2694 8.54902 3.27206
      vertex 49.2694 8.54902 5.31164
    endloop
  endfacet
  facet normal 0 -1 0
    outer loop
      vertex 49.2694 8.54902 5.31164
      vertex 47.8273 8.54902 5.31174
      vertex 47.8273 8.54902 3.27206
    endloop
  endfacet
  facet normal 0.833165 0.553025 0
    outer loop
      vertex 49.1003 10.6693 3.62511
      vertex 49.1003 10.6693 5.53636
      vertex 49.2694 10.4145 5.31164
    endloop
  endfacet
  facet normal 0.833165 0.553025 0
    outer loop
      vertex 49.2694 10.4145 5.31164
      vertex 49.2694 10.4145 3.27206
      vertex 49.1003 10.6693 3.62511
    endloop
  endfacet
  facet normal 1 0 0
    outer loop
      vertex 49.1003 35.6386 4.61042
      vertex 49.1003 35.6386 5.53491
      vertex 49.1003 34.213 5.53497
    endloop
  endfacet
  facet normal 1 0 0
    outer loop
      vertex 49.1003 35.6386 4.61042
      vertex 49.1003 34.213 5.53497
      vertex 49.1003 34.213 4.62087
    endloop
  endfacet
  facet normal 1 0 0
    outer loop
      vertex 49.1003 29.0211 4.45233
      vertex 49.1003 29.1495 4.35435
      vertex 49.1003 35.6386 4.61042
    endloop
  endfacet
  facet normal 1 0 0
    outer loop
      vertex 49.1003 29.0211 4.45233
      vertex 49.1003 35.6386 4.61042
      vertex 49.1003 34.213 4.62087
    endloop
  endfacet
  facet normal 1 0 0
    outer loop
      vertex 49.1003 33.8689 4.62087
      vertex 49.1003 33.8689 5.53501
      vertex 49.1003 33.2376 5.53504
    endloop
  endfacet
  facet normal 1 0 0
    outer loop
      vertex 49.1003 29.0211 4.45233
      vertex 49.1003 34.213 4.62087
      vertex 49.1003 33.8689 4.62087
    endloop
  endfacet
  facet normal 1 0 0
    outer loop
      vertex 49.1003 33.8689 4.62087
      vertex 49.1003 33.2376 5.53504
      vertex 49.1003 33.2376 4.62087
    endloop
  endfacet
  facet normal 1 0 0
    outer loop
      vertex 49.1003 32.8935 4.62087
      vertex 49.1003 32.8935 5.53507
      vertex 49.1003 30.3157 5.5352
    endloop
  endfacet
  facet normal 1 0 0
    outer loop
      vertex 49.1003 29.0211 4.45233
      vertex 49.1003 33.8689 4.62087
      vertex 49.1003 33.2376 4.62087
    endloop
  endfacet
  facet normal 1 0 0
    outer loop
      vertex 49.1003 32.8935 4.62087
      vertex 49.1003 30.3157 5.5352
      vertex 49.1003 30.3157 4.78161
    endloop
  endfacet
  facet normal 1 0 0
    outer loop
      vertex 49.1003 29.0211 4.45233
      vertex 49.1003 33.2376 4.62087
      vertex 49.1003 32.8935 4.62087
    endloop
  endfacet
  facet normal 1 0 0
    outer loop
      vertex 49.1003 29.0211 4.45233
      vertex 49.1003 32.8935 4.62087
      vertex 49.1003 30.3157 4.78161
    endloop
  endfacet
  facet normal 1 0 0
    outer loop
      vertex 49.1003 29.0211 4.45233
      vertex 49.1003 30.3157 4.78161
      vertex 49.1003 29.4946 4.78358
    endloop
  endfacet
  facet normal 1 0 0
    outer loop
      vertex 49.1003 29.0211 4.87008
      vertex 49.1003 29.0211 4.45233
      vertex 49.1003 29.4946 4.78358
    endloop
  endfacet
  facet normal 1 0 0
    outer loop
      vertex 49.1003 29.4946 5.53526
      vertex 49.1003 23.2895 5.53562
      vertex 49.1003 23.2899 5.41629
    endloop
  endfacet
  facet normal 1 0 0
    outer loop
      vertex 49.1003 29.4946 5.53526
      vertex 49.1003 23.2899 5.41629
      vertex 49.1003 28.56 5.41629
    endloop
  endfacet
  facet normal 1 0 0
    outer loop
      vertex 49.1003 29.0211 4.87008
      vertex 49.1003 29.4946 4.78358
      vertex 49.1003 29.4946 5.53526
    endloop
  endfacet
  facet normal 1 0 0
    outer loop
      vertex 49.1003 29.4946 5.53526
      vertex 49.1003 28.56 5.41629
      vertex 49.1003 29.021 5.41629
    endloop
  endfacet
  facet normal 1 0 0
    outer loop
      vertex 49.1003 29.4946 5.53526
      vertex 49.1003 29.021 5.41629
      vertex 49.1003 29.0211 4.87008
    endloop
  endfacet
  facet normal 0 -1 0
    outer loop
      vertex 50.1167 35.6386 4.61042
      vertex 50.1167 35.6386 5.53491
      vertex 49.1003 35.6386 5.53491
    endloop
  endfacet
  facet normal 0 -1 0
    outer loop
      vertex 49.1003 35.6386 5.53491
      vertex 49.1003 35.6386 4.61042
      vertex 50.1167 35.6386 4.61042
    endloop
  endfacet
  facet normal 1 0 0
    outer loop
      vertex 49.2694 10.4145 3.27206
      vertex 49.2694 10.4145 5.31164
      vertex 49.2694 8.54902 5.31164
    endloop
  endfacet
  facet normal 1 0 0
    outer loop
      vertex 49.2694 8.54902 5.31164
      vertex 49.2694 8.54902 3.27206
      vertex 49.2694 10.4145 3.27206
    endloop
  endfacet
  facet normal 1 0 0
    outer loop
      vertex 50.1167 35.6386 4.61042
      vertex 50.1167 40.2265 4.61042
      vertex 50.1167 40.2265 5.53491
    endloop
  endfacet
  facet normal 1 0 0
    outer loop
      vertex 50.1167 40.2265 5.53491
      vertex 50.1167 37.0783 5.53491
      vertex 50.1167 37.0783 4.97055
    endloop
  endfacet
  facet normal 1 0 0
    outer loop
      vertex 50.1167 36.7342 4.97055
      vertex 50.1167 36.7342 5.53491
      vertex 50.1167 36.4296 5.53491
    endloop
  endfacet
  facet normal 1 0 0
    outer loop
      vertex 50.1167 35.6386 4.61042
      vertex 50.1167 40.2265 5.53491
      vertex 50.1167 37.0783 4.97055
    endloop
  endfacet
  facet normal 1 0 0
    outer loop
      vertex 50.1167 36.7342 4.97055
      vertex 50.1167 36.4296 5.53491
      vertex 50.1167 36.4296 4.97033
    endloop
  endfacet
  facet normal 1 0 0
    outer loop
      vertex 50.1167 35.6386 4.61042
      vertex 50.1167 37.0783 4.97055
      vertex 50.1167 36.7342 4.97055
    endloop
  endfacet
  facet normal 1 0 0
    outer loop
      vertex 50.1167 36.0855 5.53491
      vertex 50.1167 35.6386 5.53491
      vertex 50.1167 35.6386 4.61042
    endloop
  endfacet
  facet normal 1 0 0
    outer loop
      vertex 50.1167 36.0855 4.97033
      vertex 50.1167 36.0855 5.53491
      vertex 50.1167 35.6386 4.61042
    endloop
  endfacet
  facet normal 1 0 0
    outer loop
      vertex 50.1167 35.6386 4.61042
      vertex 50.1167 36.7342 4.97055
      vertex 50.1167 36.4296 4.97033
    endloop
  endfacet
  facet normal 1 0 0
    outer loop
      vertex 50.1167 36.4296 4.97033
      vertex 50.1167 36.0855 4.97033
      vertex 50.1167 35.6386 4.61042
    endloop
  endfacet
  facet normal 1 0 0
    outer loop
      vertex 50.1194 44.0298 4.60495
      vertex 50.1194 44.0298 5.52996
      vertex 50.1194 40.2265 5.52996
    endloop
  endfacet
  facet normal 1 0 0
    outer loop
      vertex 50.1194 40.2265 5.52996
      vertex 50.1194 40.2265 4.60495
      vertex 50.1194 44.0298 4.60495
    endloop
  endfacet
  facet normal 0 -1 0
    outer loop
      vertex 50.1194 40.2265 4.60495
      vertex 50.1194 40.2265 5.52996
      vertex 50.1167 40.2265 5.53491
    endloop
  endfacet
  facet normal 0 -1 0
    outer loop
      vertex 50.1167 40.2265 5.53491
      vertex 50.1167 40.2265 4.61042
      vertex 50.1194 40.2265 4.60495
    endloop
  endfacet
  facet normal 0 0 0
    outer loop
      vertex 50.1194 44.0298 5.17555
      vertex 50.1194 44.0298 5.82482
      vertex 50.1194 44.0298 5.52996
    endloop
  endfacet
  facet normal 0 0 0
    outer loop
      vertex 50.1194 44.0298 5.52996
      vertex 50.1194 44.0298 4.60495
      vertex 50.1194 44.0298 5.17555
    endloop
  endfacet
  facet normal 1 0 0
    outer loop
      vertex 49.1047 83.3749 5.23908
      vertex 49.1047 83.3749 6.03874
      vertex 49.1047 83.1128 6.03751
    endloop
  endfacet
  facet normal 1 0 0
    outer loop
      vertex 49.1047 83.1128 6.03751
      vertex 49.1047 83.1128 5.23843
      vertex 49.1047 83.3749 5.23908
    endloop
  endfacet
  facet normal 0 1 0
    outer loop
      vertex 49.1047 83.3749 6.03874
      vertex 49.1047 83.3749 5.23908
      vertex 48.576 83.3749 5.23908
    endloop
  endfacet
  facet normal 0 1 0
    outer loop
      vertex 48.576 83.3749 5.23908
      vertex 48.576 83.3749 6.03874
      vertex 49.1047 83.3749 6.03874
    endloop
  endfacet
  facet normal 1 0 0
    outer loop
      vertex 49.1047 58.5937 5.61436
      vertex 49.1047 63.5527 5.61436
      vertex 49.1047 63.5527 6.35673
    endloop
  endfacet
  facet normal 1 0 0
    outer loop
      vertex 49.1047 63.5527 6.35673
      vertex 49.1047 58.5937 6.35673
      vertex 49.1047 58.5937 5.61436
    endloop
  endfacet
  facet normal 1 0 0
    outer loop
      vertex 50.1194 48.6466 5.17555
      vertex 50.1194 48.6466 5.82482
      vertex 50.1194 47.2244 5.82482
    endloop
  endfacet
  facet normal 1 0 0
    outer loop
      vertex 50.1194 47.2244 5.82482
      vertex 50.1194 47.2244 5.17555
      vertex 50.1194 48.6466 5.17555
    endloop
  endfacet
  facet normal 0 1 0
    outer loop
      vertex 49.1047 51.0587 5.61436
      vertex 49.1047 51.0587 7.76819
      vertex 50.1194 51.0587 5.82482
    endloop
  endfacet
  facet normal 0 1 0
    outer loop
      vertex 50.1194 51.0587 5.82482
      vertex 50.1194 51.0587 5.17555
      vertex 49.1047 51.0587 5.61436
    endloop
  endfacet
  facet normal 1 0 0
    outer loop
      vertex 50.1194 47.2244 5.17555
      vertex 50.1194 47.2244 5.82482
      vertex 50.1194 44.0298 5.82482
    endloop
  endfacet
  facet normal 1 0 0
    outer loop
      vertex 50.1194 44.0298 5.82482
      vertex 50.1194 44.0298 5.17555
      vertex 50.1194 47.2244 5.17555
    endloop
  endfacet
  facet normal 1 0 0
    outer loop
      vertex 49.1047 63.819 6.53448
      vertex 49.1047 63.819 6.30183
      vertex 49.1047 68.6949 6.30183
    endloop
  endfacet
  facet normal 1 0 0
    outer loop
      vertex 49.1047 68.6949 6.30183
      vertex 49.1047 68.6949 6.53448
      vertex 49.1047 63.819 6.53448
    endloop
  endfacet
  facet normal 0.848378 -0.106869 -0.518492
    outer loop
      vertex 49.257 63.5527 6.60597
      vertex 49.1047 63.5527 6.35673
      vertex 49.1047 63.819 6.30183
    endloop
  endfacet
  facet normal 0.86805 0.496476 0
    outer loop
      vertex 49.1047 63.819 6.30183
      vertex 49.1047 63.819 6.53448
      vertex 49.257 63.5527 6.60597
    endloop
  endfacet
  facet normal 1 0 0
    outer loop
      vertex 49.1047 69.8633 6.30578
      vertex 49.1047 69.8633 6.03751
      vertex 49.1047 71.4912 6.03751
    endloop
  endfacet
  facet normal 1 0 0
    outer loop
      vertex 49.1047 71.4912 6.03751
      vertex 49.1047 71.4912 6.30578
      vertex 49.1047 69.8633 6.30578
    endloop
  endfacet
  facet normal 1 0 0
    outer loop
      vertex 49.1047 68.6949 6.53448
      vertex 49.1047 68.6949 6.30183
      vertex 49.1047 69.8633 6.03751
    endloop
  endfacet
  facet normal 1 0 0
    outer loop
      vertex 49.1047 69.8633 6.03751
      vertex 49.1047 69.8633 6.30578
      vertex 49.1047 68.6949 6.53448
    endloop
  endfacet
  facet normal 1 0 0
    outer loop
      vertex 49.1047 68.6949 7.9914
      vertex 49.1047 68.6949 6.53448
      vertex 49.1047 69.8633 6.30578
    endloop
  endfacet
  facet normal 1 0 0
    outer loop
      vertex 49.1047 69.8633 6.30578
      vertex 49.1047 69.8633 7.98606
      vertex 49.1047 68.6949 7.9914
    endloop
  endfacet
  facet normal 1 0 0
    outer loop
      vertex 49.1047 69.8633 7.98606
      vertex 49.1047 69.8633 6.30578
      vertex 49.1047 71.4912 6.30578
    endloop
  endfacet
  facet normal 1 0 0
    outer loop
      vertex 49.1047 69.8633 7.98606
      vertex 49.1047 71.4912 6.30578
      vertex 49.1047 71.4912 6.65045
    endloop
  endfacet
  facet normal 1 0 0
    outer loop
      vertex 49.1047 83.1128 7.56799
      vertex 49.1047 83.1128 7.98606
      vertex 49.1047 69.8633 7.98606
    endloop
  endfacet
  facet normal 0 0 0
    outer loop
      vertex 49.1047 80.8079 7.56799
      vertex 49.1047 81.5853 7.56799
      vertex 49.1047 83.1128 7.56799
    endloop
  endfacet
  facet normal 1 0 0
    outer loop
      vertex 49.1047 69.8633 7.98606
      vertex 49.1047 71.4912 6.65045
      vertex 49.1047 73.2591 6.65045
    endloop
  endfacet
  facet normal 1 0 0
    outer loop
      vertex 49.1047 73.2591 6.65045
      vertex 49.1047 73.2591 6.30578
      vertex 49.1047 73.947 6.30578
    endloop
  endfacet
  facet normal 0 0 0
    outer loop
      vertex 49.1047 73.947 6.30578
      vertex 49.1047 73.947 7.22014
      vertex 49.1047 73.947 7.56799
    endloop
  endfacet
  facet normal 1 0 0
    outer loop
      vertex 49.1047 73.2591 6.65045
      vertex 49.1047 73.947 6.30578
      vertex 49.1047 73.947 7.56799
    endloop
  endfacet
  facet normal 0 0 0
    outer loop
      vertex 49.1047 74.2852 7.56799
      vertex 49.1047 74.8577 7.56799
      vertex 49.1047 75.1958 7.56799
    endloop
  endfacet
  facet normal 1 0 0
    outer loop
      vertex 49.1047 69.8633 7.98606
      vertex 49.1047 73.2591 6.65045
      vertex 49.1047 73.947 7.56799
    endloop
  endfacet
  facet normal 0 0 0
    outer loop
      vertex 49.1047 73.947 7.56799
      vertex 49.1047 74.2852 7.56799
      vertex 49.1047 75.1958 7.56799
    endloop
  endfacet
  facet normal 1 0 0
    outer loop
      vertex 49.1047 80.8079 7.56799
      vertex 49.1047 83.1128 7.56799
      vertex 49.1047 69.8633 7.98606
    endloop
  endfacet
  facet normal 1 0 0
    outer loop
      vertex 49.1047 69.8633 7.98606
      vertex 49.1047 73.947 7.56799
      vertex 49.1047 75.1958 7.56799
    endloop
  endfacet
  facet normal 1 0 0
    outer loop
      vertex 49.1047 69.8633 7.98606
      vertex 49.1047 75.1958 7.56799
      vertex 49.1047 80.8079 7.56799
    endloop
  endfacet
  facet normal 0.872363 0.44408 -0.20439
    outer loop
      vertex 49.257 64.2712 8.16705
      vertex 49.257 63.5527 6.60597
      vertex 49.1047 63.819 6.53448
    endloop
  endfacet
  facet normal 0.901104 0.388884 -0.191784
    outer loop
      vertex 49.1047 63.819 6.53448
      vertex 49.1047 64.5375 7.9914
      vertex 49.257 64.2712 8.16705
    endloop
  endfacet
  facet normal 1 0 0
    outer loop
      vertex 49.1047 64.5375 7.9914
      vertex 49.1047 63.819 6.53448
      vertex 49.1047 68.6949 6.53448
    endloop
  endfacet
  facet normal 1 0 0
    outer loop
      vertex 49.1047 68.6949 6.53448
      vertex 49.1047 68.6949 7.9914
      vertex 49.1047 64.5375 7.9914
    endloop
  endfacet
  facet normal 0 -1 0
    outer loop
      vertex 47.8273 8.54902 5.31174
      vertex 49.2694 8.54902 5.31164
      vertex 49.2694 8.54902 5.73366
    endloop
  endfacet
  facet normal 0 -1 0
    outer loop
      vertex 49.2694 8.54902 5.73366
      vertex 47.8273 8.54902 5.73376
      vertex 47.8273 8.54902 5.31174
    endloop
  endfacet
  facet normal 0.833165 0.553025 0
    outer loop
      vertex 49.1003 10.6693 5.53636
      vertex 49.1003 10.6693 5.85041
      vertex 49.2694 10.4145 5.73366
    endloop
  endfacet
  facet normal 0.833165 0.553025 0
    outer loop
      vertex 49.2694 10.4145 5.73366
      vertex 49.2694 10.4145 5.31164
      vertex 49.1003 10.6693 5.53636
    endloop
  endfacet
  facet normal 1 0 0
    outer loop
      vertex 49.1003 34.213 5.53497
      vertex 49.1003 35.6386 5.53491
      vertex 49.1003 35.6386 5.84529
    endloop
  endfacet
  facet normal 1 0 0
    outer loop
      vertex 49.1003 35.6386 5.84529
      vertex 49.1003 23.2889 5.84782
      vertex 49.1003 23.2895 5.53562
    endloop
  endfacet
  facet normal 1 0 0
    outer loop
      vertex 49.1003 23.2895 5.53562
      vertex 49.1003 29.4946 5.53526
      vertex 49.1003 29.4946 5.57809
    endloop
  endfacet
  facet normal 1 0 0
    outer loop
      vertex 49.1003 30.3157 5.57612
      vertex 49.1003 30.3157 5.5352
      vertex 49.1003 32.8935 5.53507
    endloop
  endfacet
  facet normal 1 0 0
    outer loop
      vertex 49.1003 35.6386 5.84529
      vertex 49.1003 23.2895 5.53562
      vertex 49.1003 29.4946 5.57809
    endloop
  endfacet
  facet normal 1 0 0
    outer loop
      vertex 49.1003 30.3157 5.57612
      vertex 49.1003 32.8935 5.53507
      vertex 49.1003 32.8935 5.60915
    endloop
  endfacet
  facet normal 1 0 0
    outer loop
      vertex 49.1003 35.6386 5.84529
      vertex 49.1003 29.4946 5.57809
      vertex 49.1003 30.3157 5.57612
    endloop
  endfacet
  facet normal 1 0 0
    outer loop
      vertex 49.1003 34.213 5.60915
      vertex 49.1003 34.213 5.53497
      vertex 49.1003 35.6386 5.84529
    endloop
  endfacet
  facet normal 1 0 0
    outer loop
      vertex 49.1003 33.2376 5.53504
      vertex 49.1003 33.8689 5.53501
      vertex 49.1003 33.8689 5.60915
    endloop
  endfacet
  facet normal 1 0 0
    outer loop
      vertex 49.1003 33.8689 5.60915
      vertex 49.1003 34.213 5.60915
      vertex 49.1003 35.6386 5.84529
    endloop
  endfacet
  facet normal 1 0 0
    outer loop
      vertex 49.1003 35.6386 5.84529
      vertex 49.1003 30.3157 5.57612
      vertex 49.1003 32.8935 5.60915
    endloop
  endfacet
  facet normal 1 0 0
    outer loop
      vertex 49.1003 33.2376 5.60915
      vertex 49.1003 33.2376 5.53504
      vertex 49.1003 33.8689 5.60915
    endloop
  endfacet
  facet normal 1 0 0
    outer loop
      vertex 49.1003 35.6386 5.84529
      vertex 49.1003 32.8935 5.60915
      vertex 49.1003 33.2376 5.60915
    endloop
  endfacet
  facet normal 1 0 0
    outer loop
      vertex 49.1003 35.6386 5.84529
      vertex 49.1003 33.2376 5.60915
      vertex 49.1003 33.8689 5.60915
    endloop
  endfacet
  facet normal 0 -1 0
    outer loop
      vertex 50.1167 35.6386 5.53491
      vertex 50.1167 35.6386 5.84529
      vertex 49.1003 35.6386 5.84529
    endloop
  endfacet
  facet normal 0 -1 0
    outer loop
      vertex 49.1003 35.6386 5.84529
      vertex 49.1003 35.6386 5.53491
      vertex 50.1167 35.6386 5.53491
    endloop
  endfacet
  facet normal 1 0 0
    outer loop
      vertex 49.2694 10.4145 5.31164
      vertex 49.2694 10.4145 5.73366
      vertex 49.2694 8.54902 5.73366
    endloop
  endfacet
  facet normal 1 0 0
    outer loop
      vertex 49.2694 8.54902 5.73366
      vertex 49.2694 8.54902 5.31164
      vertex 49.2694 10.4145 5.31164
    endloop
  endfacet
  facet normal 1 0 0
    outer loop
      vertex 50.1167 40.2265 5.53491
      vertex 50.1167 40.2265 5.84529
      vertex 50.1167 37.0783 5.84529
    endloop
  endfacet
  facet normal 1 0 0
    outer loop
      vertex 50.1167 37.0783 5.84529
      vertex 50.1167 37.0783 5.53491
      vertex 50.1167 40.2265 5.53491
    endloop
  endfacet
  facet normal 1 0 0
    outer loop
      vertex 50.1194 44.0298 5.52996
      vertex 50.1194 44.0298 5.84054
      vertex 50.1194 40.2265 5.84054
    endloop
  endfacet
  facet normal 1 0 0
    outer loop
      vertex 50.1194 40.2265 5.84054
      vertex 50.1194 40.2265 5.52996
      vertex 50.1194 44.0298 5.52996
    endloop
  endfacet
  facet normal 0 -1 0
    outer loop
      vertex 50.1194 40.2265 5.52996
      vertex 50.1194 40.2265 5.84054
      vertex 50.1167 40.2265 5.84529
    endloop
  endfacet
  facet normal 0 -1 0
    outer loop
      vertex 50.1167 40.2265 5.84529
      vertex 50.1167 40.2265 5.53491
      vertex 50.1194 40.2265 5.52996
    endloop
  endfacet
  facet normal 0 0 0
    outer loop
      vertex 50.1194 44.0298 5.82482
      vertex 50.1194 44.0298 6.04281
      vertex 50.1194 44.0298 5.84054
    endloop
  endfacet
  facet normal 0 0 0
    outer loop
      vertex 50.1194 44.0298 5.84054
      vertex 50.1194 44.0298 5.52996
      vertex 50.1194 44.0298 5.82482
    endloop
  endfacet
  facet normal 1 0 0
    outer loop
      vertex 49.1047 83.3749 6.03874
      vertex 49.1047 83.3749 6.30723
      vertex 49.1047 83.1128 6.30578
    endloop
  endfacet
  facet normal 1 0 0
    outer loop
      vertex 49.1047 83.1128 6.30578
      vertex 49.1047 83.1128 6.03751
      vertex 49.1047 83.3749 6.03874
    endloop
  endfacet
  facet normal 0.853264 0 -0.521478
    outer loop
      vertex 49.1047 58.5937 6.35673
      vertex 49.1047 63.5527 6.35673
      vertex 49.257 63.5527 6.60597
    endloop
  endfacet
  facet normal 0.853264 0 -0.521478
    outer loop
      vertex 49.257 63.5527 6.60597
      vertex 49.257 58.5937 6.60597
      vertex 49.1047 58.5937 6.35673
    endloop
  endfacet
  facet normal 1 0 0
    outer loop
      vertex 50.1194 48.6466 5.82482
      vertex 50.1194 48.6466 6.04281
      vertex 50.1194 47.2244 6.04281
    endloop
  endfacet
  facet normal 1 0 0
    outer loop
      vertex 50.1194 47.2244 6.04281
      vertex 50.1194 47.2244 5.82482
      vertex 50.1194 48.6466 5.82482
    endloop
  endfacet
  facet normal 0 1 0
    outer loop
      vertex 49.1047 51.0587 7.76819
      vertex 49.257 51.0587 8.01744
      vertex 50.1194 51.0587 6.04281
    endloop
  endfacet
  facet normal 0 1 0
    outer loop
      vertex 50.1194 51.0587 6.04281
      vertex 50.1194 51.0587 5.82482
      vertex 49.1047 51.0587 7.76819
    endloop
  endfacet
  facet normal 1 0 0
    outer loop
      vertex 50.1194 47.2244 5.82482
      vertex 50.1194 47.2244 6.04281
      vertex 50.1194 44.0298 6.04281
    endloop
  endfacet
  facet normal 1 0 0
    outer loop
      vertex 50.1194 44.0298 6.04281
      vertex 50.1194 44.0298 5.82482
      vertex 50.1194 47.2244 5.82482
    endloop
  endfacet
  facet normal 0.450693 -0.849121 -0.275444
    outer loop
      vertex 49.1047 58.1359 7.76819
      vertex 49.1047 58.5937 6.35673
      vertex 49.257 58.5937 6.60597
    endloop
  endfacet
  facet normal 0.450693 -0.849121 -0.275444
    outer loop
      vertex 49.257 58.5937 6.60597
      vertex 49.257 58.1359 8.01744
      vertex 49.1047 58.1359 7.76819
    endloop
  endfacet
  facet normal 1 0 0
    outer loop
      vertex 49.1047 58.1359 5.61436
      vertex 49.1047 58.5937 5.61436
      vertex 49.1047 58.5937 6.35673
    endloop
  endfacet
  facet normal 1 0 0
    outer loop
      vertex 49.1047 58.5937 6.35673
      vertex 49.1047 58.1359 7.76819
      vertex 49.1047 58.1359 5.61436
    endloop
  endfacet
  facet normal 1 0 0
    outer loop
      vertex 49.257 58.1359 8.01744
      vertex 49.257 58.5937 6.60597
      vertex 49.257 58.5937 8.16705
    endloop
  endfacet
  facet normal 1 0 0
    outer loop
      vertex 49.257 58.5937 8.16705
      vertex 49.257 58.1359 8.16705
      vertex 49.257 58.1359 8.01744
    endloop
  endfacet
  facet normal 1 0 0.00075459
    outer loop
      vertex 49.105 58.1359 5.23015
      vertex 49.105 58.5937 5.23015
      vertex 49.1047 58.5937 5.61436
    endloop
  endfacet
  facet normal 1 0 0.00075459
    outer loop
      vertex 49.1047 58.5937 5.61436
      vertex 49.1047 58.1359 5.61436
      vertex 49.105 58.1359 5.23015
    endloop
  endfacet
  facet normal 0 0 1
    outer loop
      vertex 48.8028 58.1359 8.84165
      vertex 48.8028 58.5937 8.84165
      vertex 47.8273 58.5937 8.84165
    endloop
  endfacet
  facet normal 0 0 1
    outer loop
      vertex 47.8273 58.5937 8.84165
      vertex 47.8273 58.1359 8.84165
      vertex 48.8028 58.1359 8.84165
    endloop
  endfacet
  facet normal 0.829484 0 0.55853
    outer loop
      vertex 49.257 58.1359 8.16705
      vertex 49.257 58.5937 8.16705
      vertex 48.8028 58.5937 8.84165
    endloop
  endfacet
  facet normal 0.829484 0 0.55853
    outer loop
      vertex 48.8028 58.5937 8.84165
      vertex 48.8028 58.1359 8.84165
      vertex 49.257 58.1359 8.16705
    endloop
  endfacet
  facet normal 0.829484 0 0.55853
    outer loop
      vertex 49.257 51.0587 8.16705
      vertex 49.257 58.1359 8.16705
      vertex 48.8028 58.1359 8.84165
    endloop
  endfacet
  facet normal 0.829484 0 0.55853
    outer loop
      vertex 48.8028 58.1359 8.84165
      vertex 48.8028 51.0587 8.84165
      vertex 49.257 51.0587 8.16705
    endloop
  endfacet
  facet normal 0 0 1
    outer loop
      vertex 48.8028 51.0587 8.84165
      vertex 48.8028 58.1359 8.84165
      vertex 47.8273 58.1359 8.84165
    endloop
  endfacet
  facet normal 0 0 1
    outer loop
      vertex 47.8273 58.1359 8.84165
      vertex 47.8273 51.0587 8.84165
      vertex 48.8028 51.0587 8.84165
    endloop
  endfacet
  facet normal 1 0 0.00075459
    outer loop
      vertex 49.105 51.0587 5.23015
      vertex 49.105 58.1359 5.23015
      vertex 49.1047 58.1359 5.61436
    endloop
  endfacet
  facet normal 1 0 0.00075459
    outer loop
      vertex 49.1047 58.1359 5.61436
      vertex 49.1047 51.0587 5.61436
      vertex 49.105 51.0587 5.23015
    endloop
  endfacet
  facet normal 1 0 0
    outer loop
      vertex 49.257 51.0587 8.01744
      vertex 49.257 58.1359 8.01744
      vertex 49.257 58.1359 8.16705
    endloop
  endfacet
  facet normal 1 0 0
    outer loop
      vertex 49.257 58.1359 8.16705
      vertex 49.257 51.0587 8.16705
      vertex 49.257 51.0587 8.01744
    endloop
  endfacet
  facet normal 1 0 0
    outer loop
      vertex 49.1047 51.0587 5.61436
      vertex 49.1047 58.1359 5.61436
      vertex 49.1047 58.1359 7.76819
    endloop
  endfacet
  facet normal 1 0 0
    outer loop
      vertex 49.1047 58.1359 7.76819
      vertex 49.1047 51.0587 7.76819
      vertex 49.1047 51.0587 5.61436
    endloop
  endfacet
  facet normal 0.853264 0 -0.521478
    outer loop
      vertex 49.1047 51.0587 7.76819
      vertex 49.1047 58.1359 7.76819
      vertex 49.257 58.1359 8.01744
    endloop
  endfacet
  facet normal 0.853264 0 -0.521478
    outer loop
      vertex 49.257 58.1359 8.01744
      vertex 49.257 51.0587 8.01744
      vertex 49.1047 51.0587 7.76819
    endloop
  endfacet
  facet normal 0 0.00025225 1
    outer loop
      vertex 48.9253 35.6335 7.12572
      vertex 48.6355 35.6335 7.12572
      vertex 48.6355 29.0929 7.12737
    endloop
  endfacet
  facet normal 0 0.00025225 1
    outer loop
      vertex 48.6355 29.0929 7.12737
      vertex 48.9252 29.0929 7.12737
      vertex 48.9253 35.6335 7.12572
    endloop
  endfacet
  facet normal 0 0 1
    outer loop
      vertex 49.1003 22.9259 4.94843
      vertex 48.8091 22.9259 4.94843
      vertex 48.8091 19.2824 4.94843
    endloop
  endfacet
  facet normal 0 0 1
    outer loop
      vertex 48.8091 19.2824 4.94843
      vertex 49.1003 19.2824 4.94843
      vertex 49.1003 22.9259 4.94843
    endloop
  endfacet
  facet normal 0 0 1
    outer loop
      vertex 49.1003 28.5601 4.94843
      vertex 48.8091 28.5601 4.94843
      vertex 48.8091 23.2899 4.94843
    endloop
  endfacet
  facet normal 0 0 1
    outer loop
      vertex 48.8091 23.2899 4.94843
      vertex 49.1003 23.2899 4.94843
      vertex 49.1003 28.5601 4.94843
    endloop
  endfacet
  facet normal 0 -1 0
    outer loop
      vertex 49.1003 11.7292 3.66694
      vertex 49.1003 11.7292 3.92395
      vertex 48.809 11.7292 3.92395
    endloop
  endfacet
  facet normal 0 -1 0
    outer loop
      vertex 48.809 11.7292 3.92395
      vertex 48.809 11.7292 3.62511
      vertex 49.1003 11.7292 3.62511
    endloop
  endfacet
  facet normal 0 -1 0
    outer loop
      vertex 48.809 11.7292 3.92395
      vertex 49.1003 11.7292 3.62511
      vertex 49.1003 11.7292 3.66694
    endloop
  endfacet
  facet normal 0 1 0
    outer loop
      vertex 47.8273 11.3628 3.62511
      vertex 47.8273 11.3628 3.92395
      vertex 48.809 11.3628 3.92395
    endloop
  endfacet
  facet normal 0 1 0
    outer loop
      vertex 48.809 11.3628 3.92395
      vertex 48.809 11.3628 3.62511
      vertex 47.8273 11.3628 3.62511
    endloop
  endfacet
  facet normal 0 1 -6.1773e-05
    outer loop
      vertex 47.8273 34.0546 3.62511
      vertex 47.8273 34.0546 3.74862
      vertex 48.8091 34.0546 3.74862
    endloop
  endfacet
  facet normal 0 1 -6.1773e-05
    outer loop
      vertex 48.8091 34.0546 3.74862
      vertex 48.8091 34.0546 3.62511
      vertex 47.8273 34.0546 3.62511
    endloop
  endfacet
  facet normal 0 1 -0.000377813
    outer loop
      vertex 49.1002 18.9211 5.84943
      vertex 48.809 18.9211 5.84943
      vertex 48.7521 18.9213 6.25835
    endloop
  endfacet
  facet normal 0 1 -0.000377813
    outer loop
      vertex 48.7521 18.9213 6.25835
      vertex 49.0443 18.9213 6.25835
      vertex 49.1002 18.9211 5.84943
    endloop
  endfacet
  facet normal 1.63675e-05 -1 1.52263e-05
    outer loop
      vertex 49.1003 11.7292 5.53627
      vertex 49.1003 11.7292 5.84943
      vertex 48.809 11.7292 5.84943
    endloop
  endfacet
  facet normal 0 -1 0
    outer loop
      vertex 48.809 11.7292 5.84943
      vertex 48.809 11.7292 3.92395
      vertex 49.1003 11.7292 3.92395
    endloop
  endfacet
  facet normal 0 -1 0
    outer loop
      vertex 48.809 11.7292 5.84943
      vertex 49.1003 11.7292 3.92395
      vertex 49.1003 11.7292 5.53627
    endloop
  endfacet
  facet normal 0 0.000115461 1
    outer loop
      vertex 49.0443 22.9238 6.25787
      vertex 48.7521 22.9238 6.25787
      vertex 48.7521 19.2813 6.25829
    endloop
  endfacet
  facet normal 0 0.000115461 1
    outer loop
      vertex 48.7521 19.2813 6.25829
      vertex 49.0443 19.2813 6.25829
      vertex 49.0443 22.9238 6.25787
    endloop
  endfacet
  facet normal 1 0 0
    outer loop
      vertex 49.1003 28.098 4.31284
      vertex 49.1003 28.6887 4.33617
      vertex 49.1003 28.5601 4.45233
    endloop
  endfacet
  facet normal 0 0 0
    outer loop
      vertex 49.1003 28.5601 4.94843
      vertex 49.1003 23.2899 4.94843
      vertex 49.1003 22.9259 4.94843
    endloop
  endfacet
  facet normal 0 0 0
    outer loop
      vertex 49.1003 19.2824 4.94843
      vertex 49.1003 18.9213 4.94843
      vertex 49.1003 15.6389 4.94843
    endloop
  endfacet
  facet normal 0 0 0
    outer loop
      vertex 49.1003 28.5601 4.94843
      vertex 49.1003 22.9259 4.94843
      vertex 49.1003 19.2824 4.94843
    endloop
  endfacet
  facet normal 1 0 0
    outer loop
      vertex 49.1003 15.639 3.89069
      vertex 49.1003 15.639 3.82121
      vertex 49.1003 17.5468 3.89651
    endloop
  endfacet
  facet normal 1 0 0
    outer loop
      vertex 49.1003 15.639 3.89069
      vertex 49.1003 17.5468 3.89651
      vertex 49.1003 17.3004 4.36936
    endloop
  endfacet
  facet normal 0 0 0
    outer loop
      vertex 49.1003 28.5601 4.94843
      vertex 49.1003 19.2824 4.94843
      vertex 49.1003 15.6389 4.94843
    endloop
  endfacet
  facet normal 1 0 0
    outer loop
      vertex 49.1003 28.098 4.31284
      vertex 49.1003 28.5601 4.45233
      vertex 49.1003 28.5601 4.94843
    endloop
  endfacet
  facet normal 0 0 0
    outer loop
      vertex 49.1003 28.098 4.69896
      vertex 49.1003 28.098 4.36936
      vertex 49.1003 28.098 4.31284
    endloop
  endfacet
  facet normal 1 0 0
    outer loop
      vertex 49.1003 15.6389 4.94843
      vertex 49.1003 15.639 3.89069
      vertex 49.1003 17.3004 4.36936
    endloop
  endfacet
  facet normal 0 0 0
    outer loop
      vertex 49.1003 17.3004 4.69896
      vertex 49.1003 20.7011 4.69896
      vertex 49.1003 21.14 4.69896
    endloop
  endfacet
  facet normal 1 0 0
    outer loop
      vertex 49.1003 15.6389 4.94843
      vertex 49.1003 17.3004 4.36936
      vertex 49.1003 17.3004 4.69896
    endloop
  endfacet
  facet normal 1 0 0
    outer loop
      vertex 49.1003 28.098 4.69896
      vertex 49.1003 28.098 4.31284
      vertex 49.1003 28.5601 4.94843
    endloop
  endfacet
  facet normal 0 0 0
    outer loop
      vertex 49.1003 26.3818 4.69896
      vertex 49.1003 26.9011 4.69896
      vertex 49.1003 28.098 4.69896
    endloop
  endfacet
  facet normal 0 0 0
    outer loop
      vertex 49.1003 17.3004 4.69896
      vertex 49.1003 21.14 4.69896
      vertex 49.1003 26.3818 4.69896
    endloop
  endfacet
  facet normal 1 0 0
    outer loop
      vertex 49.1003 28.5601 4.94843
      vertex 49.1003 15.6389 4.94843
      vertex 49.1003 17.3004 4.69896
    endloop
  endfacet
  facet normal 1 0 0
    outer loop
      vertex 49.1003 26.3818 4.69896
      vertex 49.1003 28.098 4.69896
      vertex 49.1003 28.5601 4.94843
    endloop
  endfacet
  facet normal 1 0 0
    outer loop
      vertex 49.1003 28.5601 4.94843
      vertex 49.1003 17.3004 4.69896
      vertex 49.1003 26.3818 4.69896
    endloop
  endfacet
  facet normal 1 0 0
    outer loop
      vertex 49.1003 11.7292 3.66694
      vertex 49.1003 15.1553 3.80212
      vertex 49.1003 15.1553 3.89063
    endloop
  endfacet
  facet normal 1 0 0
    outer loop
      vertex 49.1003 15.1553 3.89063
      vertex 49.1003 15.1552 4.87002
      vertex 49.1003 15.1551 5.33784
    endloop
  endfacet
  facet normal 1 0 0
    outer loop
      vertex 49.1003 15.1551 5.33784
      vertex 49.1003 15.1551 5.53611
      vertex 49.1003 11.7292 5.53627
    endloop
  endfacet
  facet normal 1 0 0
    outer loop
      vertex 49.1003 11.7292 3.92395
      vertex 49.1003 11.7292 3.66694
      vertex 49.1003 15.1553 3.89063
    endloop
  endfacet
  facet normal 1 0 0
    outer loop
      vertex 49.1003 15.1551 5.33784
      vertex 49.1003 11.7292 5.53627
      vertex 49.1003 11.7292 3.92395
    endloop
  endfacet
  facet normal 1 0 0
    outer loop
      vertex 49.1003 15.1553 3.89063
      vertex 49.1003 15.1551 5.33784
      vertex 49.1003 11.7292 3.92395
    endloop
  endfacet
  facet normal 1 0 0
    outer loop
      vertex 49.1003 10.6693 3.62511
      vertex 49.1003 11.3628 3.65248
      vertex 49.1003 11.3628 3.92395
    endloop
  endfacet
  facet normal 1 0 0
    outer loop
      vertex 49.1003 11.3628 3.92395
      vertex 49.1003 11.3628 5.5363
      vertex 49.1003 10.6693 5.53636
    endloop
  endfacet
  facet normal 1 0 0
    outer loop
      vertex 49.1003 11.3628 3.92395
      vertex 49.1003 10.6693 5.53636
      vertex 49.1003 10.6693 3.62511
    endloop
  endfacet
  facet normal 1 0 0
    outer loop
      vertex 49.1003 15.6388 5.53604
      vertex 49.1003 15.6388 5.41629
      vertex 49.1003 18.9212 5.41629
    endloop
  endfacet
  facet normal 1 0 0
    outer loop
      vertex 49.1003 18.9212 5.41629
      vertex 49.1003 18.9212 5.53588
      vertex 49.1003 15.6388 5.53604
    endloop
  endfacet
  facet normal 1 0 0
    outer loop
      vertex 49.1003 19.2818 5.53585
      vertex 49.1003 19.2822 5.41629
      vertex 49.1003 22.9257 5.41629
    endloop
  endfacet
  facet normal 1 0 0
    outer loop
      vertex 49.1003 22.9257 5.41629
      vertex 49.1003 22.9249 5.53562
      vertex 49.1003 19.2818 5.53585
    endloop
  endfacet
  facet normal 0 -1 0
    outer loop
      vertex 49.1003 11.7292 5.85018
      vertex 48.9777 11.7292 6.74462
      vertex 48.6878 11.7292 6.74462
    endloop
  endfacet
  facet normal 1.63675e-05 -1 2.21616e-06
    outer loop
      vertex 48.6878 11.7292 6.74462
      vertex 48.809 11.7292 5.84943
      vertex 49.1003 11.7292 5.84943
    endloop
  endfacet
  facet normal -0.0138885 -0.999883 -0.00640578
    outer loop
      vertex 48.6878 11.7292 6.74462
      vertex 49.1003 11.7292 5.84943
      vertex 49.1003 11.7292 5.85018
    endloop
  endfacet
  facet normal 0 1 0
    outer loop
      vertex 49.1003 15.1551 5.84943
      vertex 48.809 15.1551 5.84943
      vertex 48.7079 15.1551 6.59142
    endloop
  endfacet
  facet normal 0 1 0
    outer loop
      vertex 48.7079 15.1551 6.59142
      vertex 48.9987 15.1551 6.59142
      vertex 49.1003 15.1551 5.84943
    endloop
  endfacet
  facet normal 0 1 -6.1773e-05
    outer loop
      vertex 48.8091 34.0546 3.62511
      vertex 48.8091 34.0546 3.74862
      vertex 49.1003 34.0546 3.74862
    endloop
  endfacet
  facet normal 0 1 -6.1773e-05
    outer loop
      vertex 49.1003 34.0546 3.74862
      vertex 49.1003 34.0546 3.62511
      vertex 48.8091 34.0546 3.62511
    endloop
  endfacet
  facet normal 0 1 0.000150854
    outer loop
      vertex 49.1003 15.1554 3.62511
      vertex 48.8091 15.1554 3.62511
      vertex 48.8091 15.1553 3.89063
    endloop
  endfacet
  facet normal -2.61969e-05 1 0
    outer loop
      vertex 48.8091 15.1553 3.89063
      vertex 49.1003 15.1553 3.89063
      vertex 49.1003 15.1553 3.80212
    endloop
  endfacet
  facet normal 2.94714e-05 1 0.00018318
    outer loop
      vertex 48.8091 15.1553 3.89063
      vertex 49.1003 15.1553 3.80212
      vertex 49.1003 15.1554 3.62511
    endloop
  endfacet
  facet normal 0 -0.74057 0.671979
    outer loop
      vertex 48.9515 11.903 6.93619
      vertex 48.6624 11.903 6.93619
      vertex 48.6878 11.7292 6.74462
    endloop
  endfacet
  facet normal 0 -0.740571 0.671979
    outer loop
      vertex 48.6878 11.7292 6.74462
      vertex 48.9777 11.7292 6.74462
      vertex 48.9515 11.903 6.93619
    endloop
  endfacet
  facet normal 1 0 0
    outer loop
      vertex 49.1003 22.9249 5.53562
      vertex 49.1003 22.9237 5.84788
      vertex 49.1003 19.2811 5.84863
    endloop
  endfacet
  facet normal 1 0 0
    outer loop
      vertex 49.1003 19.2811 5.84863
      vertex 49.1003 19.2818 5.53585
      vertex 49.1003 22.9249 5.53562
    endloop
  endfacet
  facet normal 1 0 0
    outer loop
      vertex 49.1003 18.9212 5.53588
      vertex 49.1003 18.9211 5.84869
      vertex 49.1003 15.6388 5.84943
    endloop
  endfacet
  facet normal 1 0 0
    outer loop
      vertex 49.1003 15.6388 5.84943
      vertex 49.1003 15.6388 5.53604
      vertex 49.1003 18.9212 5.53588
    endloop
  endfacet
  facet normal 1 0 0
    outer loop
      vertex 49.1003 11.7292 5.53627
      vertex 49.1003 15.1551 5.53611
      vertex 49.1003 15.1551 5.84943
    endloop
  endfacet
  facet normal 1 0 0
    outer loop
      vertex 49.1003 15.1551 5.84943
      vertex 49.1003 11.7292 5.85018
      vertex 49.1003 11.7292 5.84943
    endloop
  endfacet
  facet normal 1 0 0
    outer loop
      vertex 49.1003 15.1551 5.84943
      vertex 49.1003 11.7292 5.84943
      vertex 49.1003 11.7292 5.53627
    endloop
  endfacet
  facet normal 1 0 0
    outer loop
      vertex 49.1003 10.6693 5.53636
      vertex 49.1003 11.3628 5.5363
      vertex 49.1003 11.3628 5.84943
    endloop
  endfacet
  facet normal 1 0 0
    outer loop
      vertex 49.1003 11.3628 5.84943
      vertex 49.1003 11.3628 5.85024
      vertex 49.1003 10.6693 5.85041
    endloop
  endfacet
  facet normal 1 0 0
    outer loop
      vertex 49.1003 11.3628 5.84943
      vertex 49.1003 10.6693 5.85041
      vertex 49.1003 10.6693 5.53636
    endloop
  endfacet
  facet normal 1 0 0
    outer loop
      vertex 49.1003 28.098 3.62511
      vertex 49.1003 34.0546 3.62511
      vertex 49.1003 34.0546 3.74862
    endloop
  endfacet
  facet normal 1 0 0
    outer loop
      vertex 49.1003 29.339 3.74868
      vertex 49.1003 28.6887 4.33617
      vertex 49.1003 28.098 4.31284
    endloop
  endfacet
  facet normal 1 0 0
    outer loop
      vertex 49.1003 28.098 3.62511
      vertex 49.1003 34.0546 3.74862
      vertex 49.1003 29.339 3.74868
    endloop
  endfacet
  facet normal 1 0 0
    outer loop
      vertex 49.1003 29.339 3.74868
      vertex 49.1003 28.098 4.31284
      vertex 49.1003 28.098 3.62511
    endloop
  endfacet
  facet normal 1 0 0
    outer loop
      vertex 49.1003 15.1554 3.62511
      vertex 49.1003 15.1553 3.80212
      vertex 49.1003 11.7292 3.66694
    endloop
  endfacet
  facet normal 1 0 0
    outer loop
      vertex 49.1003 11.7292 3.66694
      vertex 49.1003 11.7292 3.62511
      vertex 49.1003 15.1554 3.62511
    endloop
  endfacet
  facet normal 1 0 0
    outer loop
      vertex 49.1003 11.3628 3.62511
      vertex 49.1003 11.3628 3.65248
      vertex 49.1003 10.6693 3.62511
    endloop
  endfacet
  facet normal 0 0.000108368 1
    outer loop
      vertex 49.0443 18.9213 6.25835
      vertex 48.7521 18.9213 6.25835
      vertex 48.7521 15.6388 6.25871
    endloop
  endfacet
  facet normal 0 0.000108368 1
    outer loop
      vertex 48.7521 15.6388 6.25871
      vertex 49.0444 15.6388 6.25871
      vertex 49.0443 18.9213 6.25835
    endloop
  endfacet
  facet normal 0 0 1
    outer loop
      vertex 49.1003 18.9213 4.94843
      vertex 48.8091 18.9213 4.94843
      vertex 48.8091 15.6389 4.94843
    endloop
  endfacet
  facet normal 0 0 1
    outer loop
      vertex 48.8091 15.6389 4.94843
      vertex 49.1003 15.6389 4.94843
      vertex 49.1003 18.9213 4.94843
    endloop
  endfacet
  facet normal 0 1 0
    outer loop
      vertex 49.1003 28.5601 4.45233
      vertex 48.8091 28.5601 4.45233
      vertex 48.8091 28.5601 4.94843
    endloop
  endfacet
  facet normal 0 1 0
    outer loop
      vertex 48.8091 28.5601 4.94843
      vertex 49.1003 28.5601 4.94843
      vertex 49.1003 28.5601 4.45233
    endloop
  endfacet
  facet normal 0 -1 1.65473e-05
    outer loop
      vertex 49.1003 34.4748 4.20968
      vertex 48.8091 34.4748 4.20968
      vertex 48.8091 34.4748 3.74862
    endloop
  endfacet
  facet normal 0 -1 1.65473e-05
    outer loop
      vertex 48.8091 34.4748 3.74862
      vertex 49.1003 34.4748 3.74862
      vertex 49.1003 34.4748 4.20968
    endloop
  endfacet
  facet normal -2.61969e-05 1 0.000116849
    outer loop
      vertex 49.1003 15.1553 3.89063
      vertex 48.8091 15.1553 3.89063
      vertex 48.8091 15.1552 4.87002
    endloop
  endfacet
  facet normal 0 1 0.000124639
    outer loop
      vertex 48.8091 15.1552 4.87002
      vertex 49.1003 15.1552 4.87002
      vertex 49.1003 15.1553 3.89063
    endloop
  endfacet
  facet normal 0 1 0.000125063
    outer loop
      vertex 49.1003 15.1551 5.53611
      vertex 49.1003 15.1551 5.33784
      vertex 48.8091 15.1551 5.33784
    endloop
  endfacet
  facet normal 0 1 0.000111848
    outer loop
      vertex 48.8091 15.1551 5.33784
      vertex 48.809 15.1551 5.84943
      vertex 49.1003 15.1551 5.84943
    endloop
  endfacet
  facet normal 1.46895e-05 1 0.000103485
    outer loop
      vertex 48.8091 15.1551 5.33784
      vertex 49.1003 15.1551 5.84943
      vertex 49.1003 15.1551 5.53611
    endloop
  endfacet
  facet normal 0 0.566769 0.823877
    outer loop
      vertex 48.9987 15.1551 6.59142
      vertex 48.7079 15.1551 6.59142
      vertex 48.6624 14.6563 6.93454
    endloop
  endfacet
  facet normal 0 0.566769 0.823877
    outer loop
      vertex 48.6624 14.6563 6.93454
      vertex 48.9517 14.6563 6.93454
      vertex 48.9987 15.1551 6.59142
    endloop
  endfacet
  facet normal 0 0 1
    outer loop
      vertex 49.1003 23.2899 4.94843
      vertex 48.8091 23.2899 4.94843
      vertex 48.8091 22.9259 4.94843
    endloop
  endfacet
  facet normal 0 0 1
    outer loop
      vertex 48.8091 22.9259 4.94843
      vertex 49.1003 22.9259 4.94843
      vertex 49.1003 23.2899 4.94843
    endloop
  endfacet
  facet normal 0 1 0
    outer loop
      vertex 49.1003 11.3628 3.62511
      vertex 48.809 11.3628 3.62511
      vertex 48.809 11.3628 3.92395
    endloop
  endfacet
  facet normal 0 1 0
    outer loop
      vertex 48.809 11.3628 3.92395
      vertex 49.1003 11.3628 3.92395
      vertex 49.1003 11.3628 3.65248
    endloop
  endfacet
  facet normal 0 1 0
    outer loop
      vertex 48.809 11.3628 3.92395
      vertex 49.1003 11.3628 3.65248
      vertex 49.1003 11.3628 3.62511
    endloop
  endfacet
  facet normal 0 1.37014e-05 1
    outer loop
      vertex 49.1003 34.0546 3.74862
      vertex 48.8091 34.0546 3.74862
      vertex 48.8091 29.339 3.74868
    endloop
  endfacet
  facet normal 0 1.37014e-05 1
    outer loop
      vertex 48.8091 29.339 3.74868
      vertex 49.1003 29.339 3.74868
      vertex 49.1003 34.0546 3.74862
    endloop
  endfacet
  facet normal 0 0 1
    outer loop
      vertex 49.1003 19.2824 4.94843
      vertex 48.8091 19.2824 4.94843
      vertex 48.8091 18.9213 4.94843
    endloop
  endfacet
  facet normal 0 0 1
    outer loop
      vertex 48.8091 18.9213 4.94843
      vertex 49.1003 18.9213 4.94843
      vertex 49.1003 19.2824 4.94843
    endloop
  endfacet
  facet normal 0 1 -0.000336233
    outer loop
      vertex 49.1001 22.9237 5.84943
      vertex 48.809 22.9237 5.84943
      vertex 48.7521 22.9238 6.25787
    endloop
  endfacet
  facet normal 0 1 -0.000336233
    outer loop
      vertex 48.7521 22.9238 6.25787
      vertex 49.0443 22.9238 6.25787
      vertex 49.1001 22.9237 5.84943
    endloop
  endfacet
  facet normal 0 1 0.000150854
    outer loop
      vertex 47.8273 15.1554 3.62511
      vertex 47.8273 15.1553 3.89063
      vertex 48.8091 15.1553 3.89063
    endloop
  endfacet
  facet normal 0 1 0.000150854
    outer loop
      vertex 48.8091 15.1553 3.89063
      vertex 48.8091 15.1554 3.62511
      vertex 47.8273 15.1554 3.62511
    endloop
  endfacet
  facet normal 0 0 -1
    outer loop
      vertex 47.8273 11.7292 3.62511
      vertex 47.8273 15.1554 3.62511
      vertex 48.8091 15.1554 3.62511
    endloop
  endfacet
  facet normal 0 0 -1
    outer loop
      vertex 48.8091 15.1554 3.62511
      vertex 49.1003 15.1554 3.62511
      vertex 49.1003 11.7292 3.62511
    endloop
  endfacet
  facet normal 0 0 -1
    outer loop
      vertex 48.809 11.7292 3.62511
      vertex 47.8273 11.7292 3.62511
      vertex 48.8091 15.1554 3.62511
    endloop
  endfacet
  facet normal 0 0 -1
    outer loop
      vertex 48.8091 15.1554 3.62511
      vertex 49.1003 11.7292 3.62511
      vertex 48.809 11.7292 3.62511
    endloop
  endfacet
  facet normal 0 0 -1
    outer loop
      vertex 49.1003 11.3628 3.62511
      vertex 49.1003 10.6693 3.62511
      vertex 47.8273 10.6693 3.62511
    endloop
  endfacet
  facet normal 0 0 -1
    outer loop
      vertex 47.8273 10.6693 3.62511
      vertex 47.8273 11.3628 3.62511
      vertex 48.809 11.3628 3.62511
    endloop
  endfacet
  facet normal 0 0 -1
    outer loop
      vertex 47.8273 10.6693 3.62511
      vertex 48.809 11.3628 3.62511
      vertex 49.1003 11.3628 3.62511
    endloop
  endfacet
  facet normal 0 5.92167e-05 1
    outer loop
      vertex 49.0442 26.5664 6.25745
      vertex 48.7521 26.5664 6.25745
      vertex 48.7521 23.289 6.25764
    endloop
  endfacet
  facet normal 0 5.92167e-05 1
    outer loop
      vertex 48.7521 23.289 6.25764
      vertex 49.0443 23.289 6.25764
      vertex 49.0442 26.5664 6.25745
    endloop
  endfacet
  facet normal 0 -1 0.000239494
    outer loop
      vertex 48.8752 35.6336 7.49207
      vertex 48.5882 35.6336 7.49207
      vertex 48.6355 35.6335 7.12572
    endloop
  endfacet
  facet normal 0 -1 0.000239494
    outer loop
      vertex 48.6355 35.6335 7.12572
      vertex 48.9253 35.6335 7.12572
      vertex 48.8752 35.6336 7.49207
    endloop
  endfacet
  facet normal 0 0.000599226 1
    outer loop
      vertex 48.9517 14.6563 6.93454
      vertex 48.6624 14.6563 6.93454
      vertex 48.6624 11.903 6.93619
    endloop
  endfacet
  facet normal 0 0.000599226 1
    outer loop
      vertex 48.6624 11.903 6.93619
      vertex 48.9515 11.903 6.93619
      vertex 48.9517 14.6563 6.93454
    endloop
  endfacet
  facet normal 0 1 0.000134543
    outer loop
      vertex 49.1003 15.1552 4.87002
      vertex 48.8091 15.1552 4.87002
      vertex 48.8091 15.1551 5.33784
    endloop
  endfacet
  facet normal 0 1 0.000134543
    outer loop
      vertex 48.8091 15.1551 5.33784
      vertex 49.1003 15.1551 5.33784
      vertex 49.1003 15.1552 4.87002
    endloop
  endfacet
  facet normal 0 -0.325553 0.945524
    outer loop
      vertex 48.9252 29.0929 7.12737
      vertex 48.6355 29.0929 7.12737
      vertex 48.7521 26.5664 6.25745
    endloop
  endfacet
  facet normal 0 -0.325553 0.945524
    outer loop
      vertex 48.7521 26.5664 6.25745
      vertex 49.0442 26.5664 6.25745
      vertex 48.9252 29.0929 7.12737
    endloop
  endfacet
  facet normal 0.99224 2.53912e-05 0.124335
    outer loop
      vertex 49.1003 19.2811 5.84863
      vertex 49.1003 22.9237 5.84788
      vertex 49.1001 22.9237 5.84943
    endloop
  endfacet
  facet normal 0.990786 2.39385e-05 0.135438
    outer loop
      vertex 49.1001 22.9237 5.84943
      vertex 49.0443 22.9238 6.25787
      vertex 49.0443 19.2813 6.25829
    endloop
  endfacet
  facet normal 0.018113 0.999834 0.00213597
    outer loop
      vertex 49.0443 19.2813 6.25829
      vertex 49.1002 19.2811 5.84943
      vertex 49.1003 19.2811 5.84863
    endloop
  endfacet
  facet normal 0.990787 2.28506e-05 0.135428
    outer loop
      vertex 49.1001 22.9237 5.84943
      vertex 49.0443 19.2813 6.25829
      vertex 49.1003 19.2811 5.84863
    endloop
  endfacet
  facet normal 0.991882 2.88186e-05 0.127164
    outer loop
      vertex 49.1003 15.6388 5.84943
      vertex 49.1003 18.9211 5.84869
      vertex 49.1002 18.9211 5.84943
    endloop
  endfacet
  facet normal 0.990785 2.50393e-05 0.135443
    outer loop
      vertex 49.1002 18.9211 5.84943
      vertex 49.0443 18.9213 6.25835
      vertex 49.0444 15.6388 6.25871
    endloop
  endfacet
  facet normal 0.990781 2.87866e-05 0.135473
    outer loop
      vertex 49.1002 18.9211 5.84943
      vertex 49.0444 15.6388 6.25871
      vertex 49.1003 15.6388 5.84943
    endloop
  endfacet
  facet normal 0.990759 2.94682e-05 0.135631
    outer loop
      vertex 49.1003 11.7292 5.85018
      vertex 49.1003 15.1551 5.84943
      vertex 48.9987 15.1551 6.59142
    endloop
  endfacet
  facet normal 0.990747 3.42141e-07 0.135724
    outer loop
      vertex 48.9987 15.1551 6.59142
      vertex 48.9517 14.6563 6.93454
      vertex 48.9515 11.903 6.93619
    endloop
  endfacet
  facet normal 0.990741 -0.000102539 0.135767
    outer loop
      vertex 48.9515 11.903 6.93619
      vertex 48.9777 11.7292 6.74462
      vertex 49.1003 11.7292 5.85018
    endloop
  endfacet
  facet normal 0.990743 3.14544e-06 0.13575
    outer loop
      vertex 48.9987 15.1551 6.59142
      vertex 48.9515 11.903 6.93619
      vertex 49.1003 11.7292 5.85018
    endloop
  endfacet
  facet normal 0 0.670365 0.742031
    outer loop
      vertex 49.1003 28.6887 4.33617
      vertex 49.1003 29.339 3.74868
      vertex 48.8091 29.339 3.74868
    endloop
  endfacet
  facet normal 0 0.670357 0.742039
    outer loop
      vertex 48.8091 29.339 3.74868
      vertex 48.8091 28.5601 4.45233
      vertex 49.1003 28.5601 4.45233
    endloop
  endfacet
  facet normal -0.000211987 0.670313 0.742078
    outer loop
      vertex 48.8091 29.339 3.74868
      vertex 49.1003 28.5601 4.45233
      vertex 49.1003 28.6887 4.33617
    endloop
  endfacet
  facet normal 0 0 0
    outer loop
      vertex 49.1003 15.639 3.62511
      vertex 48.8091 15.639 3.62511
      vertex 47.8273 15.639 3.62511
    endloop
  endfacet
  facet normal 0 0 -1
    outer loop
      vertex 47.8273 15.639 3.62511
      vertex 47.8273 17.6883 3.62511
      vertex 49.1003 17.6883 3.62511
    endloop
  endfacet
  facet normal 0 0 -1
    outer loop
      vertex 47.8273 15.639 3.62511
      vertex 49.1003 17.6883 3.62511
      vertex 49.1003 15.639 3.62511
    endloop
  endfacet
  facet normal 0 1 0
    outer loop
      vertex 47.8273 74.8577 3.89794
      vertex 47.8273 74.8577 4.11801
      vertex 48.5873 74.8577 4.11801
    endloop
  endfacet
  facet normal 0 1 0
    outer loop
      vertex 48.5873 74.8577 4.11801
      vertex 48.5873 74.8577 3.89794
      vertex 47.8273 74.8577 3.89794
    endloop
  endfacet
  facet normal 0 0 1
    outer loop
      vertex 49.1047 80.8079 7.22014
      vertex 48.8369 80.8079 7.22014
      vertex 48.8369 75.1958 7.22014
    endloop
  endfacet
  facet normal 0 0 1
    outer loop
      vertex 48.8369 75.1958 7.22014
      vertex 49.1047 75.1958 7.22014
      vertex 49.1047 80.8079 7.22014
    endloop
  endfacet
  facet normal 0 1 0
    outer loop
      vertex 48.8761 73.947 4.11801
      vertex 48.8312 73.947 3.89794
      vertex 48.5873 73.947 3.89794
    endloop
  endfacet
  facet normal 0 1 0
    outer loop
      vertex 48.5873 73.947 3.89794
      vertex 48.5873 73.947 4.11801
      vertex 48.8761 73.947 4.11801
    endloop
  endfacet
  facet normal 0 -1 0
    outer loop
      vertex 49.1047 75.1958 5.23843
      vertex 49.1047 75.1958 5.23898
      vertex 48.8369 75.1958 5.23898
    endloop
  endfacet
  facet normal 0 -1 0
    outer loop
      vertex 48.8369 75.1958 5.23898
      vertex 48.5873 75.1958 4.11801
      vertex 48.8761 75.1958 4.11801
    endloop
  endfacet
  facet normal 0 -1 0
    outer loop
      vertex 48.8369 75.1958 5.23898
      vertex 48.8761 75.1958 4.11801
      vertex 49.1047 75.1958 5.23843
    endloop
  endfacet
  facet normal 0 -1 0
    outer loop
      vertex 48.5873 74.2852 4.11801
      vertex 48.8761 74.2852 4.11801
      vertex 49.1047 74.2852 5.23843
    endloop
  endfacet
  facet normal 0 -1 0
    outer loop
      vertex 49.1047 74.2852 5.23843
      vertex 49.1047 74.2852 5.23898
      vertex 48.8369 74.2852 5.23898
    endloop
  endfacet
  facet normal 0 -1 0
    outer loop
      vertex 49.1047 74.2852 5.23843
      vertex 48.8369 74.2852 5.23898
      vertex 48.5873 74.2852 4.11801
    endloop
  endfacet
  facet normal 0.979824 0 -0.199862
    outer loop
      vertex 49.1047 74.8577 5.23843
      vertex 49.1047 74.2852 5.23843
      vertex 48.8761 74.2852 4.11801
    endloop
  endfacet
  facet normal 0.979812 0 -0.199921
    outer loop
      vertex 48.8761 74.2852 4.11801
      vertex 48.8312 74.2852 3.89794
      vertex 48.8312 74.8577 3.89794
    endloop
  endfacet
  facet normal 0.979824 0 -0.199862
    outer loop
      vertex 48.8761 74.8577 4.11801
      vertex 49.1047 74.8577 5.23843
      vertex 48.8761 74.2852 4.11801
    endloop
  endfacet
  facet normal 0.979812 0 -0.199921
    outer loop
      vertex 48.8761 74.2852 4.11801
      vertex 48.8312 74.8577 3.89794
      vertex 48.8761 74.8577 4.11801
    endloop
  endfacet
  facet normal 0.979824 0 -0.199862
    outer loop
      vertex 49.1047 77.4257 5.23843
      vertex 49.1047 75.1958 5.23843
      vertex 48.8761 75.1958 4.11801
    endloop
  endfacet
  facet normal 0.979812 0 -0.199921
    outer loop
      vertex 48.8761 75.1958 4.11801
      vertex 48.8312 75.1958 3.89794
      vertex 48.8312 77.4257 3.89794
    endloop
  endfacet
  facet normal 0.979794 7.58475e-05 -0.200007
    outer loop
      vertex 49.0891 77.4257 5.16206
      vertex 49.1047 77.4257 5.23843
      vertex 48.8761 75.1958 4.11801
    endloop
  endfacet
  facet normal 0.979824 5.91644e-06 -0.199864
    outer loop
      vertex 48.8761 75.1958 4.11801
      vertex 48.8312 77.4257 3.89794
      vertex 49.0891 77.4257 5.16206
    endloop
  endfacet
  facet normal 0 1 0
    outer loop
      vertex 48.5873 73.947 3.89794
      vertex 47.8273 73.947 3.89794
      vertex 47.8273 73.947 4.11801
    endloop
  endfacet
  facet normal 0 1 0
    outer loop
      vertex 47.8273 73.947 4.11801
      vertex 48.5873 73.947 4.11801
      vertex 48.5873 73.947 3.89794
    endloop
  endfacet
  facet normal 0 0 -1
    outer loop
      vertex 49.1047 74.2852 7.56799
      vertex 49.1047 73.947 7.56799
      vertex 48.8369 73.947 7.56799
    endloop
  endfacet
  facet normal 0 0 -1
    outer loop
      vertex 48.8369 73.947 7.56799
      vertex 48.8369 74.2852 7.56799
      vertex 49.1047 74.2852 7.56799
    endloop
  endfacet
  facet normal 1 0 0
    outer loop
      vertex 49.1047 83.1128 6.30578
      vertex 49.1047 83.1128 6.92399
      vertex 49.1047 81.5853 6.92399
    endloop
  endfacet
  facet normal 1 0 0
    outer loop
      vertex 49.1047 81.5853 6.92399
      vertex 49.1047 80.8079 7.22014
      vertex 49.1047 75.1958 7.22014
    endloop
  endfacet
  facet normal 1 0 0
    outer loop
      vertex 49.1047 75.1958 7.22014
      vertex 49.1047 75.1958 6.30578
      vertex 49.1047 77.4257 6.30578
    endloop
  endfacet
  facet normal 1 0 0
    outer loop
      vertex 49.1047 75.1958 7.22014
      vertex 49.1047 77.4257 6.30578
      vertex 49.1047 77.4257 6.65045
    endloop
  endfacet
  facet normal 1 0 0
    outer loop
      vertex 49.1047 83.1128 6.30578
      vertex 49.1047 81.5853 6.92399
      vertex 49.1047 75.1958 7.22014
    endloop
  endfacet
  facet normal 1 0 0
    outer loop
      vertex 49.1047 79.1936 6.65045
      vertex 49.1047 79.1936 6.30578
      vertex 49.1047 83.1128 6.30578
    endloop
  endfacet
  facet normal 1 0 0
    outer loop
      vertex 49.1047 75.1958 7.22014
      vertex 49.1047 77.4257 6.65045
      vertex 49.1047 79.1936 6.65045
    endloop
  endfacet
  facet normal 1 0 0
    outer loop
      vertex 49.1047 75.1958 7.22014
      vertex 49.1047 79.1936 6.65045
      vertex 49.1047 83.1128 6.30578
    endloop
  endfacet
  facet normal 1 0 0
    outer loop
      vertex 49.1047 74.8577 6.30578
      vertex 49.1047 74.8577 7.22014
      vertex 49.1047 74.2852 7.22014
    endloop
  endfacet
  facet normal 1 0 0
    outer loop
      vertex 49.1047 74.2852 7.22014
      vertex 49.1047 74.2852 6.30578
      vertex 49.1047 74.8577 6.30578
    endloop
  endfacet
  facet normal 0 -1 0
    outer loop
      vertex 48.5873 74.2852 3.89794
      vertex 48.8312 74.2852 3.89794
      vertex 48.8761 74.2852 4.11801
    endloop
  endfacet
  facet normal 0 -1 0
    outer loop
      vertex 48.8761 74.2852 4.11801
      vertex 48.5873 74.2852 4.11801
      vertex 48.5873 74.2852 3.89794
    endloop
  endfacet
  facet normal 1 0 0
    outer loop
      vertex 49.1047 74.8577 6.03751
      vertex 49.1047 74.2852 6.03751
      vertex 49.1047 74.2852 5.23898
    endloop
  endfacet
  facet normal 1 0 0
    outer loop
      vertex 49.1047 74.2852 5.23898
      vertex 49.1047 74.2852 5.23843
      vertex 49.1047 74.8577 5.23843
    endloop
  endfacet
  facet normal 1 0 0
    outer loop
      vertex 49.1047 74.8577 5.23898
      vertex 49.1047 74.8577 6.03751
      vertex 49.1047 74.2852 5.23898
    endloop
  endfacet
  facet normal 1 0 0
    outer loop
      vertex 49.1047 74.2852 5.23898
      vertex 49.1047 74.8577 5.23843
      vertex 49.1047 74.8577 5.23898
    endloop
  endfacet
  facet normal 1 0 0
    outer loop
      vertex 49.1047 77.4257 6.03751
      vertex 49.1047 75.1958 6.03751
      vertex 49.1047 75.1958 5.23898
    endloop
  endfacet
  facet normal 1 0 0
    outer loop
      vertex 49.1047 75.1958 5.23898
      vertex 49.1047 75.1958 5.23843
      vertex 49.1047 77.4257 5.23843
    endloop
  endfacet
  facet normal 1 0 0
    outer loop
      vertex 49.1047 75.1958 5.23898
      vertex 49.1047 77.4257 5.23843
      vertex 49.1047 77.4257 6.03751
    endloop
  endfacet
  facet normal 0 0 1
    outer loop
      vertex 49.1047 83.3749 6.92399
      vertex 48.8369 83.3749 6.92399
      vertex 48.8369 81.5853 6.92399
    endloop
  endfacet
  facet normal 0 0 1
    outer loop
      vertex 48.8369 81.5853 6.92399
      vertex 49.1047 81.5853 6.92399
      vertex 49.1047 83.1128 6.92399
    endloop
  endfacet
  facet normal 0 0 1
    outer loop
      vertex 48.8369 81.5853 6.92399
      vertex 49.1047 83.1128 6.92399
      vertex 49.1047 83.3749 6.92399
    endloop
  endfacet
  facet normal 0 -1 0
    outer loop
      vertex 48.8761 75.1958 4.11801
      vertex 48.5873 75.1958 4.11801
      vertex 48.5873 75.1958 3.89794
    endloop
  endfacet
  facet normal 0 -1 0
    outer loop
      vertex 48.5873 75.1958 3.89794
      vertex 48.8312 75.1958 3.89794
      vertex 48.8761 75.1958 4.11801
    endloop
  endfacet
  facet normal 0 0 -1
    outer loop
      vertex 49.1047 74.8577 7.56799
      vertex 48.8369 74.8577 7.56799
      vertex 48.8369 75.1958 7.56799
    endloop
  endfacet
  facet normal 0 0 -1
    outer loop
      vertex 48.8369 75.1958 7.56799
      vertex 49.1047 75.1958 7.56799
      vertex 49.1047 74.8577 7.56799
    endloop
  endfacet
  facet normal 0 0 -1
    outer loop
      vertex 49.1047 74.8577 7.56799
      vertex 49.1047 74.2852 7.56799
      vertex 48.8369 74.2852 7.56799
    endloop
  endfacet
  facet normal 0 0 -1
    outer loop
      vertex 48.8369 74.2852 7.56799
      vertex 48.8369 74.8577 7.56799
      vertex 49.1047 74.8577 7.56799
    endloop
  endfacet
  facet normal 0 -1 0
    outer loop
      vertex 49.1047 75.1958 6.30578
      vertex 49.1047 75.1958 7.22014
      vertex 48.8369 75.1958 7.22014
    endloop
  endfacet
  facet normal 0 -1 0
    outer loop
      vertex 48.8369 75.1958 7.22014
      vertex 48.8369 75.1958 5.23898
      vertex 49.1047 75.1958 5.23898
    endloop
  endfacet
  facet normal 0 -1 0
    outer loop
      vertex 49.1047 75.1958 6.03751
      vertex 49.1047 75.1958 6.30578
      vertex 48.8369 75.1958 7.22014
    endloop
  endfacet
  facet normal 0 -1 0
    outer loop
      vertex 48.8369 75.1958 7.22014
      vertex 49.1047 75.1958 5.23898
      vertex 49.1047 75.1958 6.03751
    endloop
  endfacet
  facet normal 0 -1 0
    outer loop
      vertex 48.8369 74.2852 5.23898
      vertex 49.1047 74.2852 5.23898
      vertex 49.1047 74.2852 6.03751
    endloop
  endfacet
  facet normal 0 0 0
    outer loop
      vertex 49.1047 74.2852 6.03751
      vertex 49.1047 74.2852 6.30578
      vertex 49.1047 74.2852 7.22014
    endloop
  endfacet
  facet normal 0 -1 0
    outer loop
      vertex 49.1047 74.2852 7.22014
      vertex 48.8369 74.2852 7.22014
      vertex 48.8369 74.2852 5.23898
    endloop
  endfacet
  facet normal 0 -1 0
    outer loop
      vertex 49.1047 74.2852 6.03751
      vertex 49.1047 74.2852 7.22014
      vertex 48.8369 74.2852 5.23898
    endloop
  endfacet
  facet normal 0 1 0
    outer loop
      vertex 48.5873 74.8577 3.89794
      vertex 48.5873 74.8577 4.11801
      vertex 48.8761 74.8577 4.11801
    endloop
  endfacet
  facet normal 0 1 0
    outer loop
      vertex 48.8761 74.8577 4.11801
      vertex 48.8312 74.8577 3.89794
      vertex 48.5873 74.8577 3.89794
    endloop
  endfacet
  facet normal 1 0 0
    outer loop
      vertex 49.1047 83.1128 7.56799
      vertex 49.1047 83.3749 7.56799
      vertex 49.1047 83.3749 7.98881
    endloop
  endfacet
  facet normal 1 0 0
    outer loop
      vertex 49.1047 83.3749 7.98881
      vertex 49.1047 83.1128 7.98606
      vertex 49.1047 83.1128 7.56799
    endloop
  endfacet
  facet normal 0 0.356005 0.934484
    outer loop
      vertex 49.1047 81.5853 6.92399
      vertex 48.8369 81.5853 6.92399
      vertex 48.8369 80.8079 7.22014
    endloop
  endfacet
  facet normal 0 0.356005 0.934484
    outer loop
      vertex 48.8369 80.8079 7.22014
      vertex 49.1047 80.8079 7.22014
      vertex 49.1047 81.5853 6.92399
    endloop
  endfacet
  facet normal 1 0 0
    outer loop
      vertex 49.1047 74.2852 6.30578
      vertex 49.1047 74.2852 6.03751
      vertex 49.1047 74.8577 6.03751
    endloop
  endfacet
  facet normal 1 0 0
    outer loop
      vertex 49.1047 74.8577 6.03751
      vertex 49.1047 74.8577 6.30578
      vertex 49.1047 74.2852 6.30578
    endloop
  endfacet
  facet normal 1 0 0
    outer loop
      vertex 49.1047 75.1958 6.30578
      vertex 49.1047 75.1958 6.03751
      vertex 49.1047 77.4257 6.03751
    endloop
  endfacet
  facet normal 1 0 0
    outer loop
      vertex 49.1047 77.4257 6.03751
      vertex 49.1047 77.4257 6.30578
      vertex 49.1047 75.1958 6.30578
    endloop
  endfacet
  facet normal 0 0 -1
    outer loop
      vertex 48.8312 69.8633 3.89794
      vertex 47.8273 69.8633 3.89794
      vertex 47.8273 71.4912 3.89794
    endloop
  endfacet
  facet normal 0 0 -1
    outer loop
      vertex 47.8273 71.4912 3.89794
      vertex 48.8312 71.4912 3.89794
      vertex 48.8312 69.8633 3.89794
    endloop
  endfacet
  facet normal 0 1 0
    outer loop
      vertex 49.1047 81.0314 6.03751
      vertex 49.1047 81.0314 5.24154
      vertex 48.8969 81.0314 5.24154
    endloop
  endfacet
  facet normal 0 1 0
    outer loop
      vertex 48.8969 81.0314 5.24154
      vertex 48.8969 81.0314 6.1014
      vertex 49.1047 81.0314 6.1014
    endloop
  endfacet
  facet normal 0 1 0
    outer loop
      vertex 48.8969 81.0314 5.24154
      vertex 49.1047 81.0314 6.1014
      vertex 49.1047 81.0314 6.03751
    endloop
  endfacet
  facet normal 0 1 0
    outer loop
      vertex 49.1047 81.0314 5.23843
      vertex 48.9135 81.0314 4.3011
      vertex 48.6309 81.0314 4.3011
    endloop
  endfacet
  facet normal 0 1 0
    outer loop
      vertex 48.6309 81.0314 4.3011
      vertex 48.8969 81.0314 5.24154
      vertex 49.1047 81.0314 5.24154
    endloop
  endfacet
  facet normal 0 1 0
    outer loop
      vertex 48.6309 81.0314 4.3011
      vertex 49.1047 81.0314 5.24154
      vertex 49.1047 81.0314 5.23843
    endloop
  endfacet
  facet normal 0 0 1
    outer loop
      vertex 48.9135 81.3755 4.3011
      vertex 48.6309 81.3755 4.3011
      vertex 48.6309 81.0314 4.3011
    endloop
  endfacet
  facet normal 0 0 1
    outer loop
      vertex 48.6309 81.0314 4.3011
      vertex 48.9135 81.0314 4.3011
      vertex 48.9135 81.3755 4.3011
    endloop
  endfacet
  facet normal 0 1 1.62789e-05
    outer loop
      vertex 49.1047 82.3756 5.23843
      vertex 48.9135 82.3756 4.3011
      vertex 48.6309 82.3756 4.3011
    endloop
  endfacet
  facet normal 7.3439e-05 1 -2.07748e-05
    outer loop
      vertex 48.6309 82.3756 4.3011
      vertex 48.8969 82.3756 5.24154
      vertex 49.1047 82.3756 5.24154
    endloop
  endfacet
  facet normal 3.22046e-05 1 0
    outer loop
      vertex 48.6309 82.3756 4.3011
      vertex 49.1047 82.3756 5.24154
      vertex 49.1047 82.3756 5.23843
    endloop
  endfacet
  facet normal 0 1 0
    outer loop
      vertex 49.1047 81.7053 5.23843
      vertex 48.9135 81.7053 4.3011
      vertex 48.6309 81.7053 4.3011
    endloop
  endfacet
  facet normal 0 1 0
    outer loop
      vertex 48.6309 81.7053 4.3011
      vertex 48.8969 81.7053 5.24154
      vertex 49.1047 81.7053 5.24154
    endloop
  endfacet
  facet normal 0 1 0
    outer loop
      vertex 48.6309 81.7053 4.3011
      vertex 49.1047 81.7053 5.24154
      vertex 49.1047 81.7053 5.23843
    endloop
  endfacet
  facet normal 1 0 0
    outer loop
      vertex 49.1047 81.7053 6.03751
      vertex 49.1047 81.3755 6.03751
      vertex 49.1047 81.3755 5.24154
    endloop
  endfacet
  facet normal 1 0 0
    outer loop
      vertex 49.1047 81.3755 5.24154
      vertex 49.1047 81.3755 5.23843
      vertex 49.1047 81.7053 5.23843
    endloop
  endfacet
  facet normal 0 0 0
    outer loop
      vertex 49.1047 81.7053 5.23843
      vertex 49.1047 81.7053 5.24154
      vertex 49.1047 81.7053 6.03751
    endloop
  endfacet
  facet normal 1 0 0
    outer loop
      vertex 49.1047 81.3755 5.24154
      vertex 49.1047 81.7053 5.23843
      vertex 49.1047 81.7053 6.03751
    endloop
  endfacet
  facet normal 1 0 0
    outer loop
      vertex 49.1047 82.3756 6.03751
      vertex 49.1047 82.0494 6.03751
      vertex 49.1047 82.0494 5.24154
    endloop
  endfacet
  facet normal 1 0 0
    outer loop
      vertex 49.1047 82.0494 5.24154
      vertex 49.1047 82.0494 5.23843
      vertex 49.1047 82.3756 5.23843
    endloop
  endfacet
  facet normal 1 0 0
    outer loop
      vertex 49.1047 82.3756 5.24154
      vertex 49.1047 82.3756 6.03751
      vertex 49.1047 82.0494 5.24154
    endloop
  endfacet
  facet normal 1 0 0
    outer loop
      vertex 49.1047 82.0494 5.24154
      vertex 49.1047 82.3756 5.23843
      vertex 49.1047 82.3756 5.24154
    endloop
  endfacet
  facet normal 1 0 0
    outer loop
      vertex 49.1047 83.1128 6.03751
      vertex 49.1047 82.7197 6.03751
      vertex 49.1047 82.7197 5.24154
    endloop
  endfacet
  facet normal 1 0 0
    outer loop
      vertex 49.1047 82.7197 5.24154
      vertex 49.1047 82.7197 5.23843
      vertex 49.1047 83.1128 5.23843
    endloop
  endfacet
  facet normal 1 0 0
    outer loop
      vertex 49.1047 82.7197 5.24154
      vertex 49.1047 83.1128 5.23843
      vertex 49.1047 83.1128 6.03751
    endloop
  endfacet
  facet normal 0 1 0
    outer loop
      vertex 49.1047 81.7053 6.03751
      vertex 49.1047 81.7053 5.24154
      vertex 48.8969 81.7053 5.24154
    endloop
  endfacet
  facet normal 0 1 0
    outer loop
      vertex 48.8969 81.7053 5.24154
      vertex 48.8969 81.7053 6.1014
      vertex 49.1047 81.7053 6.1014
    endloop
  endfacet
  facet normal 0 1 0
    outer loop
      vertex 48.8969 81.7053 5.24154
      vertex 49.1047 81.7053 6.1014
      vertex 49.1047 81.7053 6.03751
    endloop
  endfacet
  facet normal 7.3439e-05 1 0
    outer loop
      vertex 49.1047 82.3756 6.03751
      vertex 49.1047 82.3756 5.24154
      vertex 48.8969 82.3756 5.24154
    endloop
  endfacet
  facet normal 0 1 1.77457e-05
    outer loop
      vertex 48.8969 82.3756 5.24154
      vertex 48.8969 82.3756 6.1014
      vertex 49.1047 82.3756 6.1014
    endloop
  endfacet
  facet normal 7.34389e-05 1 0
    outer loop
      vertex 48.8969 82.3756 5.24154
      vertex 49.1047 82.3756 6.1014
      vertex 49.1047 82.3756 6.03751
    endloop
  endfacet
  facet normal 0 0 1
    outer loop
      vertex 48.9135 82.0494 4.3011
      vertex 48.6309 82.0494 4.3011
      vertex 48.6309 81.7053 4.3011
    endloop
  endfacet
  facet normal 0 0 1
    outer loop
      vertex 48.6309 81.7053 4.3011
      vertex 48.9135 81.7053 4.3011
      vertex 48.9135 82.0494 4.3011
    endloop
  endfacet
  facet normal 0 0 1
    outer loop
      vertex 48.9135 82.7197 4.3011
      vertex 48.6309 82.7197 4.3011
      vertex 48.6309 82.3756 4.3011
    endloop
  endfacet
  facet normal 0 0 1
    outer loop
      vertex 48.6309 82.3756 4.3011
      vertex 48.9135 82.3756 4.3011
      vertex 48.9135 82.7197 4.3011
    endloop
  endfacet
  facet normal 0 -1 0
    outer loop
      vertex 49.1003 34.213 5.53497
      vertex 49.1003 34.213 5.60915
      vertex 48.8627 34.213 5.60915
    endloop
  endfacet
  facet normal 0 -1 0
    outer loop
      vertex 48.8627 34.213 5.60915
      vertex 48.8627 34.213 4.62087
      vertex 49.1003 34.213 4.62087
    endloop
  endfacet
  facet normal 0 -1 0
    outer loop
      vertex 48.8627 34.213 5.60915
      vertex 49.1003 34.213 4.62087
      vertex 49.1003 34.213 5.53497
    endloop
  endfacet
  facet normal 0 -1 0
    outer loop
      vertex 50.1167 37.0783 5.84529
      vertex 50.1167 37.0783 5.95884
      vertex 49.9409 37.0783 5.95884
    endloop
  endfacet
  facet normal 0 -1 0
    outer loop
      vertex 49.9409 37.0783 5.95884
      vertex 49.9409 37.0783 4.97055
      vertex 50.1167 37.0783 4.97055
    endloop
  endfacet
  facet normal 0 0 0
    outer loop
      vertex 50.1167 37.0783 4.97055
      vertex 50.1167 37.0783 5.53491
      vertex 50.1167 37.0783 5.84529
    endloop
  endfacet
  facet normal 0 -1 0
    outer loop
      vertex 49.9409 37.0783 5.95884
      vertex 50.1167 37.0783 4.97055
      vertex 50.1167 37.0783 5.84529
    endloop
  endfacet
  facet normal 0 -1 0
    outer loop
      vertex 50.1167 36.4296 5.84529
      vertex 50.1167 36.4296 7.33259
      vertex 49.9432 36.4296 7.33259
    endloop
  endfacet
  facet normal 0 -1 0
    outer loop
      vertex 49.9432 36.4296 7.33259
      vertex 49.9432 36.4296 4.97033
      vertex 50.1167 36.4296 4.97033
    endloop
  endfacet
  facet normal 0 0 0
    outer loop
      vertex 50.1167 36.4296 4.97033
      vertex 50.1167 36.4296 5.53491
      vertex 50.1167 36.4296 5.84529
    endloop
  endfacet
  facet normal 0 -1 0
    outer loop
      vertex 49.9432 36.4296 7.33259
      vertex 50.1167 36.4296 4.97033
      vertex 50.1167 36.4296 5.84529
    endloop
  endfacet
  facet normal 0 -1 0
    outer loop
      vertex 49.257 59.2731 7.96808
      vertex 49.0357 59.2731 7.96808
      vertex 49.0357 59.2731 7.17356
    endloop
  endfacet
  facet normal 0 -1 0
    outer loop
      vertex 49.0357 59.2731 7.17356
      vertex 49.257 59.2731 7.17356
      vertex 49.257 59.2731 7.96808
    endloop
  endfacet
  facet normal 1 0 0
    outer loop
      vertex 49.257 64.2712 8.16705
      vertex 49.257 58.5937 8.16705
      vertex 49.257 58.929 7.96808
    endloop
  endfacet
  facet normal 1 0 0
    outer loop
      vertex 49.257 64.2712 8.16705
      vertex 49.257 58.929 7.96808
      vertex 49.257 59.2731 7.96808
    endloop
  endfacet
  facet normal 1 0 0
    outer loop
      vertex 49.257 58.5937 6.60597
      vertex 49.257 63.5527 6.60597
      vertex 49.257 64.2712 8.16705
    endloop
  endfacet
  facet normal 1 0 0
    outer loop
      vertex 49.257 64.2712 8.16705
      vertex 49.257 59.2731 7.96808
      vertex 49.257 59.2731 7.17356
    endloop
  endfacet
  facet normal 1 0 0
    outer loop
      vertex 49.257 59.2731 7.17356
      vertex 49.257 58.5937 6.60597
      vertex 49.257 64.2712 8.16705
    endloop
  endfacet
  facet normal 0 -1 0
    outer loop
      vertex 49.1003 33.2376 5.53504
      vertex 49.1003 33.2376 5.60915
      vertex 48.8627 33.2376 5.60915
    endloop
  endfacet
  facet normal 0 -1 0
    outer loop
      vertex 48.8627 33.2376 5.60915
      vertex 48.8627 33.2376 4.62087
      vertex 49.1003 33.2376 4.62087
    endloop
  endfacet
  facet normal 0 -1 0
    outer loop
      vertex 48.8627 33.2376 5.60915
      vertex 49.1003 33.2376 4.62087
      vertex 49.1003 33.2376 5.53504
    endloop
  endfacet
  facet normal 0 -1 0
    outer loop
      vertex 49.1003 30.3157 5.5352
      vertex 49.1003 30.3157 5.57612
      vertex 48.8396 30.3157 5.57612
    endloop
  endfacet
  facet normal 0 -1 0
    outer loop
      vertex 48.8396 30.3157 5.57612
      vertex 48.8396 30.3157 4.78161
      vertex 49.1003 30.3157 4.78161
    endloop
  endfacet
  facet normal 0 -1 0
    outer loop
      vertex 48.8396 30.3157 5.57612
      vertex 49.1003 30.3157 4.78161
      vertex 49.1003 30.3157 5.5352
    endloop
  endfacet
  facet normal 1 0 0
    outer loop
      vertex 50.1167 36.7342 5.53491
      vertex 50.1167 36.7342 5.84529
      vertex 50.1167 36.4296 5.84529
    endloop
  endfacet
  facet normal 1 0 0
    outer loop
      vertex 50.1167 36.4296 5.84529
      vertex 50.1167 36.4296 5.53491
      vertex 50.1167 36.7342 5.53491
    endloop
  endfacet
  facet normal 1 0 0
    outer loop
      vertex 50.1167 36.0855 5.53491
      vertex 50.1167 36.0855 5.84529
      vertex 50.1167 35.6386 5.84529
    endloop
  endfacet
  facet normal 1 0 0
    outer loop
      vertex 50.1167 35.6386 5.84529
      vertex 50.1167 35.6386 5.53491
      vertex 50.1167 36.0855 5.53491
    endloop
  endfacet
  facet normal 0 0 -1
    outer loop
      vertex 47.8273 38.5772 3.62511
      vertex 49.1003 38.5772 3.62511
      vertex 49.1003 34.4748 3.62511
    endloop
  endfacet
  facet normal 0 0 -1
    outer loop
      vertex 49.1003 34.4748 3.62511
      vertex 48.8091 34.4748 3.62511
      vertex 47.8273 34.4748 3.62511
    endloop
  endfacet
  facet normal 0 0 -1
    outer loop
      vertex 49.1003 34.4748 3.62511
      vertex 47.8273 34.4748 3.62511
      vertex 47.8273 38.5772 3.62511
    endloop
  endfacet
  facet normal 0 0.888129 0.459595
    outer loop
      vertex 47.8273 83.2237 8.28105
      vertex 48.3521 83.2237 8.28105
      vertex 48.576 83.3749 7.98881
    endloop
  endfacet
  facet normal 0 0.888129 0.459595
    outer loop
      vertex 48.576 83.3749 7.98881
      vertex 47.8273 83.3749 7.98881
      vertex 47.8273 83.2237 8.28105
    endloop
  endfacet
  facet normal 0 0 -1
    outer loop
      vertex 48.3732 83.2155 4.42322
      vertex 47.8273 83.2155 4.42322
      vertex 47.8273 83.5676 4.42322
    endloop
  endfacet
  facet normal 0 0 -1
    outer loop
      vertex 47.8273 83.5676 4.42322
      vertex 48.3732 83.5676 4.42322
      vertex 48.3732 83.2155 4.42322
    endloop
  endfacet
  facet normal 1 0 0
    outer loop
      vertex 48.576 83.3749 6.30723
      vertex 48.576 83.3749 6.03874
      vertex 48.576 83.7271 6.03874
    endloop
  endfacet
  facet normal 1 0 0
    outer loop
      vertex 48.576 83.7271 6.03874
      vertex 48.576 83.7271 6.30723
      vertex 48.576 83.3749 6.30723
    endloop
  endfacet
  facet normal 0 1 0
    outer loop
      vertex 49.1047 83.3749 6.92399
      vertex 49.1047 83.3749 6.30723
      vertex 48.576 83.3749 6.30723
    endloop
  endfacet
  facet normal 0 1 0
    outer loop
      vertex 48.576 83.3749 6.30723
      vertex 48.576 83.3749 6.61949
      vertex 49.1047 83.3749 6.92399
    endloop
  endfacet
  facet normal 0 0 0
    outer loop
      vertex 49.1047 83.3749 7.56799
      vertex 48.8369 83.3749 7.56799
      vertex 48.5744 83.3749 7.56799
    endloop
  endfacet
  facet normal 0 1 0
    outer loop
      vertex 48.5744 83.3749 7.56799
      vertex 48.576 83.3749 7.87249
      vertex 49.1047 83.3749 7.56799
    endloop
  endfacet
  facet normal 0 1 0
    outer loop
      vertex 48.8369 83.3749 7.56799
      vertex 48.8369 83.3749 6.92399
      vertex 48.5744 83.3749 6.92399
    endloop
  endfacet
  facet normal 0 1 0
    outer loop
      vertex 48.5744 83.3749 6.92399
      vertex 48.5744 83.3749 7.56799
      vertex 48.8369 83.3749 7.56799
    endloop
  endfacet
  facet normal 2.04742e-05 0.981435 -0.191795
    outer loop
      vertex 49.1047 83.3749 5.23908
      vertex 48.8312 83.1128 3.89794
      vertex 48.3732 83.2155 4.42322
    endloop
  endfacet
  facet normal 0 0.981438 -0.191778
    outer loop
      vertex 48.3732 83.2155 4.42322
      vertex 48.576 83.3749 5.23908
      vertex 49.1047 83.3749 5.23908
    endloop
  endfacet
  facet normal 0 0.88849 0.458896
    outer loop
      vertex 47.8273 83.1128 8.49568
      vertex 48.8028 83.1128 8.49568
      vertex 48.3521 83.2237 8.28105
    endloop
  endfacet
  facet normal 0 0.88849 0.458896
    outer loop
      vertex 48.3521 83.2237 8.28105
      vertex 47.8273 83.2237 8.28105
      vertex 47.8273 83.1128 8.49568
    endloop
  endfacet
  facet normal 0 1 0
    outer loop
      vertex 49.1047 83.3749 7.98881
      vertex 49.1047 83.3749 7.56799
      vertex 48.576 83.3749 7.87249
    endloop
  endfacet
  facet normal 0 1 0
    outer loop
      vertex 48.576 83.3749 7.87249
      vertex 48.576 83.3749 7.98881
      vertex 49.1047 83.3749 7.98881
    endloop
  endfacet
  facet normal 0 1 0
    outer loop
      vertex 48.8369 83.3749 6.92399
      vertex 49.1047 83.3749 6.92399
      vertex 48.576 83.3749 6.61949
    endloop
  endfacet
  facet normal 0 1 0
    outer loop
      vertex 48.576 83.3749 6.61949
      vertex 48.5744 83.3749 6.92399
      vertex 48.8369 83.3749 6.92399
    endloop
  endfacet
  facet normal 0 0.888282 0.459299
    outer loop
      vertex 48.8028 83.1128 8.49568
      vertex 49.1047 83.3749 7.98881
      vertex 48.576 83.3749 7.98881
    endloop
  endfacet
  facet normal -0.000309134 0.888225 0.459408
    outer loop
      vertex 48.576 83.3749 7.98881
      vertex 48.3521 83.2237 8.28105
      vertex 48.8028 83.1128 8.49568
    endloop
  endfacet
  facet normal 0 0.981431 -0.191813
    outer loop
      vertex 48.3732 83.5676 4.42322
      vertex 47.8273 83.5676 4.42322
      vertex 47.8273 83.7271 5.23908
    endloop
  endfacet
  facet normal 0 0.981431 -0.191813
    outer loop
      vertex 47.8273 83.7271 5.23908
      vertex 48.576 83.7271 5.23908
      vertex 48.3732 83.5676 4.42322
    endloop
  endfacet
  facet normal 0 1 0
    outer loop
      vertex 48.576 83.7271 6.30723
      vertex 47.8273 83.7271 6.30723
      vertex 47.8273 83.7271 7.98881
    endloop
  endfacet
  facet normal 0 1 0
    outer loop
      vertex 47.8273 83.7271 7.98881
      vertex 48.576 83.7271 7.98881
      vertex 48.576 83.7271 7.87249
    endloop
  endfacet
  facet normal 0 1 0
    outer loop
      vertex 47.8273 83.7271 7.98881
      vertex 48.576 83.7271 7.87249
      vertex 48.5744 83.7271 7.56799
    endloop
  endfacet
  facet normal 0 1 0
    outer loop
      vertex 48.576 83.7271 6.61949
      vertex 48.576 83.7271 6.30723
      vertex 47.8273 83.7271 7.98881
    endloop
  endfacet
  facet normal 0 1 0
    outer loop
      vertex 47.8273 83.7271 7.98881
      vertex 48.5744 83.7271 7.56799
      vertex 48.5744 83.7271 6.92399
    endloop
  endfacet
  facet normal 0 1 0
    outer loop
      vertex 47.8273 83.7271 7.98881
      vertex 48.5744 83.7271 6.92399
      vertex 48.576 83.7271 6.61949
    endloop
  endfacet
  facet normal 0 1 0
    outer loop
      vertex 47.8273 83.7271 5.23908
      vertex 47.8273 83.7271 6.03874
      vertex 48.576 83.7271 6.03874
    endloop
  endfacet
  facet normal 0 1 0
    outer loop
      vertex 48.576 83.7271 6.03874
      vertex 48.576 83.7271 5.23908
      vertex 47.8273 83.7271 5.23908
    endloop
  endfacet
  facet normal 0 1 0
    outer loop
      vertex 47.8273 83.7271 6.03874
      vertex 47.8273 83.7271 6.30723
      vertex 48.576 83.7271 6.30723
    endloop
  endfacet
  facet normal 0 1 0
    outer loop
      vertex 48.576 83.7271 6.30723
      vertex 48.576 83.7271 6.03874
      vertex 47.8273 83.7271 6.03874
    endloop
  endfacet
  facet normal 0.999986 0 -0.00521151
    outer loop
      vertex 48.576 83.3749 7.87249
      vertex 48.5744 83.3749 7.56799
      vertex 48.5744 83.7271 7.56799
    endloop
  endfacet
  facet normal 0.999986 0 -0.00521151
    outer loop
      vertex 48.5744 83.7271 7.56799
      vertex 48.576 83.7271 7.87249
      vertex 48.576 83.3749 7.87249
    endloop
  endfacet
  facet normal 1 0 0
    outer loop
      vertex 48.576 83.3749 7.98881
      vertex 48.576 83.3749 7.87249
      vertex 48.576 83.7271 7.87249
    endloop
  endfacet
  facet normal 1 0 0
    outer loop
      vertex 48.576 83.7271 7.87249
      vertex 48.576 83.7271 7.98881
      vertex 48.576 83.3749 7.98881
    endloop
  endfacet
  facet normal 0.970488 0 -0.24115
    outer loop
      vertex 48.576 83.3749 5.23908
      vertex 48.3732 83.2155 4.42322
      vertex 48.3732 83.5676 4.42322
    endloop
  endfacet
  facet normal 0.970488 0 -0.24115
    outer loop
      vertex 48.3732 83.5676 4.42322
      vertex 48.576 83.7271 5.23908
      vertex 48.576 83.3749 5.23908
    endloop
  endfacet
  facet normal 1 0 0
    outer loop
      vertex 48.5744 83.3749 7.56799
      vertex 48.5744 83.3749 6.92399
      vertex 48.5744 83.7271 6.92399
    endloop
  endfacet
  facet normal 1 0 0
    outer loop
      vertex 48.5744 83.7271 6.92399
      vertex 48.5744 83.7271 7.56799
      vertex 48.5744 83.3749 7.56799
    endloop
  endfacet
  facet normal 0.999986 0 0.00521152
    outer loop
      vertex 48.5744 83.3749 6.92399
      vertex 48.576 83.3749 6.61949
      vertex 48.576 83.7271 6.61949
    endloop
  endfacet
  facet normal 0.999986 0 0.00521152
    outer loop
      vertex 48.576 83.7271 6.61949
      vertex 48.5744 83.7271 6.92399
      vertex 48.5744 83.3749 6.92399
    endloop
  endfacet
  facet normal 1 0 0
    outer loop
      vertex 48.576 83.3749 6.03874
      vertex 48.576 83.3749 5.23908
      vertex 48.576 83.7271 5.23908
    endloop
  endfacet
  facet normal 1 0 0
    outer loop
      vertex 48.576 83.7271 5.23908
      vertex 48.576 83.7271 6.03874
      vertex 48.576 83.3749 6.03874
    endloop
  endfacet
  facet normal 1 0 0
    outer loop
      vertex 48.576 83.3749 6.61949
      vertex 48.576 83.3749 6.30723
      vertex 48.576 83.7271 6.30723
    endloop
  endfacet
  facet normal 1 0 0
    outer loop
      vertex 48.576 83.7271 6.30723
      vertex 48.576 83.7271 6.61949
      vertex 48.576 83.3749 6.61949
    endloop
  endfacet
  facet normal 0 0 1
    outer loop
      vertex 47.8273 83.3749 7.98881
      vertex 48.576 83.3749 7.98881
      vertex 48.576 83.7271 7.98881
    endloop
  endfacet
  facet normal 0 0 1
    outer loop
      vertex 48.576 83.7271 7.98881
      vertex 47.8273 83.7271 7.98881
      vertex 47.8273 83.3749 7.98881
    endloop
  endfacet
  facet normal 0 0 -1
    outer loop
      vertex 47.1378 58.5937 5.23015
      vertex 47.1378 58.1359 5.23015
      vertex 46.5496 58.1359 5.23015
    endloop
  endfacet
  facet normal 0 0 -1
    outer loop
      vertex 46.5496 58.1359 5.23015
      vertex 46.5496 58.5937 5.23015
      vertex 47.1378 58.5937 5.23015
    endloop
  endfacet
  facet normal 0 0 -1
    outer loop
      vertex 49.105 58.5937 5.23015
      vertex 48.5168 58.5937 5.23015
      vertex 48.5168 58.8662 5.23015
    endloop
  endfacet
  facet normal 0 0 -1
    outer loop
      vertex 49.105 58.5937 5.23015
      vertex 48.5168 58.8662 5.23015
      vertex 48.7062 58.8662 5.23015
    endloop
  endfacet
  facet normal 0 0 -1
    outer loop
      vertex 48.7062 63.5527 5.23015
      vertex 49.105 63.5527 5.23015
      vertex 49.105 58.5937 5.23015
    endloop
  endfacet
  facet normal 0 0 -1
    outer loop
      vertex 48.5168 62.5521 5.23015
      vertex 48.5168 63.3839 5.23015
      vertex 48.7062 63.3839 5.23015
    endloop
  endfacet
  facet normal 0 0 -1
    outer loop
      vertex 48.7062 63.3839 5.23015
      vertex 48.7062 63.5527 5.23015
      vertex 49.105 58.5937 5.23015
    endloop
  endfacet
  facet normal 0 0 -1
    outer loop
      vertex 49.105 58.5937 5.23015
      vertex 48.7062 58.8662 5.23015
      vertex 48.7062 59.5592 5.23015
    endloop
  endfacet
  facet normal 0 0 -1
    outer loop
      vertex 48.7062 59.5592 5.23015
      vertex 48.5168 59.5592 5.23015
      vertex 48.5168 60.3038 5.23015
    endloop
  endfacet
  facet normal 0 0 -1
    outer loop
      vertex 48.7062 59.5592 5.23015
      vertex 48.5168 60.3038 5.23015
      vertex 48.7062 60.3038 5.23015
    endloop
  endfacet
  facet normal 0 0 -1
    outer loop
      vertex 48.7062 62.5521 5.23015
      vertex 48.5168 62.5521 5.23015
      vertex 48.7062 63.3839 5.23015
    endloop
  endfacet
  facet normal 0 0 -1
    outer loop
      vertex 48.5168 60.9968 5.23015
      vertex 48.5168 61.8591 5.23015
      vertex 48.7062 61.8591 5.23015
    endloop
  endfacet
  facet normal 0 0 0
    outer loop
      vertex 48.7062 61.8591 5.23015
      vertex 48.7062 62.5521 5.23015
      vertex 48.7062 63.3839 5.23015
    endloop
  endfacet
  facet normal 0 0 -1
    outer loop
      vertex 49.105 58.5937 5.23015
      vertex 48.7062 59.5592 5.23015
      vertex 48.7062 60.3038 5.23015
    endloop
  endfacet
  facet normal 0 0 -1
    outer loop
      vertex 48.7062 60.9968 5.23015
      vertex 48.5168 60.9968 5.23015
      vertex 48.7062 61.8591 5.23015
    endloop
  endfacet
  facet normal 0 0 -1
    outer loop
      vertex 49.105 58.5937 5.23015
      vertex 48.7062 60.3038 5.23015
      vertex 48.7062 60.9968 5.23015
    endloop
  endfacet
  facet normal 0 0 -1
    outer loop
      vertex 48.7062 61.8591 5.23015
      vertex 48.7062 63.3839 5.23015
      vertex 49.105 58.5937 5.23015
    endloop
  endfacet
  facet normal 0 0 -1
    outer loop
      vertex 48.7062 60.9968 5.23015
      vertex 48.7062 61.8591 5.23015
      vertex 49.105 58.5937 5.23015
    endloop
  endfacet
  facet normal -0.981789 0 -0.189977
    outer loop
      vertex 47.2495 44.0298 4.65263
      vertex 47.1483 44.0298 5.17555
      vertex 47.1483 46.6218 5.17555
    endloop
  endfacet
  facet normal -0.981789 0 -0.189977
    outer loop
      vertex 47.1483 46.6218 5.17555
      vertex 47.2495 46.6218 4.65263
      vertex 47.2495 44.0298 4.65263
    endloop
  endfacet
  facet normal -0.981785 0 -0.189997
    outer loop
      vertex 47.2495 51.0587 4.65263
      vertex 47.1378 51.0587 5.23015
      vertex 47.1378 51.1899 5.23015
    endloop
  endfacet
  facet normal -0.981785 0 -0.189997
    outer loop
      vertex 47.1378 51.1899 5.23015
      vertex 47.2495 51.1899 4.65263
      vertex 47.2495 51.0587 4.65263
    endloop
  endfacet
  facet normal 0 1 0
    outer loop
      vertex 47.8273 44.0298 4.60495
      vertex 47.8273 44.0298 4.65263
      vertex 48.405 44.0298 4.65263
    endloop
  endfacet
  facet normal 0 1 0
    outer loop
      vertex 48.405 44.0298 4.65263
      vertex 48.5062 44.0298 5.17555
      vertex 50.1194 44.0298 5.17555
    endloop
  endfacet
  facet normal 0 1 0
    outer loop
      vertex 50.1194 44.0298 4.60495
      vertex 47.8273 44.0298 4.60495
      vertex 48.405 44.0298 4.65263
    endloop
  endfacet
  facet normal 0 1 0
    outer loop
      vertex 48.405 44.0298 4.65263
      vertex 50.1194 44.0298 5.17555
      vertex 50.1194 44.0298 4.60495
    endloop
  endfacet
  facet normal 0 0 -1
    outer loop
      vertex 48.405 46.6218 4.65263
      vertex 48.405 44.0298 4.65263
      vertex 47.8273 44.0298 4.65263
    endloop
  endfacet
  facet normal 0 0 -1
    outer loop
      vertex 47.8273 44.0298 4.65263
      vertex 47.2495 44.0298 4.65263
      vertex 47.2495 46.6218 4.65263
    endloop
  endfacet
  facet normal 0 0 -1
    outer loop
      vertex 47.8273 44.0298 4.65263
      vertex 47.2495 46.6218 4.65263
      vertex 48.405 46.6218 4.65263
    endloop
  endfacet
  facet normal 0 0 -1
    outer loop
      vertex 48.405 51.1899 4.65263
      vertex 48.405 51.0587 4.65263
      vertex 47.8273 51.0587 4.65263
    endloop
  endfacet
  facet normal 0 0 -1
    outer loop
      vertex 47.8273 51.0587 4.65263
      vertex 47.2495 51.0587 4.65263
      vertex 47.2495 51.1899 4.65263
    endloop
  endfacet
  facet normal 0 0 -1
    outer loop
      vertex 47.8273 51.0587 4.65263
      vertex 47.2495 51.1899 4.65263
      vertex 48.405 51.1899 4.65263
    endloop
  endfacet
  facet normal 0 1 0
    outer loop
      vertex 47.8273 51.0587 4.0536
      vertex 47.8273 51.0587 4.65263
      vertex 48.405 51.0587 4.65263
    endloop
  endfacet
  facet normal 0 1 0
    outer loop
      vertex 48.405 51.0587 4.65263
      vertex 48.5168 51.0587 5.23015
      vertex 49.105 51.0587 5.23015
    endloop
  endfacet
  facet normal 0 1 0
    outer loop
      vertex 49.105 51.0587 5.23015
      vertex 50.1194 51.0587 4.0536
      vertex 47.8273 51.0587 4.0536
    endloop
  endfacet
  facet normal 0 1 0
    outer loop
      vertex 48.405 51.0587 4.65263
      vertex 49.105 51.0587 5.23015
      vertex 47.8273 51.0587 4.0536
    endloop
  endfacet
  facet normal 0 1 0
    outer loop
      vertex 45.5352 44.0298 5.17555
      vertex 47.1483 44.0298 5.17555
      vertex 47.2495 44.0298 4.65263
    endloop
  endfacet
  facet normal 0 1 0
    outer loop
      vertex 47.2495 44.0298 4.65263
      vertex 47.8273 44.0298 4.65263
      vertex 47.8273 44.0298 4.60495
    endloop
  endfacet
  facet normal 0 1 0
    outer loop
      vertex 45.5352 44.0298 4.60495
      vertex 45.5352 44.0298 5.17555
      vertex 47.2495 44.0298 4.65263
    endloop
  endfacet
  facet normal 0 1 0
    outer loop
      vertex 47.2495 44.0298 4.65263
      vertex 47.8273 44.0298 4.60495
      vertex 45.5352 44.0298 4.60495
    endloop
  endfacet
  facet normal 0 0 -1
    outer loop
      vertex 46.5496 58.1359 5.23015
      vertex 47.1378 58.1359 5.23015
      vertex 47.1378 58.0494 5.23015
    endloop
  endfacet
  facet normal 0 0 -1
    outer loop
      vertex 46.5496 58.1359 5.23015
      vertex 47.1378 58.0494 5.23015
      vertex 46.9484 58.0495 5.23015
    endloop
  endfacet
  facet normal 0 0 -1
    outer loop
      vertex 47.1378 51.1899 5.23015
      vertex 47.1378 51.0587 5.23015
      vertex 46.5496 51.0587 5.23015
    endloop
  endfacet
  facet normal 0 0 -1
    outer loop
      vertex 46.9484 51.1899 5.23015
      vertex 47.1378 51.1899 5.23015
      vertex 46.5496 51.0587 5.23015
    endloop
  endfacet
  facet normal 0 0 -1
    outer loop
      vertex 46.5496 51.0587 5.23015
      vertex 46.5496 58.1359 5.23015
      vertex 46.9484 58.0495 5.23015
    endloop
  endfacet
  facet normal 0 0 -1
    outer loop
      vertex 46.9484 57.3564 5.23015
      vertex 47.1378 57.3564 5.23015
      vertex 47.1378 56.516 5.23015
    endloop
  endfacet
  facet normal 0 0 -1
    outer loop
      vertex 46.5496 51.0587 5.23015
      vertex 46.9484 58.0495 5.23015
      vertex 46.9484 57.3564 5.23015
    endloop
  endfacet
  facet normal 0 0 -1
    outer loop
      vertex 46.9484 51.8829 5.23015
      vertex 46.9484 51.1899 5.23015
      vertex 46.5496 51.0587 5.23015
    endloop
  endfacet
  facet normal 0 0 -1
    outer loop
      vertex 47.1378 52.6274 5.23015
      vertex 47.1378 51.8829 5.23015
      vertex 46.9484 51.8829 5.23015
    endloop
  endfacet
  facet normal 0 0 -1
    outer loop
      vertex 46.9484 52.6274 5.23015
      vertex 47.1378 52.6274 5.23015
      vertex 46.9484 51.8829 5.23015
    endloop
  endfacet
  facet normal 0 0 -1
    outer loop
      vertex 46.9484 57.3564 5.23015
      vertex 47.1378 56.516 5.23015
      vertex 46.9484 56.516 5.23015
    endloop
  endfacet
  facet normal 0 0 -1
    outer loop
      vertex 46.9484 55.823 5.23015
      vertex 47.1378 55.823 5.23015
      vertex 47.1378 54.9912 5.23015
    endloop
  endfacet
  facet normal 0 0 0
    outer loop
      vertex 46.9484 57.3564 5.23015
      vertex 46.9484 56.516 5.23015
      vertex 46.9484 55.823 5.23015
    endloop
  endfacet
  facet normal 0 0 -1
    outer loop
      vertex 46.9484 52.6274 5.23015
      vertex 46.9484 51.8829 5.23015
      vertex 46.5496 51.0587 5.23015
    endloop
  endfacet
  facet normal 0 0 -1
    outer loop
      vertex 47.1378 54.2982 5.23015
      vertex 47.1378 53.3205 5.23015
      vertex 46.9484 53.3205 5.23015
    endloop
  endfacet
  facet normal 0 0 -1
    outer loop
      vertex 46.9484 53.3205 5.23015
      vertex 46.9484 52.6274 5.23015
      vertex 46.5496 51.0587 5.23015
    endloop
  endfacet
  facet normal 0 0 -1
    outer loop
      vertex 46.5496 51.0587 5.23015
      vertex 46.9484 57.3564 5.23015
      vertex 46.9484 55.823 5.23015
    endloop
  endfacet
  facet normal 0 0 -1
    outer loop
      vertex 46.9484 55.823 5.23015
      vertex 47.1378 54.9912 5.23015
      vertex 46.9484 54.9912 5.23015
    endloop
  endfacet
  facet normal 0 0 -1
    outer loop
      vertex 46.9484 54.2982 5.23015
      vertex 47.1378 54.2982 5.23015
      vertex 46.9484 53.3205 5.23015
    endloop
  endfacet
  facet normal 0 0 -1
    outer loop
      vertex 46.5496 51.0587 5.23015
      vertex 46.9484 55.823 5.23015
      vertex 46.9484 54.9912 5.23015
    endloop
  endfacet
  facet normal 0 0 -1
    outer loop
      vertex 46.9484 54.2982 5.23015
      vertex 46.9484 53.3205 5.23015
      vertex 46.5496 51.0587 5.23015
    endloop
  endfacet
  facet normal 0 0 -1
    outer loop
      vertex 46.9484 54.9912 5.23015
      vertex 46.9484 54.2982 5.23015
      vertex 46.5496 51.0587 5.23015
    endloop
  endfacet
  facet normal 0 0 -1
    outer loop
      vertex 49.105 51.0587 5.23015
      vertex 48.5168 51.0587 5.23015
      vertex 48.5168 51.1899 5.23015
    endloop
  endfacet
  facet normal 0 0 -1
    outer loop
      vertex 49.105 51.0587 5.23015
      vertex 48.5168 51.1899 5.23015
      vertex 48.7062 51.1899 5.23015
    endloop
  endfacet
  facet normal 0 0 -1
    outer loop
      vertex 48.5168 58.0495 5.23015
      vertex 48.5168 58.1359 5.23015
      vertex 49.105 58.1359 5.23015
    endloop
  endfacet
  facet normal 0 0 -1
    outer loop
      vertex 48.7062 58.0495 5.23015
      vertex 48.5168 58.0495 5.23015
      vertex 49.105 58.1359 5.23015
    endloop
  endfacet
  facet normal 0 0 -1
    outer loop
      vertex 49.105 58.1359 5.23015
      vertex 49.105 51.0587 5.23015
      vertex 48.7062 51.1899 5.23015
    endloop
  endfacet
  facet normal 0 0 -1
    outer loop
      vertex 48.7062 51.8829 5.23015
      vertex 48.5168 51.8829 5.23015
      vertex 48.5168 52.6274 5.23015
    endloop
  endfacet
  facet normal 0 0 -1
    outer loop
      vertex 49.105 58.1359 5.23015
      vertex 48.7062 51.1899 5.23015
      vertex 48.7062 51.8829 5.23015
    endloop
  endfacet
  facet normal 0 0 -1
    outer loop
      vertex 48.7062 57.3564 5.23015
      vertex 48.7062 58.0495 5.23015
      vertex 49.105 58.1359 5.23015
    endloop
  endfacet
  facet normal 0 0 -1
    outer loop
      vertex 48.5168 56.516 5.23015
      vertex 48.5168 57.3564 5.23015
      vertex 48.7062 57.3564 5.23015
    endloop
  endfacet
  facet normal 0 0 -1
    outer loop
      vertex 48.7062 56.516 5.23015
      vertex 48.5168 56.516 5.23015
      vertex 48.7062 57.3564 5.23015
    endloop
  endfacet
  facet normal 0 0 -1
    outer loop
      vertex 48.7062 57.3564 5.23015
      vertex 49.105 58.1359 5.23015
      vertex 48.7062 51.8829 5.23015
    endloop
  endfacet
  facet normal 0 0 -1
    outer loop
      vertex 48.7062 51.8829 5.23015
      vertex 48.5168 52.6274 5.23015
      vertex 48.7062 52.6274 5.23015
    endloop
  endfacet
  facet normal 0 0 -1
    outer loop
      vertex 48.7062 53.3205 5.23015
      vertex 48.5168 53.3205 5.23015
      vertex 48.5168 54.2982 5.23015
    endloop
  endfacet
  facet normal 0 0 0
    outer loop
      vertex 48.7062 57.3564 5.23015
      vertex 48.7062 51.8829 5.23015
      vertex 48.7062 52.6274 5.23015
    endloop
  endfacet
  facet normal 0 0 -1
    outer loop
      vertex 48.7062 53.3205 5.23015
      vertex 48.5168 54.2982 5.23015
      vertex 48.7062 54.2982 5.23015
    endloop
  endfacet
  facet normal 0 0 0
    outer loop
      vertex 48.7062 57.3564 5.23015
      vertex 48.7062 52.6274 5.23015
      vertex 48.7062 53.3205 5.23015
    endloop
  endfacet
  facet normal 0 0 0
    outer loop
      vertex 48.7062 56.516 5.23015
      vertex 48.7062 57.3564 5.23015
      vertex 48.7062 53.3205 5.23015
    endloop
  endfacet
  facet normal 0 0 -1
    outer loop
      vertex 48.5168 54.9912 5.23015
      vertex 48.5168 55.823 5.23015
      vertex 48.7062 55.823 5.23015
    endloop
  endfacet
  facet normal 0 0 -1
    outer loop
      vertex 48.7062 54.9912 5.23015
      vertex 48.5168 54.9912 5.23015
      vertex 48.7062 55.823 5.23015
    endloop
  endfacet
  facet normal 0 0 0
    outer loop
      vertex 48.7062 54.9912 5.23015
      vertex 48.7062 55.823 5.23015
      vertex 48.7062 56.516 5.23015
    endloop
  endfacet
  facet normal 0 0 0
    outer loop
      vertex 48.7062 54.2982 5.23015
      vertex 48.7062 54.9912 5.23015
      vertex 48.7062 56.516 5.23015
    endloop
  endfacet
  facet normal 0 0 0
    outer loop
      vertex 48.7062 53.3205 5.23015
      vertex 48.7062 54.2982 5.23015
      vertex 48.7062 56.516 5.23015
    endloop
  endfacet
  facet normal 0 0 -1
    outer loop
      vertex 48.5168 58.1359 5.23015
      vertex 48.5168 58.5937 5.23015
      vertex 49.105 58.5937 5.23015
    endloop
  endfacet
  facet normal 0 0 -1
    outer loop
      vertex 49.105 58.5937 5.23015
      vertex 49.105 58.1359 5.23015
      vertex 48.5168 58.1359 5.23015
    endloop
  endfacet
  facet normal 0.981785 0 -0.189997
    outer loop
      vertex 48.405 69.2014 4.65263
      vertex 48.5168 68.6949 5.23015
      vertex 48.5168 68.5578 5.23015
    endloop
  endfacet
  facet normal 0.981785 0 -0.189997
    outer loop
      vertex 48.5168 68.5578 5.23015
      vertex 48.405 68.5578 4.65263
      vertex 48.405 69.2014 4.65263
    endloop
  endfacet
  facet normal 0.981784 0 -0.189999
    outer loop
      vertex 48.405 47.9368 4.65263
      vertex 48.4934 47.3148 5.10914
      vertex 48.405 47.3148 4.65263
    endloop
  endfacet
  facet normal 0 1 0
    outer loop
      vertex 46.5496 51.0587 5.23015
      vertex 47.1378 51.0587 5.23015
      vertex 47.2495 51.0587 4.65263
    endloop
  endfacet
  facet normal 0 1 0
    outer loop
      vertex 47.2495 51.0587 4.65263
      vertex 47.8273 51.0587 4.65263
      vertex 47.8273 51.0587 4.0536
    endloop
  endfacet
  facet normal 0 1 0
    outer loop
      vertex 47.8273 51.0587 4.0536
      vertex 45.5352 51.0587 4.0536
      vertex 46.5496 51.0587 5.23015
    endloop
  endfacet
  facet normal 0 1 0
    outer loop
      vertex 47.2495 51.0587 4.65263
      vertex 47.8273 51.0587 4.0536
      vertex 46.5496 51.0587 5.23015
    endloop
  endfacet
  facet normal 0 0 -1
    outer loop
      vertex 50.1194 44.0298 5.17555
      vertex 48.5062 44.0298 5.17555
      vertex 48.5062 46.6218 5.17555
    endloop
  endfacet
  facet normal 0 0 -1
    outer loop
      vertex 48.6813 46.6218 5.17555
      vertex 48.6813 47.2244 5.17555
      vertex 50.1194 47.2244 5.17555
    endloop
  endfacet
  facet normal 0 0 -1
    outer loop
      vertex 50.1194 44.0298 5.17555
      vertex 48.5062 46.6218 5.17555
      vertex 48.6813 46.6218 5.17555
    endloop
  endfacet
  facet normal 0 0 -1
    outer loop
      vertex 48.6813 46.6218 5.17555
      vertex 50.1194 47.2244 5.17555
      vertex 50.1194 44.0298 5.17555
    endloop
  endfacet
  facet normal 0 -1 0
    outer loop
      vertex 48.7062 60.3038 5.23015
      vertex 48.5168 60.3038 5.23015
      vertex 48.405 60.3038 4.65263
    endloop
  endfacet
  facet normal 0 -1 0
    outer loop
      vertex 47.2495 60.3038 4.65263
      vertex 47.1378 60.3038 5.23015
      vertex 46.9484 60.3038 5.23015
    endloop
  endfacet
  facet normal 0 -1 0
    outer loop
      vertex 48.3244 60.3038 4.39281
      vertex 48.7062 60.3038 5.23015
      vertex 48.405 60.3038 4.65263
    endloop
  endfacet
  facet normal 0 -1 0
    outer loop
      vertex 47.2495 60.3038 4.65263
      vertex 46.9484 60.3038 5.23015
      vertex 47.3301 60.3038 4.39281
    endloop
  endfacet
  facet normal 0 -1 0
    outer loop
      vertex 48.3244 60.3038 4.39281
      vertex 48.405 60.3038 4.65263
      vertex 47.2495 60.3038 4.65263
    endloop
  endfacet
  facet normal 0 -1 0
    outer loop
      vertex 47.3301 60.3038 4.39281
      vertex 48.3244 60.3038 4.39281
      vertex 47.2495 60.3038 4.65263
    endloop
  endfacet
  facet normal -0.909893 0.000329473 -0.414842
    outer loop
      vertex 46.9732 47.2244 5.17555
      vertex 47.0035 47.3148 5.10914
      vertex 47.3301 47.3148 4.39281
    endloop
  endfacet
  facet normal -0.909879 0 -0.414874
    outer loop
      vertex 47.3301 47.3148 4.39281
      vertex 47.3301 46.6218 4.39281
      vertex 46.9732 46.6218 5.17555
    endloop
  endfacet
  facet normal -0.909879 0 -0.414874
    outer loop
      vertex 47.3301 47.3148 4.39281
      vertex 46.9732 46.6218 5.17555
      vertex 46.9732 47.2244 5.17555
    endloop
  endfacet
  facet normal 0 1 0
    outer loop
      vertex 47.0035 47.3148 5.10914
      vertex 47.1612 47.3148 5.10914
      vertex 47.2495 47.3148 4.65263
    endloop
  endfacet
  facet normal 0 1 0
    outer loop
      vertex 48.405 47.3148 4.65263
      vertex 48.4934 47.3148 5.10914
      vertex 48.651 47.3148 5.10914
    endloop
  endfacet
  facet normal 0 1 0
    outer loop
      vertex 47.3301 47.3148 4.39281
      vertex 47.0035 47.3148 5.10914
      vertex 47.2495 47.3148 4.65263
    endloop
  endfacet
  facet normal 0 1 0
    outer loop
      vertex 48.405 47.3148 4.65263
      vertex 48.651 47.3148 5.10914
      vertex 48.3244 47.3148 4.39281
    endloop
  endfacet
  facet normal 0 1 0
    outer loop
      vertex 47.3301 47.3148 4.39281
      vertex 47.2495 47.3148 4.65263
      vertex 48.405 47.3148 4.65263
    endloop
  endfacet
  facet normal 0 1 0
    outer loop
      vertex 48.3244 47.3148 4.39281
      vertex 47.3301 47.3148 4.39281
      vertex 48.405 47.3148 4.65263
    endloop
  endfacet
  facet normal 0 1 0
    outer loop
      vertex 46.9484 67.1202 5.23015
      vertex 47.1378 67.1202 5.23015
      vertex 47.2495 67.1202 4.65263
    endloop
  endfacet
  facet normal 0 1 0
    outer loop
      vertex 48.405 67.1202 4.65263
      vertex 48.5168 67.1202 5.23015
      vertex 48.7062 67.1202 5.23015
    endloop
  endfacet
  facet normal 0 1 0
    outer loop
      vertex 47.3301 67.1202 4.39281
      vertex 46.9484 67.1202 5.23015
      vertex 47.2495 67.1202 4.65263
    endloop
  endfacet
  facet normal 0 1 0
    outer loop
      vertex 48.405 67.1202 4.65263
      vertex 48.7062 67.1202 5.23015
      vertex 48.3244 67.1202 4.39281
    endloop
  endfacet
  facet normal 0 1 0
    outer loop
      vertex 47.3301 67.1202 4.39281
      vertex 47.2495 67.1202 4.65263
      vertex 48.405 67.1202 4.65263
    endloop
  endfacet
  facet normal 0 1 0
    outer loop
      vertex 48.3244 67.1202 4.39281
      vertex 47.3301 67.1202 4.39281
      vertex 48.405 67.1202 4.65263
    endloop
  endfacet
  facet normal -0.909888 0 -0.414854
    outer loop
      vertex 46.9484 59.5592 5.23015
      vertex 47.3301 59.5592 4.39281
      vertex 47.3301 58.8662 4.39281
    endloop
  endfacet
  facet normal -0.909888 0 -0.414854
    outer loop
      vertex 47.3301 58.8662 4.39281
      vertex 46.9484 58.8662 5.23015
      vertex 46.9484 59.5592 5.23015
    endloop
  endfacet
  facet normal 8.05623e-05 -1 -4.20118e-05
    outer loop
      vertex 48.7062 64.9174 5.23015
      vertex 48.5168 64.9173 5.23015
      vertex 48.405 64.9174 4.65263
    endloop
  endfacet
  facet normal 0 -1 0
    outer loop
      vertex 47.2495 64.9173 4.65263
      vertex 47.1378 64.9173 5.23015
      vertex 46.9484 64.9173 5.23015
    endloop
  endfacet
  facet normal -0.000278031 -1 0.000144988
    outer loop
      vertex 48.3244 64.9173 4.39281
      vertex 48.7062 64.9174 5.23015
      vertex 48.405 64.9174 4.65263
    endloop
  endfacet
  facet normal 0 -1 0
    outer loop
      vertex 47.2495 64.9173 4.65263
      vertex 46.9484 64.9173 5.23015
      vertex 47.3301 64.9173 4.39281
    endloop
  endfacet
  facet normal 1.32054e-05 -1 5.46303e-05
    outer loop
      vertex 48.3244 64.9173 4.39281
      vertex 48.405 64.9174 4.65263
      vertex 47.2495 64.9173 4.65263
    endloop
  endfacet
  facet normal 0 -1 0
    outer loop
      vertex 47.2495 64.9173 4.65263
      vertex 47.3301 64.9173 4.39281
      vertex 48.3244 64.9173 4.39281
    endloop
  endfacet
  facet normal -0.909888 0 -0.414854
    outer loop
      vertex 46.9484 62.5521 5.23015
      vertex 47.3301 62.5521 4.39281
      vertex 47.3301 61.8591 4.39281
    endloop
  endfacet
  facet normal -0.909888 0 -0.414854
    outer loop
      vertex 47.3301 61.8591 4.39281
      vertex 46.9484 61.8591 5.23015
      vertex 46.9484 62.5521 5.23015
    endloop
  endfacet
  facet normal 0 -1 0
    outer loop
      vertex 47.8273 48.1466 4.49862
      vertex 47.2819 48.1466 4.49862
      vertex 47.3301 48.1466 4.39281
    endloop
  endfacet
  facet normal 0 -1 0
    outer loop
      vertex 47.3301 48.1466 4.39281
      vertex 48.3244 48.1466 4.39281
      vertex 48.3726 48.1466 4.49862
    endloop
  endfacet
  facet normal 0 -1 0
    outer loop
      vertex 47.3301 48.1466 4.39281
      vertex 48.3726 48.1466 4.49862
      vertex 47.8273 48.1466 4.49862
    endloop
  endfacet
  facet normal 0 -1 0
    outer loop
      vertex 48.7062 54.2982 5.23015
      vertex 48.5168 54.2982 5.23015
      vertex 48.405 54.2982 4.65263
    endloop
  endfacet
  facet normal 0 -1 0
    outer loop
      vertex 47.2495 54.2982 4.65263
      vertex 47.1378 54.2982 5.23015
      vertex 46.9484 54.2982 5.23015
    endloop
  endfacet
  facet normal 0 -1 0
    outer loop
      vertex 48.3244 54.2982 4.39281
      vertex 48.7062 54.2982 5.23015
      vertex 48.405 54.2982 4.65263
    endloop
  endfacet
  facet normal 0 -1 0
    outer loop
      vertex 47.2495 54.2982 4.65263
      vertex 46.9484 54.2982 5.23015
      vertex 47.3301 54.2982 4.39281
    endloop
  endfacet
  facet normal 0 -1 0
    outer loop
      vertex 48.3244 54.2982 4.39281
      vertex 48.405 54.2982 4.65263
      vertex 47.2495 54.2982 4.65263
    endloop
  endfacet
  facet normal 0 -1 0
    outer loop
      vertex 47.3301 54.2982 4.39281
      vertex 48.3244 54.2982 4.39281
      vertex 47.2495 54.2982 4.65263
    endloop
  endfacet
  facet normal 0.981785 0 -0.189997
    outer loop
      vertex 48.405 67.8647 4.65263
      vertex 48.5168 67.8647 5.23015
      vertex 48.5168 67.1202 5.23015
    endloop
  endfacet
  facet normal 0.981785 0 -0.189997
    outer loop
      vertex 48.5168 67.1202 5.23015
      vertex 48.405 67.1202 4.65263
      vertex 48.405 67.8647 4.65263
    endloop
  endfacet
  facet normal 0.981785 0 -0.189997
    outer loop
      vertex 48.405 66.4271 4.65263
      vertex 48.5168 66.4271 5.23015
      vertex 48.5168 65.6104 5.23015
    endloop
  endfacet
  facet normal 0.981785 0 -0.189997
    outer loop
      vertex 48.5168 65.6104 5.23015
      vertex 48.405 65.6104 4.65263
      vertex 48.405 66.4271 4.65263
    endloop
  endfacet
  facet normal 0.981785 0 -0.189997
    outer loop
      vertex 48.405 64.9174 4.65263
      vertex 48.5168 64.9173 5.23015
      vertex 48.5168 64.0769 5.23015
    endloop
  endfacet
  facet normal 0.981785 0 -0.189997
    outer loop
      vertex 48.5168 64.0769 5.23015
      vertex 48.405 64.0769 4.65263
      vertex 48.405 64.9174 4.65263
    endloop
  endfacet
  facet normal 0.981785 0 -0.189997
    outer loop
      vertex 48.405 63.3839 4.65263
      vertex 48.5168 63.3839 5.23015
      vertex 48.5168 62.5521 5.23015
    endloop
  endfacet
  facet normal 0.981785 0 -0.189997
    outer loop
      vertex 48.5168 62.5521 5.23015
      vertex 48.405 62.5521 4.65263
      vertex 48.405 63.3839 4.65263
    endloop
  endfacet
  facet normal 0.981785 0 -0.189997
    outer loop
      vertex 48.405 61.8591 4.65263
      vertex 48.5168 61.8591 5.23015
      vertex 48.5168 60.9968 5.23015
    endloop
  endfacet
  facet normal 0.981785 0 -0.189997
    outer loop
      vertex 48.5168 60.9968 5.23015
      vertex 48.405 60.9968 4.65263
      vertex 48.405 61.8591 4.65263
    endloop
  endfacet
  facet normal 0.981785 0 -0.189997
    outer loop
      vertex 48.405 60.3038 4.65263
      vertex 48.5168 60.3038 5.23015
      vertex 48.5168 59.5592 5.23015
    endloop
  endfacet
  facet normal 0.981785 0 -0.189997
    outer loop
      vertex 48.5168 59.5592 5.23015
      vertex 48.405 59.5592 4.65263
      vertex 48.405 60.3038 4.65263
    endloop
  endfacet
  facet normal 0.981785 0 -0.189997
    outer loop
      vertex 48.405 58.0495 4.65263
      vertex 48.405 58.8662 4.65263
      vertex 48.5168 58.8662 5.23015
    endloop
  endfacet
  facet normal 0.981785 0 -0.189997
    outer loop
      vertex 48.405 58.0495 4.65263
      vertex 48.5168 58.8662 5.23015
      vertex 48.5168 58.5937 5.23015
    endloop
  endfacet
  facet normal 0.981785 0 -0.189997
    outer loop
      vertex 48.5168 58.1359 5.23015
      vertex 48.5168 58.0495 5.23015
      vertex 48.405 58.0495 4.65263
    endloop
  endfacet
  facet normal 0.981785 0 -0.189997
    outer loop
      vertex 48.5168 58.5937 5.23015
      vertex 48.5168 58.1359 5.23015
      vertex 48.405 58.0495 4.65263
    endloop
  endfacet
  facet normal 0.981785 0 -0.189997
    outer loop
      vertex 48.405 57.3564 4.65263
      vertex 48.5168 57.3564 5.23015
      vertex 48.5168 56.516 5.23015
    endloop
  endfacet
  facet normal 0.981785 0 -0.189997
    outer loop
      vertex 48.5168 56.516 5.23015
      vertex 48.405 56.516 4.65263
      vertex 48.405 57.3564 4.65263
    endloop
  endfacet
  facet normal 0.981785 0 -0.189997
    outer loop
      vertex 48.405 55.823 4.65263
      vertex 48.5168 55.823 5.23015
      vertex 48.5168 54.9912 5.23015
    endloop
  endfacet
  facet normal 0.981785 0 -0.189997
    outer loop
      vertex 48.5168 54.9912 5.23015
      vertex 48.405 54.9912 4.65263
      vertex 48.405 55.823 4.65263
    endloop
  endfacet
  facet normal 0.981785 0 -0.189997
    outer loop
      vertex 48.405 54.2982 4.65263
      vertex 48.5168 54.2982 5.23015
      vertex 48.5168 53.3205 5.23015
    endloop
  endfacet
  facet normal 0.981785 0 -0.189997
    outer loop
      vertex 48.5168 53.3205 5.23015
      vertex 48.405 53.3205 4.65263
      vertex 48.405 54.2982 4.65263
    endloop
  endfacet
  facet normal 0.981785 0 -0.189997
    outer loop
      vertex 48.405 52.6274 4.65263
      vertex 48.5168 52.6274 5.23015
      vertex 48.5168 51.8829 5.23015
    endloop
  endfacet
  facet normal 0.981785 0 -0.189997
    outer loop
      vertex 48.5168 51.8829 5.23015
      vertex 48.405 51.8829 4.65263
      vertex 48.405 52.6274 4.65263
    endloop
  endfacet
  facet normal 0.981785 0 -0.189997
    outer loop
      vertex 48.405 51.1899 4.65263
      vertex 48.5168 51.1899 5.23015
      vertex 48.5168 51.0587 5.23015
    endloop
  endfacet
  facet normal 0.981785 0 -0.189997
    outer loop
      vertex 48.5168 51.0587 5.23015
      vertex 48.405 51.0587 4.65263
      vertex 48.405 51.1899 4.65263
    endloop
  endfacet
  facet normal 4.02812e-05 -1 -7.7953e-06
    outer loop
      vertex 48.7062 63.3839 5.23015
      vertex 48.5168 63.3839 5.23015
      vertex 48.405 63.3839 4.65263
    endloop
  endfacet
  facet normal 0 -1 -1.32106e-05
    outer loop
      vertex 47.2495 63.3839 4.65263
      vertex 47.1378 63.3839 5.23015
      vertex 46.9484 63.3839 5.23015
    endloop
  endfacet
  facet normal 6.25427e-05 -1 -1.94043e-05
    outer loop
      vertex 48.3244 63.3839 4.39281
      vertex 48.7062 63.3839 5.23015
      vertex 48.405 63.3839 4.65263
    endloop
  endfacet
  facet normal 0.000201579 -1 9.19077e-05
    outer loop
      vertex 47.2495 63.3839 4.65263
      vertex 46.9484 63.3839 5.23015
      vertex 47.3301 63.3839 4.39281
    endloop
  endfacet
  facet normal -6.60271e-06 -1 2.04853e-06
    outer loop
      vertex 48.3244 63.3839 4.39281
      vertex 48.405 63.3839 4.65263
      vertex 47.2495 63.3839 4.65263
    endloop
  endfacet
  facet normal 0 -1 2.93637e-05
    outer loop
      vertex 47.3301 63.3839 4.39281
      vertex 48.3244 63.3839 4.39281
      vertex 47.2495 63.3839 4.65263
    endloop
  endfacet
  facet normal 4.0282e-05 1 2.10061e-05
    outer loop
      vertex 46.9484 58.0495 5.23015
      vertex 47.1378 58.0494 5.23015
      vertex 47.2495 58.0495 4.65263
    endloop
  endfacet
  facet normal 0 1 0
    outer loop
      vertex 48.405 58.0495 4.65263
      vertex 48.5168 58.0495 5.23015
      vertex 48.7062 58.0495 5.23015
    endloop
  endfacet
  facet normal 0 1 0
    outer loop
      vertex 47.3301 58.0495 4.39281
      vertex 46.9484 58.0495 5.23015
      vertex 47.2495 58.0495 4.65263
    endloop
  endfacet
  facet normal 0 1 0
    outer loop
      vertex 48.405 58.0495 4.65263
      vertex 48.7062 58.0495 5.23015
      vertex 48.3244 58.0495 4.39281
    endloop
  endfacet
  facet normal 0 1 0
    outer loop
      vertex 47.3301 58.0495 4.39281
      vertex 47.2495 58.0495 4.65263
      vertex 48.405 58.0495 4.65263
    endloop
  endfacet
  facet normal 0 1 0
    outer loop
      vertex 48.405 58.0495 4.65263
      vertex 48.3244 58.0495 4.39281
      vertex 47.3301 58.0495 4.39281
    endloop
  endfacet
  facet normal 0 1 0
    outer loop
      vertex 46.9484 65.6104 5.23015
      vertex 47.1378 65.6104 5.23015
      vertex 47.2495 65.6104 4.65263
    endloop
  endfacet
  facet normal 0 1 0
    outer loop
      vertex 48.405 65.6104 4.65263
      vertex 48.5168 65.6104 5.23015
      vertex 48.7062 65.6104 5.23015
    endloop
  endfacet
  facet normal 0 1 0
    outer loop
      vertex 47.3301 65.6104 4.39281
      vertex 46.9484 65.6104 5.23015
      vertex 47.2495 65.6104 4.65263
    endloop
  endfacet
  facet normal 0 1 0
    outer loop
      vertex 48.405 65.6104 4.65263
      vertex 48.7062 65.6104 5.23015
      vertex 48.3244 65.6104 4.39281
    endloop
  endfacet
  facet normal 0 1 0
    outer loop
      vertex 47.3301 65.6104 4.39281
      vertex 47.2495 65.6104 4.65263
      vertex 48.405 65.6104 4.65263
    endloop
  endfacet
  facet normal 0 1 0
    outer loop
      vertex 48.405 65.6104 4.65263
      vertex 48.3244 65.6104 4.39281
      vertex 47.3301 65.6104 4.39281
    endloop
  endfacet
  facet normal -0.981786 0 -0.189991
    outer loop
      vertex 47.2495 47.3148 4.65263
      vertex 47.1612 47.3148 5.10914
      vertex 47.2495 47.9368 4.65263
    endloop
  endfacet
  facet normal 0 1 0
    outer loop
      vertex 46.9484 53.3205 5.23015
      vertex 47.1378 53.3205 5.23015
      vertex 47.2495 53.3205 4.65263
    endloop
  endfacet
  facet normal 0 1 0
    outer loop
      vertex 48.405 53.3205 4.65263
      vertex 48.5168 53.3205 5.23015
      vertex 48.7062 53.3205 5.23015
    endloop
  endfacet
  facet normal 0 1 0
    outer loop
      vertex 47.3301 53.3205 4.39281
      vertex 46.9484 53.3205 5.23015
      vertex 47.2495 53.3205 4.65263
    endloop
  endfacet
  facet normal 0 1 0
    outer loop
      vertex 48.405 53.3205 4.65263
      vertex 48.7062 53.3205 5.23015
      vertex 48.3244 53.3205 4.39281
    endloop
  endfacet
  facet normal 0 1 0
    outer loop
      vertex 47.3301 53.3205 4.39281
      vertex 47.2495 53.3205 4.65263
      vertex 48.405 53.3205 4.65263
    endloop
  endfacet
  facet normal 0 1 0
    outer loop
      vertex 48.3244 53.3205 4.39281
      vertex 47.3301 53.3205 4.39281
      vertex 48.405 53.3205 4.65263
    endloop
  endfacet
  facet normal 0 1 0
    outer loop
      vertex 46.9484 62.5521 5.23015
      vertex 47.1378 62.5521 5.23015
      vertex 47.2495 62.5521 4.65263
    endloop
  endfacet
  facet normal 0 1 0
    outer loop
      vertex 48.405 62.5521 4.65263
      vertex 48.5168 62.5521 5.23015
      vertex 48.7062 62.5521 5.23015
    endloop
  endfacet
  facet normal 0 1 0
    outer loop
      vertex 47.3301 62.5521 4.39281
      vertex 46.9484 62.5521 5.23015
      vertex 47.2495 62.5521 4.65263
    endloop
  endfacet
  facet normal 0 1 0
    outer loop
      vertex 48.405 62.5521 4.65263
      vertex 48.7062 62.5521 5.23015
      vertex 48.3244 62.5521 4.39281
    endloop
  endfacet
  facet normal 0 1 0
    outer loop
      vertex 47.3301 62.5521 4.39281
      vertex 47.2495 62.5521 4.65263
      vertex 48.405 62.5521 4.65263
    endloop
  endfacet
  facet normal 0 1 0
    outer loop
      vertex 48.3244 62.5521 4.39281
      vertex 47.3301 62.5521 4.39281
      vertex 48.405 62.5521 4.65263
    endloop
  endfacet
  facet normal 0 -1 0
    outer loop
      vertex 48.7062 61.8591 5.23015
      vertex 48.5168 61.8591 5.23015
      vertex 48.405 61.8591 4.65263
    endloop
  endfacet
  facet normal 0 -1 0
    outer loop
      vertex 47.2495 61.8591 4.65263
      vertex 47.1378 61.8591 5.23015
      vertex 46.9484 61.8591 5.23015
    endloop
  endfacet
  facet normal 0 -1 0
    outer loop
      vertex 48.3244 61.8591 4.39281
      vertex 48.7062 61.8591 5.23015
      vertex 48.405 61.8591 4.65263
    endloop
  endfacet
  facet normal 0 -1 0
    outer loop
      vertex 47.2495 61.8591 4.65263
      vertex 46.9484 61.8591 5.23015
      vertex 47.3301 61.8591 4.39281
    endloop
  endfacet
  facet normal 0 -1 0
    outer loop
      vertex 48.3244 61.8591 4.39281
      vertex 48.405 61.8591 4.65263
      vertex 47.2495 61.8591 4.65263
    endloop
  endfacet
  facet normal 0 -1 0
    outer loop
      vertex 47.3301 61.8591 4.39281
      vertex 48.3244 61.8591 4.39281
      vertex 47.2495 61.8591 4.65263
    endloop
  endfacet
  facet normal 0 -1 0
    outer loop
      vertex 48.7062 58.8662 5.23015
      vertex 48.5168 58.8662 5.23015
      vertex 48.405 58.8662 4.65263
    endloop
  endfacet
  facet normal 0 -1 0
    outer loop
      vertex 47.2495 58.8662 4.65263
      vertex 47.1378 58.8662 5.23015
      vertex 46.9484 58.8662 5.23015
    endloop
  endfacet
  facet normal 0 -1 0
    outer loop
      vertex 48.3244 58.8662 4.39281
      vertex 48.7062 58.8662 5.23015
      vertex 48.405 58.8662 4.65263
    endloop
  endfacet
  facet normal 0 -1 0
    outer loop
      vertex 47.2495 58.8662 4.65263
      vertex 46.9484 58.8662 5.23015
      vertex 47.3301 58.8662 4.39281
    endloop
  endfacet
  facet normal 0 -1 0
    outer loop
      vertex 48.3244 58.8662 4.39281
      vertex 48.405 58.8662 4.65263
      vertex 47.2495 58.8662 4.65263
    endloop
  endfacet
  facet normal 0 -1 0
    outer loop
      vertex 47.3301 58.8662 4.39281
      vertex 48.3244 58.8662 4.39281
      vertex 47.2495 58.8662 4.65263
    endloop
  endfacet
  facet normal 0 -1 0
    outer loop
      vertex 48.7062 55.823 5.23015
      vertex 48.5168 55.823 5.23015
      vertex 48.405 55.823 4.65263
    endloop
  endfacet
  facet normal 0 -1 0
    outer loop
      vertex 47.2495 55.823 4.65263
      vertex 47.1378 55.823 5.23015
      vertex 46.9484 55.823 5.23015
    endloop
  endfacet
  facet normal 0 -1 0
    outer loop
      vertex 48.3244 55.823 4.39281
      vertex 48.7062 55.823 5.23015
      vertex 48.405 55.823 4.65263
    endloop
  endfacet
  facet normal 0 -1 0
    outer loop
      vertex 47.2495 55.823 4.65263
      vertex 46.9484 55.823 5.23015
      vertex 47.3301 55.823 4.39281
    endloop
  endfacet
  facet normal 0 -1 0
    outer loop
      vertex 48.3244 55.823 4.39281
      vertex 48.405 55.823 4.65263
      vertex 47.2495 55.823 4.65263
    endloop
  endfacet
  facet normal 0 -1 0
    outer loop
      vertex 47.3301 55.823 4.39281
      vertex 48.3244 55.823 4.39281
      vertex 47.2495 55.823 4.65263
    endloop
  endfacet
  facet normal -0.909888 0 -0.414854
    outer loop
      vertex 46.9484 63.819 5.23015
      vertex 46.9484 64.0769 5.23015
      vertex 47.3301 64.0769 4.39281
    endloop
  endfacet
  facet normal -0.909888 0 -0.414854
    outer loop
      vertex 47.3301 64.0769 4.39281
      vertex 47.3301 63.3839 4.39281
      vertex 46.9484 63.3839 5.23015
    endloop
  endfacet
  facet normal -0.909888 0 -0.414854
    outer loop
      vertex 46.9484 63.5527 5.23015
      vertex 46.9484 63.819 5.23015
      vertex 47.3301 64.0769 4.39281
    endloop
  endfacet
  facet normal -0.909888 0 -0.414854
    outer loop
      vertex 47.3301 64.0769 4.39281
      vertex 46.9484 63.3839 5.23015
      vertex 46.9484 63.5527 5.23015
    endloop
  endfacet
  facet normal 0 -1 0
    outer loop
      vertex 48.7062 52.6274 5.23015
      vertex 48.5168 52.6274 5.23015
      vertex 48.405 52.6274 4.65263
    endloop
  endfacet
  facet normal 0 -1 0
    outer loop
      vertex 47.2495 52.6274 4.65263
      vertex 47.1378 52.6274 5.23015
      vertex 46.9484 52.6274 5.23015
    endloop
  endfacet
  facet normal 0 -1 0
    outer loop
      vertex 48.3244 52.6274 4.39281
      vertex 48.7062 52.6274 5.23015
      vertex 48.405 52.6274 4.65263
    endloop
  endfacet
  facet normal 0 -1 0
    outer loop
      vertex 47.2495 52.6274 4.65263
      vertex 46.9484 52.6274 5.23015
      vertex 47.3301 52.6274 4.39281
    endloop
  endfacet
  facet normal 0 -1 0
    outer loop
      vertex 48.3244 52.6274 4.39281
      vertex 48.405 52.6274 4.65263
      vertex 47.2495 52.6274 4.65263
    endloop
  endfacet
  facet normal 0 -1 0
    outer loop
      vertex 47.3301 52.6274 4.39281
      vertex 48.3244 52.6274 4.39281
      vertex 47.2495 52.6274 4.65263
    endloop
  endfacet
  facet normal 0 1 0
    outer loop
      vertex 46.9484 60.9968 5.23015
      vertex 47.1378 60.9968 5.23015
      vertex 47.2495 60.9968 4.65263
    endloop
  endfacet
  facet normal 0 1 0
    outer loop
      vertex 48.405 60.9968 4.65263
      vertex 48.5168 60.9968 5.23015
      vertex 48.7062 60.9968 5.23015
    endloop
  endfacet
  facet normal 0 1 0
    outer loop
      vertex 47.3301 60.9968 4.39281
      vertex 46.9484 60.9968 5.23015
      vertex 47.2495 60.9968 4.65263
    endloop
  endfacet
  facet normal 0 1 0
    outer loop
      vertex 48.405 60.9968 4.65263
      vertex 48.7062 60.9968 5.23015
      vertex 48.3244 60.9968 4.39281
    endloop
  endfacet
  facet normal 0 1 0
    outer loop
      vertex 47.3301 60.9968 4.39281
      vertex 47.2495 60.9968 4.65263
      vertex 48.405 60.9968 4.65263
    endloop
  endfacet
  facet normal 0 1 0
    outer loop
      vertex 48.3244 60.9968 4.39281
      vertex 47.3301 60.9968 4.39281
      vertex 48.405 60.9968 4.65263
    endloop
  endfacet
  facet normal 0 0 -1
    outer loop
      vertex 45.5352 47.2244 5.17555
      vertex 46.9732 47.2244 5.17555
      vertex 46.9732 46.6218 5.17555
    endloop
  endfacet
  facet normal 0 0 -1
    outer loop
      vertex 46.9732 46.6218 5.17555
      vertex 47.1483 46.6218 5.17555
      vertex 47.1483 44.0298 5.17555
    endloop
  endfacet
  facet normal 0 0 -1
    outer loop
      vertex 47.1483 44.0298 5.17555
      vertex 45.5352 44.0298 5.17555
      vertex 45.5352 47.2244 5.17555
    endloop
  endfacet
  facet normal 0 0 -1
    outer loop
      vertex 46.9732 46.6218 5.17555
      vertex 47.1483 44.0298 5.17555
      vertex 45.5352 47.2244 5.17555
    endloop
  endfacet
  facet normal 0 0 -1
    outer loop
      vertex 46.5496 63.5527 5.23015
      vertex 46.9484 63.5527 5.23015
      vertex 46.9484 63.3839 5.23015
    endloop
  endfacet
  facet normal 0 0 -1
    outer loop
      vertex 46.9484 63.3839 5.23015
      vertex 47.1378 63.3839 5.23015
      vertex 47.1378 62.5521 5.23015
    endloop
  endfacet
  facet normal 0 0 -1
    outer loop
      vertex 46.9484 63.3839 5.23015
      vertex 47.1378 62.5521 5.23015
      vertex 46.9484 62.5521 5.23015
    endloop
  endfacet
  facet normal 0 0 -1
    outer loop
      vertex 46.5496 58.5937 5.23015
      vertex 46.5496 63.5527 5.23015
      vertex 46.9484 63.3839 5.23015
    endloop
  endfacet
  facet normal 0 0 -1
    outer loop
      vertex 47.1378 58.8662 5.23015
      vertex 47.1378 58.5937 5.23015
      vertex 46.5496 58.5937 5.23015
    endloop
  endfacet
  facet normal 0 0 -1
    outer loop
      vertex 46.9484 58.8662 5.23015
      vertex 47.1378 58.8662 5.23015
      vertex 46.5496 58.5937 5.23015
    endloop
  endfacet
  facet normal 0 0 -1
    outer loop
      vertex 46.5496 58.5937 5.23015
      vertex 46.9484 63.3839 5.23015
      vertex 46.9484 62.5521 5.23015
    endloop
  endfacet
  facet normal 0 0 -1
    outer loop
      vertex 46.9484 61.8591 5.23015
      vertex 47.1378 61.8591 5.23015
      vertex 47.1378 60.9968 5.23015
    endloop
  endfacet
  facet normal 0 0 -1
    outer loop
      vertex 46.5496 58.5937 5.23015
      vertex 46.9484 62.5521 5.23015
      vertex 46.9484 61.8591 5.23015
    endloop
  endfacet
  facet normal 0 0 -1
    outer loop
      vertex 46.9484 59.5592 5.23015
      vertex 46.9484 58.8662 5.23015
      vertex 46.5496 58.5937 5.23015
    endloop
  endfacet
  facet normal 0 0 -1
    outer loop
      vertex 47.1378 60.3038 5.23015
      vertex 47.1378 59.5592 5.23015
      vertex 46.9484 59.5592 5.23015
    endloop
  endfacet
  facet normal 0 0 -1
    outer loop
      vertex 46.9484 60.3038 5.23015
      vertex 47.1378 60.3038 5.23015
      vertex 46.9484 59.5592 5.23015
    endloop
  endfacet
  facet normal 0 0 -1
    outer loop
      vertex 46.9484 59.5592 5.23015
      vertex 46.5496 58.5937 5.23015
      vertex 46.9484 61.8591 5.23015
    endloop
  endfacet
  facet normal 0 0 -1
    outer loop
      vertex 46.9484 61.8591 5.23015
      vertex 47.1378 60.9968 5.23015
      vertex 46.9484 60.9968 5.23015
    endloop
  endfacet
  facet normal 0 0 0
    outer loop
      vertex 46.9484 60.3038 5.23015
      vertex 46.9484 59.5592 5.23015
      vertex 46.9484 61.8591 5.23015
    endloop
  endfacet
  facet normal 0 0 0
    outer loop
      vertex 46.9484 61.8591 5.23015
      vertex 46.9484 60.9968 5.23015
      vertex 46.9484 60.3038 5.23015
    endloop
  endfacet
  facet normal 0 1 1.32106e-05
    outer loop
      vertex 46.9484 51.8829 5.23015
      vertex 47.1378 51.8829 5.23015
      vertex 47.2495 51.8829 4.65263
    endloop
  endfacet
  facet normal 0 1 1.32106e-05
    outer loop
      vertex 48.405 51.8829 4.65263
      vertex 48.5168 51.8829 5.23015
      vertex 48.7062 51.8829 5.23015
    endloop
  endfacet
  facet normal -0.000201579 1 -9.19077e-05
    outer loop
      vertex 47.3301 51.8829 4.39281
      vertex 46.9484 51.8829 5.23015
      vertex 47.2495 51.8829 4.65263
    endloop
  endfacet
  facet normal 0.000201558 1 -9.18985e-05
    outer loop
      vertex 48.405 51.8829 4.65263
      vertex 48.7062 51.8829 5.23015
      vertex 48.3244 51.8829 4.39281
    endloop
  endfacet
  facet normal 0 1 -2.93637e-05
    outer loop
      vertex 47.3301 51.8829 4.39281
      vertex 47.2495 51.8829 4.65263
      vertex 48.405 51.8829 4.65263
    endloop
  endfacet
  facet normal 0 1 -2.93637e-05
    outer loop
      vertex 48.3244 51.8829 4.39281
      vertex 47.3301 51.8829 4.39281
      vertex 48.405 51.8829 4.65263
    endloop
  endfacet
  facet normal 0.981789 0 -0.189977
    outer loop
      vertex 48.405 46.6218 4.65263
      vertex 48.5062 46.6218 5.17555
      vertex 48.5062 44.0298 5.17555
    endloop
  endfacet
  facet normal 0.981789 0 -0.189977
    outer loop
      vertex 48.5062 44.0298 5.17555
      vertex 48.405 44.0298 4.65263
      vertex 48.405 46.6218 4.65263
    endloop
  endfacet
  facet normal -0.909888 0 -0.414854
    outer loop
      vertex 46.9484 54.9912 5.23015
      vertex 47.3301 54.9912 4.39281
      vertex 47.3301 54.2982 4.39281
    endloop
  endfacet
  facet normal -0.909888 0 -0.414854
    outer loop
      vertex 47.3301 54.2982 4.39281
      vertex 46.9484 54.2982 5.23015
      vertex 46.9484 54.9912 5.23015
    endloop
  endfacet
  facet normal -0.909888 0 -0.414854
    outer loop
      vertex 46.9484 53.3205 5.23015
      vertex 47.3301 53.3205 4.39281
      vertex 47.3301 52.6274 4.39281
    endloop
  endfacet
  facet normal -0.909888 0 -0.414854
    outer loop
      vertex 47.3301 52.6274 4.39281
      vertex 46.9484 52.6274 5.23015
      vertex 46.9484 53.3205 5.23015
    endloop
  endfacet
  facet normal 0 -1 0
    outer loop
      vertex 48.7062 57.3564 5.23015
      vertex 48.5168 57.3564 5.23015
      vertex 48.405 57.3564 4.65263
    endloop
  endfacet
  facet normal 0 -1 0
    outer loop
      vertex 47.2495 57.3564 4.65263
      vertex 47.1378 57.3564 5.23015
      vertex 46.9484 57.3564 5.23015
    endloop
  endfacet
  facet normal 0 -1 0
    outer loop
      vertex 48.3244 57.3564 4.39281
      vertex 48.7062 57.3564 5.23015
      vertex 48.405 57.3564 4.65263
    endloop
  endfacet
  facet normal 0 -1 0
    outer loop
      vertex 47.2495 57.3564 4.65263
      vertex 46.9484 57.3564 5.23015
      vertex 47.3301 57.3564 4.39281
    endloop
  endfacet
  facet normal 0 -1 0
    outer loop
      vertex 48.3244 57.3564 4.39281
      vertex 48.405 57.3564 4.65263
      vertex 47.2495 57.3564 4.65263
    endloop
  endfacet
  facet normal 0 -1 0
    outer loop
      vertex 47.2495 57.3564 4.65263
      vertex 47.3301 57.3564 4.39281
      vertex 48.3244 57.3564 4.39281
    endloop
  endfacet
  facet normal 0 -1 0
    outer loop
      vertex 48.7062 67.8647 5.23015
      vertex 48.5168 67.8647 5.23015
      vertex 48.405 67.8647 4.65263
    endloop
  endfacet
  facet normal 0 -1 0
    outer loop
      vertex 47.2495 67.8647 4.65263
      vertex 47.1378 67.8647 5.23015
      vertex 46.9484 67.8647 5.23015
    endloop
  endfacet
  facet normal 0 -1 0
    outer loop
      vertex 48.3244 67.8647 4.39281
      vertex 48.7062 67.8647 5.23015
      vertex 48.405 67.8647 4.65263
    endloop
  endfacet
  facet normal 0 -1 0
    outer loop
      vertex 47.2495 67.8647 4.65263
      vertex 46.9484 67.8647 5.23015
      vertex 47.3301 67.8647 4.39281
    endloop
  endfacet
  facet normal 0 -1 0
    outer loop
      vertex 48.3244 67.8647 4.39281
      vertex 48.405 67.8647 4.65263
      vertex 47.2495 67.8647 4.65263
    endloop
  endfacet
  facet normal 0 -1 0
    outer loop
      vertex 47.3301 67.8647 4.39281
      vertex 48.3244 67.8647 4.39281
      vertex 47.2495 67.8647 4.65263
    endloop
  endfacet
  facet normal 0 -1 0
    outer loop
      vertex 48.7062 66.4271 5.23015
      vertex 48.5168 66.4271 5.23015
      vertex 48.405 66.4271 4.65263
    endloop
  endfacet
  facet normal 0 -1 0
    outer loop
      vertex 47.2495 66.4271 4.65263
      vertex 47.1378 66.4271 5.23015
      vertex 46.9484 66.4271 5.23015
    endloop
  endfacet
  facet normal 0 -1 0
    outer loop
      vertex 48.3244 66.4271 4.39281
      vertex 48.7062 66.4271 5.23015
      vertex 48.405 66.4271 4.65263
    endloop
  endfacet
  facet normal 0 -1 0
    outer loop
      vertex 47.2495 66.4271 4.65263
      vertex 46.9484 66.4271 5.23015
      vertex 47.3301 66.4271 4.39281
    endloop
  endfacet
  facet normal 0 -1 0
    outer loop
      vertex 48.3244 66.4271 4.39281
      vertex 48.405 66.4271 4.65263
      vertex 47.2495 66.4271 4.65263
    endloop
  endfacet
  facet normal 0 -1 0
    outer loop
      vertex 47.3301 66.4271 4.39281
      vertex 48.3244 66.4271 4.39281
      vertex 47.2495 66.4271 4.65263
    endloop
  endfacet
  facet normal 0 1 0
    outer loop
      vertex 46.9484 68.5578 5.23015
      vertex 47.1378 68.5578 5.23015
      vertex 47.2495 68.5578 4.65263
    endloop
  endfacet
  facet normal 0 1 0
    outer loop
      vertex 48.405 68.5578 4.65263
      vertex 48.5168 68.5578 5.23015
      vertex 48.7062 68.5578 5.23015
    endloop
  endfacet
  facet normal 0 1 0
    outer loop
      vertex 47.3301 68.5578 4.39281
      vertex 46.9484 68.5578 5.23015
      vertex 47.2495 68.5578 4.65263
    endloop
  endfacet
  facet normal 0 1 0
    outer loop
      vertex 48.405 68.5578 4.65263
      vertex 48.7062 68.5578 5.23015
      vertex 48.3244 68.5578 4.39281
    endloop
  endfacet
  facet normal 0 1 0
    outer loop
      vertex 47.3301 68.5578 4.39281
      vertex 47.2495 68.5578 4.65263
      vertex 48.405 68.5578 4.65263
    endloop
  endfacet
  facet normal 0 1 0
    outer loop
      vertex 48.3244 68.5578 4.39281
      vertex 47.3301 68.5578 4.39281
      vertex 48.405 68.5578 4.65263
    endloop
  endfacet
  facet normal 0 1 0
    outer loop
      vertex 46.9484 59.5592 5.23015
      vertex 47.1378 59.5592 5.23015
      vertex 47.2495 59.5592 4.65263
    endloop
  endfacet
  facet normal 0 1 0
    outer loop
      vertex 48.405 59.5592 4.65263
      vertex 48.5168 59.5592 5.23015
      vertex 48.7062 59.5592 5.23015
    endloop
  endfacet
  facet normal 0 1 0
    outer loop
      vertex 47.3301 59.5592 4.39281
      vertex 46.9484 59.5592 5.23015
      vertex 47.2495 59.5592 4.65263
    endloop
  endfacet
  facet normal 0 1 0
    outer loop
      vertex 48.405 59.5592 4.65263
      vertex 48.7062 59.5592 5.23015
      vertex 48.3244 59.5592 4.39281
    endloop
  endfacet
  facet normal 0 1 0
    outer loop
      vertex 47.3301 59.5592 4.39281
      vertex 47.2495 59.5592 4.65263
      vertex 48.405 59.5592 4.65263
    endloop
  endfacet
  facet normal 0 1 0
    outer loop
      vertex 48.3244 59.5592 4.39281
      vertex 47.3301 59.5592 4.39281
      vertex 48.405 59.5592 4.65263
    endloop
  endfacet
  facet normal 0 1 0
    outer loop
      vertex 46.9484 56.516 5.23015
      vertex 47.1378 56.516 5.23015
      vertex 47.2495 56.516 4.65263
    endloop
  endfacet
  facet normal 0 1 0
    outer loop
      vertex 48.405 56.516 4.65263
      vertex 48.5168 56.516 5.23015
      vertex 48.7062 56.516 5.23015
    endloop
  endfacet
  facet normal 0 1 0
    outer loop
      vertex 47.3301 56.516 4.39281
      vertex 46.9484 56.516 5.23015
      vertex 47.2495 56.516 4.65263
    endloop
  endfacet
  facet normal 0 1 0
    outer loop
      vertex 48.405 56.516 4.65263
      vertex 48.7062 56.516 5.23015
      vertex 48.3244 56.516 4.39281
    endloop
  endfacet
  facet normal 0 1 0
    outer loop
      vertex 47.3301 56.516 4.39281
      vertex 47.2495 56.516 4.65263
      vertex 48.405 56.516 4.65263
    endloop
  endfacet
  facet normal 0 1 0
    outer loop
      vertex 48.3244 56.516 4.39281
      vertex 47.3301 56.516 4.39281
      vertex 48.405 56.516 4.65263
    endloop
  endfacet
  facet normal -0.909888 0 -0.414854
    outer loop
      vertex 46.9484 68.5578 5.23015
      vertex 47.3301 68.5578 4.39281
      vertex 47.3301 67.8647 4.39281
    endloop
  endfacet
  facet normal -0.909888 0 -0.414854
    outer loop
      vertex 47.3301 67.8647 4.39281
      vertex 46.9484 67.8647 5.23015
      vertex 46.9484 68.5578 5.23015
    endloop
  endfacet
  facet normal 0 0 -1
    outer loop
      vertex 48.405 47.9368 4.65263
      vertex 48.405 47.3148 4.65263
      vertex 47.2495 47.3148 4.65263
    endloop
  endfacet
  facet normal 0 0 -1
    outer loop
      vertex 47.2495 47.3148 4.65263
      vertex 47.2495 47.9368 4.65263
      vertex 47.8273 47.9368 4.65263
    endloop
  endfacet
  facet normal 0 0 -1
    outer loop
      vertex 47.2495 47.3148 4.65263
      vertex 47.8273 47.9368 4.65263
      vertex 48.405 47.9368 4.65263
    endloop
  endfacet
  facet normal -0.909888 0 -0.414854
    outer loop
      vertex 46.9484 64.9173 5.23015
      vertex 46.9484 65.6104 5.23015
      vertex 47.3301 65.6104 4.39281
    endloop
  endfacet
  facet normal -0.909888 0 -0.414854
    outer loop
      vertex 47.3301 65.6104 4.39281
      vertex 47.3301 64.9173 4.39281
      vertex 46.9484 64.9173 5.23015
    endloop
  endfacet
  facet normal -0.909888 0 -0.414854
    outer loop
      vertex 46.9484 56.516 5.23015
      vertex 47.3301 56.516 4.39281
      vertex 47.3301 55.823 4.39281
    endloop
  endfacet
  facet normal -0.909888 0 -0.414854
    outer loop
      vertex 47.3301 55.823 4.39281
      vertex 46.9484 55.823 5.23015
      vertex 46.9484 56.516 5.23015
    endloop
  endfacet
  facet normal 0 -1 0
    outer loop
      vertex 48.6813 46.6218 5.17555
      vertex 48.5062 46.6218 5.17555
      vertex 48.405 46.6218 4.65263
    endloop
  endfacet
  facet normal 0 -1 0
    outer loop
      vertex 47.2495 46.6218 4.65263
      vertex 47.1483 46.6218 5.17555
      vertex 46.9732 46.6218 5.17555
    endloop
  endfacet
  facet normal 0 -1 0
    outer loop
      vertex 48.3244 46.6218 4.39281
      vertex 48.6813 46.6218 5.17555
      vertex 48.405 46.6218 4.65263
    endloop
  endfacet
  facet normal 0 -1 0
    outer loop
      vertex 47.2495 46.6218 4.65263
      vertex 46.9732 46.6218 5.17555
      vertex 47.3301 46.6218 4.39281
    endloop
  endfacet
  facet normal 0 -1 0
    outer loop
      vertex 48.3244 46.6218 4.39281
      vertex 48.405 46.6218 4.65263
      vertex 47.2495 46.6218 4.65263
    endloop
  endfacet
  facet normal 0 -1 0
    outer loop
      vertex 47.3301 46.6218 4.39281
      vertex 48.3244 46.6218 4.39281
      vertex 47.2495 46.6218 4.65263
    endloop
  endfacet
  facet normal -0.909888 0 -0.414854
    outer loop
      vertex 46.9484 67.1202 5.23015
      vertex 47.3301 67.1202 4.39281
      vertex 47.3301 66.4271 4.39281
    endloop
  endfacet
  facet normal -0.909888 0 -0.414854
    outer loop
      vertex 47.3301 66.4271 4.39281
      vertex 46.9484 66.4271 5.23015
      vertex 46.9484 67.1202 5.23015
    endloop
  endfacet
  facet normal -0.909888 0 -0.414854
    outer loop
      vertex 46.9484 60.9968 5.23015
      vertex 47.3301 60.9968 4.39281
      vertex 47.3301 60.3038 4.39281
    endloop
  endfacet
  facet normal -0.909888 0 -0.414854
    outer loop
      vertex 47.3301 60.3038 4.39281
      vertex 46.9484 60.3038 5.23015
      vertex 46.9484 60.9968 5.23015
    endloop
  endfacet
  facet normal -0.909888 0 -0.414854
    outer loop
      vertex 46.9484 51.8829 5.23015
      vertex 47.3301 51.8829 4.39281
      vertex 47.3301 51.1899 4.39281
    endloop
  endfacet
  facet normal -0.909888 0 -0.414854
    outer loop
      vertex 47.3301 51.1899 4.39281
      vertex 46.9484 51.1899 5.23015
      vertex 46.9484 51.8829 5.23015
    endloop
  endfacet
  facet normal 0 -1 0
    outer loop
      vertex 48.7062 51.1899 5.23015
      vertex 48.5168 51.1899 5.23015
      vertex 48.405 51.1899 4.65263
    endloop
  endfacet
  facet normal 0 -1 0
    outer loop
      vertex 47.2495 51.1899 4.65263
      vertex 47.1378 51.1899 5.23015
      vertex 46.9484 51.1899 5.23015
    endloop
  endfacet
  facet normal 0 -1 0
    outer loop
      vertex 48.3244 51.1899 4.39281
      vertex 48.7062 51.1899 5.23015
      vertex 48.405 51.1899 4.65263
    endloop
  endfacet
  facet normal 0 -1 0
    outer loop
      vertex 47.2495 51.1899 4.65263
      vertex 46.9484 51.1899 5.23015
      vertex 47.3301 51.1899 4.39281
    endloop
  endfacet
  facet normal 0 -1 0
    outer loop
      vertex 48.3244 51.1899 4.39281
      vertex 48.405 51.1899 4.65263
      vertex 47.2495 51.1899 4.65263
    endloop
  endfacet
  facet normal 0 -1 0
    outer loop
      vertex 47.3301 51.1899 4.39281
      vertex 48.3244 51.1899 4.39281
      vertex 47.2495 51.1899 4.65263
    endloop
  endfacet
  facet normal 0 1 0
    outer loop
      vertex 46.9484 64.0769 5.23015
      vertex 47.1378 64.0769 5.23015
      vertex 47.2495 64.0769 4.65263
    endloop
  endfacet
  facet normal 0 1 0
    outer loop
      vertex 48.405 64.0769 4.65263
      vertex 48.5168 64.0769 5.23015
      vertex 48.7062 64.0769 5.23015
    endloop
  endfacet
  facet normal 0 1 0
    outer loop
      vertex 47.3301 64.0769 4.39281
      vertex 46.9484 64.0769 5.23015
      vertex 47.2495 64.0769 4.65263
    endloop
  endfacet
  facet normal 0 1 0
    outer loop
      vertex 48.405 64.0769 4.65263
      vertex 48.7062 64.0769 5.23015
      vertex 48.3244 64.0769 4.39281
    endloop
  endfacet
  facet normal 0 1 0
    outer loop
      vertex 47.3301 64.0769 4.39281
      vertex 47.2495 64.0769 4.65263
      vertex 48.405 64.0769 4.65263
    endloop
  endfacet
  facet normal 0 1 0
    outer loop
      vertex 48.3244 64.0769 4.39281
      vertex 47.3301 64.0769 4.39281
      vertex 48.405 64.0769 4.65263
    endloop
  endfacet
  facet normal -0.981785 0 -0.189997
    outer loop
      vertex 47.2495 51.8829 4.65263
      vertex 47.1378 51.8829 5.23015
      vertex 47.1378 52.6274 5.23015
    endloop
  endfacet
  facet normal -0.981785 0 -0.189997
    outer loop
      vertex 47.1378 52.6274 5.23015
      vertex 47.2495 52.6274 4.65263
      vertex 47.2495 51.8829 4.65263
    endloop
  endfacet
  facet normal -0.981785 0 -0.189997
    outer loop
      vertex 47.2495 53.3205 4.65263
      vertex 47.1378 53.3205 5.23015
      vertex 47.1378 54.2982 5.23015
    endloop
  endfacet
  facet normal -0.981785 0 -0.189997
    outer loop
      vertex 47.1378 54.2982 5.23015
      vertex 47.2495 54.2982 4.65263
      vertex 47.2495 53.3205 4.65263
    endloop
  endfacet
  facet normal -0.981785 0 -0.189997
    outer loop
      vertex 47.2495 54.9912 4.65263
      vertex 47.1378 54.9912 5.23015
      vertex 47.1378 55.823 5.23015
    endloop
  endfacet
  facet normal -0.981785 0 -0.189997
    outer loop
      vertex 47.1378 55.823 5.23015
      vertex 47.2495 55.823 4.65263
      vertex 47.2495 54.9912 4.65263
    endloop
  endfacet
  facet normal -0.981785 0 -0.189997
    outer loop
      vertex 47.2495 56.516 4.65263
      vertex 47.1378 56.516 5.23015
      vertex 47.1378 57.3564 5.23015
    endloop
  endfacet
  facet normal -0.981785 0 -0.189997
    outer loop
      vertex 47.1378 57.3564 5.23015
      vertex 47.2495 57.3564 4.65263
      vertex 47.2495 56.516 4.65263
    endloop
  endfacet
  facet normal -0.981785 0 -0.189997
    outer loop
      vertex 47.2495 58.8662 4.65263
      vertex 47.2495 58.0495 4.65263
      vertex 47.1378 58.0494 5.23015
    endloop
  endfacet
  facet normal 0 0 0
    outer loop
      vertex 47.1378 58.0494 5.23015
      vertex 47.1378 58.1359 5.23015
      vertex 47.1378 58.5937 5.23015
    endloop
  endfacet
  facet normal -0.981785 0 -0.189997
    outer loop
      vertex 47.1378 58.5937 5.23015
      vertex 47.1378 58.8662 5.23015
      vertex 47.2495 58.8662 4.65263
    endloop
  endfacet
  facet normal -0.981785 0 -0.189997
    outer loop
      vertex 47.1378 58.0494 5.23015
      vertex 47.1378 58.5937 5.23015
      vertex 47.2495 58.8662 4.65263
    endloop
  endfacet
  facet normal -0.981785 0 -0.189997
    outer loop
      vertex 47.2495 59.5592 4.65263
      vertex 47.1378 59.5592 5.23015
      vertex 47.1378 60.3038 5.23015
    endloop
  endfacet
  facet normal -0.981785 0 -0.189997
    outer loop
      vertex 47.1378 60.3038 5.23015
      vertex 47.2495 60.3038 4.65263
      vertex 47.2495 59.5592 4.65263
    endloop
  endfacet
  facet normal -0.981785 0 -0.189997
    outer loop
      vertex 47.2495 60.9968 4.65263
      vertex 47.1378 60.9968 5.23015
      vertex 47.1378 61.8591 5.23015
    endloop
  endfacet
  facet normal -0.981785 0 -0.189997
    outer loop
      vertex 47.1378 61.8591 5.23015
      vertex 47.2495 61.8591 4.65263
      vertex 47.2495 60.9968 4.65263
    endloop
  endfacet
  facet normal -0.981785 0 -0.189997
    outer loop
      vertex 47.2495 62.5521 4.65263
      vertex 47.1378 62.5521 5.23015
      vertex 47.1378 63.3839 5.23015
    endloop
  endfacet
  facet normal -0.981785 0 -0.189997
    outer loop
      vertex 47.1378 63.3839 5.23015
      vertex 47.2495 63.3839 4.65263
      vertex 47.2495 62.5521 4.65263
    endloop
  endfacet
  facet normal -0.981785 0 -0.189997
    outer loop
      vertex 47.2495 64.0769 4.65263
      vertex 47.1378 64.0769 5.23015
      vertex 47.1378 64.9173 5.23015
    endloop
  endfacet
  facet normal -0.981785 0 -0.189997
    outer loop
      vertex 47.1378 64.9173 5.23015
      vertex 47.2495 64.9173 4.65263
      vertex 47.2495 64.0769 4.65263
    endloop
  endfacet
  facet normal -0.981785 0 -0.189997
    outer loop
      vertex 47.2495 65.6104 4.65263
      vertex 47.1378 65.6104 5.23015
      vertex 47.1378 66.4271 5.23015
    endloop
  endfacet
  facet normal -0.981785 0 -0.189997
    outer loop
      vertex 47.1378 66.4271 5.23015
      vertex 47.2495 66.4271 4.65263
      vertex 47.2495 65.6104 4.65263
    endloop
  endfacet
  facet normal -0.981785 0 -0.189997
    outer loop
      vertex 47.2495 67.1202 4.65263
      vertex 47.1378 67.1202 5.23015
      vertex 47.1378 67.8647 5.23015
    endloop
  endfacet
  facet normal -0.981785 0 -0.189997
    outer loop
      vertex 47.1378 67.8647 5.23015
      vertex 47.2495 67.8647 4.65263
      vertex 47.2495 67.1202 4.65263
    endloop
  endfacet
  facet normal -0.981785 0 -0.189997
    outer loop
      vertex 47.2495 68.5578 4.65263
      vertex 47.1378 68.5578 5.23015
      vertex 47.1378 68.6949 5.23015
    endloop
  endfacet
  facet normal -0.981785 0 -0.189997
    outer loop
      vertex 47.1378 68.6949 5.23015
      vertex 47.2495 69.2014 4.65263
      vertex 47.2495 68.5578 4.65263
    endloop
  endfacet
  facet normal 0 0 -1
    outer loop
      vertex 48.405 51.8829 4.65263
      vertex 47.2495 51.8829 4.65263
      vertex 47.2495 52.6274 4.65263
    endloop
  endfacet
  facet normal 0 0 -1
    outer loop
      vertex 47.2495 52.6274 4.65263
      vertex 48.405 52.6274 4.65263
      vertex 48.405 51.8829 4.65263
    endloop
  endfacet
  facet normal 0 0 -1
    outer loop
      vertex 48.405 53.3205 4.65263
      vertex 47.2495 53.3205 4.65263
      vertex 47.2495 54.2982 4.65263
    endloop
  endfacet
  facet normal 0 0 -1
    outer loop
      vertex 47.2495 54.2982 4.65263
      vertex 48.405 54.2982 4.65263
      vertex 48.405 53.3205 4.65263
    endloop
  endfacet
  facet normal 0 0 -1
    outer loop
      vertex 48.405 54.9912 4.65263
      vertex 47.2495 54.9912 4.65263
      vertex 47.2495 55.823 4.65263
    endloop
  endfacet
  facet normal 0 0 -1
    outer loop
      vertex 47.2495 55.823 4.65263
      vertex 48.405 55.823 4.65263
      vertex 48.405 54.9912 4.65263
    endloop
  endfacet
  facet normal 0 0 -1
    outer loop
      vertex 48.405 56.516 4.65263
      vertex 47.2495 56.516 4.65263
      vertex 47.2495 57.3564 4.65263
    endloop
  endfacet
  facet normal 0 0 -1
    outer loop
      vertex 47.2495 57.3564 4.65263
      vertex 48.405 57.3564 4.65263
      vertex 48.405 56.516 4.65263
    endloop
  endfacet
  facet normal 0 0 -1
    outer loop
      vertex 48.405 58.0495 4.65263
      vertex 47.2495 58.0495 4.65263
      vertex 47.2495 58.8662 4.65263
    endloop
  endfacet
  facet normal 0 0 -1
    outer loop
      vertex 47.2495 58.8662 4.65263
      vertex 48.405 58.8662 4.65263
      vertex 48.405 58.0495 4.65263
    endloop
  endfacet
  facet normal 0 0 -1
    outer loop
      vertex 48.405 59.5592 4.65263
      vertex 47.2495 59.5592 4.65263
      vertex 47.2495 60.3038 4.65263
    endloop
  endfacet
  facet normal 0 0 -1
    outer loop
      vertex 47.2495 60.3038 4.65263
      vertex 48.405 60.3038 4.65263
      vertex 48.405 59.5592 4.65263
    endloop
  endfacet
  facet normal 0 0 -1
    outer loop
      vertex 48.405 60.9968 4.65263
      vertex 47.2495 60.9968 4.65263
      vertex 47.2495 61.8591 4.65263
    endloop
  endfacet
  facet normal 0 0 -1
    outer loop
      vertex 47.2495 61.8591 4.65263
      vertex 48.405 61.8591 4.65263
      vertex 48.405 60.9968 4.65263
    endloop
  endfacet
  facet normal 0 0 -1
    outer loop
      vertex 48.405 62.5521 4.65263
      vertex 47.2495 62.5521 4.65263
      vertex 47.2495 63.3839 4.65263
    endloop
  endfacet
  facet normal 0 0 -1
    outer loop
      vertex 47.2495 63.3839 4.65263
      vertex 48.405 63.3839 4.65263
      vertex 48.405 62.5521 4.65263
    endloop
  endfacet
  facet normal 0 0 -1
    outer loop
      vertex 48.405 64.0769 4.65263
      vertex 47.2495 64.0769 4.65263
      vertex 47.2495 64.9173 4.65263
    endloop
  endfacet
  facet normal 0 0 -1
    outer loop
      vertex 47.2495 64.9173 4.65263
      vertex 48.405 64.9174 4.65263
      vertex 48.405 64.0769 4.65263
    endloop
  endfacet
  facet normal 0 0 -1
    outer loop
      vertex 48.405 65.6104 4.65263
      vertex 47.2495 65.6104 4.65263
      vertex 47.2495 66.4271 4.65263
    endloop
  endfacet
  facet normal 0 0 -1
    outer loop
      vertex 47.2495 66.4271 4.65263
      vertex 48.405 66.4271 4.65263
      vertex 48.405 65.6104 4.65263
    endloop
  endfacet
  facet normal 0 0 -1
    outer loop
      vertex 48.405 67.1202 4.65263
      vertex 47.2495 67.1202 4.65263
      vertex 47.2495 67.8647 4.65263
    endloop
  endfacet
  facet normal 0 0 -1
    outer loop
      vertex 47.2495 67.8647 4.65263
      vertex 48.405 67.8647 4.65263
      vertex 48.405 67.1202 4.65263
    endloop
  endfacet
  facet normal 0 0 -1
    outer loop
      vertex 48.405 69.2014 4.65263
      vertex 48.405 68.5578 4.65263
      vertex 47.2495 68.5578 4.65263
    endloop
  endfacet
  facet normal 0 0 -1
    outer loop
      vertex 47.2495 68.5578 4.65263
      vertex 47.2495 69.2014 4.65263
      vertex 47.8273 69.2014 4.65263
    endloop
  endfacet
  facet normal 0 0 -1
    outer loop
      vertex 47.2495 68.5578 4.65263
      vertex 47.8273 69.2014 4.65263
      vertex 48.405 69.2014 4.65263
    endloop
  endfacet
  facet normal -0.909924 0 -0.414775
    outer loop
      vertex 47.3301 48.2908 4.39281
      vertex 47.3301 48.1466 4.39281
      vertex 47.2819 48.1466 4.49862
    endloop
  endfacet
  facet normal 0 1 0
    outer loop
      vertex 46.9484 54.9912 5.23015
      vertex 47.1378 54.9912 5.23015
      vertex 47.2495 54.9912 4.65263
    endloop
  endfacet
  facet normal 0 1 0
    outer loop
      vertex 48.405 54.9912 4.65263
      vertex 48.5168 54.9912 5.23015
      vertex 48.7062 54.9912 5.23015
    endloop
  endfacet
  facet normal 0 1 0
    outer loop
      vertex 47.3301 54.9912 4.39281
      vertex 46.9484 54.9912 5.23015
      vertex 47.2495 54.9912 4.65263
    endloop
  endfacet
  facet normal 0 1 0
    outer loop
      vertex 48.405 54.9912 4.65263
      vertex 48.7062 54.9912 5.23015
      vertex 48.3244 54.9912 4.39281
    endloop
  endfacet
  facet normal 0 1 0
    outer loop
      vertex 47.3301 54.9912 4.39281
      vertex 47.2495 54.9912 4.65263
      vertex 48.405 54.9912 4.65263
    endloop
  endfacet
  facet normal 0 1 0
    outer loop
      vertex 48.3244 54.9912 4.39281
      vertex 47.3301 54.9912 4.39281
      vertex 48.405 54.9912 4.65263
    endloop
  endfacet
  facet normal -0.909888 0 -0.414854
    outer loop
      vertex 46.9484 57.3564 5.23015
      vertex 46.9484 58.0495 5.23015
      vertex 47.3301 58.0495 4.39281
    endloop
  endfacet
  facet normal -0.909888 0 -0.414854
    outer loop
      vertex 47.3301 58.0495 4.39281
      vertex 47.3301 57.3564 4.39281
      vertex 46.9484 57.3564 5.23015
    endloop
  endfacet
  facet normal 0 0.750485 -0.660888
    outer loop
      vertex 48.2813 67.6757 8.49568
      vertex 48.124 67.6757 8.49568
      vertex 48.124 68.2023 9.09358
    endloop
  endfacet
  facet normal 0 0.750485 -0.660888
    outer loop
      vertex 48.124 68.2023 9.09358
      vertex 48.2813 68.2023 9.09358
      vertex 48.2813 67.6757 8.49568
    endloop
  endfacet
  facet normal 1 0 0
    outer loop
      vertex 48.2813 67.1122 9.2058
      vertex 48.2813 67.1122 8.49568
      vertex 48.2813 67.6757 8.49568
    endloop
  endfacet
  facet normal 1 0 0
    outer loop
      vertex 48.2813 67.6757 8.49568
      vertex 48.2813 68.2023 9.09358
      vertex 48.2813 67.9086 9.2058
    endloop
  endfacet
  facet normal 1 0 0
    outer loop
      vertex 48.2813 67.6757 8.49568
      vertex 48.2813 67.9086 9.2058
      vertex 48.2813 67.1122 9.2058
    endloop
  endfacet
  facet normal -1 0 0
    outer loop
      vertex 47.5305 69.7622 8.49568
      vertex 47.5305 69.1706 8.49568
      vertex 47.5305 68.6441 9.09358
    endloop
  endfacet
  facet normal -1 0 0
    outer loop
      vertex 47.5305 68.6441 9.09358
      vertex 47.5305 70.2887 9.09358
      vertex 47.5305 69.7622 8.49568
    endloop
  endfacet
  facet normal 0 -0.750485 -0.660888
    outer loop
      vertex 47.3732 68.7527 8.49568
      vertex 47.5305 68.7527 8.49568
      vertex 47.5305 68.2262 9.09358
    endloop
  endfacet
  facet normal 0 -0.750485 -0.660888
    outer loop
      vertex 47.5305 68.2262 9.09358
      vertex 47.3732 68.2262 9.09358
      vertex 47.3732 68.7527 8.49568
    endloop
  endfacet
  facet normal 0 0 1
    outer loop
      vertex 46.8518 69.8633 8.49568
      vertex 47.3732 69.8633 8.49568
      vertex 47.3732 70.2707 8.49568
    endloop
  endfacet
  facet normal 0 0 1
    outer loop
      vertex 47.3732 70.2707 8.49568
      vertex 47.5305 70.2707 8.49568
      vertex 47.5305 71.3477 8.49568
    endloop
  endfacet
  facet normal 0 0 1
    outer loop
      vertex 47.3732 70.2707 8.49568
      vertex 47.5305 71.3477 8.49568
      vertex 47.3732 71.3477 8.49568
    endloop
  endfacet
  facet normal 0 0 1
    outer loop
      vertex 46.8518 83.1128 8.49568
      vertex 46.8518 69.8633 8.49568
      vertex 47.3732 70.2707 8.49568
    endloop
  endfacet
  facet normal 0 0 1
    outer loop
      vertex 47.8273 82.2727 8.49568
      vertex 47.8273 83.1128 8.49568
      vertex 46.8518 83.1128 8.49568
    endloop
  endfacet
  facet normal 0 0 1
    outer loop
      vertex 47.2157 82.2727 8.49568
      vertex 47.8273 82.2727 8.49568
      vertex 46.8518 83.1128 8.49568
    endloop
  endfacet
  facet normal 0 0 1
    outer loop
      vertex 46.8518 83.1128 8.49568
      vertex 47.3732 70.2707 8.49568
      vertex 47.3732 71.3477 8.49568
    endloop
  endfacet
  facet normal 0 0 1
    outer loop
      vertex 47.3732 71.8181 8.49568
      vertex 47.8273 71.8181 8.49568
      vertex 47.8273 80.7278 8.49568
    endloop
  endfacet
  facet normal 0 0 1
    outer loop
      vertex 46.8518 83.1128 8.49568
      vertex 47.3732 71.3477 8.49568
      vertex 47.3732 71.8181 8.49568
    endloop
  endfacet
  facet normal 0 0 1
    outer loop
      vertex 47.2157 80.7278 8.49568
      vertex 47.2157 82.2727 8.49568
      vertex 46.8518 83.1128 8.49568
    endloop
  endfacet
  facet normal 0 0 1
    outer loop
      vertex 47.3732 71.8181 8.49568
      vertex 47.8273 80.7278 8.49568
      vertex 47.2157 80.7278 8.49568
    endloop
  endfacet
  facet normal 0 0 1
    outer loop
      vertex 47.3732 71.8181 8.49568
      vertex 47.2157 80.7278 8.49568
      vertex 46.8518 83.1128 8.49568
    endloop
  endfacet
  facet normal 0 -0.750485 -0.660888
    outer loop
      vertex 48.124 68.7527 8.49568
      vertex 48.2813 68.7527 8.49568
      vertex 48.2813 68.2262 9.09358
    endloop
  endfacet
  facet normal 0 -0.750485 -0.660888
    outer loop
      vertex 48.2813 68.2262 9.09358
      vertex 48.124 68.2262 9.09358
      vertex 48.124 68.7527 8.49568
    endloop
  endfacet
  facet normal 0 -0.750485 0.660888
    outer loop
      vertex 47.3732 69.7622 8.49568
      vertex 47.5305 69.7622 8.49568
      vertex 47.5305 70.2887 9.09358
    endloop
  endfacet
  facet normal 0 -0.750485 0.660888
    outer loop
      vertex 47.5305 70.2887 9.09358
      vertex 47.3732 70.2887 9.09358
      vertex 47.3732 69.7622 8.49568
    endloop
  endfacet
  facet normal 1 0 0
    outer loop
      vertex 48.124 69.1706 8.49568
      vertex 48.124 69.7622 8.49568
      vertex 48.124 70.2887 9.09358
    endloop
  endfacet
  facet normal 1 0 0
    outer loop
      vertex 48.124 70.2887 9.09358
      vertex 48.124 68.6441 9.09358
      vertex 48.124 69.1706 8.49568
    endloop
  endfacet
  facet normal 1 0 0
    outer loop
      vertex 48.2813 70.2887 9.09358
      vertex 48.2813 69.7622 8.49568
      vertex 48.2813 69.8633 8.49568
    endloop
  endfacet
  facet normal 1 0 0
    outer loop
      vertex 48.2813 69.8633 8.49568
      vertex 48.2813 70.2707 8.49568
      vertex 48.2813 70.7973 9.09358
    endloop
  endfacet
  facet normal 1 0 0
    outer loop
      vertex 48.2813 69.8633 8.49568
      vertex 48.2813 70.7973 9.09358
      vertex 48.2813 70.2887 9.09358
    endloop
  endfacet
  facet normal -1 0 0
    outer loop
      vertex 47.3732 68.2023 9.09358
      vertex 47.3732 67.6757 8.49568
      vertex 47.3732 67.1122 8.49568
    endloop
  endfacet
  facet normal -1 0 0
    outer loop
      vertex 47.3732 67.1122 8.49568
      vertex 47.3732 67.1122 9.2058
      vertex 47.3732 67.9086 9.2058
    endloop
  endfacet
  facet normal -1 0 0
    outer loop
      vertex 47.3732 67.1122 8.49568
      vertex 47.3732 67.9086 9.2058
      vertex 47.3732 68.2023 9.09358
    endloop
  endfacet
  facet normal 0 0.750485 -0.660888
    outer loop
      vertex 48.2813 70.2707 8.49568
      vertex 48.124 70.2707 8.49568
      vertex 48.124 70.7973 9.09358
    endloop
  endfacet
  facet normal 0 0.750485 -0.660888
    outer loop
      vertex 48.124 70.7973 9.09358
      vertex 48.2813 70.7973 9.09358
      vertex 48.2813 70.2707 8.49568
    endloop
  endfacet
  facet normal -1 0 0
    outer loop
      vertex 47.3732 70.7973 9.09358
      vertex 47.3732 70.2707 8.49568
      vertex 47.3732 69.8633 8.49568
    endloop
  endfacet
  facet normal -1 0 0
    outer loop
      vertex 47.3732 69.8633 8.49568
      vertex 47.3732 69.7622 8.49568
      vertex 47.3732 70.2887 9.09358
    endloop
  endfacet
  facet normal -1 0 0
    outer loop
      vertex 47.3732 69.8633 8.49568
      vertex 47.3732 70.2887 9.09358
      vertex 47.3732 70.7973 9.09358
    endloop
  endfacet
  facet normal 0 -0.750485 -0.660888
    outer loop
      vertex 48.124 71.3477 8.49568
      vertex 48.2813 71.3477 8.49568
      vertex 48.2813 70.8212 9.09358
    endloop
  endfacet
  facet normal 0 -0.750485 -0.660888
    outer loop
      vertex 48.2813 70.8212 9.09358
      vertex 48.124 70.8212 9.09358
      vertex 48.124 71.3477 8.49568
    endloop
  endfacet
  facet normal 1 0 0
    outer loop
      vertex 48.2813 70.7007 9.2058
      vertex 48.2813 70.2887 9.09358
      vertex 48.2813 70.7973 9.09358
    endloop
  endfacet
  facet normal 1 0 0
    outer loop
      vertex 48.2813 70.7973 9.09358
      vertex 48.2813 71.0723 9.2058
      vertex 48.2813 70.7007 9.2058
    endloop
  endfacet
  facet normal -1 0 0
    outer loop
      vertex 47.3732 68.6441 9.09358
      vertex 47.3732 69.1706 8.49568
      vertex 47.3732 68.7527 8.49568
    endloop
  endfacet
  facet normal -1 0 0
    outer loop
      vertex 47.3732 68.2262 9.09358
      vertex 47.3732 67.9261 9.2058
      vertex 47.3732 70.7007 9.2058
    endloop
  endfacet
  facet normal -1 0 0
    outer loop
      vertex 47.3732 68.6441 9.09358
      vertex 47.3732 68.7527 8.49568
      vertex 47.3732 68.2262 9.09358
    endloop
  endfacet
  facet normal -1 0 0
    outer loop
      vertex 47.3732 70.7007 9.2058
      vertex 47.3732 70.2887 9.09358
      vertex 47.3732 68.6441 9.09358
    endloop
  endfacet
  facet normal -1 0 0
    outer loop
      vertex 47.3732 68.2262 9.09358
      vertex 47.3732 70.7007 9.2058
      vertex 47.3732 68.6441 9.09358
    endloop
  endfacet
  facet normal 0 -0.750485 -0.660888
    outer loop
      vertex 47.3732 71.3477 8.49568
      vertex 47.5305 71.3477 8.49568
      vertex 47.5305 70.8212 9.09358
    endloop
  endfacet
  facet normal 0 -0.750485 -0.660888
    outer loop
      vertex 47.5305 70.8212 9.09358
      vertex 47.3732 70.8212 9.09358
      vertex 47.3732 71.3477 8.49568
    endloop
  endfacet
  facet normal -1 0 0
    outer loop
      vertex 47.3732 70.7973 9.09358
      vertex 47.3732 70.2887 9.09358
      vertex 47.3732 70.7007 9.2058
    endloop
  endfacet
  facet normal -1 0 0
    outer loop
      vertex 47.3732 70.7007 9.2058
      vertex 47.3732 71.0723 9.2058
      vertex 47.3732 70.7973 9.09358
    endloop
  endfacet
  facet normal -1 0 0
    outer loop
      vertex 47.3732 68.2262 9.09358
      vertex 47.3732 68.2023 9.09358
      vertex 47.3732 67.9086 9.2058
    endloop
  endfacet
  facet normal -1 0 0
    outer loop
      vertex 47.3732 67.9086 9.2058
      vertex 47.3732 67.9261 9.2058
      vertex 47.3732 68.2262 9.09358
    endloop
  endfacet
  facet normal 0 0 1
    outer loop
      vertex 47.2157 80.2244 10.429
      vertex 47.2157 51.0587 10.429
      vertex 47.8273 51.0587 10.429
    endloop
  endfacet
  facet normal 0 0 1
    outer loop
      vertex 47.8273 51.0587 10.429
      vertex 48.4389 51.0587 10.429
      vertex 48.4389 80.2244 10.429
    endloop
  endfacet
  facet normal 0 0 1
    outer loop
      vertex 47.8273 51.0587 10.429
      vertex 48.4389 80.2244 10.429
      vertex 47.2157 80.2244 10.429
    endloop
  endfacet
  facet normal -1 0 0
    outer loop
      vertex 47.2157 79.9755 9.2058
      vertex 47.2157 51.0587 9.2058
      vertex 47.2157 61.1414 9.23278
    endloop
  endfacet
  facet normal -1 0 0
    outer loop
      vertex 47.2157 79.9755 9.2058
      vertex 47.2157 61.1414 9.23278
      vertex 47.2157 61.7346 9.23278
    endloop
  endfacet
  facet normal -1 0 0
    outer loop
      vertex 47.2157 65.3926 9.23278
      vertex 47.2157 65.9858 9.23278
      vertex 47.2157 79.9755 9.2058
    endloop
  endfacet
  facet normal -1 0 0
    outer loop
      vertex 47.2157 80.2244 10.429
      vertex 47.2157 65.9858 10.4025
      vertex 47.2157 65.3926 10.4025
    endloop
  endfacet
  facet normal -1 0 0
    outer loop
      vertex 47.2157 65.3926 9.23278
      vertex 47.2157 79.9755 9.2058
      vertex 47.2157 61.7346 9.23278
    endloop
  endfacet
  facet normal -1 0 0
    outer loop
      vertex 47.2157 51.0587 10.429
      vertex 47.2157 80.2244 10.429
      vertex 47.2157 65.3926 10.4025
    endloop
  endfacet
  facet normal -1 0 0
    outer loop
      vertex 47.2157 65.3926 10.4025
      vertex 47.2157 65.3926 9.23278
      vertex 47.2157 61.7346 9.23278
    endloop
  endfacet
  facet normal -1 0 0
    outer loop
      vertex 47.2157 61.7346 10.4025
      vertex 47.2157 61.1453 10.4025
      vertex 47.2157 51.0587 10.429
    endloop
  endfacet
  facet normal -1 0 0
    outer loop
      vertex 47.2157 65.3926 10.4025
      vertex 47.2157 61.7346 9.23278
      vertex 47.2157 61.7346 10.4025
    endloop
  endfacet
  facet normal -1 0 0
    outer loop
      vertex 47.2157 61.7346 10.4025
      vertex 47.2157 51.0587 10.429
      vertex 47.2157 65.3926 10.4025
    endloop
  endfacet
  facet normal 1 0 0
    outer loop
      vertex 48.2813 28.1476 8.83858
      vertex 48.2813 27.1508 9.2058
      vertex 48.2813 27.0336 9.2058
    endloop
  endfacet
  facet normal 1 0 0
    outer loop
      vertex 48.2813 27.0336 9.2058
      vertex 48.2813 27.0336 7.78983
      vertex 48.2813 27.0694 7.78983
    endloop
  endfacet
  facet normal 1 0 0
    outer loop
      vertex 48.2813 27.0694 7.78983
      vertex 48.2813 27.485 8.11342
      vertex 48.2813 28.1237 8.83858
    endloop
  endfacet
  facet normal 1 0 0
    outer loop
      vertex 48.2813 28.1237 8.83858
      vertex 48.2813 28.1476 8.83858
      vertex 48.2813 27.0336 9.2058
    endloop
  endfacet
  facet normal 1 0 0
    outer loop
      vertex 48.2813 27.0336 9.2058
      vertex 48.2813 27.0694 7.78983
      vertex 48.2813 28.1237 8.83858
    endloop
  endfacet
  facet normal 0 -1 0
    outer loop
      vertex 48.2813 27.0336 7.78983
      vertex 48.2813 27.0336 9.2058
      vertex 47.3732 27.0336 9.2058
    endloop
  endfacet
  facet normal 0 -1 0
    outer loop
      vertex 47.3732 27.0336 9.2058
      vertex 47.3732 27.0336 7.78983
      vertex 47.8273 27.0336 7.79026
    endloop
  endfacet
  facet normal 0 -1 0
    outer loop
      vertex 47.3732 27.0336 9.2058
      vertex 47.8273 27.0336 7.79026
      vertex 48.2813 27.0336 7.78983
    endloop
  endfacet
  facet normal -1 0 0
    outer loop
      vertex 47.3732 30.7187 8.83858
      vertex 47.3732 31.6321 9.2058
      vertex 47.3732 31.7395 9.2058
    endloop
  endfacet
  facet normal -1 0 0
    outer loop
      vertex 47.3732 31.7395 9.2058
      vertex 47.3732 31.7395 7.78983
      vertex 47.3732 31.7112 7.78983
    endloop
  endfacet
  facet normal -1 0 0
    outer loop
      vertex 47.3732 31.7112 7.78983
      vertex 47.3732 31.3812 8.11342
      vertex 47.3732 30.7426 8.83858
    endloop
  endfacet
  facet normal -1 0 0
    outer loop
      vertex 47.3732 30.7426 8.83858
      vertex 47.3732 30.7187 8.83858
      vertex 47.3732 31.7395 9.2058
    endloop
  endfacet
  facet normal -1 0 0
    outer loop
      vertex 47.3732 31.7395 9.2058
      vertex 47.3732 31.7112 7.78983
      vertex 47.3732 30.7426 8.83858
    endloop
  endfacet
  facet normal 0 -1 0
    outer loop
      vertex 48.2813 67.1122 8.49568
      vertex 48.2813 67.1122 9.2058
      vertex 47.3732 67.1122 9.2058
    endloop
  endfacet
  facet normal 0 -1 0
    outer loop
      vertex 47.3732 67.1122 9.2058
      vertex 47.3732 67.1122 8.49568
      vertex 47.8273 67.1122 8.49568
    endloop
  endfacet
  facet normal 0 -1 0
    outer loop
      vertex 47.3732 67.1122 9.2058
      vertex 47.8273 67.1122 8.49568
      vertex 48.2813 67.1122 8.49568
    endloop
  endfacet
  facet normal 0 1 0
    outer loop
      vertex 47.3732 71.8181 8.49568
      vertex 47.3732 71.8181 9.2058
      vertex 48.2813 71.8181 9.2058
    endloop
  endfacet
  facet normal 0 1 0
    outer loop
      vertex 48.2813 71.8181 9.2058
      vertex 48.2813 71.8181 8.49568
      vertex 47.8273 71.8181 8.49568
    endloop
  endfacet
  facet normal 0 1 0
    outer loop
      vertex 48.2813 71.8181 9.2058
      vertex 47.8273 71.8181 8.49568
      vertex 47.3732 71.8181 8.49568
    endloop
  endfacet
  facet normal 1 0 0
    outer loop
      vertex 48.2813 31.7395 7.78983
      vertex 48.2813 31.7395 9.2058
      vertex 48.2813 31.6321 9.2058
    endloop
  endfacet
  facet normal 1 0 0
    outer loop
      vertex 48.2813 31.6321 9.2058
      vertex 48.2813 30.7187 8.83858
      vertex 48.2813 30.7426 8.83858
    endloop
  endfacet
  facet normal 1 0 0
    outer loop
      vertex 48.2813 30.7426 8.83858
      vertex 48.2813 31.3812 8.11342
      vertex 48.2813 31.7112 7.78983
    endloop
  endfacet
  facet normal 1 0 0
    outer loop
      vertex 48.2813 31.7112 7.78983
      vertex 48.2813 31.7395 7.78983
      vertex 48.2813 31.6321 9.2058
    endloop
  endfacet
  facet normal 1 0 0
    outer loop
      vertex 48.2813 31.6321 9.2058
      vertex 48.2813 30.7426 8.83858
      vertex 48.2813 31.7112 7.78983
    endloop
  endfacet
  facet normal -1 0 0
    outer loop
      vertex 47.3732 70.7973 9.09358
      vertex 47.3732 71.0723 9.2058
      vertex 47.3732 71.8181 9.2058
    endloop
  endfacet
  facet normal -1 0 0
    outer loop
      vertex 47.3732 71.8181 9.2058
      vertex 47.3732 71.8181 8.49568
      vertex 47.3732 71.3477 8.49568
    endloop
  endfacet
  facet normal -1 0 0
    outer loop
      vertex 47.3732 70.8212 9.09358
      vertex 47.3732 70.7973 9.09358
      vertex 47.3732 71.8181 9.2058
    endloop
  endfacet
  facet normal -1 0 0
    outer loop
      vertex 47.3732 71.8181 9.2058
      vertex 47.3732 71.3477 8.49568
      vertex 47.3732 70.8212 9.09358
    endloop
  endfacet
  facet normal 0 0 0
    outer loop
      vertex 48.2813 28.8431 9.2058
      vertex 48.2813 31.5786 9.2058
      vertex 48.2813 31.6321 9.2058
    endloop
  endfacet
  facet normal 0 0 -1
    outer loop
      vertex 48.2813 31.7395 9.2058
      vertex 47.3732 31.7395 9.2058
      vertex 47.2157 37.2341 9.2058
    endloop
  endfacet
  facet normal 0 0 -1
    outer loop
      vertex 48.4389 21.286 9.2058
      vertex 48.2813 28.8431 9.2058
      vertex 48.2813 31.6321 9.2058
    endloop
  endfacet
  facet normal 0 0 -1
    outer loop
      vertex 48.2813 31.7395 9.2058
      vertex 47.2157 37.2341 9.2058
      vertex 47.8273 37.2341 9.2058
    endloop
  endfacet
  facet normal 0 0 -1
    outer loop
      vertex 48.4389 21.286 9.2058
      vertex 48.2813 31.6321 9.2058
      vertex 48.2813 31.7395 9.2058
    endloop
  endfacet
  facet normal 0 0 -1
    outer loop
      vertex 48.2813 31.7395 9.2058
      vertex 47.8273 37.2341 9.2058
      vertex 48.4389 37.2341 9.2058
    endloop
  endfacet
  facet normal 0 0 -1
    outer loop
      vertex 48.2813 31.7395 9.2058
      vertex 48.4389 37.2341 9.2058
      vertex 48.4389 21.286 9.2058
    endloop
  endfacet
  facet normal 1 0 0
    outer loop
      vertex 48.2813 68.2262 9.09358
      vertex 48.2813 67.9261 9.2058
      vertex 48.2813 67.9086 9.2058
    endloop
  endfacet
  facet normal 1 0 0
    outer loop
      vertex 48.2813 67.9086 9.2058
      vertex 48.2813 68.2023 9.09358
      vertex 48.2813 68.2262 9.09358
    endloop
  endfacet
  facet normal 0 1 0
    outer loop
      vertex 47.3732 31.7395 7.78983
      vertex 47.3732 31.7395 9.2058
      vertex 48.2813 31.7395 9.2058
    endloop
  endfacet
  facet normal 0 1 0
    outer loop
      vertex 48.2813 31.7395 9.2058
      vertex 48.2813 31.7395 7.78983
      vertex 47.8273 31.7395 7.79026
    endloop
  endfacet
  facet normal 0 1 0
    outer loop
      vertex 48.2813 31.7395 9.2058
      vertex 47.8273 31.7395 7.79026
      vertex 47.3732 31.7395 7.78983
    endloop
  endfacet
  facet normal -1 0 0
    outer loop
      vertex 47.3732 27.0336 7.78983
      vertex 47.3732 27.0336 9.2058
      vertex 47.3732 27.1508 9.2058
    endloop
  endfacet
  facet normal -1 0 0
    outer loop
      vertex 47.3732 27.1508 9.2058
      vertex 47.3732 28.1476 8.83858
      vertex 47.3732 28.1237 8.83858
    endloop
  endfacet
  facet normal -1 0 0
    outer loop
      vertex 47.3732 28.1237 8.83858
      vertex 47.3732 27.485 8.11342
      vertex 47.3732 27.0694 7.78983
    endloop
  endfacet
  facet normal -1 0 0
    outer loop
      vertex 47.3732 27.0694 7.78983
      vertex 47.3732 27.0336 7.78983
      vertex 47.3732 27.1508 9.2058
    endloop
  endfacet
  facet normal -1 0 0
    outer loop
      vertex 47.3732 27.1508 9.2058
      vertex 47.3732 28.1237 8.83858
      vertex 47.3732 27.0694 7.78983
    endloop
  endfacet
  facet normal 1 0 0
    outer loop
      vertex 48.4389 80.2244 10.429
      vertex 48.4389 51.0587 10.429
      vertex 48.4389 65.3926 10.4025
    endloop
  endfacet
  facet normal 1 0 0
    outer loop
      vertex 48.4389 80.2244 10.429
      vertex 48.4389 65.3926 10.4025
      vertex 48.4389 65.9858 10.4025
    endloop
  endfacet
  facet normal 1 0 0
    outer loop
      vertex 48.4389 69.7051 10.4025
      vertex 48.4389 80.2244 10.429
      vertex 48.4389 65.9858 10.4025
    endloop
  endfacet
  facet normal 1 0 0
    outer loop
      vertex 48.4389 65.9858 9.23278
      vertex 48.4389 65.3966 9.23278
      vertex 48.4389 51.0587 9.2058
    endloop
  endfacet
  facet normal 1 0 0
    outer loop
      vertex 48.4389 69.7051 10.4025
      vertex 48.4389 65.9858 10.4025
      vertex 48.4389 65.9858 9.23278
    endloop
  endfacet
  facet normal 1 0 0
    outer loop
      vertex 48.4389 79.9755 9.2058
      vertex 48.4389 70.2982 9.23278
      vertex 48.4389 69.7051 9.23278
    endloop
  endfacet
  facet normal 1 0 0
    outer loop
      vertex 48.4389 69.7051 9.23278
      vertex 48.4389 69.7051 10.4025
      vertex 48.4389 65.9858 9.23278
    endloop
  endfacet
  facet normal 1 0 0
    outer loop
      vertex 48.4389 65.9858 9.23278
      vertex 48.4389 51.0587 9.2058
      vertex 48.4389 79.9755 9.2058
    endloop
  endfacet
  facet normal 1 0 0
    outer loop
      vertex 48.4389 65.9858 9.23278
      vertex 48.4389 79.9755 9.2058
      vertex 48.4389 69.7051 9.23278
    endloop
  endfacet
  facet normal 1 0 0
    outer loop
      vertex 48.2813 71.8181 8.49568
      vertex 48.2813 71.8181 9.2058
      vertex 48.2813 71.0723 9.2058
    endloop
  endfacet
  facet normal 1 0 0
    outer loop
      vertex 48.2813 71.0723 9.2058
      vertex 48.2813 70.7973 9.09358
      vertex 48.2813 70.8212 9.09358
    endloop
  endfacet
  facet normal 1 0 0
    outer loop
      vertex 48.2813 70.8212 9.09358
      vertex 48.2813 71.3477 8.49568
      vertex 48.2813 71.8181 8.49568
    endloop
  endfacet
  facet normal 1 0 0
    outer loop
      vertex 48.2813 71.0723 9.2058
      vertex 48.2813 70.8212 9.09358
      vertex 48.2813 71.8181 8.49568
    endloop
  endfacet
  facet normal 0 0 -1
    outer loop
      vertex 48.4389 78.2118 9.23278
      vertex 48.4389 78.805 9.23278
      vertex 48.4471 78.805 9.23278
    endloop
  endfacet
  facet normal 0 0 -1
    outer loop
      vertex 48.4471 78.805 9.23278
      vertex 48.4471 78.2118 9.23278
      vertex 48.4389 78.2118 9.23278
    endloop
  endfacet
  facet normal 0 0 -1
    outer loop
      vertex 48.4389 69.7051 9.23278
      vertex 48.4389 70.2982 9.23278
      vertex 48.4471 70.2982 9.23278
    endloop
  endfacet
  facet normal 0 0 -1
    outer loop
      vertex 48.4471 70.2982 9.23278
      vertex 48.4471 69.7051 9.23278
      vertex 48.4389 69.7051 9.23278
    endloop
  endfacet
  facet normal 0 0 1
    outer loop
      vertex 47.2075 61.1414 10.4025
      vertex 47.2157 61.1414 10.4025
      vertex 47.2157 61.1453 10.4025
    endloop
  endfacet
  facet normal 0 0 1
    outer loop
      vertex 47.2157 61.1453 10.4025
      vertex 47.2157 61.7346 10.4025
      vertex 47.2075 61.7346 10.4025
    endloop
  endfacet
  facet normal 0 0 1
    outer loop
      vertex 47.2157 61.1453 10.4025
      vertex 47.2075 61.7346 10.4025
      vertex 47.2075 61.1414 10.4025
    endloop
  endfacet
  facet normal 0 1 0
    outer loop
      vertex 47.2157 53.1451 10.4025
      vertex 47.2157 53.1451 9.23278
      vertex 47.2075 53.1451 9.23278
    endloop
  endfacet
  facet normal 0 1 0
    outer loop
      vertex 47.2075 53.1451 9.23278
      vertex 47.2075 53.1451 10.4025
      vertex 47.2157 53.1451 10.4025
    endloop
  endfacet
  facet normal 1 0 0
    outer loop
      vertex 48.4389 80.2244 10.429
      vertex 48.4389 78.2118 10.4025
      vertex 48.4389 78.805 10.4025
    endloop
  endfacet
  facet normal 1 0 0
    outer loop
      vertex 48.4389 78.805 10.4025
      vertex 48.4389 78.805 9.23278
      vertex 48.4389 79.9755 9.2058
    endloop
  endfacet
  facet normal 1 0 0
    outer loop
      vertex 48.4389 80.2244 10.429
      vertex 48.4389 78.805 10.4025
      vertex 48.4389 79.9755 9.2058
    endloop
  endfacet
  facet normal 1 0 0
    outer loop
      vertex 48.4389 79.9755 9.2058
      vertex 48.4389 78.805 9.23278
      vertex 48.4389 78.2118 9.23278
    endloop
  endfacet
  facet normal 1 0 0
    outer loop
      vertex 48.4389 78.2118 10.4025
      vertex 48.4389 80.2244 10.429
      vertex 48.4389 73.9606 10.4025
    endloop
  endfacet
  facet normal 1 0 0
    outer loop
      vertex 48.4389 73.9646 9.23278
      vertex 48.4389 79.9755 9.2058
      vertex 48.4389 78.2118 9.23278
    endloop
  endfacet
  facet normal 0 0 0
    outer loop
      vertex 48.4389 78.2118 10.4025
      vertex 48.4389 73.9606 10.4025
      vertex 48.4389 74.5538 10.4025
    endloop
  endfacet
  facet normal 0 0 0
    outer loop
      vertex 48.4389 74.5538 9.23278
      vertex 48.4389 73.9646 9.23278
      vertex 48.4389 78.2118 9.23278
    endloop
  endfacet
  facet normal 1 0 0
    outer loop
      vertex 48.4389 78.2118 10.4025
      vertex 48.4389 74.5538 10.4025
      vertex 48.4389 74.5538 9.23278
    endloop
  endfacet
  facet normal 1 0 0
    outer loop
      vertex 48.4389 78.2118 9.23278
      vertex 48.4389 78.2118 10.4025
      vertex 48.4389 74.5538 9.23278
    endloop
  endfacet
  facet normal 1 0 0
    outer loop
      vertex 48.4389 80.2244 10.429
      vertex 48.4389 69.7051 10.4025
      vertex 48.4389 70.2982 10.4025
    endloop
  endfacet
  facet normal 1 0 0
    outer loop
      vertex 48.4389 79.9755 9.2058
      vertex 48.4389 73.9646 9.23278
      vertex 48.4389 73.9606 9.23278
    endloop
  endfacet
  facet normal 1 0 0
    outer loop
      vertex 48.4389 73.9606 10.4025
      vertex 48.4389 80.2244 10.429
      vertex 48.4389 70.2982 10.4025
    endloop
  endfacet
  facet normal 1 0 0
    outer loop
      vertex 48.4389 70.2982 9.23278
      vertex 48.4389 79.9755 9.2058
      vertex 48.4389 73.9606 9.23278
    endloop
  endfacet
  facet normal 1 0 0
    outer loop
      vertex 48.4389 73.9606 9.23278
      vertex 48.4389 73.9606 10.4025
      vertex 48.4389 70.2982 10.4025
    endloop
  endfacet
  facet normal 1 0 0
    outer loop
      vertex 48.4389 73.9606 9.23278
      vertex 48.4389 70.2982 10.4025
      vertex 48.4389 70.2982 9.23278
    endloop
  endfacet
  facet normal 1 0 0
    outer loop
      vertex 48.4389 51.0587 9.2058
      vertex 48.4389 53.1451 9.23278
      vertex 48.4389 52.5519 9.23278
    endloop
  endfacet
  facet normal 1 0 0
    outer loop
      vertex 48.4389 52.5519 9.23278
      vertex 48.4389 52.5519 10.4025
      vertex 48.4389 51.0587 10.429
    endloop
  endfacet
  facet normal 1 0 0
    outer loop
      vertex 48.4389 51.0587 9.2058
      vertex 48.4389 52.5519 9.23278
      vertex 48.4389 51.0587 10.429
    endloop
  endfacet
  facet normal 1 0 0
    outer loop
      vertex 48.4389 51.0587 9.2058
      vertex 48.4389 56.8898 9.23278
      vertex 48.4389 56.8858 9.23278
    endloop
  endfacet
  facet normal 1 0 0
    outer loop
      vertex 48.4389 51.0587 10.429
      vertex 48.4389 52.5519 10.4025
      vertex 48.4389 53.1451 10.4025
    endloop
  endfacet
  facet normal 1 0 0
    outer loop
      vertex 48.4389 53.1451 9.23278
      vertex 48.4389 51.0587 9.2058
      vertex 48.4389 56.8858 9.23278
    endloop
  endfacet
  facet normal 1 0 0
    outer loop
      vertex 48.4389 56.8858 10.4025
      vertex 48.4389 51.0587 10.429
      vertex 48.4389 53.1451 10.4025
    endloop
  endfacet
  facet normal 1 0 0
    outer loop
      vertex 48.4389 53.1451 10.4025
      vertex 48.4389 53.1451 9.23278
      vertex 48.4389 56.8858 9.23278
    endloop
  endfacet
  facet normal 1 0 0
    outer loop
      vertex 48.4389 53.1451 10.4025
      vertex 48.4389 56.8858 9.23278
      vertex 48.4389 56.8858 10.4025
    endloop
  endfacet
  facet normal 1 0 0
    outer loop
      vertex 48.4389 57.479 9.23278
      vertex 48.4389 56.8898 9.23278
      vertex 48.4389 51.0587 9.2058
    endloop
  endfacet
  facet normal 1 0 0
    outer loop
      vertex 48.4389 51.0587 9.2058
      vertex 48.4389 65.3966 9.23278
      vertex 48.4389 65.3926 9.23278
    endloop
  endfacet
  facet normal 1 0 0
    outer loop
      vertex 48.4389 51.0587 9.2058
      vertex 48.4389 65.3926 9.23278
      vertex 48.4389 61.7346 9.23278
    endloop
  endfacet
  facet normal 1 0 0
    outer loop
      vertex 48.4389 57.479 9.23278
      vertex 48.4389 51.0587 9.2058
      vertex 48.4389 61.7346 9.23278
    endloop
  endfacet
  facet normal 0 0 0
    outer loop
      vertex 48.4389 57.479 9.23278
      vertex 48.4389 61.7346 9.23278
      vertex 48.4389 61.1414 9.23278
    endloop
  endfacet
  facet normal 1 0 0
    outer loop
      vertex 48.4389 51.0587 10.429
      vertex 48.4389 56.8858 10.4025
      vertex 48.4389 57.479 10.4025
    endloop
  endfacet
  facet normal 1 0 0
    outer loop
      vertex 48.4389 57.479 10.4025
      vertex 48.4389 57.479 9.23278
      vertex 48.4389 61.1414 9.23278
    endloop
  endfacet
  facet normal 1 0 0
    outer loop
      vertex 48.4389 61.1414 10.4025
      vertex 48.4389 61.7346 10.4025
      vertex 48.4389 51.0587 10.429
    endloop
  endfacet
  facet normal 1 0 0
    outer loop
      vertex 48.4389 57.479 10.4025
      vertex 48.4389 61.1414 9.23278
      vertex 48.4389 61.1414 10.4025
    endloop
  endfacet
  facet normal 1 0 0
    outer loop
      vertex 48.4389 57.479 10.4025
      vertex 48.4389 61.1414 10.4025
      vertex 48.4389 51.0587 10.429
    endloop
  endfacet
  facet normal 1 0 0
    outer loop
      vertex 48.4389 61.7346 10.4025
      vertex 48.4389 61.7346 9.23278
      vertex 48.4389 65.3926 9.23278
    endloop
  endfacet
  facet normal 1 0 0
    outer loop
      vertex 48.4389 65.3926 10.4025
      vertex 48.4389 51.0587 10.429
      vertex 48.4389 61.7346 10.4025
    endloop
  endfacet
  facet normal 1 0 0
    outer loop
      vertex 48.4389 65.3926 9.23278
      vertex 48.4389 65.3926 10.4025
      vertex 48.4389 61.7346 10.4025
    endloop
  endfacet
  facet normal 0 0 1
    outer loop
      vertex 47.2157 52.5519 10.4025
      vertex 47.2157 53.1451 10.4025
      vertex 47.2075 53.1451 10.4025
    endloop
  endfacet
  facet normal 0 0 1
    outer loop
      vertex 47.2075 53.1451 10.4025
      vertex 47.2075 52.5519 10.4025
      vertex 47.2157 52.5519 10.4025
    endloop
  endfacet
  facet normal 0 1 0
    outer loop
      vertex 47.2157 61.7346 10.4025
      vertex 47.2157 61.7346 9.23278
      vertex 47.2075 61.7346 9.23278
    endloop
  endfacet
  facet normal 0 1 0
    outer loop
      vertex 47.2075 61.7346 9.23278
      vertex 47.2075 61.7346 10.4025
      vertex 47.2157 61.7346 10.4025
    endloop
  endfacet
  facet normal -1 0 0
    outer loop
      vertex 47.2157 21.286 10.429
      vertex 47.2157 27.4976 10.4025
      vertex 47.2157 26.9044 10.4025
    endloop
  endfacet
  facet normal -1 0 0
    outer loop
      vertex 47.2157 21.286 9.2058
      vertex 47.2157 22.6489 9.23278
      vertex 47.2157 23.2421 9.23278
    endloop
  endfacet
  facet normal -1 0 0
    outer loop
      vertex 47.2157 23.2421 10.4025
      vertex 47.2157 21.286 10.429
      vertex 47.2157 26.9044 10.4025
    endloop
  endfacet
  facet normal -1 0 0
    outer loop
      vertex 47.2157 26.9044 9.23278
      vertex 47.2157 21.286 9.2058
      vertex 47.2157 23.2421 9.23278
    endloop
  endfacet
  facet normal -1 0 0
    outer loop
      vertex 47.2157 23.2421 9.23278
      vertex 47.2157 23.2421 10.4025
      vertex 47.2157 26.9044 10.4025
    endloop
  endfacet
  facet normal -1 0 0
    outer loop
      vertex 47.2157 26.9044 10.4025
      vertex 47.2157 26.9044 9.23278
      vertex 47.2157 23.2421 9.23278
    endloop
  endfacet
  facet normal -1 0 0
    outer loop
      vertex 47.2157 21.286 10.429
      vertex 47.2157 23.2421 10.4025
      vertex 47.2157 22.6489 10.4025
    endloop
  endfacet
  facet normal -1 0 0
    outer loop
      vertex 47.2157 22.6489 10.4025
      vertex 47.2157 22.6489 9.23278
      vertex 47.2157 21.286 9.2058
    endloop
  endfacet
  facet normal -1 0 0
    outer loop
      vertex 47.2157 22.6489 10.4025
      vertex 47.2157 21.286 9.2058
      vertex 47.2157 21.286 10.429
    endloop
  endfacet
  facet normal -1 0 0
    outer loop
      vertex 47.2157 37.2341 9.2058
      vertex 47.2157 31.1557 9.23278
      vertex 47.2157 31.7489 9.23278
    endloop
  endfacet
  facet normal -1 0 0
    outer loop
      vertex 47.2157 31.7489 10.4025
      vertex 47.2157 38.6138 10.429
      vertex 47.2157 36.0827 10.4025
    endloop
  endfacet
  facet normal 0 0 0
    outer loop
      vertex 47.2157 31.7489 10.4025
      vertex 47.2157 36.0827 10.4025
      vertex 47.2157 35.4896 10.4025
    endloop
  endfacet
  facet normal -1 0 0
    outer loop
      vertex 47.2157 35.4896 9.23278
      vertex 47.2157 37.2341 9.2058
      vertex 47.2157 31.7489 9.23278
    endloop
  endfacet
  facet normal -1 0 0
    outer loop
      vertex 47.2157 31.7489 10.4025
      vertex 47.2157 35.4896 10.4025
      vertex 47.2157 35.4896 9.23278
    endloop
  endfacet
  facet normal -1 0 0
    outer loop
      vertex 47.2157 31.7489 9.23278
      vertex 47.2157 31.7489 10.4025
      vertex 47.2157 35.4896 9.23278
    endloop
  endfacet
  facet normal -1 0 0
    outer loop
      vertex 47.2157 36.0827 9.23278
      vertex 47.2157 36.0827 10.4025
      vertex 47.2157 38.6138 10.429
    endloop
  endfacet
  facet normal -1 0 0
    outer loop
      vertex 47.2157 37.2341 9.2058
      vertex 47.2157 35.4896 9.23278
      vertex 47.2157 36.0827 9.23278
    endloop
  endfacet
  facet normal -1 0 0
    outer loop
      vertex 47.2157 36.0827 9.23278
      vertex 47.2157 38.6138 10.429
      vertex 47.2157 37.2341 9.2058
    endloop
  endfacet
  facet normal 0 1 0
    outer loop
      vertex 47.2157 23.2421 10.4025
      vertex 47.2157 23.2421 9.23278
      vertex 47.2075 23.2421 9.23278
    endloop
  endfacet
  facet normal 0 1 0
    outer loop
      vertex 47.2075 23.2421 9.23278
      vertex 47.2075 23.2421 10.4025
      vertex 47.2157 23.2421 10.4025
    endloop
  endfacet
  facet normal 0 -1 0
    outer loop
      vertex 48.4389 78.2118 10.4025
      vertex 48.4389 78.2118 9.23278
      vertex 48.4471 78.2118 9.23278
    endloop
  endfacet
  facet normal 0 -1 0
    outer loop
      vertex 48.4471 78.2118 9.23278
      vertex 48.4471 78.2118 10.4025
      vertex 48.4389 78.2118 10.4025
    endloop
  endfacet
  facet normal 0 -1 0
    outer loop
      vertex 48.4389 52.5519 10.4025
      vertex 48.4389 52.5519 9.23278
      vertex 48.4471 52.5519 9.23278
    endloop
  endfacet
  facet normal 0 -1 0
    outer loop
      vertex 48.4471 52.5519 9.23278
      vertex 48.4471 52.5519 10.4025
      vertex 48.4389 52.5519 10.4025
    endloop
  endfacet
  facet normal 0 1 0
    outer loop
      vertex 47.2157 31.7489 10.4025
      vertex 47.2157 31.7489 9.23278
      vertex 47.2075 31.7489 9.23278
    endloop
  endfacet
  facet normal 0 1 0
    outer loop
      vertex 47.2075 31.7489 9.23278
      vertex 47.2075 31.7489 10.4025
      vertex 47.2157 31.7489 10.4025
    endloop
  endfacet
  facet normal 0 0 1
    outer loop
      vertex 47.2157 73.9606 10.4025
      vertex 47.2157 74.5538 10.4025
      vertex 47.2075 74.5538 10.4025
    endloop
  endfacet
  facet normal 0 0 1
    outer loop
      vertex 47.2075 74.5538 10.4025
      vertex 47.2075 73.9606 10.4025
      vertex 47.2157 73.9606 10.4025
    endloop
  endfacet
  facet normal 0 1 0
    outer loop
      vertex 47.2157 27.4976 10.4025
      vertex 47.2157 27.4976 9.23278
      vertex 47.2075 27.4976 9.23278
    endloop
  endfacet
  facet normal 0 1 0
    outer loop
      vertex 47.2075 27.4976 9.23278
      vertex 47.2075 27.4976 10.4025
      vertex 47.2157 27.4976 10.4025
    endloop
  endfacet
  facet normal 0 1 0
    outer loop
      vertex 47.2157 78.805 10.4025
      vertex 47.2157 78.805 9.23278
      vertex 47.2075 78.805 9.23278
    endloop
  endfacet
  facet normal 0 1 0
    outer loop
      vertex 47.2075 78.805 9.23278
      vertex 47.2075 78.805 10.4025
      vertex 47.2157 78.805 10.4025
    endloop
  endfacet
  facet normal 0 0 1
    outer loop
      vertex 47.2157 26.9044 10.4025
      vertex 47.2157 27.4976 10.4025
      vertex 47.2075 27.4976 10.4025
    endloop
  endfacet
  facet normal 0 0 1
    outer loop
      vertex 47.2075 27.4976 10.4025
      vertex 47.2075 26.9044 10.4025
      vertex 47.2157 26.9044 10.4025
    endloop
  endfacet
  facet normal 0 -1 0
    outer loop
      vertex 48.4389 22.6489 10.4025
      vertex 48.4389 22.6489 9.23278
      vertex 48.4471 22.6489 9.23278
    endloop
  endfacet
  facet normal 0 -1 0
    outer loop
      vertex 48.4471 22.6489 9.23278
      vertex 48.4471 22.6489 10.4025
      vertex 48.4389 22.6489 10.4025
    endloop
  endfacet
  facet normal 0 0 -1
    outer loop
      vertex 48.4471 73.9606 9.23278
      vertex 48.4389 73.9606 9.23278
      vertex 48.4389 73.9646 9.23278
    endloop
  endfacet
  facet normal 0 0 -1
    outer loop
      vertex 48.4389 73.9646 9.23278
      vertex 48.4389 74.5538 9.23278
      vertex 48.4471 74.5538 9.23278
    endloop
  endfacet
  facet normal 0 0 -1
    outer loop
      vertex 48.4389 73.9646 9.23278
      vertex 48.4471 74.5538 9.23278
      vertex 48.4471 73.9606 9.23278
    endloop
  endfacet
  facet normal 0 0 1
    outer loop
      vertex 47.2157 35.4896 10.4025
      vertex 47.2157 36.0827 10.4025
      vertex 47.2075 36.0827 10.4025
    endloop
  endfacet
  facet normal 0 0 1
    outer loop
      vertex 47.2075 36.0827 10.4025
      vertex 47.2075 35.4896 10.4025
      vertex 47.2157 35.4896 10.4025
    endloop
  endfacet
  facet normal 0 0 1
    outer loop
      vertex 47.2157 22.6489 10.4025
      vertex 47.2157 23.2421 10.4025
      vertex 47.2075 23.2421 10.4025
    endloop
  endfacet
  facet normal 0 0 1
    outer loop
      vertex 47.2075 23.2421 10.4025
      vertex 47.2075 22.6489 10.4025
      vertex 47.2157 22.6489 10.4025
    endloop
  endfacet
  facet normal 0 1 0
    outer loop
      vertex 47.2157 70.2982 10.4025
      vertex 47.2157 70.2982 9.23278
      vertex 47.2075 70.2982 9.23278
    endloop
  endfacet
  facet normal 0 1 0
    outer loop
      vertex 47.2075 70.2982 9.23278
      vertex 47.2075 70.2982 10.4025
      vertex 47.2157 70.2982 10.4025
    endloop
  endfacet
  facet normal -1 0 0
    outer loop
      vertex 47.2157 79.9755 9.2058
      vertex 47.2157 78.2118 9.23278
      vertex 47.2157 78.805 9.23278
    endloop
  endfacet
  facet normal -1 0 0
    outer loop
      vertex 47.2157 78.805 9.23278
      vertex 47.2157 78.805 10.4025
      vertex 47.2157 80.2244 10.429
    endloop
  endfacet
  facet normal -1 0 0
    outer loop
      vertex 47.2157 79.9755 9.2058
      vertex 47.2157 78.805 9.23278
      vertex 47.2157 80.2244 10.429
    endloop
  endfacet
  facet normal -1 0 0
    outer loop
      vertex 47.2157 80.2244 10.429
      vertex 47.2157 78.805 10.4025
      vertex 47.2157 78.2118 10.4025
    endloop
  endfacet
  facet normal -1 0 0
    outer loop
      vertex 47.2157 78.2118 9.23278
      vertex 47.2157 79.9755 9.2058
      vertex 47.2157 74.5538 9.23278
    endloop
  endfacet
  facet normal -1 0 0
    outer loop
      vertex 47.2157 70.2982 10.4025
      vertex 47.2157 80.2244 10.429
      vertex 47.2157 78.2118 10.4025
    endloop
  endfacet
  facet normal -1 0 0
    outer loop
      vertex 47.2157 78.2118 10.4025
      vertex 47.2157 78.2118 9.23278
      vertex 47.2157 74.5538 9.23278
    endloop
  endfacet
  facet normal 0 0 0
    outer loop
      vertex 47.2157 74.5538 10.4025
      vertex 47.2157 70.2982 10.4025
      vertex 47.2157 78.2118 10.4025
    endloop
  endfacet
  facet normal -1 0 0
    outer loop
      vertex 47.2157 78.2118 10.4025
      vertex 47.2157 74.5538 9.23278
      vertex 47.2157 74.5538 10.4025
    endloop
  endfacet
  facet normal -1 0 0
    outer loop
      vertex 47.2157 70.2982 9.23278
      vertex 47.2157 70.2982 10.4025
      vertex 47.2157 74.5538 10.4025
    endloop
  endfacet
  facet normal -1 0 0
    outer loop
      vertex 47.2157 79.9755 9.2058
      vertex 47.2157 69.7051 9.23278
      vertex 47.2157 70.2982 9.23278
    endloop
  endfacet
  facet normal -1 0 0
    outer loop
      vertex 47.2157 73.9606 9.23278
      vertex 47.2157 74.5538 9.23278
      vertex 47.2157 79.9755 9.2058
    endloop
  endfacet
  facet normal -1 0 0
    outer loop
      vertex 47.2157 73.9606 9.23278
      vertex 47.2157 79.9755 9.2058
      vertex 47.2157 70.2982 9.23278
    endloop
  endfacet
  facet normal -1 0 0
    outer loop
      vertex 47.2157 73.9606 9.23278
      vertex 47.2157 70.2982 9.23278
      vertex 47.2157 74.5538 10.4025
    endloop
  endfacet
  facet normal 1 0 0
    outer loop
      vertex 47.2157 74.5538 10.4025
      vertex 47.2157 73.9606 10.4025
      vertex 47.2157 73.9606 9.23278
    endloop
  endfacet
  facet normal -1 0 0
    outer loop
      vertex 47.2157 80.2244 10.429
      vertex 47.2157 70.2982 10.4025
      vertex 47.2157 69.7051 10.4025
    endloop
  endfacet
  facet normal -1 0 0
    outer loop
      vertex 47.2157 69.7051 9.23278
      vertex 47.2157 79.9755 9.2058
      vertex 47.2157 65.9858 9.23278
    endloop
  endfacet
  facet normal -1 0 0
    outer loop
      vertex 47.2157 65.9858 10.4025
      vertex 47.2157 80.2244 10.429
      vertex 47.2157 69.7051 10.4025
    endloop
  endfacet
  facet normal -1 0 0
    outer loop
      vertex 47.2157 69.7051 10.4025
      vertex 47.2157 69.7051 9.23278
      vertex 47.2157 65.9858 9.23278
    endloop
  endfacet
  facet normal -1 0 0
    outer loop
      vertex 47.2157 69.7051 10.4025
      vertex 47.2157 65.9858 9.23278
      vertex 47.2157 65.9858 10.4025
    endloop
  endfacet
  facet normal -1 0 0
    outer loop
      vertex 47.2157 51.0587 10.429
      vertex 47.2157 61.1453 10.4025
      vertex 47.2157 61.1414 10.4025
    endloop
  endfacet
  facet normal 0 0 0
    outer loop
      vertex 47.2157 61.1414 10.4025
      vertex 47.2157 57.479 10.4025
      vertex 47.2157 56.8858 10.4025
    endloop
  endfacet
  facet normal -1 0 0
    outer loop
      vertex 47.2157 56.8858 9.23278
      vertex 47.2157 57.479 9.23278
      vertex 47.2157 51.0587 9.2058
    endloop
  endfacet
  facet normal -1 0 0
    outer loop
      vertex 47.2157 51.0587 10.429
      vertex 47.2157 61.1414 10.4025
      vertex 47.2157 56.8858 10.4025
    endloop
  endfacet
  facet normal -1 0 0
    outer loop
      vertex 47.2157 56.8858 9.23278
      vertex 47.2157 51.0587 9.2058
      vertex 47.2157 52.5519 9.23278
    endloop
  endfacet
  facet normal 0 0 0
    outer loop
      vertex 47.2157 56.8858 9.23278
      vertex 47.2157 52.5519 9.23278
      vertex 47.2157 53.1451 9.23278
    endloop
  endfacet
  facet normal -1 0 0
    outer loop
      vertex 47.2157 53.1451 10.4025
      vertex 47.2157 51.0587 10.429
      vertex 47.2157 56.8858 10.4025
    endloop
  endfacet
  facet normal -1 0 0
    outer loop
      vertex 47.2157 56.8858 9.23278
      vertex 47.2157 53.1451 9.23278
      vertex 47.2157 53.1451 10.4025
    endloop
  endfacet
  facet normal -1 0 0
    outer loop
      vertex 47.2157 56.8858 10.4025
      vertex 47.2157 56.8858 9.23278
      vertex 47.2157 53.1451 10.4025
    endloop
  endfacet
  facet normal -1 0 0
    outer loop
      vertex 47.2157 51.0587 10.429
      vertex 47.2157 53.1451 10.4025
      vertex 47.2157 52.5519 10.4025
    endloop
  endfacet
  facet normal -1 0 0
    outer loop
      vertex 47.2157 52.5519 10.4025
      vertex 47.2157 52.5519 9.23278
      vertex 47.2157 51.0587 9.2058
    endloop
  endfacet
  facet normal -1 0 0
    outer loop
      vertex 47.2157 52.5519 10.4025
      vertex 47.2157 51.0587 9.2058
      vertex 47.2157 51.0587 10.429
    endloop
  endfacet
  facet normal -1 0 0
    outer loop
      vertex 47.2157 57.479 9.23278
      vertex 47.2157 57.479 10.4025
      vertex 47.2157 61.1414 10.4025
    endloop
  endfacet
  facet normal -1 0 0
    outer loop
      vertex 47.2157 61.1414 9.23278
      vertex 47.2157 51.0587 9.2058
      vertex 47.2157 57.479 9.23278
    endloop
  endfacet
  facet normal -1 0 0
    outer loop
      vertex 47.2157 57.479 9.23278
      vertex 47.2157 61.1414 10.4025
      vertex 47.2157 61.1414 9.23278
    endloop
  endfacet
  facet normal 0 0 1
    outer loop
      vertex 47.2157 65.3926 10.4025
      vertex 47.2157 65.9858 10.4025
      vertex 47.2075 65.9858 10.4025
    endloop
  endfacet
  facet normal 0 0 1
    outer loop
      vertex 47.2075 65.9858 10.4025
      vertex 47.2075 65.3926 10.4025
      vertex 47.2157 65.3926 10.4025
    endloop
  endfacet
  facet normal 1 0 0
    outer loop
      vertex 48.4389 26.9044 10.4025
      vertex 48.4389 21.286 10.429
      vertex 48.4389 22.6489 10.4025
    endloop
  endfacet
  facet normal 0 0 0
    outer loop
      vertex 48.4389 26.9044 10.4025
      vertex 48.4389 22.6489 10.4025
      vertex 48.4389 23.2421 10.4025
    endloop
  endfacet
  facet normal 1 0 0
    outer loop
      vertex 48.4389 21.286 9.2058
      vertex 48.4389 27.4976 9.23278
      vertex 48.4389 26.9044 9.23278
    endloop
  endfacet
  facet normal 1 0 0
    outer loop
      vertex 48.4389 26.9044 9.23278
      vertex 48.4389 26.9044 10.4025
      vertex 48.4389 23.2421 10.4025
    endloop
  endfacet
  facet normal 1 0 0
    outer loop
      vertex 48.4389 23.2421 9.23278
      vertex 48.4389 21.286 9.2058
      vertex 48.4389 26.9044 9.23278
    endloop
  endfacet
  facet normal 1 0 0
    outer loop
      vertex 48.4389 23.2421 10.4025
      vertex 48.4389 23.2421 9.23278
      vertex 48.4389 26.9044 9.23278
    endloop
  endfacet
  facet normal 1 0 0
    outer loop
      vertex 48.4389 21.286 10.429
      vertex 48.4389 26.9044 10.4025
      vertex 48.4389 27.4976 10.4025
    endloop
  endfacet
  facet normal 1 0 0
    outer loop
      vertex 48.4389 27.4976 9.23278
      vertex 48.4389 21.286 9.2058
      vertex 48.4389 37.2341 9.2058
    endloop
  endfacet
  facet normal 1 0 0
    outer loop
      vertex 48.4389 38.6138 10.429
      vertex 48.4389 21.286 10.429
      vertex 48.4389 27.4976 10.4025
    endloop
  endfacet
  facet normal 1 0 0
    outer loop
      vertex 48.4389 37.2341 9.2058
      vertex 48.4389 31.7489 9.23278
      vertex 48.4389 31.1557 9.23278
    endloop
  endfacet
  facet normal 1 0 0
    outer loop
      vertex 48.4389 31.1557 10.4025
      vertex 48.4389 38.6138 10.429
      vertex 48.4389 27.4976 10.4025
    endloop
  endfacet
  facet normal 1 0 0
    outer loop
      vertex 48.4389 27.4976 9.23278
      vertex 48.4389 37.2341 9.2058
      vertex 48.4389 31.1557 9.23278
    endloop
  endfacet
  facet normal 1 0 0
    outer loop
      vertex 48.4389 31.1557 9.23278
      vertex 48.4389 31.1557 10.4025
      vertex 48.4389 27.4976 10.4025
    endloop
  endfacet
  facet normal 1 0 0
    outer loop
      vertex 48.4389 27.4976 10.4025
      vertex 48.4389 27.4976 9.23278
      vertex 48.4389 31.1557 9.23278
    endloop
  endfacet
  facet normal 1 0 0
    outer loop
      vertex 48.4389 38.6138 10.429
      vertex 48.4389 31.1557 10.4025
      vertex 48.4389 31.7489 10.4025
    endloop
  endfacet
  facet normal 1 0 0
    outer loop
      vertex 48.4389 31.7489 9.23278
      vertex 48.4389 37.2341 9.2058
      vertex 48.4389 36.0827 9.23278
    endloop
  endfacet
  facet normal 0 0 0
    outer loop
      vertex 48.4389 31.7489 9.23278
      vertex 48.4389 36.0827 9.23278
      vertex 48.4389 35.4896 9.23278
    endloop
  endfacet
  facet normal 1 0 0
    outer loop
      vertex 48.4389 35.4896 10.4025
      vertex 48.4389 38.6138 10.429
      vertex 48.4389 31.7489 10.4025
    endloop
  endfacet
  facet normal 1 0 0
    outer loop
      vertex 48.4389 31.7489 9.23278
      vertex 48.4389 35.4896 9.23278
      vertex 48.4389 35.4896 10.4025
    endloop
  endfacet
  facet normal 1 0 0
    outer loop
      vertex 48.4389 31.7489 10.4025
      vertex 48.4389 31.7489 9.23278
      vertex 48.4389 35.4896 10.4025
    endloop
  endfacet
  facet normal 1 0 0
    outer loop
      vertex 48.4389 38.6138 10.429
      vertex 48.4389 35.4896 10.4025
      vertex 48.4389 36.0827 10.4025
    endloop
  endfacet
  facet normal 1 0 0
    outer loop
      vertex 48.4389 36.0827 10.4025
      vertex 48.4389 36.0827 9.23278
      vertex 48.4389 37.2341 9.2058
    endloop
  endfacet
  facet normal 1 0 0
    outer loop
      vertex 48.4389 36.0827 10.4025
      vertex 48.4389 37.2341 9.2058
      vertex 48.4389 38.6138 10.429
    endloop
  endfacet
  facet normal 0 1 0
    outer loop
      vertex 47.2157 57.479 10.4025
      vertex 47.2157 57.479 9.23278
      vertex 47.2075 57.479 9.23278
    endloop
  endfacet
  facet normal 0 1 0
    outer loop
      vertex 47.2075 57.479 9.23278
      vertex 47.2075 57.479 10.4025
      vertex 47.2157 57.479 10.4025
    endloop
  endfacet
  facet normal 0 0 -1
    outer loop
      vertex 48.4389 61.1414 9.23278
      vertex 48.4389 61.7346 9.23278
      vertex 48.4471 61.7346 9.23278
    endloop
  endfacet
  facet normal 0 0 -1
    outer loop
      vertex 48.4471 61.7346 9.23278
      vertex 48.4471 61.1414 9.23278
      vertex 48.4389 61.1414 9.23278
    endloop
  endfacet
  facet normal 0 1 0
    outer loop
      vertex 47.2157 74.5538 10.4025
      vertex 47.2157 74.5538 9.23278
      vertex 47.2075 74.5538 9.23278
    endloop
  endfacet
  facet normal 0 1 0
    outer loop
      vertex 47.2075 74.5538 9.23278
      vertex 47.2075 74.5538 10.4025
      vertex 47.2157 74.5538 10.4025
    endloop
  endfacet
  facet normal 0 1 0
    outer loop
      vertex 47.2157 65.9858 10.4025
      vertex 47.2157 65.9858 9.23278
      vertex 47.2075 65.9858 9.23278
    endloop
  endfacet
  facet normal 0 1 0
    outer loop
      vertex 47.2075 65.9858 9.23278
      vertex 47.2075 65.9858 10.4025
      vertex 47.2157 65.9858 10.4025
    endloop
  endfacet
  facet normal 0 0 1
    outer loop
      vertex 47.2157 31.1557 10.4025
      vertex 47.2157 31.7489 10.4025
      vertex 47.2075 31.7489 10.4025
    endloop
  endfacet
  facet normal 0 0 1
    outer loop
      vertex 47.2075 31.7489 10.4025
      vertex 47.2075 31.1557 10.4025
      vertex 47.2157 31.1557 10.4025
    endloop
  endfacet
  facet normal 0 -1 0
    outer loop
      vertex 48.4389 65.3926 10.4025
      vertex 48.4389 65.3926 9.23278
      vertex 48.4471 65.3926 9.23278
    endloop
  endfacet
  facet normal 0 -1 0
    outer loop
      vertex 48.4471 65.3926 9.23278
      vertex 48.4471 65.3926 10.4025
      vertex 48.4389 65.3926 10.4025
    endloop
  endfacet
  facet normal 0 -1 0
    outer loop
      vertex 48.4389 69.7051 10.4025
      vertex 48.4389 69.7051 9.23278
      vertex 48.4471 69.7051 9.23278
    endloop
  endfacet
  facet normal 0 -1 0
    outer loop
      vertex 48.4471 69.7051 9.23278
      vertex 48.4471 69.7051 10.4025
      vertex 48.4389 69.7051 10.4025
    endloop
  endfacet
  facet normal 0 0 -1
    outer loop
      vertex 48.4471 56.8858 9.23278
      vertex 48.4389 56.8858 9.23278
      vertex 48.4389 56.8898 9.23278
    endloop
  endfacet
  facet normal 0 0 -1
    outer loop
      vertex 48.4389 56.8898 9.23278
      vertex 48.4389 57.479 9.23278
      vertex 48.4471 57.479 9.23278
    endloop
  endfacet
  facet normal 0 0 -1
    outer loop
      vertex 48.4389 56.8898 9.23278
      vertex 48.4471 57.479 9.23278
      vertex 48.4471 56.8858 9.23278
    endloop
  endfacet
  facet normal 0 -1 0
    outer loop
      vertex 48.4389 61.1414 10.4025
      vertex 48.4389 61.1414 9.23278
      vertex 48.4471 61.1414 9.23278
    endloop
  endfacet
  facet normal 0 -1 0
    outer loop
      vertex 48.4471 61.1414 9.23278
      vertex 48.4471 61.1414 10.4025
      vertex 48.4389 61.1414 10.4025
    endloop
  endfacet
  facet normal 0 0 1
    outer loop
      vertex 47.2157 69.7051 10.4025
      vertex 47.2157 70.2982 10.4025
      vertex 47.2075 70.2982 10.4025
    endloop
  endfacet
  facet normal 0 0 1
    outer loop
      vertex 47.2075 70.2982 10.4025
      vertex 47.2075 69.7051 10.4025
      vertex 47.2157 69.7051 10.4025
    endloop
  endfacet
  facet normal 0 -1 0
    outer loop
      vertex 48.4389 35.4896 10.4025
      vertex 48.4389 35.4896 9.23278
      vertex 48.4471 35.4896 9.23278
    endloop
  endfacet
  facet normal 0 -1 0
    outer loop
      vertex 48.4471 35.4896 9.23278
      vertex 48.4471 35.4896 10.4025
      vertex 48.4389 35.4896 10.4025
    endloop
  endfacet
  facet normal 0 -1 0
    outer loop
      vertex 48.4389 73.9606 10.4025
      vertex 48.4389 73.9606 9.23278
      vertex 48.4471 73.9606 9.23278
    endloop
  endfacet
  facet normal 0 -1 0
    outer loop
      vertex 48.4471 73.9606 9.23278
      vertex 48.4471 73.9606 10.4025
      vertex 48.4389 73.9606 10.4025
    endloop
  endfacet
  facet normal 0 0 -1
    outer loop
      vertex 48.4389 52.5519 9.23278
      vertex 48.4389 53.1451 9.23278
      vertex 48.4471 53.1451 9.23278
    endloop
  endfacet
  facet normal 0 0 -1
    outer loop
      vertex 48.4471 53.1451 9.23278
      vertex 48.4471 52.5519 9.23278
      vertex 48.4389 52.5519 9.23278
    endloop
  endfacet
  facet normal 0 -1 0
    outer loop
      vertex 48.4389 56.8858 10.4025
      vertex 48.4389 56.8858 9.23278
      vertex 48.4471 56.8858 9.23278
    endloop
  endfacet
  facet normal 0 -1 0
    outer loop
      vertex 48.4471 56.8858 9.23278
      vertex 48.4471 56.8858 10.4025
      vertex 48.4389 56.8858 10.4025
    endloop
  endfacet
  facet normal 0 0 -1
    outer loop
      vertex 48.4389 22.6489 9.23278
      vertex 48.4389 23.2421 9.23278
      vertex 48.4471 23.2421 9.23278
    endloop
  endfacet
  facet normal 0 0 -1
    outer loop
      vertex 48.4471 23.2421 9.23278
      vertex 48.4471 22.6489 9.23278
      vertex 48.4389 22.6489 9.23278
    endloop
  endfacet
  facet normal 0 -1 0
    outer loop
      vertex 48.4389 31.1557 10.4025
      vertex 48.4389 31.1557 9.23278
      vertex 48.4471 31.1557 9.23278
    endloop
  endfacet
  facet normal 0 -1 0
    outer loop
      vertex 48.4471 31.1557 9.23278
      vertex 48.4471 31.1557 10.4025
      vertex 48.4389 31.1557 10.4025
    endloop
  endfacet
  facet normal 0 0 -1
    outer loop
      vertex 48.4389 35.4896 9.23278
      vertex 48.4389 36.0827 9.23278
      vertex 48.4471 36.0827 9.23278
    endloop
  endfacet
  facet normal 0 0 -1
    outer loop
      vertex 48.4471 36.0827 9.23278
      vertex 48.4471 35.4896 9.23278
      vertex 48.4389 35.4896 9.23278
    endloop
  endfacet
  facet normal 0 0 -1
    outer loop
      vertex 48.4389 26.9044 9.23278
      vertex 48.4389 27.4976 9.23278
      vertex 48.4471 27.4976 9.23278
    endloop
  endfacet
  facet normal 0 0 -1
    outer loop
      vertex 48.4471 27.4976 9.23278
      vertex 48.4471 26.9044 9.23278
      vertex 48.4389 26.9044 9.23278
    endloop
  endfacet
  facet normal 0 0 -1
    outer loop
      vertex 48.4389 31.1557 9.23278
      vertex 48.4389 31.7489 9.23278
      vertex 48.4471 31.7489 9.23278
    endloop
  endfacet
  facet normal 0 0 -1
    outer loop
      vertex 48.4471 31.7489 9.23278
      vertex 48.4471 31.1557 9.23278
      vertex 48.4389 31.1557 9.23278
    endloop
  endfacet
  facet normal 0 0 -1
    outer loop
      vertex 48.4471 65.3926 9.23278
      vertex 48.4389 65.3926 9.23278
      vertex 48.4389 65.3966 9.23278
    endloop
  endfacet
  facet normal 0 0 -1
    outer loop
      vertex 48.4389 65.3966 9.23278
      vertex 48.4389 65.9858 9.23278
      vertex 48.4471 65.9858 9.23278
    endloop
  endfacet
  facet normal 0 0 -1
    outer loop
      vertex 48.4389 65.3966 9.23278
      vertex 48.4471 65.9858 9.23278
      vertex 48.4471 65.3926 9.23278
    endloop
  endfacet
  facet normal 0 0 1
    outer loop
      vertex 47.2157 56.8858 10.4025
      vertex 47.2157 57.479 10.4025
      vertex 47.2075 57.479 10.4025
    endloop
  endfacet
  facet normal 0 0 1
    outer loop
      vertex 47.2075 57.479 10.4025
      vertex 47.2075 56.8858 10.4025
      vertex 47.2157 56.8858 10.4025
    endloop
  endfacet
  facet normal 0 -1 0
    outer loop
      vertex 48.4389 26.9044 10.4025
      vertex 48.4389 26.9044 9.23278
      vertex 48.4471 26.9044 9.23278
    endloop
  endfacet
  facet normal 0 -1 0
    outer loop
      vertex 48.4471 26.9044 9.23278
      vertex 48.4471 26.9044 10.4025
      vertex 48.4389 26.9044 10.4025
    endloop
  endfacet
  facet normal 0 1 0
    outer loop
      vertex 47.2157 36.0827 10.4025
      vertex 47.2157 36.0827 9.23278
      vertex 47.2075 36.0827 9.23278
    endloop
  endfacet
  facet normal 0 1 0
    outer loop
      vertex 47.2075 36.0827 9.23278
      vertex 47.2075 36.0827 10.4025
      vertex 47.2157 36.0827 10.4025
    endloop
  endfacet
  facet normal 0 0 1
    outer loop
      vertex 47.2157 78.2118 10.4025
      vertex 47.2157 78.805 10.4025
      vertex 47.2075 78.805 10.4025
    endloop
  endfacet
  facet normal 0 0 1
    outer loop
      vertex 47.2075 78.805 10.4025
      vertex 47.2075 78.2118 10.4025
      vertex 47.2157 78.2118 10.4025
    endloop
  endfacet
  facet normal 0 0 1
    outer loop
      vertex 46.8518 64.5375 8.49568
      vertex 47.8273 64.5375 8.49568
      vertex 47.8273 67.1122 8.49568
    endloop
  endfacet
  facet normal 0 0 1
    outer loop
      vertex 46.8518 64.5375 8.49568
      vertex 47.8273 67.1122 8.49568
      vertex 47.3732 67.1122 8.49568
    endloop
  endfacet
  facet normal 0 0 1
    outer loop
      vertex 47.5305 68.6949 8.49568
      vertex 46.8518 68.6949 8.49568
      vertex 46.8518 64.5375 8.49568
    endloop
  endfacet
  facet normal 0 0 1
    outer loop
      vertex 47.3732 67.6757 8.49568
      vertex 47.5305 67.6757 8.49568
      vertex 47.5305 68.6949 8.49568
    endloop
  endfacet
  facet normal 0 0 1
    outer loop
      vertex 46.8518 64.5375 8.49568
      vertex 47.3732 67.1122 8.49568
      vertex 47.3732 67.6757 8.49568
    endloop
  endfacet
  facet normal 0 0 1
    outer loop
      vertex 47.3732 67.6757 8.49568
      vertex 47.5305 68.6949 8.49568
      vertex 46.8518 64.5375 8.49568
    endloop
  endfacet
  facet normal 1 0 0
    outer loop
      vertex 48.2813 68.2262 9.09358
      vertex 48.2813 68.7527 8.49568
      vertex 48.2813 69.1706 8.49568
    endloop
  endfacet
  facet normal 1 0 0
    outer loop
      vertex 48.2813 68.6441 9.09358
      vertex 48.2813 70.2887 9.09358
      vertex 48.2813 70.7007 9.2058
    endloop
  endfacet
  facet normal 1 0 0
    outer loop
      vertex 48.2813 68.2262 9.09358
      vertex 48.2813 69.1706 8.49568
      vertex 48.2813 68.6441 9.09358
    endloop
  endfacet
  facet normal 1 0 0
    outer loop
      vertex 48.2813 70.7007 9.2058
      vertex 48.2813 67.9261 9.2058
      vertex 48.2813 68.2262 9.09358
    endloop
  endfacet
  facet normal 1 0 0
    outer loop
      vertex 48.2813 68.6441 9.09358
      vertex 48.2813 70.7007 9.2058
      vertex 48.2813 68.2262 9.09358
    endloop
  endfacet
  facet normal 0 0 -1
    outer loop
      vertex 48.4389 79.9755 9.2058
      vertex 48.2813 67.1122 9.2058
      vertex 48.2813 67.9086 9.2058
    endloop
  endfacet
  facet normal 0 0 0
    outer loop
      vertex 48.2813 67.9261 9.2058
      vertex 48.2813 70.7007 9.2058
      vertex 48.2813 71.0723 9.2058
    endloop
  endfacet
  facet normal 0 0 -1
    outer loop
      vertex 48.4389 79.9755 9.2058
      vertex 48.2813 67.9086 9.2058
      vertex 48.2813 67.9261 9.2058
    endloop
  endfacet
  facet normal 0 0 -1
    outer loop
      vertex 47.3732 71.8181 9.2058
      vertex 47.2157 79.9755 9.2058
      vertex 48.4389 79.9755 9.2058
    endloop
  endfacet
  facet normal 0 0 -1
    outer loop
      vertex 48.2813 71.8181 9.2058
      vertex 47.3732 71.8181 9.2058
      vertex 48.4389 79.9755 9.2058
    endloop
  endfacet
  facet normal 0 0 -1
    outer loop
      vertex 48.4389 79.9755 9.2058
      vertex 48.2813 67.9261 9.2058
      vertex 48.2813 71.0723 9.2058
    endloop
  endfacet
  facet normal 0 0 -1
    outer loop
      vertex 48.4389 79.9755 9.2058
      vertex 48.2813 71.0723 9.2058
      vertex 48.2813 71.8181 9.2058
    endloop
  endfacet
  facet normal -0.000899451 0 1
    outer loop
      vertex 46.82 10.6693 7.78935
      vertex 47.8273 10.6693 7.79026
      vertex 47.8273 18.0107 7.79026
    endloop
  endfacet
  facet normal -0.000899746 4.05193e-08 1
    outer loop
      vertex 46.82 10.6693 7.78935
      vertex 47.8273 18.0107 7.79026
      vertex 47.2157 18.01 7.78971
    endloop
  endfacet
  facet normal -0.000899451 0 1
    outer loop
      vertex 47.8273 31.7395 7.79026
      vertex 47.8273 35.6386 7.79026
      vertex 46.82 35.6386 7.78935
    endloop
  endfacet
  facet normal -0.000926206 -6.91185e-06 1
    outer loop
      vertex 47.3732 31.7395 7.78983
      vertex 47.8273 31.7395 7.79026
      vertex 46.82 35.6386 7.78935
    endloop
  endfacet
  facet normal -0.000898994 0 1
    outer loop
      vertex 46.82 35.6386 7.78935
      vertex 46.82 10.6693 7.78935
      vertex 47.2157 18.01 7.78971
    endloop
  endfacet
  facet normal -0.000899746 0 1
    outer loop
      vertex 47.2157 19.5283 7.78971
      vertex 47.8273 19.529 7.79026
      vertex 47.8273 27.0336 7.79026
    endloop
  endfacet
  facet normal -0.000898995 0 1
    outer loop
      vertex 46.82 35.6386 7.78935
      vertex 47.2157 18.01 7.78971
      vertex 47.2157 19.5283 7.78971
    endloop
  endfacet
  facet normal -0.000877489 0 1
    outer loop
      vertex 47.3732 31.7112 7.78983
      vertex 47.3732 31.7395 7.78983
      vertex 46.82 35.6386 7.78935
    endloop
  endfacet
  facet normal 0 0 0
    outer loop
      vertex 47.3732 27.0336 7.78983
      vertex 47.3732 27.0694 7.78983
      vertex 47.3732 27.2055 7.78983
    endloop
  endfacet
  facet normal -0.000877489 0 1
    outer loop
      vertex 47.3732 27.2055 7.78983
      vertex 47.3732 31.7112 7.78983
      vertex 46.82 35.6386 7.78935
    endloop
  endfacet
  facet normal -0.000926205 2.15611e-06 1
    outer loop
      vertex 47.2157 19.5283 7.78971
      vertex 47.8273 27.0336 7.79026
      vertex 47.3732 27.0336 7.78983
    endloop
  endfacet
  facet normal -0.000877489 0 1
    outer loop
      vertex 47.3732 27.0336 7.78983
      vertex 47.3732 27.2055 7.78983
      vertex 46.82 35.6386 7.78935
    endloop
  endfacet
  facet normal -0.000864193 8.54743e-07 1
    outer loop
      vertex 46.82 35.6386 7.78935
      vertex 47.2157 19.5283 7.78971
      vertex 47.3732 27.0336 7.78983
    endloop
  endfacet
  facet normal 1 0 0
    outer loop
      vertex 50.1194 51.0587 5.82482
      vertex 50.1194 51.0587 6.04281
      vertex 50.1194 48.6466 6.04281
    endloop
  endfacet
  facet normal 1 0 0
    outer loop
      vertex 50.1194 48.6466 6.04281
      vertex 50.1194 48.6466 5.82482
      vertex 50.1194 51.0587 5.82482
    endloop
  endfacet
  facet normal 1 0 0
    outer loop
      vertex 50.1194 51.0587 5.17555
      vertex 50.1194 51.0587 5.82482
      vertex 50.1194 48.6466 5.82482
    endloop
  endfacet
  facet normal 1 0 0
    outer loop
      vertex 50.1194 48.6466 5.82482
      vertex 50.1194 48.6466 5.17555
      vertex 50.1194 51.0587 5.17555
    endloop
  endfacet
  facet normal 1 0 0
    outer loop
      vertex 50.1194 51.0587 6.04281
      vertex 50.1194 51.0587 7.40815
      vertex 50.1194 48.6466 7.40815
    endloop
  endfacet
  facet normal 1 0 0
    outer loop
      vertex 50.1194 48.6466 7.40815
      vertex 50.1194 48.6466 6.04281
      vertex 50.1194 51.0587 6.04281
    endloop
  endfacet
  facet normal 1 0 0
    outer loop
      vertex 50.1194 51.0587 4.0536
      vertex 50.1194 51.0587 5.17555
      vertex 50.1194 48.6466 5.17555
    endloop
  endfacet
  facet normal 1 0 0
    outer loop
      vertex 50.1194 48.6466 5.17555
      vertex 50.1194 49.5587 4.0536
      vertex 50.1194 51.0587 4.0536
    endloop
  endfacet
  facet normal 0 0 1
    outer loop
      vertex 48.9815 51.0587 10.6975
      vertex 47.8273 51.0587 10.6975
      vertex 47.8273 48.6466 10.6975
    endloop
  endfacet
  facet normal 0 0 1
    outer loop
      vertex 47.8273 48.6466 10.6975
      vertex 48.9815 48.6466 10.6975
      vertex 48.9815 51.0587 10.6975
    endloop
  endfacet
  facet normal 0 0 -1
    outer loop
      vertex 47.8273 51.0587 4.0536
      vertex 50.1194 51.0587 4.0536
      vertex 50.1194 49.5587 4.0536
    endloop
  endfacet
  facet normal 0 0 -1
    outer loop
      vertex 50.1194 49.5587 4.0536
      vertex 47.8273 49.5587 4.0536
      vertex 47.8273 51.0587 4.0536
    endloop
  endfacet
  facet normal 0.945055 0 0.326911
    outer loop
      vertex 50.1194 51.0587 7.40815
      vertex 48.9815 51.0587 10.6975
      vertex 48.9815 48.6466 10.6975
    endloop
  endfacet
  facet normal 0.945055 0 0.326911
    outer loop
      vertex 48.9815 48.6466 10.6975
      vertex 50.1194 48.6466 7.40815
      vertex 50.1194 51.0587 7.40815
    endloop
  endfacet
  facet normal -1 0 0
    outer loop
      vertex 45.5352 51.0587 5.82482
      vertex 45.5352 48.6466 5.82482
      vertex 45.5352 48.6466 6.04281
    endloop
  endfacet
  facet normal -1 0 0
    outer loop
      vertex 45.5352 48.6466 6.04281
      vertex 45.5352 51.0587 6.04281
      vertex 45.5352 51.0587 5.82482
    endloop
  endfacet
  facet normal -1 0 0
    outer loop
      vertex 45.5352 51.0587 5.17555
      vertex 45.5352 48.6466 5.17555
      vertex 45.5352 48.6466 5.82482
    endloop
  endfacet
  facet normal -1 0 0
    outer loop
      vertex 45.5352 48.6466 5.82482
      vertex 45.5352 51.0587 5.82482
      vertex 45.5352 51.0587 5.17555
    endloop
  endfacet
  facet normal -1 0 0
    outer loop
      vertex 45.5352 51.0587 6.04281
      vertex 45.5352 48.6466 6.04281
      vertex 45.5352 48.6466 7.40815
    endloop
  endfacet
  facet normal -1 0 0
    outer loop
      vertex 45.5352 48.6466 7.40815
      vertex 45.5352 51.0587 7.40815
      vertex 45.5352 51.0587 6.04281
    endloop
  endfacet
  facet normal -1 0 0
    outer loop
      vertex 45.5352 51.0587 4.0536
      vertex 45.5352 49.5587 4.0536
      vertex 45.5352 48.6466 5.17555
    endloop
  endfacet
  facet normal -1 0 0
    outer loop
      vertex 45.5352 48.6466 5.17555
      vertex 45.5352 51.0587 5.17555
      vertex 45.5352 51.0587 4.0536
    endloop
  endfacet
  facet normal 0 0 1
    outer loop
      vertex 46.673 51.0587 10.6975
      vertex 46.673 48.6466 10.6975
      vertex 47.8273 48.6466 10.6975
    endloop
  endfacet
  facet normal 0 0 1
    outer loop
      vertex 47.8273 48.6466 10.6975
      vertex 47.8273 51.0587 10.6975
      vertex 46.673 51.0587 10.6975
    endloop
  endfacet
  facet normal 0 0 -1
    outer loop
      vertex 47.8273 51.0587 4.0536
      vertex 47.8273 49.5587 4.0536
      vertex 45.5352 49.5587 4.0536
    endloop
  endfacet
  facet normal 0 0 -1
    outer loop
      vertex 45.5352 49.5587 4.0536
      vertex 45.5352 51.0587 4.0536
      vertex 47.8273 51.0587 4.0536
    endloop
  endfacet
  facet normal -0.945055 0 0.326912
    outer loop
      vertex 45.5352 51.0587 7.40815
      vertex 45.5352 48.6466 7.40815
      vertex 46.673 48.6466 10.6975
    endloop
  endfacet
  facet normal -0.945055 0 0.326912
    outer loop
      vertex 46.673 48.6466 10.6975
      vertex 46.673 51.0587 10.6975
      vertex 45.5352 51.0587 7.40815
    endloop
  endfacet
  facet normal 0 0 1
    outer loop
      vertex 46.673 48.6466 11.3933
      vertex 46.673 47.2244 11.3933
      vertex 47.8273 47.2244 11.3933
    endloop
  endfacet
  facet normal 0 0 1
    outer loop
      vertex 47.8273 47.2244 11.3933
      vertex 47.8273 48.6466 11.3933
      vertex 46.673 48.6466 11.3933
    endloop
  endfacet
  facet normal 0 0 1
    outer loop
      vertex 48.9815 48.6466 11.3933
      vertex 47.8273 48.6466 11.3933
      vertex 47.8273 47.2244 11.3933
    endloop
  endfacet
  facet normal 0 0 1
    outer loop
      vertex 47.8273 47.2244 11.3933
      vertex 48.9815 47.2244 11.3933
      vertex 48.9815 48.6466 11.3933
    endloop
  endfacet
  facet normal 1 0 0
    outer loop
      vertex 48.9815 47.2244 10.6975
      vertex 48.9815 48.6466 10.6975
      vertex 48.9815 48.6466 11.3933
    endloop
  endfacet
  facet normal 1 0 0
    outer loop
      vertex 48.9815 48.6466 11.3933
      vertex 48.9815 47.2244 11.3933
      vertex 48.9815 47.2244 10.6975
    endloop
  endfacet
  facet normal 0 1 0
    outer loop
      vertex 47.8273 48.6466 10.6975
      vertex 46.673 48.6466 10.6975
      vertex 46.673 48.6466 11.3933
    endloop
  endfacet
  facet normal 0 1 0
    outer loop
      vertex 46.673 48.6466 11.3933
      vertex 47.8273 48.6466 11.3933
      vertex 47.8273 48.6466 10.6975
    endloop
  endfacet
  facet normal -1 0 0
    outer loop
      vertex 46.673 48.6466 10.6975
      vertex 46.673 47.2244 10.6975
      vertex 46.673 47.2244 11.3933
    endloop
  endfacet
  facet normal -1 0 0
    outer loop
      vertex 46.673 47.2244 11.3933
      vertex 46.673 48.6466 11.3933
      vertex 46.673 48.6466 10.6975
    endloop
  endfacet
  facet normal 0 -1 0
    outer loop
      vertex 47.8273 47.2244 10.6975
      vertex 48.9815 47.2244 10.6975
      vertex 48.9815 47.2244 11.3933
    endloop
  endfacet
  facet normal 0 -1 0
    outer loop
      vertex 48.9815 47.2244 11.3933
      vertex 47.8273 47.2244 11.3933
      vertex 47.8273 47.2244 10.6975
    endloop
  endfacet
  facet normal 0 0 0
    outer loop
      vertex 48.2813 28.7862 8.11342
      vertex 48.2813 27.8746 8.11342
      vertex 48.2813 27.485 8.11342
    endloop
  endfacet
  facet normal 1 0 0
    outer loop
      vertex 48.2813 27.485 8.11342
      vertex 48.2813 27.0694 7.78983
      vertex 48.2813 27.2055 7.78983
    endloop
  endfacet
  facet normal 0 0 0
    outer loop
      vertex 48.2813 27.1483 9.2058
      vertex 48.2813 27.0336 9.2058
      vertex 48.2813 27.1508 9.2058
    endloop
  endfacet
  facet normal 0 0 0
    outer loop
      vertex 48.2813 28.8431 9.2058
      vertex 48.2813 27.1483 9.2058
      vertex 48.2813 27.1508 9.2058
    endloop
  endfacet
  facet normal 1 0 0
    outer loop
      vertex 48.2813 28.5655 8.83858
      vertex 48.2813 28.8431 9.2058
      vertex 48.2813 27.1508 9.2058
    endloop
  endfacet
  facet normal 1 0 0
    outer loop
      vertex 48.2813 28.5655 8.83858
      vertex 48.2813 27.1508 9.2058
      vertex 48.2813 28.1476 8.83858
    endloop
  endfacet
  facet normal 1 0 0
    outer loop
      vertex 48.2813 27.485 8.11342
      vertex 48.2813 27.2055 7.78983
      vertex 48.2813 29.2041 8.11342
    endloop
  endfacet
  facet normal 1 0 0
    outer loop
      vertex 48.2813 28.5655 8.83858
      vertex 48.2813 28.1476 8.83858
      vertex 48.2813 28.7862 8.11342
    endloop
  endfacet
  facet normal 0 0 0
    outer loop
      vertex 48.2813 28.7862 8.11342
      vertex 48.2813 27.485 8.11342
      vertex 48.2813 29.2041 8.11342
    endloop
  endfacet
  facet normal 1 0 0
    outer loop
      vertex 48.2813 28.7862 8.11342
      vertex 48.2813 29.2041 8.11342
      vertex 48.2813 28.5655 8.83858
    endloop
  endfacet
  facet normal -1 0 0
    outer loop
      vertex 47.3732 28.1476 8.83858
      vertex 47.3732 27.1508 9.2058
      vertex 47.3732 31.5786 9.2058
    endloop
  endfacet
  facet normal -1 0 0
    outer loop
      vertex 47.3732 28.1476 8.83858
      vertex 47.3732 31.5786 9.2058
      vertex 47.3732 28.5655 8.83858
    endloop
  endfacet
  facet normal 0 0 0
    outer loop
      vertex 47.3732 27.485 8.11342
      vertex 47.3732 27.8746 8.11342
      vertex 47.3732 28.7862 8.11342
    endloop
  endfacet
  facet normal -1 0 0
    outer loop
      vertex 47.3732 28.7862 8.11342
      vertex 47.3732 28.1476 8.83858
      vertex 47.3732 28.5655 8.83858
    endloop
  endfacet
  facet normal -1 0 0
    outer loop
      vertex 47.3732 29.2041 8.11342
      vertex 47.3732 27.2055 7.78983
      vertex 47.3732 27.0694 7.78983
    endloop
  endfacet
  facet normal -1 0 0
    outer loop
      vertex 47.3732 27.0694 7.78983
      vertex 47.3732 27.485 8.11342
      vertex 47.3732 28.7862 8.11342
    endloop
  endfacet
  facet normal -1 0 0
    outer loop
      vertex 47.3732 28.7862 8.11342
      vertex 47.3732 28.5655 8.83858
      vertex 47.3732 29.2041 8.11342
    endloop
  endfacet
  facet normal -1 0 0
    outer loop
      vertex 47.3732 28.7862 8.11342
      vertex 47.3732 29.2041 8.11342
      vertex 47.3732 27.0694 7.78983
    endloop
  endfacet
  facet normal -1 0 0
    outer loop
      vertex 47.3732 31.6321 9.2058
      vertex 47.3732 30.7187 8.83858
      vertex 47.3732 30.2101 8.83858
    endloop
  endfacet
  facet normal -1 0 0
    outer loop
      vertex 47.3732 30.2101 8.83858
      vertex 47.3732 28.5655 8.83858
      vertex 47.3732 31.5786 9.2058
    endloop
  endfacet
  facet normal 0 0 0
    outer loop
      vertex 47.3732 31.5786 9.2058
      vertex 47.3732 31.7395 9.2058
      vertex 47.3732 31.6321 9.2058
    endloop
  endfacet
  facet normal -1 0 0
    outer loop
      vertex 47.3732 30.2101 8.83858
      vertex 47.3732 31.5786 9.2058
      vertex 47.3732 31.6321 9.2058
    endloop
  endfacet
  facet normal 1 0 0
    outer loop
      vertex 48.2813 30.7187 8.83858
      vertex 48.2813 31.6321 9.2058
      vertex 48.2813 31.5786 9.2058
    endloop
  endfacet
  facet normal 1 0 0
    outer loop
      vertex 48.2813 31.5786 9.2058
      vertex 48.2813 28.8431 9.2058
      vertex 48.2813 28.5655 8.83858
    endloop
  endfacet
  facet normal 1 0 0
    outer loop
      vertex 48.2813 30.2101 8.83858
      vertex 48.2813 30.7187 8.83858
      vertex 48.2813 31.5786 9.2058
    endloop
  endfacet
  facet normal 1 0 0
    outer loop
      vertex 48.2813 31.5786 9.2058
      vertex 48.2813 28.5655 8.83858
      vertex 48.2813 30.2101 8.83858
    endloop
  endfacet
  facet normal 0 1 0
    outer loop
      vertex 46.5496 79.1936 6.65045
      vertex 46.5499 79.1936 6.65045
      vertex 46.5499 79.1936 6.30578
    endloop
  endfacet
  facet normal 0 0 0
    outer loop
      vertex 46.5499 79.1936 6.30578
      vertex 46.5499 79.1936 6.03751
      vertex 46.5499 79.1936 5.23843
    endloop
  endfacet
  facet normal 0 1 0
    outer loop
      vertex 46.0896 79.1936 5.16206
      vertex 46.5496 79.1936 6.65045
      vertex 46.5499 79.1936 6.30578
    endloop
  endfacet
  facet normal 0 1 0
    outer loop
      vertex 46.5499 79.1936 5.23843
      vertex 46.5654 79.1936 5.16206
      vertex 46.0896 79.1936 5.16206
    endloop
  endfacet
  facet normal 0 1 0
    outer loop
      vertex 46.5499 79.1936 6.30578
      vertex 46.5499 79.1936 5.23843
      vertex 46.0896 79.1936 5.16206
    endloop
  endfacet
  facet normal 0 0 1
    outer loop
      vertex 46.5499 77.4257 6.65045
      vertex 46.5499 79.1936 6.65045
      vertex 46.5496 79.1936 6.65045
    endloop
  endfacet
  facet normal 0 0 1
    outer loop
      vertex 46.5496 79.1936 6.65045
      vertex 46.5496 77.4257 6.65045
      vertex 46.5499 77.4257 6.65045
    endloop
  endfacet
  facet normal 0.979794 0 -0.200007
    outer loop
      vertex 49.1047 81.0314 5.23843
      vertex 49.1047 79.1936 5.23843
      vertex 49.0891 79.1936 5.16206
    endloop
  endfacet
  facet normal 0.979822 0 -0.199872
    outer loop
      vertex 48.8312 83.1128 3.89794
      vertex 49.1047 83.1128 5.23843
      vertex 49.1047 82.7197 5.23843
    endloop
  endfacet
  facet normal 0.979821 -2.39479e-05 -0.199879
    outer loop
      vertex 48.8312 83.1128 3.89794
      vertex 49.1047 82.7197 5.23843
      vertex 48.9135 82.7197 4.3011
    endloop
  endfacet
  facet normal 0.979824 -6.20683e-06 -0.199864
    outer loop
      vertex 49.1047 81.0314 5.23843
      vertex 49.0891 79.1936 5.16206
      vertex 48.8312 79.1936 3.89794
    endloop
  endfacet
  facet normal 0.979821 5.1235e-06 -0.199879
    outer loop
      vertex 48.9135 81.0314 4.3011
      vertex 49.1047 81.0314 5.23843
      vertex 48.8312 79.1936 3.89794
    endloop
  endfacet
  facet normal 0.979825 0 -0.199856
    outer loop
      vertex 48.8312 79.1936 3.89794
      vertex 48.8312 83.1128 3.89794
      vertex 48.9135 82.7197 4.3011
    endloop
  endfacet
  facet normal 0.979821 0 -0.199879
    outer loop
      vertex 48.9135 82.3756 4.3011
      vertex 49.1047 82.3756 5.23843
      vertex 49.1047 82.0494 5.23843
    endloop
  endfacet
  facet normal 0.979825 0 -0.199856
    outer loop
      vertex 48.8312 79.1936 3.89794
      vertex 48.9135 82.7197 4.3011
      vertex 48.9135 82.3756 4.3011
    endloop
  endfacet
  facet normal 0.979825 0 -0.199856
    outer loop
      vertex 48.9135 81.3755 4.3011
      vertex 48.9135 81.0314 4.3011
      vertex 48.8312 79.1936 3.89794
    endloop
  endfacet
  facet normal 0.979821 0 -0.199879
    outer loop
      vertex 49.1047 81.7053 5.23843
      vertex 49.1047 81.3755 5.23843
      vertex 48.9135 81.3755 4.3011
    endloop
  endfacet
  facet normal 0.979821 0 -0.199879
    outer loop
      vertex 48.9135 81.7053 4.3011
      vertex 49.1047 81.7053 5.23843
      vertex 48.9135 81.3755 4.3011
    endloop
  endfacet
  facet normal 0.979825 0 -0.199856
    outer loop
      vertex 48.9135 81.3755 4.3011
      vertex 48.8312 79.1936 3.89794
      vertex 48.9135 82.3756 4.3011
    endloop
  endfacet
  facet normal 0.979821 0 -0.199879
    outer loop
      vertex 48.9135 82.3756 4.3011
      vertex 49.1047 82.0494 5.23843
      vertex 48.9135 82.0494 4.3011
    endloop
  endfacet
  facet normal 0 0 0
    outer loop
      vertex 48.9135 81.7053 4.3011
      vertex 48.9135 81.3755 4.3011
      vertex 48.9135 82.3756 4.3011
    endloop
  endfacet
  facet normal 0 0 0
    outer loop
      vertex 48.9135 82.3756 4.3011
      vertex 48.9135 82.0494 4.3011
      vertex 48.9135 81.7053 4.3011
    endloop
  endfacet
  facet normal 1 0 0
    outer loop
      vertex 49.1047 83.1128 6.30578
      vertex 49.1047 79.1936 6.30578
      vertex 49.1047 79.1936 6.03751
    endloop
  endfacet
  facet normal 1 0 0
    outer loop
      vertex 49.1047 79.1936 6.03751
      vertex 49.1047 81.0314 6.03751
      vertex 49.1047 81.0314 6.1014
    endloop
  endfacet
  facet normal 1 0 0
    outer loop
      vertex 49.1047 81.3755 6.1014
      vertex 49.1047 81.3755 6.03751
      vertex 49.1047 81.7053 6.03751
    endloop
  endfacet
  facet normal 1 0 0
    outer loop
      vertex 49.1047 83.1128 6.30578
      vertex 49.1047 79.1936 6.03751
      vertex 49.1047 81.0314 6.1014
    endloop
  endfacet
  facet normal 1 0 0
    outer loop
      vertex 49.1047 81.3755 6.1014
      vertex 49.1047 81.7053 6.03751
      vertex 49.1047 81.7053 6.1014
    endloop
  endfacet
  facet normal 1 0 0
    outer loop
      vertex 49.1047 83.1128 6.30578
      vertex 49.1047 81.0314 6.1014
      vertex 49.1047 81.3755 6.1014
    endloop
  endfacet
  facet normal 1 0 0
    outer loop
      vertex 49.1047 82.7197 6.03751
      vertex 49.1047 83.1128 6.03751
      vertex 49.1047 83.1128 6.30578
    endloop
  endfacet
  facet normal 1 0 0
    outer loop
      vertex 49.1047 82.7197 6.1014
      vertex 49.1047 82.7197 6.03751
      vertex 49.1047 83.1128 6.30578
    endloop
  endfacet
  facet normal 1 0 0
    outer loop
      vertex 49.1047 83.1128 6.30578
      vertex 49.1047 81.3755 6.1014
      vertex 49.1047 81.7053 6.1014
    endloop
  endfacet
  facet normal 1 0 0
    outer loop
      vertex 49.1047 82.0494 6.1014
      vertex 49.1047 82.0494 6.03751
      vertex 49.1047 82.3756 6.03751
    endloop
  endfacet
  facet normal 1 0 0
    outer loop
      vertex 49.1047 83.1128 6.30578
      vertex 49.1047 81.7053 6.1014
      vertex 49.1047 82.0494 6.1014
    endloop
  endfacet
  facet normal 1 0 0
    outer loop
      vertex 49.1047 82.3756 6.1014
      vertex 49.1047 82.7197 6.1014
      vertex 49.1047 83.1128 6.30578
    endloop
  endfacet
  facet normal 1 0 0
    outer loop
      vertex 49.1047 82.0494 6.1014
      vertex 49.1047 82.3756 6.03751
      vertex 49.1047 82.3756 6.1014
    endloop
  endfacet
  facet normal 1 0 0
    outer loop
      vertex 49.1047 82.0494 6.1014
      vertex 49.1047 82.3756 6.1014
      vertex 49.1047 83.1128 6.30578
    endloop
  endfacet
  facet normal 0 0 -1
    outer loop
      vertex 46.8233 75.1958 3.89794
      vertex 46.8233 77.4257 3.89794
      vertex 47.8273 77.4257 3.89794
    endloop
  endfacet
  facet normal 0 0 -1
    outer loop
      vertex 47.8273 77.4257 3.89794
      vertex 47.8273 75.1958 3.89794
      vertex 47.0673 75.1958 3.89794
    endloop
  endfacet
  facet normal 0 0 -1
    outer loop
      vertex 47.8273 77.4257 3.89794
      vertex 47.0673 75.1958 3.89794
      vertex 46.8233 75.1958 3.89794
    endloop
  endfacet
  facet normal -1 0 0
    outer loop
      vertex 46.5499 81.0314 6.03751
      vertex 46.5499 79.1936 6.03751
      vertex 46.5499 79.1936 6.30578
    endloop
  endfacet
  facet normal -1 0 0
    outer loop
      vertex 46.5499 83.1128 6.30578
      vertex 46.5499 83.1128 6.03751
      vertex 46.5499 82.7197 6.03751
    endloop
  endfacet
  facet normal -1 0 0
    outer loop
      vertex 46.5499 83.1128 6.30578
      vertex 46.5499 82.7197 6.03751
      vertex 46.5499 82.7197 6.1014
    endloop
  endfacet
  facet normal -1 0 0
    outer loop
      vertex 46.5499 81.0314 6.1014
      vertex 46.5499 81.0314 6.03751
      vertex 46.5499 79.1936 6.30578
    endloop
  endfacet
  facet normal -1 0 0
    outer loop
      vertex 46.5499 81.7053 6.03751
      vertex 46.5499 81.3755 6.03751
      vertex 46.5499 81.3755 6.1014
    endloop
  endfacet
  facet normal -1 0 0
    outer loop
      vertex 46.5499 81.3755 6.1014
      vertex 46.5499 81.0314 6.1014
      vertex 46.5499 79.1936 6.30578
    endloop
  endfacet
  facet normal -1 0 0
    outer loop
      vertex 46.5499 79.1936 6.30578
      vertex 46.5499 83.1128 6.30578
      vertex 46.5499 82.7197 6.1014
    endloop
  endfacet
  facet normal -1 0 0
    outer loop
      vertex 46.5499 82.3756 6.1014
      vertex 46.5499 82.3756 6.03751
      vertex 46.5499 82.0494 6.03751
    endloop
  endfacet
  facet normal -1 0 0
    outer loop
      vertex 46.5499 79.1936 6.30578
      vertex 46.5499 82.7197 6.1014
      vertex 46.5499 82.3756 6.1014
    endloop
  endfacet
  facet normal -1 0 0
    outer loop
      vertex 46.5499 81.7053 6.1014
      vertex 46.5499 81.7053 6.03751
      vertex 46.5499 81.3755 6.1014
    endloop
  endfacet
  facet normal -1 0 0
    outer loop
      vertex 46.5499 82.3756 6.1014
      vertex 46.5499 82.0494 6.03751
      vertex 46.5499 82.0494 6.1014
    endloop
  endfacet
  facet normal -1 0 0
    outer loop
      vertex 46.5499 81.7053 6.1014
      vertex 46.5499 81.3755 6.1014
      vertex 46.5499 79.1936 6.30578
    endloop
  endfacet
  facet normal 0 0 0
    outer loop
      vertex 46.5499 82.3756 6.1014
      vertex 46.5499 82.0494 6.1014
      vertex 46.5499 81.7053 6.1014
    endloop
  endfacet
  facet normal -1 0 0
    outer loop
      vertex 46.5499 79.1936 6.30578
      vertex 46.5499 82.3756 6.1014
      vertex 46.5499 81.7053 6.1014
    endloop
  endfacet
  facet normal -1 0 0
    outer loop
      vertex 46.5499 81.0314 5.23843
      vertex 46.5499 79.1936 5.23843
      vertex 46.5499 79.1936 6.03751
    endloop
  endfacet
  facet normal -1 0 0
    outer loop
      vertex 46.5499 79.1936 6.03751
      vertex 46.5499 81.0314 6.03751
      vertex 46.5499 81.0314 5.24154
    endloop
  endfacet
  facet normal -1 0 0
    outer loop
      vertex 46.5499 79.1936 6.03751
      vertex 46.5499 81.0314 5.24154
      vertex 46.5499 81.0314 5.23843
    endloop
  endfacet
  facet normal 0 0 -1
    outer loop
      vertex 47.8273 75.1958 3.89794
      vertex 47.8273 77.4257 3.89794
      vertex 48.8312 77.4257 3.89794
    endloop
  endfacet
  facet normal 0 0 -1
    outer loop
      vertex 48.8312 77.4257 3.89794
      vertex 48.8312 75.1958 3.89794
      vertex 48.5873 75.1958 3.89794
    endloop
  endfacet
  facet normal 0 0 -1
    outer loop
      vertex 48.8312 77.4257 3.89794
      vertex 48.5873 75.1958 3.89794
      vertex 47.8273 75.1958 3.89794
    endloop
  endfacet
  facet normal 0 -1 0
    outer loop
      vertex 46.8233 79.1936 3.89794
      vertex 46.5654 79.1936 5.16206
      vertex 46.5499 79.1936 5.23843
    endloop
  endfacet
  facet normal -0.979821 0 -0.199879
    outer loop
      vertex 46.5499 79.1936 5.23843
      vertex 46.5499 81.0314 5.23843
      vertex 46.7411 81.0314 4.3011
    endloop
  endfacet
  facet normal -0.979821 0 -0.199879
    outer loop
      vertex 46.7411 81.3755 4.3011
      vertex 46.5499 81.3755 5.23843
      vertex 46.5499 81.7053 5.23843
    endloop
  endfacet
  facet normal -0.979823 5.00495e-06 -0.199869
    outer loop
      vertex 46.8233 79.1936 3.89794
      vertex 46.5499 79.1936 5.23843
      vertex 46.7411 81.0314 4.3011
    endloop
  endfacet
  facet normal -0.979821 0 -0.199879
    outer loop
      vertex 46.7411 81.3755 4.3011
      vertex 46.5499 81.7053 5.23843
      vertex 46.7411 81.7053 4.3011
    endloop
  endfacet
  facet normal -0.979827 0 -0.199847
    outer loop
      vertex 46.8233 79.1936 3.89794
      vertex 46.7411 81.0314 4.3011
      vertex 46.7411 81.3755 4.3011
    endloop
  endfacet
  facet normal -0.979823 0 -0.199869
    outer loop
      vertex 46.5499 82.7197 5.23843
      vertex 46.5499 83.1128 5.23843
      vertex 46.8233 83.1128 3.89794
    endloop
  endfacet
  facet normal -0.979821 -3.3436e-05 -0.199879
    outer loop
      vertex 46.7411 82.7197 4.3011
      vertex 46.5499 82.7197 5.23843
      vertex 46.8233 83.1128 3.89794
    endloop
  endfacet
  facet normal -0.979827 0 -0.199847
    outer loop
      vertex 46.8233 83.1128 3.89794
      vertex 46.8233 79.1936 3.89794
      vertex 46.7411 81.3755 4.3011
    endloop
  endfacet
  facet normal 0 0 0
    outer loop
      vertex 46.7411 81.3755 4.3011
      vertex 46.7411 81.7053 4.3011
      vertex 46.7411 82.0494 4.3011
    endloop
  endfacet
  facet normal -0.979827 0 -0.199847
    outer loop
      vertex 46.7411 82.3756 4.3011
      vertex 46.7411 82.7197 4.3011
      vertex 46.8233 83.1128 3.89794
    endloop
  endfacet
  facet normal -0.979821 0 -0.199879
    outer loop
      vertex 46.5499 82.0494 5.23843
      vertex 46.5499 82.3756 5.23843
      vertex 46.7411 82.3756 4.3011
    endloop
  endfacet
  facet normal -0.979827 0 -0.199847
    outer loop
      vertex 46.8233 83.1128 3.89794
      vertex 46.7411 81.3755 4.3011
      vertex 46.7411 82.0494 4.3011
    endloop
  endfacet
  facet normal -0.979821 0 -0.199879
    outer loop
      vertex 46.7411 82.0494 4.3011
      vertex 46.5499 82.0494 5.23843
      vertex 46.7411 82.3756 4.3011
    endloop
  endfacet
  facet normal -0.979827 0 -0.199847
    outer loop
      vertex 46.7411 82.0494 4.3011
      vertex 46.7411 82.3756 4.3011
      vertex 46.8233 83.1128 3.89794
    endloop
  endfacet
  facet normal 0 -1 0
    outer loop
      vertex 49.1049 77.4257 6.65045
      vertex 49.1047 77.4257 6.65045
      vertex 49.1047 77.4257 6.30578
    endloop
  endfacet
  facet normal 0 -1 0
    outer loop
      vertex 49.1049 77.4257 6.65045
      vertex 49.1047 77.4257 6.30578
      vertex 49.1047 77.4257 6.03751
    endloop
  endfacet
  facet normal 0 -1 0
    outer loop
      vertex 49.1047 77.4257 5.23843
      vertex 49.0891 77.4257 5.16206
      vertex 49.5649 77.4257 5.16206
    endloop
  endfacet
  facet normal 0 -1 0
    outer loop
      vertex 49.1049 77.4257 6.65045
      vertex 49.1047 77.4257 6.03751
      vertex 49.1047 77.4257 5.23843
    endloop
  endfacet
  facet normal 0 -1 0
    outer loop
      vertex 49.1047 77.4257 5.23843
      vertex 49.5649 77.4257 5.16206
      vertex 49.1049 77.4257 6.65045
    endloop
  endfacet
  facet normal 1 0 0
    outer loop
      vertex 49.1047 81.0314 6.03751
      vertex 49.1047 79.1936 6.03751
      vertex 49.1047 79.1936 5.23843
    endloop
  endfacet
  facet normal 1 0 0
    outer loop
      vertex 49.1047 79.1936 5.23843
      vertex 49.1047 81.0314 5.23843
      vertex 49.1047 81.0314 5.24154
    endloop
  endfacet
  facet normal 1 0 0
    outer loop
      vertex 49.1047 79.1936 5.23843
      vertex 49.1047 81.0314 5.24154
      vertex 49.1047 81.0314 6.03751
    endloop
  endfacet
  facet normal 0 1 0
    outer loop
      vertex 46.5496 73.2591 6.65045
      vertex 46.5499 73.2591 6.65045
      vertex 46.5499 73.2591 6.30578
    endloop
  endfacet
  facet normal 0 1 0
    outer loop
      vertex 46.5496 73.2591 6.65045
      vertex 46.5499 73.2591 6.30578
      vertex 46.5499 73.2591 6.03751
    endloop
  endfacet
  facet normal 0 1 0
    outer loop
      vertex 46.5499 73.2591 5.23843
      vertex 46.5654 73.2591 5.16206
      vertex 46.0896 73.2591 5.16206
    endloop
  endfacet
  facet normal 0 1 0
    outer loop
      vertex 46.5496 73.2591 6.65045
      vertex 46.5499 73.2591 6.03751
      vertex 46.5499 73.2591 5.23843
    endloop
  endfacet
  facet normal 0 1 0
    outer loop
      vertex 46.5499 73.2591 5.23843
      vertex 46.0896 73.2591 5.16206
      vertex 46.5496 73.2591 6.65045
    endloop
  endfacet
  facet normal 0 0 1
    outer loop
      vertex 46.5499 71.4912 6.65045
      vertex 46.5499 73.2591 6.65045
      vertex 46.5496 73.2591 6.65045
    endloop
  endfacet
  facet normal 0 0 1
    outer loop
      vertex 46.5496 73.2591 6.65045
      vertex 46.5496 71.4912 6.65045
      vertex 46.5499 71.4912 6.65045
    endloop
  endfacet
  facet normal 0.979794 0 -0.200007
    outer loop
      vertex 49.1047 73.947 5.23843
      vertex 49.1047 73.2591 5.23843
      vertex 49.0891 73.2591 5.16206
    endloop
  endfacet
  facet normal 0.979824 0 -0.199864
    outer loop
      vertex 49.0891 73.2591 5.16206
      vertex 48.8312 73.2591 3.89794
      vertex 48.8312 73.947 3.89794
    endloop
  endfacet
  facet normal 0 -1 0
    outer loop
      vertex 48.8312 73.947 3.89794
      vertex 48.8761 73.947 4.11801
      vertex 49.1047 73.947 5.23843
    endloop
  endfacet
  facet normal 0.979822 -1.56373e-05 -0.199872
    outer loop
      vertex 49.0891 73.2591 5.16206
      vertex 48.8312 73.947 3.89794
      vertex 49.1047 73.947 5.23843
    endloop
  endfacet
  facet normal -1 0 0
    outer loop
      vertex 46.5499 73.947 5.23843
      vertex 46.5499 73.2591 5.23843
      vertex 46.5499 73.2591 6.03751
    endloop
  endfacet
  facet normal -1 0 0
    outer loop
      vertex 46.5499 73.2591 6.03751
      vertex 46.5499 73.947 6.03751
      vertex 46.5499 73.947 5.23898
    endloop
  endfacet
  facet normal -1 0 0
    outer loop
      vertex 46.5499 73.2591 6.03751
      vertex 46.5499 73.947 5.23898
      vertex 46.5499 73.947 5.23843
    endloop
  endfacet
  facet normal -1 0 0
    outer loop
      vertex 46.5499 73.2591 6.03751
      vertex 46.5499 73.2591 6.30578
      vertex 46.5499 73.947 6.30578
    endloop
  endfacet
  facet normal -1 0 0
    outer loop
      vertex 46.5499 73.947 6.30578
      vertex 46.5499 73.947 6.03751
      vertex 46.5499 73.2591 6.03751
    endloop
  endfacet
  facet normal 0 0 -1
    outer loop
      vertex 47.8273 73.947 3.89794
      vertex 47.8273 73.2591 3.89794
      vertex 46.8233 73.2591 3.89794
    endloop
  endfacet
  facet normal 0 0 -1
    outer loop
      vertex 46.8233 73.2591 3.89794
      vertex 46.8233 73.947 3.89794
      vertex 47.0673 73.947 3.89794
    endloop
  endfacet
  facet normal 0 0 -1
    outer loop
      vertex 46.8233 73.2591 3.89794
      vertex 47.0673 73.947 3.89794
      vertex 47.8273 73.947 3.89794
    endloop
  endfacet
  facet normal 1 0 0
    outer loop
      vertex 49.1047 73.947 6.03751
      vertex 49.1047 73.2591 6.03751
      vertex 49.1047 73.2591 5.23843
    endloop
  endfacet
  facet normal 1 0 0
    outer loop
      vertex 49.1047 73.2591 5.23843
      vertex 49.1047 73.947 5.23843
      vertex 49.1047 73.947 5.23898
    endloop
  endfacet
  facet normal 1 0 0
    outer loop
      vertex 49.1047 73.2591 5.23843
      vertex 49.1047 73.947 5.23898
      vertex 49.1047 73.947 6.03751
    endloop
  endfacet
  facet normal 1 0 0
    outer loop
      vertex 49.1047 73.2591 6.30578
      vertex 49.1047 73.2591 6.03751
      vertex 49.1047 73.947 6.03751
    endloop
  endfacet
  facet normal 1 0 0
    outer loop
      vertex 49.1047 73.947 6.03751
      vertex 49.1047 73.947 6.30578
      vertex 49.1047 73.2591 6.30578
    endloop
  endfacet
  facet normal 0 0 -1
    outer loop
      vertex 48.8312 73.947 3.89794
      vertex 48.8312 73.2591 3.89794
      vertex 47.8273 73.2591 3.89794
    endloop
  endfacet
  facet normal 0 0 -1
    outer loop
      vertex 47.8273 73.2591 3.89794
      vertex 47.8273 73.947 3.89794
      vertex 48.5873 73.947 3.89794
    endloop
  endfacet
  facet normal 0 0 -1
    outer loop
      vertex 47.8273 73.2591 3.89794
      vertex 48.5873 73.947 3.89794
      vertex 48.8312 73.947 3.89794
    endloop
  endfacet
  facet normal -0.979824 0 -0.199861
    outer loop
      vertex 46.8233 73.947 3.89794
      vertex 46.8233 73.2591 3.89794
      vertex 46.5654 73.2591 5.16206
    endloop
  endfacet
  facet normal -0.979794 0 -0.200007
    outer loop
      vertex 46.5654 73.2591 5.16206
      vertex 46.5499 73.2591 5.23843
      vertex 46.5499 73.947 5.23843
    endloop
  endfacet
  facet normal 0 -1 0
    outer loop
      vertex 46.5499 73.947 5.23843
      vertex 46.7784 73.947 4.11801
      vertex 46.8233 73.947 3.89794
    endloop
  endfacet
  facet normal -0.979823 -1.5948e-05 -0.199869
    outer loop
      vertex 46.5654 73.2591 5.16206
      vertex 46.5499 73.947 5.23843
      vertex 46.8233 73.947 3.89794
    endloop
  endfacet
  facet normal 0 -1 -4.42701e-05
    outer loop
      vertex 49.1049 71.4912 6.65045
      vertex 49.1047 71.4912 6.65045
      vertex 49.1047 71.4912 6.30578
    endloop
  endfacet
  facet normal 0 0 0
    outer loop
      vertex 49.1047 71.4912 6.30578
      vertex 49.1047 71.4912 6.03751
      vertex 49.1047 71.4912 5.23843
    endloop
  endfacet
  facet normal -0.000142905 -1 -4.41626e-05
    outer loop
      vertex 49.5649 71.4912 5.16206
      vertex 49.1049 71.4912 6.65045
      vertex 49.1047 71.4912 6.30578
    endloop
  endfacet
  facet normal 0 -1 0.000199786
    outer loop
      vertex 49.1047 71.4912 5.23843
      vertex 49.0891 71.4912 5.16206
      vertex 49.5649 71.4912 5.16206
    endloop
  endfacet
  facet normal -3.31551e-05 -1 0
    outer loop
      vertex 49.1047 71.4912 6.30578
      vertex 49.1047 71.4912 5.23843
      vertex 49.5649 71.4912 5.16206
    endloop
  endfacet
  facet normal 0 1 0
    outer loop
      vertex 46.5542 28.098 4.69896
      vertex 46.5542 28.098 4.36936
      vertex 46.2457 28.098 4.36936
    endloop
  endfacet
  facet normal 0 1 0
    outer loop
      vertex 46.2457 28.098 4.36936
      vertex 46.2457 28.098 4.69896
      vertex 46.5542 28.098 4.69896
    endloop
  endfacet
  facet normal 0 0 -1
    outer loop
      vertex 49.1003 34.0546 3.62511
      vertex 49.1003 28.098 3.62511
      vertex 47.8273 28.098 3.62511
    endloop
  endfacet
  facet normal 0 0 -1
    outer loop
      vertex 47.8273 28.098 3.62511
      vertex 47.8273 34.0546 3.62511
      vertex 48.8091 34.0546 3.62511
    endloop
  endfacet
  facet normal 0 0 -1
    outer loop
      vertex 47.8273 28.098 3.62511
      vertex 48.8091 34.0546 3.62511
      vertex 49.1003 34.0546 3.62511
    endloop
  endfacet
  facet normal 0 0 1
    outer loop
      vertex 46.5542 26.3818 4.69896
      vertex 46.5542 26.9011 4.69896
      vertex 46.2457 26.9011 4.69896
    endloop
  endfacet
  facet normal 0 0 1
    outer loop
      vertex 46.2457 26.9011 4.69896
      vertex 46.2457 26.3818 4.69896
      vertex 46.5542 26.3818 4.69896
    endloop
  endfacet
  facet normal 0 -1 0
    outer loop
      vertex 49.1003 17.3004 4.69896
      vertex 49.1003 17.3004 4.36936
      vertex 49.4088 17.3004 4.36936
    endloop
  endfacet
  facet normal 0 -1 0
    outer loop
      vertex 49.4088 17.3004 4.36936
      vertex 49.4088 17.3004 4.69896
      vertex 49.1003 17.3004 4.69896
    endloop
  endfacet
  facet normal -1 0 0
    outer loop
      vertex 46.5542 17.5468 3.89651
      vertex 46.5542 17.6883 3.62511
      vertex 46.5542 15.639 3.62511
    endloop
  endfacet
  facet normal -1 0 0
    outer loop
      vertex 46.5542 15.639 3.62511
      vertex 46.5542 15.639 3.82121
      vertex 46.5542 17.5468 3.89651
    endloop
  endfacet
  facet normal 0 0 1
    outer loop
      vertex 46.5542 26.9011 4.69896
      vertex 46.5542 28.098 4.69896
      vertex 46.2457 28.098 4.69896
    endloop
  endfacet
  facet normal 0 0 1
    outer loop
      vertex 46.2457 28.098 4.69896
      vertex 46.2457 26.9011 4.69896
      vertex 46.5542 26.9011 4.69896
    endloop
  endfacet
  facet normal 0 0 1
    outer loop
      vertex 46.5542 17.3004 4.69896
      vertex 46.5542 20.7011 4.69896
      vertex 46.2457 20.7011 4.69896
    endloop
  endfacet
  facet normal 0 0 1
    outer loop
      vertex 46.2457 20.7011 4.69896
      vertex 46.2457 17.3004 4.69896
      vertex 46.5542 17.3004 4.69896
    endloop
  endfacet
  facet normal 0 0 -1
    outer loop
      vertex 47.8273 34.0546 3.62511
      vertex 47.8273 28.098 3.62511
      vertex 46.5542 28.098 3.62511
    endloop
  endfacet
  facet normal 0 0 -1
    outer loop
      vertex 46.5542 28.098 3.62511
      vertex 46.5542 34.0546 3.62511
      vertex 46.8455 34.0546 3.62511
    endloop
  endfacet
  facet normal 0 0 -1
    outer loop
      vertex 46.5542 28.098 3.62511
      vertex 46.8455 34.0546 3.62511
      vertex 47.8273 34.0546 3.62511
    endloop
  endfacet
  facet normal 0 0 1
    outer loop
      vertex 46.5542 21.14 4.69896
      vertex 46.5542 26.3818 4.69896
      vertex 46.2457 26.3818 4.69896
    endloop
  endfacet
  facet normal 0 0 1
    outer loop
      vertex 46.2457 26.3818 4.69896
      vertex 46.2457 21.14 4.69896
      vertex 46.5542 21.14 4.69896
    endloop
  endfacet
  facet normal 0 0 1
    outer loop
      vertex 46.5542 20.7011 4.69896
      vertex 46.5542 21.14 4.69896
      vertex 46.2457 21.14 4.69896
    endloop
  endfacet
  facet normal 0 0 1
    outer loop
      vertex 46.2457 21.14 4.69896
      vertex 46.2457 20.7011 4.69896
      vertex 46.5542 20.7011 4.69896
    endloop
  endfacet
  facet normal 1 0 0
    outer loop
      vertex 49.1003 17.6883 3.62511
      vertex 49.1003 17.5468 3.89651
      vertex 49.1003 15.639 3.82121
    endloop
  endfacet
  facet normal 1 0 0
    outer loop
      vertex 49.1003 15.639 3.82121
      vertex 49.1003 15.639 3.62511
      vertex 49.1003 17.6883 3.62511
    endloop
  endfacet
  facet normal 0 0 -1
    outer loop
      vertex 47.2157 79.9755 9.2058
      vertex 47.3732 71.8181 9.2058
      vertex 47.3732 71.0723 9.2058
    endloop
  endfacet
  facet normal 0 0 0
    outer loop
      vertex 47.3732 71.0723 9.2058
      vertex 47.3732 70.7007 9.2058
      vertex 47.3732 67.9261 9.2058
    endloop
  endfacet
  facet normal 0 0 0
    outer loop
      vertex 47.3732 67.9261 9.2058
      vertex 47.3732 67.9086 9.2058
      vertex 47.3732 67.1122 9.2058
    endloop
  endfacet
  facet normal 0 0 -1
    outer loop
      vertex 47.2157 79.9755 9.2058
      vertex 47.3732 71.0723 9.2058
      vertex 47.3732 67.9261 9.2058
    endloop
  endfacet
  facet normal 0 0 -1
    outer loop
      vertex 48.2813 67.1122 9.2058
      vertex 48.4389 79.9755 9.2058
      vertex 48.4389 51.0587 9.2058
    endloop
  endfacet
  facet normal 0 0 -1
    outer loop
      vertex 47.2157 79.9755 9.2058
      vertex 47.3732 67.9261 9.2058
      vertex 47.3732 67.1122 9.2058
    endloop
  endfacet
  facet normal 0 0 -1
    outer loop
      vertex 47.3732 67.1122 9.2058
      vertex 48.2813 67.1122 9.2058
      vertex 48.4389 51.0587 9.2058
    endloop
  endfacet
  facet normal 0 0 -1
    outer loop
      vertex 47.3732 67.1122 9.2058
      vertex 48.4389 51.0587 9.2058
      vertex 47.8273 51.0587 9.2058
    endloop
  endfacet
  facet normal 0 0 -1
    outer loop
      vertex 47.2157 51.0587 9.2058
      vertex 47.2157 79.9755 9.2058
      vertex 47.3732 67.1122 9.2058
    endloop
  endfacet
  facet normal 0 0 -1
    outer loop
      vertex 47.3732 67.1122 9.2058
      vertex 47.8273 51.0587 9.2058
      vertex 47.2157 51.0587 9.2058
    endloop
  endfacet
endsolid SMAC Magazine.stl
